"BehaviorSpace results (NetLogo 6.4.0)","Spreadsheet version 2.0"
"NS_Model - CAR T Cells (2).nlogo"
"t-c-ratio_interactions"
"01/13/2026 05:33:20:043 -0500"
"min-pxcor","max-pxcor","min-pycor","max-pycor"
"-16","16","-16","16"
"[run number]","1","1","1","2","2","2","3","3","3","4","4","4","5","5","5","6","6","6","7","7","7","8","8","8","9","9","9","10","10","10","11","11","11","12","12","12","13","13","13","14","14","14","15","15","15","16","16","16","17","17","17","18","18","18","19","19","19","20","20","20","21","21","21","22","22","22","23","23","23","24","24","24","25","25","25","26","26","26","27","27","27","28","28","28","29","29","29","30","30","30","31","31","31","32","32","32"
"total-cells","200",,,"200",,,"200",,,"200",,,"200",,,"200",,,"200",,,"200",,,"200",,,"200",,,"200",,,"200",,,"200",,,"200",,,"200",,,"200",,,"200",,,"200",,,"200",,,"200",,,"200",,,"200",,,"200",,,"200",,,"200",,,"200",,,"200",,,"200",,,"200",,,"200",,,"200",,,"200",,
"t-ratio","1",,,"1",,,"1",,,"1",,,"1",,,"1",,,"1",,,"1",,,"1",,,"1",,,"1",,,"1",,,"1",,,"1",,,"1",,,"1",,,"1",,,"1",,,"1",,,"1",,,"1",,,"1",,,"1",,,"1",,,"1",,,"1",,,"1",,,"1",,,"1",,,"1",,,"1",,,"1",,
"c-ratio","1",,,"1",,,"1",,,"1",,,"1",,,"1",,,"1",,,"1",,,"1",,,"1",,,"2",,,"2",,,"2",,,"2",,,"2",,,"2",,,"2",,,"2",,,"2",,,"2",,,"3",,,"3",,,"3",,,"3",,,"3",,,"3",,,"3",,,"3",,,"3",,,"3",,,"4",,,"4",,
"[reporter]","[step]","mean [interaction-count-cs] of ts","mean [interaction-count-ts] of cs","[step]","mean [interaction-count-cs] of ts","mean [interaction-count-ts] of cs","[step]","mean [interaction-count-cs] of ts","mean [interaction-count-ts] of cs","[step]","mean [interaction-count-cs] of ts","mean [interaction-count-ts] of cs","[step]","mean [interaction-count-cs] of ts","mean [interaction-count-ts] of cs","[step]","mean [interaction-count-cs] of ts","mean [interaction-count-ts] of cs","[step]","mean [interaction-count-cs] of ts","mean [interaction-count-ts] of cs","[step]","mean [interaction-count-cs] of ts","mean [interaction-count-ts] of cs","[step]","mean [interaction-count-cs] of ts","mean [interaction-count-ts] of cs","[step]","mean [interaction-count-cs] of ts","mean [interaction-count-ts] of cs","[step]","mean [interaction-count-cs] of ts","mean [interaction-count-ts] of cs","[step]","mean [interaction-count-cs] of ts","mean [interaction-count-ts] of cs","[step]","mean [interaction-count-cs] of ts","mean [interaction-count-ts] of cs","[step]","mean [interaction-count-cs] of ts","mean [interaction-count-ts] of cs","[step]","mean [interaction-count-cs] of ts","mean [interaction-count-ts] of cs","[step]","mean [interaction-count-cs] of ts","mean [interaction-count-ts] of cs","[step]","mean [interaction-count-cs] of ts","mean [interaction-count-ts] of cs","[step]","mean [interaction-count-cs] of ts","mean [interaction-count-ts] of cs","[step]","mean [interaction-count-cs] of ts","mean [interaction-count-ts] of cs","[step]","mean [interaction-count-cs] of ts","mean [interaction-count-ts] of cs","[step]","mean [interaction-count-cs] of ts","mean [interaction-count-ts] of cs","[step]","mean [interaction-count-cs] of ts","mean [interaction-count-ts] of cs","[step]","mean [interaction-count-cs] of ts","mean [interaction-count-ts] of cs","[step]","mean [interaction-count-cs] of ts","mean [interaction-count-ts] of cs","[step]","mean [interaction-count-cs] of ts","mean [interaction-count-ts] of cs","[step]","mean [interaction-count-cs] of ts","mean [interaction-count-ts] of cs","[step]","mean [interaction-count-cs] of ts","mean [interaction-count-ts] of cs","[step]","mean [interaction-count-cs] of ts","mean [interaction-count-ts] of cs","[step]","mean [interaction-count-cs] of ts","mean [interaction-count-ts] of cs","[step]","mean [interaction-count-cs] of ts","mean [interaction-count-ts] of cs","[step]","mean [interaction-count-cs] of ts","mean [interaction-count-ts] of cs","[step]","mean [interaction-count-cs] of ts","mean [interaction-count-ts] of cs"
"[final]","500","0.62","0.62","500","0.61","0.61","500","0.62","0.62","500","0.6","0.6","500","0.77","0.77","500","0.53","0.53","500","0.55","0.55","500","0.65","0.65","500","0.61","0.61","500","0.59","0.59","500","0.9090909090909091","0.45112781954887216","500","0.7575757575757576","0.37593984962406013","500","0.696969696969697","0.3458646616541353","500","1","0.49624060150375937","500","0.6363636363636364","0.3157894736842105","500","0.8939393939393939","0.44360902255639095","500","0.8787878787878788","0.43609022556390975","500","1","0.49624060150375937","500","0.8181818181818182","0.40601503759398494","500","0.8787878787878788","0.43609022556390975","500","1.08","0.36","500","0.96","0.32","500","0.96","0.32","500","0.94","0.31333333333333335","500","1.2","0.4","500","1.16","0.38666666666666666","500","0.9","0.3","500","1.04","0.3466666666666667","500","0.92","0.30666666666666664","500","1.06","0.35333333333333333","500","1.075","0.26875","500","0.975","0.24375"
"[min]","0","0","0","0","0","0","0","0","0","0","0","0","0","0","0","0","0","0","0","0","0","0","0","0","0","0","0","0","0","0","0","0","0","0","0","0","0","0","0","0","0","0","0","0","0","0","0","0","0","0","0","0","0","0","0","0","0","0","0","0","0","0","0","0","0","0","0","0","0","0","0","0","0","0","0","0","0","0","0","0","0","0","0","0","0","0","0","0","0","0","0","0","0","0","0","0"
"[max]","500","0.84","0.84","500","0.87","0.87","500","0.85","0.85","500","0.84","0.84","500","0.86","0.86","500","0.86","0.86","500","0.8","0.8","500","0.86","0.86","500","0.9","0.9","500","0.87","0.87","500","1.1818181818181819","0.5864661654135338","500","1.1666666666666667","0.5789473684210527","500","1.1818181818181819","0.5864661654135338","500","1.121212121212121","0.556390977443609","500","1.1363636363636365","0.5639097744360902","500","1.196969696969697","0.5939849624060151","500","1.1363636363636365","0.5639097744360902","500","1.1363636363636365","0.5639097744360902","500","1.1363636363636365","0.5639097744360902","500","1.1515151515151516","0.5714285714285714","500","1.36","0.4533333333333333","500","1.32","0.44","500","1.42","0.47333333333333333","500","1.3","0.43333333333333335","500","1.32","0.44","500","1.38","0.46","500","1.4","0.4666666666666667","500","1.32","0.44","500","1.28","0.4266666666666667","500","1.4","0.4666666666666667","500","1.4","0.35","500","1.525","0.38125"
"[mean]","250","0.6564271457085825","0.6564271457085825","250","0.646127744510978","0.646127744510978","250","0.6439121756487031","0.6439121756487031","250","0.6383233532934138","0.6383233532934138","250","0.6453093812375249","0.6453093812375249","250","0.6363872255489021","0.6363872255489021","250","0.6367065868263475","0.6367065868263475","250","0.6379640718562881","0.6379640718562881","250","0.6434331337325354","0.6434331337325354","250","0.6403792415169658","0.6403792415169658","250","0.8787576362426678","0.43607521798508286","250","0.8462771426843291","0.4199570783245536","250","0.8393213572854307","0.4165053351942731","250","0.8555918466098116","0.42457941260336457","250","0.8309139297163256","0.4123332282802814","250","0.8754007137240678","0.4344093767352517","250","0.8567410633278904","0.42514970059880214","250","0.8460956874130532","0.4198670328515903","250","0.8647553378092309","0.42912670898803895","250","0.85928143712575","0.42641033722029636","250","0.9659481037924144","0.3219827012641386","250","0.9396806387225545","0.313226879574185","250","0.9696207584830333","0.3232069194943445","250","0.9694211576846311","0.3231403858948768","250","0.9667465069860286","0.32224883566200907","250","0.9695409181636734","0.3231803060545573","250","0.9660678642714564","0.3220226214238187","250","0.9646307385229536","0.321543579507651","250","0.9502594810379236","0.31675316034597467","250","0.9636726546906187","0.32122421823020586","250","1.0145708582834327","0.2536427145708582","250","1.0457584830339333","0.2614396207584833"
"[total steps]","500","500","500","500","500","500","500","500","500","500","500","500","500","500","500","500","500","500","500","500","500","500","500","500","500","500","500","500","500","500","500","500","500","500","500","500","500","500","500","500","500","500","500","500","500","500","500","500","500","500","500","500","500","500","500","500","500","500","500","500","500","500","500","500","500","500","500","500","500","500","500","500","500","500","500","500","500","500","500","500","500","500","500","500","500","500","500","500","500","500","500","500","500","500","500","500"

"[all run data]","[step]","mean [interaction-count-cs] of ts","mean [interaction-count-ts] of cs","[step]","mean [interaction-count-cs] of ts","mean [interaction-count-ts] of cs","[step]","mean [interaction-count-cs] of ts","mean [interaction-count-ts] of cs","[step]","mean [interaction-count-cs] of ts","mean [interaction-count-ts] of cs","[step]","mean [interaction-count-cs] of ts","mean [interaction-count-ts] of cs","[step]","mean [interaction-count-cs] of ts","mean [interaction-count-ts] of cs","[step]","mean [interaction-count-cs] of ts","mean [interaction-count-ts] of cs","[step]","mean [interaction-count-cs] of ts","mean [interaction-count-ts] of cs","[step]","mean [interaction-count-cs] of ts","mean [interaction-count-ts] of cs","[step]","mean [interaction-count-cs] of ts","mean [interaction-count-ts] of cs","[step]","mean [interaction-count-cs] of ts","mean [interaction-count-ts] of cs","[step]","mean [interaction-count-cs] of ts","mean [interaction-count-ts] of cs","[step]","mean [interaction-count-cs] of ts","mean [interaction-count-ts] of cs","[step]","mean [interaction-count-cs] of ts","mean [interaction-count-ts] of cs","[step]","mean [interaction-count-cs] of ts","mean [interaction-count-ts] of cs","[step]","mean [interaction-count-cs] of ts","mean [interaction-count-ts] of cs","[step]","mean [interaction-count-cs] of ts","mean [interaction-count-ts] of cs","[step]","mean [interaction-count-cs] of ts","mean [interaction-count-ts] of cs","[step]","mean [interaction-count-cs] of ts","mean [interaction-count-ts] of cs","[step]","mean [interaction-count-cs] of ts","mean [interaction-count-ts] of cs","[step]","mean [interaction-count-cs] of ts","mean [interaction-count-ts] of cs","[step]","mean [interaction-count-cs] of ts","mean [interaction-count-ts] of cs","[step]","mean [interaction-count-cs] of ts","mean [interaction-count-ts] of cs","[step]","mean [interaction-count-cs] of ts","mean [interaction-count-ts] of cs","[step]","mean [interaction-count-cs] of ts","mean [interaction-count-ts] of cs","[step]","mean [interaction-count-cs] of ts","mean [interaction-count-ts] of cs","[step]","mean [interaction-count-cs] of ts","mean [interaction-count-ts] of cs","[step]","mean [interaction-count-cs] of ts","mean [interaction-count-ts] of cs","[step]","mean [interaction-count-cs] of ts","mean [interaction-count-ts] of cs","[step]","mean [interaction-count-cs] of ts","mean [interaction-count-ts] of cs","[step]","mean [interaction-count-cs] of ts","mean [interaction-count-ts] of cs","[step]","mean [interaction-count-cs] of ts","mean [interaction-count-ts] of cs"
,"0","0","0","0","0","0","0","0","0","0","0","0","0","0","0","0","0","0","0","0","0","0","0","0","0","0","0","0","0","0","0","0","0","0","0","0","0","0","0","0","0","0","0","0","0","0","0","0","0","0","0","0","0","0","0","0","0","0","0","0","0","0","0","0","0","0","0","0","0","0","0","0","0","0","0","0","0","0","0","0","0","0","0","0","0","0","0","0","0","0","0","0","0","0","0","0"
,"1","0.75","0.75","1","0.64","0.64","1","0.5","0.5","1","0.81","0.81","1","0.68","0.68","1","0.61","0.61","1","0.61","0.61","1","0.73","0.73","1","0.61","0.61","1","0.73","0.73","1","0.9545454545454546","0.47368421052631576","1","0.7424242424242424","0.3684210526315789","1","0.9545454545454546","0.47368421052631576","1","0.7575757575757576","0.37593984962406013","1","0.6515151515151515","0.3233082706766917","1","0.7727272727272727","0.38345864661654133","1","0.7878787878787878","0.39097744360902253","1","0.9696969696969697","0.48120300751879697","1","1.106060606060606","0.5488721804511278","1","0.9393939393939394","0.46616541353383456","1","1.18","0.3933333333333333","1","0.82","0.2733333333333333","1","1.06","0.35333333333333333","1","1.08","0.36","1","0.98","0.32666666666666666","1","0.76","0.25333333333333335","1","0.96","0.32","1","0.92","0.30666666666666664","1","1","0.3333333333333333","1","1.04","0.3466666666666667","1","1.125","0.28125","1","1.1","0.275"
,"2","0.76","0.76","2","0.63","0.63","2","0.58","0.58","2","0.72","0.72","2","0.63","0.63","2","0.58","0.58","2","0.66","0.66","2","0.74","0.74","2","0.62","0.62","2","0.75","0.75","2","1.0757575757575757","0.5338345864661654","2","0.8484848484848485","0.42105263157894735","2","0.8181818181818182","0.40601503759398494","2","0.8333333333333334","0.41353383458646614","2","0.8181818181818182","0.40601503759398494","2","0.8484848484848485","0.42105263157894735","2","0.803030303030303","0.39849624060150374","2","0.9090909090909091","0.45112781954887216","2","0.9242424242424242","0.45864661654135336","2","1","0.49624060150375937","2","1.1","0.36666666666666664","2","0.78","0.26","2","1.06","0.35333333333333333","2","0.9","0.3","2","1.12","0.37333333333333335","2","0.84","0.28","2","1.08","0.36","2","1.16","0.38666666666666666","2","0.96","0.32","2","0.94","0.31333333333333335","2","1.2","0.3","2","1","0.25"
,"3","0.75","0.75","3","0.58","0.58","3","0.56","0.56","3","0.65","0.65","3","0.59","0.59","3","0.62","0.62","3","0.69","0.69","3","0.62","0.62","3","0.63","0.63","3","0.69","0.69","3","1.0909090909090908","0.5413533834586466","3","0.9393939393939394","0.46616541353383456","3","1.0454545454545454","0.518796992481203","3","0.7424242424242424","0.3684210526315789","3","0.8484848484848485","0.42105263157894735","3","0.7575757575757576","0.37593984962406013","3","0.8181818181818182","0.40601503759398494","3","0.6666666666666666","0.3308270676691729","3","1","0.49624060150375937","3","0.8787878787878788","0.43609022556390975","3","1.12","0.37333333333333335","3","1","0.3333333333333333","3","1","0.3333333333333333","3","0.92","0.30666666666666664","3","1.32","0.44","3","0.78","0.26","3","0.92","0.30666666666666664","3","1.14","0.38","3","0.82","0.2733333333333333","3","0.86","0.2866666666666667","3","1.05","0.2625","3","1","0.25"
,"4","0.69","0.69","4","0.68","0.68","4","0.68","0.68","4","0.67","0.67","4","0.58","0.58","4","0.57","0.57","4","0.72","0.72","4","0.54","0.54","4","0.56","0.56","4","0.67","0.67","4","0.803030303030303","0.39849624060150374","4","0.9393939393939394","0.46616541353383456","4","0.8939393939393939","0.44360902255639095","4","0.9848484848484849","0.48872180451127817","4","0.8181818181818182","0.40601503759398494","4","0.7272727272727273","0.3609022556390977","4","0.8333333333333334","0.41353383458646614","4","0.7121212121212122","0.3533834586466165","4","0.8787878787878788","0.43609022556390975","4","0.8333333333333334","0.41353383458646614","4","1.02","0.34","4","0.86","0.2866666666666667","4","0.82","0.2733333333333333","4","0.96","0.32","4","1","0.3333333333333333","4","0.98","0.32666666666666666","4","1.02","0.34","4","0.96","0.32","4","0.92","0.30666666666666664","4","1.02","0.34","4","1.05","0.2625","4","1","0.25"
,"5","0.63","0.63","5","0.64","0.64","5","0.63","0.63","5","0.57","0.57","5","0.52","0.52","5","0.67","0.67","5","0.63","0.63","5","0.74","0.74","5","0.64","0.64","5","0.54","0.54","5","0.9696969696969697","0.48120300751879697","5","0.7727272727272727","0.38345864661654133","5","0.7727272727272727","0.38345864661654133","5","0.9393939393939394","0.46616541353383456","5","0.8484848484848485","0.42105263157894735","5","0.8333333333333334","0.41353383458646614","5","0.7727272727272727","0.38345864661654133","5","0.8181818181818182","0.40601503759398494","5","0.8787878787878788","0.43609022556390975","5","0.7272727272727273","0.3609022556390977","5","0.82","0.2733333333333333","5","1.18","0.3933333333333333","5","0.96","0.32","5","1.04","0.3466666666666667","5","0.96","0.32","5","0.8","0.26666666666666666","5","1","0.3333333333333333","5","1.02","0.34","5","1.02","0.34","5","1.26","0.42","5","1.025","0.25625","5","1.2","0.3"
,"6","0.67","0.67","6","0.56","0.56","6","0.71","0.71","6","0.59","0.59","6","0.56","0.56","6","0.71","0.71","6","0.6","0.6","6","0.71","0.71","6","0.67","0.67","6","0.53","0.53","6","1.0606060606060606","0.5263157894736842","6","0.803030303030303","0.39849624060150374","6","0.7727272727272727","0.38345864661654133","6","0.7727272727272727","0.38345864661654133","6","0.6818181818181818","0.3383458646616541","6","0.8939393939393939","0.44360902255639095","6","0.7121212121212122","0.3533834586466165","6","0.7121212121212122","0.3533834586466165","6","0.803030303030303","0.39849624060150374","6","0.8787878787878788","0.43609022556390975","6","0.8","0.26666666666666666","6","0.88","0.29333333333333333","6","0.96","0.32","6","1.18","0.3933333333333333","6","1.02","0.34","6","0.94","0.31333333333333335","6","1.08","0.36","6","1.08","0.36","6","0.84","0.28","6","1.08","0.36","6","1.15","0.2875","6","1.1","0.275"
,"7","0.66","0.66","7","0.57","0.57","7","0.66","0.66","7","0.59","0.59","7","0.69","0.69","7","0.6","0.6","7","0.63","0.63","7","0.65","0.65","7","0.64","0.64","7","0.65","0.65","7","1.0151515151515151","0.5037593984962406","7","0.9242424242424242","0.45864661654135336","7","0.9090909090909091","0.45112781954887216","7","0.8333333333333334","0.41353383458646614","7","0.7424242424242424","0.3684210526315789","7","0.8484848484848485","0.42105263157894735","7","0.8787878787878788","0.43609022556390975","7","0.7121212121212122","0.3533834586466165","7","0.803030303030303","0.39849624060150374","7","0.9848484848484849","0.48872180451127817","7","1.06","0.35333333333333333","7","0.86","0.2866666666666667","7","0.86","0.2866666666666667","7","1","0.3333333333333333","7","1.04","0.3466666666666667","7","1.1","0.36666666666666664","7","0.96","0.32","7","1.1","0.36666666666666664","7","0.96","0.32","7","0.66","0.22","7","1.075","0.26875","7","1.075","0.26875"
,"8","0.75","0.75","8","0.69","0.69","8","0.48","0.48","8","0.59","0.59","8","0.6","0.6","8","0.66","0.66","8","0.59","0.59","8","0.5","0.5","8","0.61","0.61","8","0.6","0.6","8","0.7878787878787878","0.39097744360902253","8","0.9545454545454546","0.47368421052631576","8","0.8181818181818182","0.40601503759398494","8","0.9545454545454546","0.47368421052631576","8","0.9848484848484849","0.48872180451127817","8","0.7727272727272727","0.38345864661654133","8","1","0.49624060150375937","8","0.696969696969697","0.3458646616541353","8","0.8636363636363636","0.42857142857142855","8","0.7878787878787878","0.39097744360902253","8","0.96","0.32","8","1.04","0.3466666666666667","8","0.86","0.2866666666666667","8","0.84","0.28","8","1","0.3333333333333333","8","0.98","0.32666666666666666","8","0.92","0.30666666666666664","8","1.04","0.3466666666666667","8","1.02","0.34","8","1","0.3333333333333333","8","1.075","0.26875","8","0.925","0.23125"
,"9","0.7","0.7","9","0.7","0.7","9","0.61","0.61","9","0.69","0.69","9","0.6","0.6","9","0.74","0.74","9","0.62","0.62","9","0.62","0.62","9","0.65","0.65","9","0.63","0.63","9","0.9393939393939394","0.46616541353383456","9","1.106060606060606","0.5488721804511278","9","0.8636363636363636","0.42857142857142855","9","1","0.49624060150375937","9","0.7121212121212122","0.3533834586466165","9","0.7878787878787878","0.39097744360902253","9","0.8484848484848485","0.42105263157894735","9","0.7121212121212122","0.3533834586466165","9","0.8636363636363636","0.42857142857142855","9","0.8484848484848485","0.42105263157894735","9","1.14","0.38","9","0.94","0.31333333333333335","9","1.1","0.36666666666666664","9","0.76","0.25333333333333335","9","0.96","0.32","9","0.88","0.29333333333333333","9","0.96","0.32","9","1.1","0.36666666666666664","9","1.02","0.34","9","0.86","0.2866666666666667","9","0.975","0.24375","9","1.175","0.29375"
,"10","0.65","0.65","10","0.61","0.61","10","0.64","0.64","10","0.7","0.7","10","0.73","0.73","10","0.66","0.66","10","0.6","0.6","10","0.53","0.53","10","0.66","0.66","10","0.67","0.67","10","0.9696969696969697","0.48120300751879697","10","0.8939393939393939","0.44360902255639095","10","1.0151515151515151","0.5037593984962406","10","0.9393939393939394","0.46616541353383456","10","1.0606060606060606","0.5263157894736842","10","0.7575757575757576","0.37593984962406013","10","0.8636363636363636","0.42857142857142855","10","0.6818181818181818","0.3383458646616541","10","0.7272727272727273","0.3609022556390977","10","0.8636363636363636","0.42857142857142855","10","0.84","0.28","10","0.98","0.32666666666666666","10","1.02","0.34","10","0.98","0.32666666666666666","10","0.78","0.26","10","0.96","0.32","10","1.06","0.35333333333333333","10","1.26","0.42","10","0.8","0.26666666666666666","10","0.94","0.31333333333333335","10","1.075","0.26875","10","1.3","0.325"
,"11","0.64","0.64","11","0.62","0.62","11","0.61","0.61","11","0.75","0.75","11","0.62","0.62","11","0.56","0.56","11","0.67","0.67","11","0.66","0.66","11","0.53","0.53","11","0.57","0.57","11","0.9848484848484849","0.48872180451127817","11","1.0757575757575757","0.5338345864661654","11","1.0757575757575757","0.5338345864661654","11","0.7727272727272727","0.38345864661654133","11","0.7727272727272727","0.38345864661654133","11","0.8939393939393939","0.44360902255639095","11","1.0151515151515151","0.5037593984962406","11","0.6666666666666666","0.3308270676691729","11","0.9090909090909091","0.45112781954887216","11","1.0151515151515151","0.5037593984962406","11","0.78","0.26","11","0.96","0.32","11","1.24","0.41333333333333333","11","1.08","0.36","11","1.04","0.3466666666666667","11","0.98","0.32666666666666666","11","1.06","0.35333333333333333","11","1.3","0.43333333333333335","11","1.02","0.34","11","0.84","0.28","11","0.8","0.2","11","1.075","0.26875"
,"12","0.6","0.6","12","0.61","0.61","12","0.62","0.62","12","0.68","0.68","12","0.6","0.6","12","0.68","0.68","12","0.67","0.67","12","0.63","0.63","12","0.61","0.61","12","0.64","0.64","12","0.8484848484848485","0.42105263157894735","12","0.8181818181818182","0.40601503759398494","12","0.7272727272727273","0.3609022556390977","12","0.8636363636363636","0.42857142857142855","12","0.8636363636363636","0.42857142857142855","12","0.7272727272727273","0.3609022556390977","12","0.8787878787878788","0.43609022556390975","12","0.6818181818181818","0.3383458646616541","12","0.8484848484848485","0.42105263157894735","12","0.9242424242424242","0.45864661654135336","12","0.84","0.28","12","1.02","0.34","12","1.26","0.42","12","0.84","0.28","12","0.88","0.29333333333333333","12","0.88","0.29333333333333333","12","0.78","0.26","12","1.02","0.34","12","0.78","0.26","12","0.98","0.32666666666666666","12","0.9","0.225","12","1.2","0.3"
,"13","0.67","0.67","13","0.62","0.62","13","0.57","0.57","13","0.7","0.7","13","0.81","0.81","13","0.7","0.7","13","0.73","0.73","13","0.69","0.69","13","0.69","0.69","13","0.73","0.73","13","0.7878787878787878","0.39097744360902253","13","1","0.49624060150375937","13","0.8484848484848485","0.42105263157894735","13","0.8939393939393939","0.44360902255639095","13","0.8636363636363636","0.42857142857142855","13","0.7424242424242424","0.3684210526315789","13","0.7878787878787878","0.39097744360902253","13","0.7272727272727273","0.3609022556390977","13","0.8787878787878788","0.43609022556390975","13","0.9090909090909091","0.45112781954887216","13","0.88","0.29333333333333333","13","0.94","0.31333333333333335","13","0.92","0.30666666666666664","13","0.98","0.32666666666666666","13","0.84","0.28","13","1.18","0.3933333333333333","13","0.88","0.29333333333333333","13","1.12","0.37333333333333335","13","0.76","0.25333333333333335","13","1.06","0.35333333333333333","13","0.9","0.225","13","1.075","0.26875"
,"14","0.78","0.78","14","0.52","0.52","14","0.51","0.51","14","0.55","0.55","14","0.66","0.66","14","0.68","0.68","14","0.77","0.77","14","0.7","0.7","14","0.72","0.72","14","0.65","0.65","14","0.8636363636363636","0.42857142857142855","14","0.9090909090909091","0.45112781954887216","14","0.7727272727272727","0.38345864661654133","14","1","0.49624060150375937","14","0.8484848484848485","0.42105263157894735","14","0.7575757575757576","0.37593984962406013","14","0.8181818181818182","0.40601503759398494","14","0.7575757575757576","0.37593984962406013","14","1.0303030303030303","0.5112781954887218","14","0.9545454545454546","0.47368421052631576","14","1.06","0.35333333333333333","14","0.92","0.30666666666666664","14","0.9","0.3","14","0.9","0.3","14","0.92","0.30666666666666664","14","0.88","0.29333333333333333","14","0.88","0.29333333333333333","14","1.32","0.44","14","0.82","0.2733333333333333","14","1","0.3333333333333333","14","0.95","0.2375","14","1","0.25"
,"15","0.64","0.64","15","0.71","0.71","15","0.55","0.55","15","0.71","0.71","15","0.7","0.7","15","0.65","0.65","15","0.69","0.69","15","0.55","0.55","15","0.59","0.59","15","0.65","0.65","15","0.7878787878787878","0.39097744360902253","15","1.121212121212121","0.556390977443609","15","0.8484848484848485","0.42105263157894735","15","1.0303030303030303","0.5112781954887218","15","0.9696969696969697","0.48120300751879697","15","0.9090909090909091","0.45112781954887216","15","0.8787878787878788","0.43609022556390975","15","0.7575757575757576","0.37593984962406013","15","0.8787878787878788","0.43609022556390975","15","0.9393939393939394","0.46616541353383456","15","0.86","0.2866666666666667","15","0.98","0.32666666666666666","15","0.8","0.26666666666666666","15","1.06","0.35333333333333333","15","0.88","0.29333333333333333","15","1.08","0.36","15","1.1","0.36666666666666664","15","1.02","0.34","15","0.78","0.26","15","0.98","0.32666666666666666","15","1.05","0.2625","15","0.925","0.23125"
,"16","0.77","0.77","16","0.7","0.7","16","0.65","0.65","16","0.65","0.65","16","0.6","0.6","16","0.62","0.62","16","0.74","0.74","16","0.69","0.69","16","0.7","0.7","16","0.58","0.58","16","0.8333333333333334","0.41353383458646614","16","0.7727272727272727","0.38345864661654133","16","0.6818181818181818","0.3383458646616541","16","0.8939393939393939","0.44360902255639095","16","0.8333333333333334","0.41353383458646614","16","0.9242424242424242","0.45864661654135336","16","0.8939393939393939","0.44360902255639095","16","0.9090909090909091","0.45112781954887216","16","0.8787878787878788","0.43609022556390975","16","0.9242424242424242","0.45864661654135336","16","0.88","0.29333333333333333","16","1.04","0.3466666666666667","16","0.94","0.31333333333333335","16","0.94","0.31333333333333335","16","0.62","0.20666666666666667","16","1.08","0.36","16","0.86","0.2866666666666667","16","1.14","0.38","16","0.9","0.3","16","1.08","0.36","16","1.025","0.25625","16","1.3","0.325"
,"17","0.76","0.76","17","0.73","0.73","17","0.61","0.61","17","0.69","0.69","17","0.73","0.73","17","0.63","0.63","17","0.7","0.7","17","0.5","0.5","17","0.68","0.68","17","0.75","0.75","17","1.0303030303030303","0.5112781954887218","17","0.8181818181818182","0.40601503759398494","17","0.8484848484848485","0.42105263157894735","17","0.7878787878787878","0.39097744360902253","17","0.9848484848484849","0.48872180451127817","17","1.0757575757575757","0.5338345864661654","17","0.6666666666666666","0.3308270676691729","17","0.5909090909090909","0.2932330827067669","17","0.9545454545454546","0.47368421052631576","17","0.8939393939393939","0.44360902255639095","17","1.12","0.37333333333333335","17","0.94","0.31333333333333335","17","1.02","0.34","17","0.98","0.32666666666666666","17","0.94","0.31333333333333335","17","0.88","0.29333333333333333","17","1.06","0.35333333333333333","17","1.02","0.34","17","0.98","0.32666666666666666","17","0.96","0.32","17","1.25","0.3125","17","1.2","0.3"
,"18","0.73","0.73","18","0.53","0.53","18","0.59","0.59","18","0.6","0.6","18","0.74","0.74","18","0.63","0.63","18","0.77","0.77","18","0.63","0.63","18","0.59","0.59","18","0.62","0.62","18","0.9393939393939394","0.46616541353383456","18","0.8333333333333334","0.41353383458646614","18","0.8939393939393939","0.44360902255639095","18","0.7424242424242424","0.3684210526315789","18","1","0.49624060150375937","18","0.8787878787878788","0.43609022556390975","18","0.7878787878787878","0.39097744360902253","18","0.6363636363636364","0.3157894736842105","18","0.9090909090909091","0.45112781954887216","18","0.9696969696969697","0.48120300751879697","18","0.96","0.32","18","1","0.3333333333333333","18","0.98","0.32666666666666666","18","1.06","0.35333333333333333","18","1.02","0.34","18","1.1","0.36666666666666664","18","0.88","0.29333333333333333","18","1.18","0.3933333333333333","18","1","0.3333333333333333","18","0.92","0.30666666666666664","18","1.125","0.28125","18","1","0.25"
,"19","0.68","0.68","19","0.72","0.72","19","0.63","0.63","19","0.57","0.57","19","0.73","0.73","19","0.64","0.64","19","0.57","0.57","19","0.52","0.52","19","0.7","0.7","19","0.64","0.64","19","0.8484848484848485","0.42105263157894735","19","0.8333333333333334","0.41353383458646614","19","0.8636363636363636","0.42857142857142855","19","0.9545454545454546","0.47368421052631576","19","1.0454545454545454","0.518796992481203","19","1.0454545454545454","0.518796992481203","19","0.9545454545454546","0.47368421052631576","19","0.7575757575757576","0.37593984962406013","19","0.9393939393939394","0.46616541353383456","19","0.8484848484848485","0.42105263157894735","19","0.82","0.2733333333333333","19","0.92","0.30666666666666664","19","1.1","0.36666666666666664","19","0.94","0.31333333333333335","19","0.88","0.29333333333333333","19","1.08","0.36","19","0.86","0.2866666666666667","19","1.18","0.3933333333333333","19","1","0.3333333333333333","19","0.88","0.29333333333333333","19","1","0.25","19","1.1","0.275"
,"20","0.77","0.77","20","0.59","0.59","20","0.55","0.55","20","0.61","0.61","20","0.52","0.52","20","0.54","0.54","20","0.52","0.52","20","0.56","0.56","20","0.66","0.66","20","0.62","0.62","20","1.0606060606060606","0.5263157894736842","20","0.9090909090909091","0.45112781954887216","20","0.803030303030303","0.39849624060150374","20","0.9242424242424242","0.45864661654135336","20","1.0606060606060606","0.5263157894736842","20","1.106060606060606","0.5488721804511278","20","0.8333333333333334","0.41353383458646614","20","0.7878787878787878","0.39097744360902253","20","0.9545454545454546","0.47368421052631576","20","0.9090909090909091","0.45112781954887216","20","0.8","0.26666666666666666","20","1.1","0.36666666666666664","20","1.06","0.35333333333333333","20","1.08","0.36","20","1.06","0.35333333333333333","20","0.98","0.32666666666666666","20","0.88","0.29333333333333333","20","1.04","0.3466666666666667","20","1.06","0.35333333333333333","20","1.02","0.34","20","0.975","0.24375","20","1.05","0.2625"
,"21","0.71","0.71","21","0.57","0.57","21","0.6","0.6","21","0.59","0.59","21","0.75","0.75","21","0.71","0.71","21","0.62","0.62","21","0.62","0.62","21","0.57","0.57","21","0.65","0.65","21","1","0.49624060150375937","21","0.7272727272727273","0.3609022556390977","21","0.7121212121212122","0.3533834586466165","21","0.7878787878787878","0.39097744360902253","21","0.8484848484848485","0.42105263157894735","21","0.9696969696969697","0.48120300751879697","21","0.7878787878787878","0.39097744360902253","21","0.7272727272727273","0.3609022556390977","21","0.7424242424242424","0.3684210526315789","21","0.7575757575757576","0.37593984962406013","21","0.9","0.3","21","0.92","0.30666666666666664","21","1.22","0.4066666666666667","21","0.98","0.32666666666666666","21","1.16","0.38666666666666666","21","1.06","0.35333333333333333","21","0.98","0.32666666666666666","21","1","0.3333333333333333","21","0.86","0.2866666666666667","21","1","0.3333333333333333","21","1.125","0.28125","21","0.875","0.21875"
,"22","0.58","0.58","22","0.59","0.59","22","0.69","0.69","22","0.73","0.73","22","0.58","0.58","22","0.71","0.71","22","0.52","0.52","22","0.62","0.62","22","0.61","0.61","22","0.61","0.61","22","0.9545454545454546","0.47368421052631576","22","0.9242424242424242","0.45864661654135336","22","0.8939393939393939","0.44360902255639095","22","0.8333333333333334","0.41353383458646614","22","0.9545454545454546","0.47368421052631576","22","0.803030303030303","0.39849624060150374","22","0.9848484848484849","0.48872180451127817","22","0.7121212121212122","0.3533834586466165","22","0.8484848484848485","0.42105263157894735","22","0.6666666666666666","0.3308270676691729","22","1","0.3333333333333333","22","1.16","0.38666666666666666","22","1.16","0.38666666666666666","22","1.06","0.35333333333333333","22","1.02","0.34","22","1.06","0.35333333333333333","22","0.88","0.29333333333333333","22","1.04","0.3466666666666667","22","0.92","0.30666666666666664","22","1.14","0.38","22","1.125","0.28125","22","1.225","0.30625"
,"23","0.66","0.66","23","0.52","0.52","23","0.59","0.59","23","0.77","0.77","23","0.72","0.72","23","0.74","0.74","23","0.58","0.58","23","0.68","0.68","23","0.65","0.65","23","0.67","0.67","23","0.8484848484848485","0.42105263157894735","23","0.9393939393939394","0.46616541353383456","23","0.8787878787878788","0.43609022556390975","23","0.803030303030303","0.39849624060150374","23","0.8333333333333334","0.41353383458646614","23","0.8333333333333334","0.41353383458646614","23","0.8636363636363636","0.42857142857142855","23","0.7575757575757576","0.37593984962406013","23","0.8333333333333334","0.41353383458646614","23","0.7272727272727273","0.3609022556390977","23","0.9","0.3","23","0.9","0.3","23","0.72","0.24","23","1.1","0.36666666666666664","23","1.26","0.42","23","0.94","0.31333333333333335","23","0.9","0.3","23","1.12","0.37333333333333335","23","1","0.3333333333333333","23","1.26","0.42","23","1.1","0.275","23","0.875","0.21875"
,"24","0.56","0.56","24","0.64","0.64","24","0.62","0.62","24","0.52","0.52","24","0.6","0.6","24","0.62","0.62","24","0.7","0.7","24","0.68","0.68","24","0.57","0.57","24","0.68","0.68","24","0.8484848484848485","0.42105263157894735","24","0.9696969696969697","0.48120300751879697","24","0.8484848484848485","0.42105263157894735","24","0.9242424242424242","0.45864661654135336","24","0.9393939393939394","0.46616541353383456","24","0.8333333333333334","0.41353383458646614","24","0.8939393939393939","0.44360902255639095","24","0.7424242424242424","0.3684210526315789","24","0.7878787878787878","0.39097744360902253","24","0.8787878787878788","0.43609022556390975","24","0.9","0.3","24","0.96","0.32","24","0.98","0.32666666666666666","24","0.98","0.32666666666666666","24","0.96","0.32","24","1.04","0.3466666666666667","24","0.94","0.31333333333333335","24","0.96","0.32","24","1.02","0.34","24","0.96","0.32","24","1.275","0.31875","24","0.925","0.23125"
,"25","0.5","0.5","25","0.61","0.61","25","0.64","0.64","25","0.62","0.62","25","0.59","0.59","25","0.62","0.62","25","0.62","0.62","25","0.71","0.71","25","0.65","0.65","25","0.71","0.71","25","0.7424242424242424","0.3684210526315789","25","1.0151515151515151","0.5037593984962406","25","0.9090909090909091","0.45112781954887216","25","0.8181818181818182","0.40601503759398494","25","0.9545454545454546","0.47368421052631576","25","0.7424242424242424","0.3684210526315789","25","0.7727272727272727","0.38345864661654133","25","0.7575757575757576","0.37593984962406013","25","0.8636363636363636","0.42857142857142855","25","0.9545454545454546","0.47368421052631576","25","1","0.3333333333333333","25","0.9","0.3","25","0.8","0.26666666666666666","25","1.14","0.38","25","1","0.3333333333333333","25","1.06","0.35333333333333333","25","0.96","0.32","25","0.98","0.32666666666666666","25","0.72","0.24","25","1.14","0.38","25","0.9","0.225","25","0.95","0.2375"
,"26","0.67","0.67","26","0.58","0.58","26","0.65","0.65","26","0.65","0.65","26","0.6","0.6","26","0.58","0.58","26","0.58","0.58","26","0.68","0.68","26","0.62","0.62","26","0.74","0.74","26","0.8484848484848485","0.42105263157894735","26","0.7424242424242424","0.3684210526315789","26","0.9848484848484849","0.48872180451127817","26","0.8484848484848485","0.42105263157894735","26","0.9545454545454546","0.47368421052631576","26","0.8939393939393939","0.44360902255639095","26","0.7727272727272727","0.38345864661654133","26","0.696969696969697","0.3458646616541353","26","0.9242424242424242","0.45864661654135336","26","0.8939393939393939","0.44360902255639095","26","0.88","0.29333333333333333","26","0.98","0.32666666666666666","26","1","0.3333333333333333","26","0.96","0.32","26","1.06","0.35333333333333333","26","1.1","0.36666666666666664","26","0.9","0.3","26","1.08","0.36","26","0.78","0.26","26","1.12","0.37333333333333335","26","1.225","0.30625","26","1.075","0.26875"
,"27","0.66","0.66","27","0.64","0.64","27","0.74","0.74","27","0.61","0.61","27","0.63","0.63","27","0.59","0.59","27","0.68","0.68","27","0.68","0.68","27","0.56","0.56","27","0.69","0.69","27","0.9545454545454546","0.47368421052631576","27","0.803030303030303","0.39849624060150374","27","0.8939393939393939","0.44360902255639095","27","0.8636363636363636","0.42857142857142855","27","0.8333333333333334","0.41353383458646614","27","0.8181818181818182","0.40601503759398494","27","0.8939393939393939","0.44360902255639095","27","0.7272727272727273","0.3609022556390977","27","0.9242424242424242","0.45864661654135336","27","0.9090909090909091","0.45112781954887216","27","0.88","0.29333333333333333","27","1.02","0.34","27","0.98","0.32666666666666666","27","1.26","0.42","27","0.78","0.26","27","1.06","0.35333333333333333","27","1.04","0.3466666666666667","27","0.86","0.2866666666666667","27","0.7","0.23333333333333334","27","1.16","0.38666666666666666","27","1.175","0.29375","27","0.775","0.19375"
,"28","0.68","0.68","28","0.59","0.59","28","0.47","0.47","28","0.59","0.59","28","0.65","0.65","28","0.53","0.53","28","0.62","0.62","28","0.64","0.64","28","0.6","0.6","28","0.62","0.62","28","0.9393939393939394","0.46616541353383456","28","0.8787878787878788","0.43609022556390975","28","0.8636363636363636","0.42857142857142855","28","0.8636363636363636","0.42857142857142855","28","0.8333333333333334","0.41353383458646614","28","0.8636363636363636","0.42857142857142855","28","0.9848484848484849","0.48872180451127817","28","0.7727272727272727","0.38345864661654133","28","0.8636363636363636","0.42857142857142855","28","0.9090909090909091","0.45112781954887216","28","0.8","0.26666666666666666","28","0.96","0.32","28","0.88","0.29333333333333333","28","1.04","0.3466666666666667","28","0.84","0.28","28","0.96","0.32","28","0.94","0.31333333333333335","28","1","0.3333333333333333","28","0.92","0.30666666666666664","28","0.96","0.32","28","1.275","0.31875","28","1.15","0.2875"
,"29","0.65","0.65","29","0.52","0.52","29","0.54","0.54","29","0.6","0.6","29","0.62","0.62","29","0.59","0.59","29","0.73","0.73","29","0.74","0.74","29","0.6","0.6","29","0.58","0.58","29","1.0606060606060606","0.5263157894736842","29","0.8333333333333334","0.41353383458646614","29","0.803030303030303","0.39849624060150374","29","0.9393939393939394","0.46616541353383456","29","0.8333333333333334","0.41353383458646614","29","0.6818181818181818","0.3383458646616541","29","0.9545454545454546","0.47368421052631576","29","0.7878787878787878","0.39097744360902253","29","0.7878787878787878","0.39097744360902253","29","0.9393939393939394","0.46616541353383456","29","0.9","0.3","29","0.9","0.3","29","0.96","0.32","29","0.94","0.31333333333333335","29","0.86","0.2866666666666667","29","1.1","0.36666666666666664","29","0.88","0.29333333333333333","29","0.84","0.28","29","0.76","0.25333333333333335","29","1.1","0.36666666666666664","29","1.125","0.28125","29","1.175","0.29375"
,"30","0.75","0.75","30","0.64","0.64","30","0.62","0.62","30","0.67","0.67","30","0.57","0.57","30","0.61","0.61","30","0.67","0.67","30","0.64","0.64","30","0.53","0.53","30","0.65","0.65","30","1.0757575757575757","0.5338345864661654","30","0.8787878787878788","0.43609022556390975","30","0.8484848484848485","0.42105263157894735","30","0.8333333333333334","0.41353383458646614","30","1.0303030303030303","0.5112781954887218","30","0.7272727272727273","0.3609022556390977","30","1.0454545454545454","0.518796992481203","30","0.7575757575757576","0.37593984962406013","30","0.9696969696969697","0.48120300751879697","30","1.121212121212121","0.556390977443609","30","1.12","0.37333333333333335","30","0.76","0.25333333333333335","30","1.06","0.35333333333333333","30","1","0.3333333333333333","30","1","0.3333333333333333","30","1.08","0.36","30","0.94","0.31333333333333335","30","1.12","0.37333333333333335","30","0.56","0.18666666666666668","30","1","0.3333333333333333","30","1.275","0.31875","30","1","0.25"
,"31","0.64","0.64","31","0.53","0.53","31","0.59","0.59","31","0.67","0.67","31","0.67","0.67","31","0.63","0.63","31","0.61","0.61","31","0.66","0.66","31","0.66","0.66","31","0.64","0.64","31","0.9090909090909091","0.45112781954887216","31","0.7575757575757576","0.37593984962406013","31","1.0909090909090908","0.5413533834586466","31","0.9696969696969697","0.48120300751879697","31","0.9545454545454546","0.47368421052631576","31","0.7575757575757576","0.37593984962406013","31","0.8787878787878788","0.43609022556390975","31","0.8484848484848485","0.42105263157894735","31","0.8787878787878788","0.43609022556390975","31","0.8787878787878788","0.43609022556390975","31","0.82","0.2733333333333333","31","0.92","0.30666666666666664","31","0.94","0.31333333333333335","31","1.06","0.35333333333333333","31","1.04","0.3466666666666667","31","0.94","0.31333333333333335","31","1.06","0.35333333333333333","31","0.98","0.32666666666666666","31","0.78","0.26","31","0.74","0.24666666666666667","31","1.025","0.25625","31","0.875","0.21875"
,"32","0.6","0.6","32","0.73","0.73","32","0.6","0.6","32","0.66","0.66","32","0.58","0.58","32","0.62","0.62","32","0.6","0.6","32","0.55","0.55","32","0.7","0.7","32","0.74","0.74","32","0.8484848484848485","0.42105263157894735","32","0.696969696969697","0.3458646616541353","32","0.8181818181818182","0.40601503759398494","32","0.8333333333333334","0.41353383458646614","32","0.9242424242424242","0.45864661654135336","32","0.9090909090909091","0.45112781954887216","32","0.9545454545454546","0.47368421052631576","32","0.8181818181818182","0.40601503759398494","32","0.9242424242424242","0.45864661654135336","32","0.9393939393939394","0.46616541353383456","32","0.96","0.32","32","0.96","0.32","32","1.04","0.3466666666666667","32","1.02","0.34","32","1.14","0.38","32","0.92","0.30666666666666664","32","1.12","0.37333333333333335","32","1.14","0.38","32","1","0.3333333333333333","32","0.94","0.31333333333333335","32","1.075","0.26875","32","1.125","0.28125"
,"33","0.63","0.63","33","0.68","0.68","33","0.69","0.69","33","0.58","0.58","33","0.76","0.76","33","0.57","0.57","33","0.68","0.68","33","0.72","0.72","33","0.5","0.5","33","0.58","0.58","33","0.9393939393939394","0.46616541353383456","33","0.6060606060606061","0.3007518796992481","33","0.803030303030303","0.39849624060150374","33","0.8181818181818182","0.40601503759398494","33","1.0151515151515151","0.5037593984962406","33","0.7727272727272727","0.38345864661654133","33","0.696969696969697","0.3458646616541353","33","0.7575757575757576","0.37593984962406013","33","1.0909090909090908","0.5413533834586466","33","1","0.49624060150375937","33","1.04","0.3466666666666667","33","0.88","0.29333333333333333","33","0.92","0.30666666666666664","33","0.92","0.30666666666666664","33","0.88","0.29333333333333333","33","0.92","0.30666666666666664","33","0.96","0.32","33","0.94","0.31333333333333335","33","1.1","0.36666666666666664","33","1.06","0.35333333333333333","33","0.875","0.21875","33","1.25","0.3125"
,"34","0.65","0.65","34","0.6","0.6","34","0.57","0.57","34","0.58","0.58","34","0.63","0.63","34","0.59","0.59","34","0.67","0.67","34","0.6","0.6","34","0.6","0.6","34","0.53","0.53","34","0.7121212121212122","0.3533834586466165","34","0.803030303030303","0.39849624060150374","34","1.0151515151515151","0.5037593984962406","34","1","0.49624060150375937","34","0.9242424242424242","0.45864661654135336","34","0.9242424242424242","0.45864661654135336","34","0.9848484848484849","0.48872180451127817","34","0.8181818181818182","0.40601503759398494","34","0.8484848484848485","0.42105263157894735","34","0.6212121212121212","0.3082706766917293","34","0.9","0.3","34","0.88","0.29333333333333333","34","1.02","0.34","34","1.02","0.34","34","1.04","0.3466666666666667","34","0.9","0.3","34","0.84","0.28","34","0.86","0.2866666666666667","34","0.84","0.28","34","1.04","0.3466666666666667","34","0.85","0.2125","34","1.3","0.325"
,"35","0.65","0.65","35","0.6","0.6","35","0.51","0.51","35","0.62","0.62","35","0.62","0.62","35","0.52","0.52","35","0.75","0.75","35","0.73","0.73","35","0.69","0.69","35","0.65","0.65","35","0.8484848484848485","0.42105263157894735","35","0.6363636363636364","0.3157894736842105","35","0.8636363636363636","0.42857142857142855","35","0.8787878787878788","0.43609022556390975","35","0.6515151515151515","0.3233082706766917","35","0.8333333333333334","0.41353383458646614","35","0.9696969696969697","0.48120300751879697","35","0.8484848484848485","0.42105263157894735","35","1.0151515151515151","0.5037593984962406","35","1.0303030303030303","0.5112781954887218","35","0.98","0.32666666666666666","35","0.94","0.31333333333333335","35","0.92","0.30666666666666664","35","0.9","0.3","35","1.04","0.3466666666666667","35","0.78","0.26","35","0.96","0.32","35","0.96","0.32","35","1","0.3333333333333333","35","0.92","0.30666666666666664","35","0.925","0.23125","35","0.975","0.24375"
,"36","0.64","0.64","36","0.59","0.59","36","0.61","0.61","36","0.73","0.73","36","0.61","0.61","36","0.63","0.63","36","0.58","0.58","36","0.58","0.58","36","0.62","0.62","36","0.65","0.65","36","0.7727272727272727","0.38345864661654133","36","0.9242424242424242","0.45864661654135336","36","0.9090909090909091","0.45112781954887216","36","0.8636363636363636","0.42857142857142855","36","0.8636363636363636","0.42857142857142855","36","0.7575757575757576","0.37593984962406013","36","0.803030303030303","0.39849624060150374","36","0.696969696969697","0.3458646616541353","36","0.8939393939393939","0.44360902255639095","36","0.9393939393939394","0.46616541353383456","36","0.84","0.28","36","0.92","0.30666666666666664","36","0.86","0.2866666666666667","36","0.84","0.28","36","1.04","0.3466666666666667","36","0.72","0.24","36","1.04","0.3466666666666667","36","0.82","0.2733333333333333","36","1.08","0.36","36","1","0.3333333333333333","36","1.05","0.2625","36","0.95","0.2375"
,"37","0.59","0.59","37","0.65","0.65","37","0.65","0.65","37","0.61","0.61","37","0.63","0.63","37","0.71","0.71","37","0.67","0.67","37","0.56","0.56","37","0.59","0.59","37","0.7","0.7","37","0.7727272727272727","0.38345864661654133","37","0.8484848484848485","0.42105263157894735","37","0.803030303030303","0.39849624060150374","37","0.8787878787878788","0.43609022556390975","37","0.8636363636363636","0.42857142857142855","37","0.8636363636363636","0.42857142857142855","37","0.9242424242424242","0.45864661654135336","37","0.8181818181818182","0.40601503759398494","37","0.8333333333333334","0.41353383458646614","37","0.8787878787878788","0.43609022556390975","37","1.02","0.34","37","0.86","0.2866666666666667","37","1.02","0.34","37","0.96","0.32","37","1.02","0.34","37","0.82","0.2733333333333333","37","0.98","0.32666666666666666","37","0.88","0.29333333333333333","37","0.8","0.26666666666666666","37","0.84","0.28","37","1.25","0.3125","37","1.225","0.30625"
,"38","0.5","0.5","38","0.59","0.59","38","0.7","0.7","38","0.61","0.61","38","0.67","0.67","38","0.76","0.76","38","0.5","0.5","38","0.61","0.61","38","0.64","0.64","38","0.63","0.63","38","0.9696969696969697","0.48120300751879697","38","0.7272727272727273","0.3609022556390977","38","0.9090909090909091","0.45112781954887216","38","0.8636363636363636","0.42857142857142855","38","0.8787878787878788","0.43609022556390975","38","0.8181818181818182","0.40601503759398494","38","0.9393939393939394","0.46616541353383456","38","0.7272727272727273","0.3609022556390977","38","0.7727272727272727","0.38345864661654133","38","0.9393939393939394","0.46616541353383456","38","0.94","0.31333333333333335","38","1.04","0.3466666666666667","38","0.78","0.26","38","0.96","0.32","38","0.9","0.3","38","0.92","0.30666666666666664","38","0.88","0.29333333333333333","38","0.94","0.31333333333333335","38","0.9","0.3","38","0.88","0.29333333333333333","38","1.1","0.275","38","0.975","0.24375"
,"39","0.64","0.64","39","0.63","0.63","39","0.7","0.7","39","0.66","0.66","39","0.7","0.7","39","0.72","0.72","39","0.62","0.62","39","0.51","0.51","39","0.64","0.64","39","0.58","0.58","39","0.8939393939393939","0.44360902255639095","39","0.9242424242424242","0.45864661654135336","39","0.8636363636363636","0.42857142857142855","39","0.9696969696969697","0.48120300751879697","39","0.8787878787878788","0.43609022556390975","39","0.8787878787878788","0.43609022556390975","39","0.9696969696969697","0.48120300751879697","39","0.7121212121212122","0.3533834586466165","39","0.8939393939393939","0.44360902255639095","39","0.7727272727272727","0.38345864661654133","39","0.84","0.28","39","0.96","0.32","39","0.86","0.2866666666666667","39","0.74","0.24666666666666667","39","0.74","0.24666666666666667","39","1.02","0.34","39","0.64","0.21333333333333335","39","0.96","0.32","39","0.88","0.29333333333333333","39","1","0.3333333333333333","39","1.025","0.25625","39","0.95","0.2375"
,"40","0.58","0.58","40","0.6","0.6","40","0.76","0.76","40","0.64","0.64","40","0.52","0.52","40","0.71","0.71","40","0.6","0.6","40","0.54","0.54","40","0.77","0.77","40","0.59","0.59","40","0.7575757575757576","0.37593984962406013","40","0.8787878787878788","0.43609022556390975","40","0.9090909090909091","0.45112781954887216","40","1.0151515151515151","0.5037593984962406","40","0.8636363636363636","0.42857142857142855","40","0.7272727272727273","0.3609022556390977","40","0.7878787878787878","0.39097744360902253","40","0.8181818181818182","0.40601503759398494","40","0.8484848484848485","0.42105263157894735","40","0.8939393939393939","0.44360902255639095","40","0.76","0.25333333333333335","40","1.2","0.4","40","0.84","0.28","40","0.92","0.30666666666666664","40","1","0.3333333333333333","40","1.04","0.3466666666666667","40","0.84","0.28","40","0.94","0.31333333333333335","40","0.86","0.2866666666666667","40","1","0.3333333333333333","40","0.925","0.23125","40","1.125","0.28125"
,"41","0.57","0.57","41","0.67","0.67","41","0.69","0.69","41","0.65","0.65","41","0.57","0.57","41","0.59","0.59","41","0.65","0.65","41","0.64","0.64","41","0.67","0.67","41","0.67","0.67","41","0.8333333333333334","0.41353383458646614","41","0.9242424242424242","0.45864661654135336","41","0.9393939393939394","0.46616541353383456","41","1","0.49624060150375937","41","0.8181818181818182","0.40601503759398494","41","0.9090909090909091","0.45112781954887216","41","0.9696969696969697","0.48120300751879697","41","0.6818181818181818","0.3383458646616541","41","0.8181818181818182","0.40601503759398494","41","0.6363636363636364","0.3157894736842105","41","0.96","0.32","41","1.02","0.34","41","0.9","0.3","41","1.04","0.3466666666666667","41","0.86","0.2866666666666667","41","0.96","0.32","41","0.88","0.29333333333333333","41","0.94","0.31333333333333335","41","0.86","0.2866666666666667","41","0.84","0.28","41","1.025","0.25625","41","1.125","0.28125"
,"42","0.56","0.56","42","0.55","0.55","42","0.66","0.66","42","0.61","0.61","42","0.61","0.61","42","0.67","0.67","42","0.71","0.71","42","0.65","0.65","42","0.77","0.77","42","0.65","0.65","42","0.9848484848484849","0.48872180451127817","42","0.7575757575757576","0.37593984962406013","42","0.8484848484848485","0.42105263157894735","42","0.9696969696969697","0.48120300751879697","42","0.7727272727272727","0.38345864661654133","42","0.9242424242424242","0.45864661654135336","42","0.8484848484848485","0.42105263157894735","42","0.7272727272727273","0.3609022556390977","42","0.7727272727272727","0.38345864661654133","42","0.7727272727272727","0.38345864661654133","42","1.02","0.34","42","1.14","0.38","42","0.82","0.2733333333333333","42","0.92","0.30666666666666664","42","0.66","0.22","42","0.94","0.31333333333333335","42","0.82","0.2733333333333333","42","0.76","0.25333333333333335","42","0.88","0.29333333333333333","42","1.02","0.34","42","0.975","0.24375","42","1.1","0.275"
,"43","0.69","0.69","43","0.62","0.62","43","0.65","0.65","43","0.58","0.58","43","0.64","0.64","43","0.6","0.6","43","0.57","0.57","43","0.74","0.74","43","0.7","0.7","43","0.53","0.53","43","0.9393939393939394","0.46616541353383456","43","0.8181818181818182","0.40601503759398494","43","0.8636363636363636","0.42857142857142855","43","0.8181818181818182","0.40601503759398494","43","0.8181818181818182","0.40601503759398494","43","0.7878787878787878","0.39097744360902253","43","0.9545454545454546","0.47368421052631576","43","0.7878787878787878","0.39097744360902253","43","0.7878787878787878","0.39097744360902253","43","0.8484848484848485","0.42105263157894735","43","1.02","0.34","43","0.86","0.2866666666666667","43","0.92","0.30666666666666664","43","1.06","0.35333333333333333","43","0.78","0.26","43","0.86","0.2866666666666667","43","0.74","0.24666666666666667","43","0.9","0.3","43","0.84","0.28","43","1","0.3333333333333333","43","0.975","0.24375","43","1","0.25"
,"44","0.58","0.58","44","0.71","0.71","44","0.59","0.59","44","0.62","0.62","44","0.55","0.55","44","0.68","0.68","44","0.68","0.68","44","0.6","0.6","44","0.69","0.69","44","0.79","0.79","44","0.8787878787878788","0.43609022556390975","44","0.8787878787878788","0.43609022556390975","44","0.7575757575757576","0.37593984962406013","44","0.6818181818181818","0.3383458646616541","44","0.8636363636363636","0.42857142857142855","44","0.9393939393939394","0.46616541353383456","44","0.7878787878787878","0.39097744360902253","44","0.7575757575757576","0.37593984962406013","44","0.9090909090909091","0.45112781954887216","44","0.8636363636363636","0.42857142857142855","44","0.82","0.2733333333333333","44","0.68","0.22666666666666666","44","1.06","0.35333333333333333","44","0.98","0.32666666666666666","44","0.74","0.24666666666666667","44","0.94","0.31333333333333335","44","0.84","0.28","44","1.02","0.34","44","1.04","0.3466666666666667","44","0.98","0.32666666666666666","44","1.15","0.2875","44","1.05","0.2625"
,"45","0.66","0.66","45","0.8","0.8","45","0.81","0.81","45","0.68","0.68","45","0.56","0.56","45","0.51","0.51","45","0.53","0.53","45","0.67","0.67","45","0.74","0.74","45","0.67","0.67","45","0.7727272727272727","0.38345864661654133","45","0.8484848484848485","0.42105263157894735","45","0.8636363636363636","0.42857142857142855","45","0.803030303030303","0.39849624060150374","45","0.8181818181818182","0.40601503759398494","45","0.7878787878787878","0.39097744360902253","45","0.696969696969697","0.3458646616541353","45","0.9242424242424242","0.45864661654135336","45","1.0303030303030303","0.5112781954887218","45","0.7424242424242424","0.3684210526315789","45","0.88","0.29333333333333333","45","0.76","0.25333333333333335","45","0.88","0.29333333333333333","45","0.96","0.32","45","0.84","0.28","45","0.86","0.2866666666666667","45","0.9","0.3","45","1","0.3333333333333333","45","1.02","0.34","45","0.98","0.32666666666666666","45","1.2","0.3","45","0.85","0.2125"
,"46","0.65","0.65","46","0.87","0.87","46","0.67","0.67","46","0.58","0.58","46","0.52","0.52","46","0.69","0.69","46","0.7","0.7","46","0.67","0.67","46","0.71","0.71","46","0.67","0.67","46","0.803030303030303","0.39849624060150374","46","0.803030303030303","0.39849624060150374","46","0.8636363636363636","0.42857142857142855","46","0.8939393939393939","0.44360902255639095","46","0.7878787878787878","0.39097744360902253","46","0.8636363636363636","0.42857142857142855","46","0.9848484848484849","0.48872180451127817","46","0.8787878787878788","0.43609022556390975","46","0.8787878787878788","0.43609022556390975","46","0.8939393939393939","0.44360902255639095","46","0.92","0.30666666666666664","46","0.92","0.30666666666666664","46","1.02","0.34","46","0.84","0.28","46","0.82","0.2733333333333333","46","0.88","0.29333333333333333","46","0.9","0.3","46","0.94","0.31333333333333335","46","0.84","0.28","46","0.92","0.30666666666666664","46","1.325","0.33125","46","0.825","0.20625"
,"47","0.65","0.65","47","0.65","0.65","47","0.61","0.61","47","0.5","0.5","47","0.54","0.54","47","0.62","0.62","47","0.58","0.58","47","0.62","0.62","47","0.66","0.66","47","0.58","0.58","47","0.8484848484848485","0.42105263157894735","47","0.7424242424242424","0.3684210526315789","47","0.8939393939393939","0.44360902255639095","47","0.8484848484848485","0.42105263157894735","47","0.8333333333333334","0.41353383458646614","47","1","0.49624060150375937","47","1","0.49624060150375937","47","0.7727272727272727","0.38345864661654133","47","0.9545454545454546","0.47368421052631576","47","0.8636363636363636","0.42857142857142855","47","0.74","0.24666666666666667","47","0.84","0.28","47","1.14","0.38","47","0.92","0.30666666666666664","47","0.82","0.2733333333333333","47","0.98","0.32666666666666666","47","0.82","0.2733333333333333","47","1.14","0.38","47","1","0.3333333333333333","47","0.84","0.28","47","1.2","0.3","47","0.9","0.225"
,"48","0.63","0.63","48","0.77","0.77","48","0.7","0.7","48","0.7","0.7","48","0.62","0.62","48","0.73","0.73","48","0.67","0.67","48","0.57","0.57","48","0.6","0.6","48","0.63","0.63","48","0.8939393939393939","0.44360902255639095","48","0.9696969696969697","0.48120300751879697","48","0.8939393939393939","0.44360902255639095","48","0.8636363636363636","0.42857142857142855","48","0.7575757575757576","0.37593984962406013","48","0.8636363636363636","0.42857142857142855","48","0.8787878787878788","0.43609022556390975","48","0.7878787878787878","0.39097744360902253","48","0.8484848484848485","0.42105263157894735","48","1.0606060606060606","0.5263157894736842","48","0.98","0.32666666666666666","48","0.82","0.2733333333333333","48","1.1","0.36666666666666664","48","0.88","0.29333333333333333","48","0.9","0.3","48","0.92","0.30666666666666664","48","0.88","0.29333333333333333","48","0.96","0.32","48","0.92","0.30666666666666664","48","0.96","0.32","48","1.125","0.28125","48","1.1","0.275"
,"49","0.83","0.83","49","0.59","0.59","49","0.66","0.66","49","0.56","0.56","49","0.65","0.65","49","0.66","0.66","49","0.63","0.63","49","0.62","0.62","49","0.63","0.63","49","0.51","0.51","49","1","0.49624060150375937","49","0.7121212121212122","0.3533834586466165","49","0.9393939393939394","0.46616541353383456","49","0.9090909090909091","0.45112781954887216","49","0.9242424242424242","0.45864661654135336","49","0.8939393939393939","0.44360902255639095","49","0.9090909090909091","0.45112781954887216","49","0.7272727272727273","0.3609022556390977","49","0.8181818181818182","0.40601503759398494","49","0.9242424242424242","0.45864661654135336","49","0.94","0.31333333333333335","49","0.9","0.3","49","1.1","0.36666666666666664","49","0.96","0.32","49","0.88","0.29333333333333333","49","1.06","0.35333333333333333","49","0.84","0.28","49","0.84","0.28","49","0.9","0.3","49","0.86","0.2866666666666667","49","1.225","0.30625","49","0.925","0.23125"
,"50","0.67","0.67","50","0.61","0.61","50","0.66","0.66","50","0.49","0.49","50","0.76","0.76","50","0.46","0.46","50","0.65","0.65","50","0.58","0.58","50","0.7","0.7","50","0.56","0.56","50","0.7424242424242424","0.3684210526315789","50","0.7121212121212122","0.3533834586466165","50","0.696969696969697","0.3458646616541353","50","0.7878787878787878","0.39097744360902253","50","1.0757575757575757","0.5338345864661654","50","0.803030303030303","0.39849624060150374","50","0.803030303030303","0.39849624060150374","50","0.9393939393939394","0.46616541353383456","50","0.7727272727272727","0.38345864661654133","50","1.0151515151515151","0.5037593984962406","50","0.74","0.24666666666666667","50","0.94","0.31333333333333335","50","1.1","0.36666666666666664","50","0.96","0.32","50","0.72","0.24","50","0.98","0.32666666666666666","50","1.02","0.34","50","0.98","0.32666666666666666","50","0.96","0.32","50","0.9","0.3","50","0.8","0.2","50","1.05","0.2625"
,"51","0.8","0.8","51","0.59","0.59","51","0.63","0.63","51","0.64","0.64","51","0.82","0.82","51","0.59","0.59","51","0.5","0.5","51","0.69","0.69","51","0.6","0.6","51","0.64","0.64","51","0.9393939393939394","0.46616541353383456","51","0.7272727272727273","0.3609022556390977","51","0.7727272727272727","0.38345864661654133","51","0.8636363636363636","0.42857142857142855","51","0.8333333333333334","0.41353383458646614","51","0.9696969696969697","0.48120300751879697","51","0.8181818181818182","0.40601503759398494","51","0.8787878787878788","0.43609022556390975","51","0.9545454545454546","0.47368421052631576","51","0.8787878787878788","0.43609022556390975","51","0.78","0.26","51","0.6","0.2","51","1.02","0.34","51","0.92","0.30666666666666664","51","0.78","0.26","51","0.94","0.31333333333333335","51","0.96","0.32","51","1.04","0.3466666666666667","51","0.98","0.32666666666666666","51","1.04","0.3466666666666667","51","1.125","0.28125","51","0.85","0.2125"
,"52","0.81","0.81","52","0.68","0.68","52","0.75","0.75","52","0.61","0.61","52","0.6","0.6","52","0.58","0.58","52","0.53","0.53","52","0.78","0.78","52","0.78","0.78","52","0.64","0.64","52","0.8787878787878788","0.43609022556390975","52","0.7424242424242424","0.3684210526315789","52","0.7727272727272727","0.38345864661654133","52","0.803030303030303","0.39849624060150374","52","0.7272727272727273","0.3609022556390977","52","0.7272727272727273","0.3609022556390977","52","0.8939393939393939","0.44360902255639095","52","0.6060606060606061","0.3007518796992481","52","0.8484848484848485","0.42105263157894735","52","0.7878787878787878","0.39097744360902253","52","1.08","0.36","52","0.76","0.25333333333333335","52","1.08","0.36","52","0.86","0.2866666666666667","52","0.86","0.2866666666666667","52","0.94","0.31333333333333335","52","1.08","0.36","52","0.84","0.28","52","1.08","0.36","52","1.06","0.35333333333333333","52","1.3","0.325","52","0.85","0.2125"
,"53","0.78","0.78","53","0.78","0.78","53","0.6","0.6","53","0.61","0.61","53","0.63","0.63","53","0.58","0.58","53","0.6","0.6","53","0.75","0.75","53","0.6","0.6","53","0.62","0.62","53","0.6515151515151515","0.3233082706766917","53","0.7575757575757576","0.37593984962406013","53","0.7424242424242424","0.3684210526315789","53","0.8636363636363636","0.42857142857142855","53","0.7424242424242424","0.3684210526315789","53","0.696969696969697","0.3458646616541353","53","0.7878787878787878","0.39097744360902253","53","0.7878787878787878","0.39097744360902253","53","0.7878787878787878","0.39097744360902253","53","0.9242424242424242","0.45864661654135336","53","1.06","0.35333333333333333","53","0.92","0.30666666666666664","53","0.92","0.30666666666666664","53","0.8","0.26666666666666666","53","0.88","0.29333333333333333","53","1.08","0.36","53","0.96","0.32","53","1.06","0.35333333333333333","53","0.88","0.29333333333333333","53","0.9","0.3","53","1.275","0.31875","53","0.85","0.2125"
,"54","0.66","0.66","54","0.78","0.78","54","0.64","0.64","54","0.66","0.66","54","0.67","0.67","54","0.56","0.56","54","0.55","0.55","54","0.75","0.75","54","0.65","0.65","54","0.6","0.6","54","0.9242424242424242","0.45864661654135336","54","0.8484848484848485","0.42105263157894735","54","0.9545454545454546","0.47368421052631576","54","0.7424242424242424","0.3684210526315789","54","0.8787878787878788","0.43609022556390975","54","0.6818181818181818","0.3383458646616541","54","0.7121212121212122","0.3533834586466165","54","0.7424242424242424","0.3684210526315789","54","0.9242424242424242","0.45864661654135336","54","0.8787878787878788","0.43609022556390975","54","1","0.3333333333333333","54","0.7","0.23333333333333334","54","1","0.3333333333333333","54","0.92","0.30666666666666664","54","0.92","0.30666666666666664","54","0.84","0.28","54","0.84","0.28","54","1.02","0.34","54","0.86","0.2866666666666667","54","0.86","0.2866666666666667","54","1.15","0.2875","54","0.8","0.2"
,"55","0.61","0.61","55","0.67","0.67","55","0.68","0.68","55","0.64","0.64","55","0.65","0.65","55","0.53","0.53","55","0.52","0.52","55","0.79","0.79","55","0.65","0.65","55","0.75","0.75","55","0.6818181818181818","0.3383458646616541","55","0.7575757575757576","0.37593984962406013","55","0.9090909090909091","0.45112781954887216","55","1","0.49624060150375937","55","0.9848484848484849","0.48872180451127817","55","0.8333333333333334","0.41353383458646614","55","0.8333333333333334","0.41353383458646614","55","0.5151515151515151","0.2556390977443609","55","0.9848484848484849","0.48872180451127817","55","0.8787878787878788","0.43609022556390975","55","0.92","0.30666666666666664","55","0.86","0.2866666666666667","55","0.86","0.2866666666666667","55","1.04","0.3466666666666667","55","0.92","0.30666666666666664","55","0.94","0.31333333333333335","55","0.8","0.26666666666666666","55","1.16","0.38666666666666666","55","0.92","0.30666666666666664","55","0.66","0.22","55","1.1","0.275","55","1.025","0.25625"
,"56","0.69","0.69","56","0.65","0.65","56","0.54","0.54","56","0.55","0.55","56","0.66","0.66","56","0.59","0.59","56","0.66","0.66","56","0.79","0.79","56","0.76","0.76","56","0.75","0.75","56","0.8636363636363636","0.42857142857142855","56","0.8333333333333334","0.41353383458646614","56","1","0.49624060150375937","56","0.803030303030303","0.39849624060150374","56","0.9090909090909091","0.45112781954887216","56","0.7575757575757576","0.37593984962406013","56","0.803030303030303","0.39849624060150374","56","0.7878787878787878","0.39097744360902253","56","0.9090909090909091","0.45112781954887216","56","0.7272727272727273","0.3609022556390977","56","1.04","0.3466666666666667","56","1.06","0.35333333333333333","56","0.9","0.3","56","1.08","0.36","56","0.9","0.3","56","1.04","0.3466666666666667","56","0.7","0.23333333333333334","56","0.76","0.25333333333333335","56","0.9","0.3","56","0.94","0.31333333333333335","56","0.825","0.20625","56","0.925","0.23125"
,"57","0.59","0.59","57","0.7","0.7","57","0.73","0.73","57","0.59","0.59","57","0.73","0.73","57","0.53","0.53","57","0.69","0.69","57","0.72","0.72","57","0.75","0.75","57","0.63","0.63","57","0.7424242424242424","0.3684210526315789","57","0.7727272727272727","0.38345864661654133","57","0.8636363636363636","0.42857142857142855","57","1.106060606060606","0.5488721804511278","57","0.8636363636363636","0.42857142857142855","57","0.8939393939393939","0.44360902255639095","57","0.9242424242424242","0.45864661654135336","57","0.696969696969697","0.3458646616541353","57","0.5757575757575758","0.2857142857142857","57","0.8787878787878788","0.43609022556390975","57","0.98","0.32666666666666666","57","0.98","0.32666666666666666","57","0.98","0.32666666666666666","57","1.06","0.35333333333333333","57","1","0.3333333333333333","57","1.08","0.36","57","0.74","0.24666666666666667","57","1.06","0.35333333333333333","57","1.1","0.36666666666666664","57","0.84","0.28","57","0.925","0.23125","57","1.125","0.28125"
,"58","0.61","0.61","58","0.73","0.73","58","0.78","0.78","58","0.61","0.61","58","0.75","0.75","58","0.53","0.53","58","0.56","0.56","58","0.74","0.74","58","0.72","0.72","58","0.73","0.73","58","0.8333333333333334","0.41353383458646614","58","0.8636363636363636","0.42857142857142855","58","0.8939393939393939","0.44360902255639095","58","0.8484848484848485","0.42105263157894735","58","1.0606060606060606","0.5263157894736842","58","0.8939393939393939","0.44360902255639095","58","0.9090909090909091","0.45112781954887216","58","0.7575757575757576","0.37593984962406013","58","0.7727272727272727","0.38345864661654133","58","1.0303030303030303","0.5112781954887218","58","0.86","0.2866666666666667","58","0.9","0.3","58","0.96","0.32","58","0.98","0.32666666666666666","58","0.86","0.2866666666666667","58","0.94","0.31333333333333335","58","0.84","0.28","58","1.04","0.3466666666666667","58","0.86","0.2866666666666667","58","0.68","0.22666666666666666","58","0.8","0.2","58","1","0.25"
,"59","0.6","0.6","59","0.61","0.61","59","0.72","0.72","59","0.56","0.56","59","0.6","0.6","59","0.66","0.66","59","0.55","0.55","59","0.71","0.71","59","0.68","0.68","59","0.68","0.68","59","0.696969696969697","0.3458646616541353","59","0.7575757575757576","0.37593984962406013","59","0.6515151515151515","0.3233082706766917","59","0.8636363636363636","0.42857142857142855","59","0.8484848484848485","0.42105263157894735","59","0.8333333333333334","0.41353383458646614","59","1","0.49624060150375937","59","0.9090909090909091","0.45112781954887216","59","0.6818181818181818","0.3383458646616541","59","0.9848484848484849","0.48872180451127817","59","0.9","0.3","59","0.96","0.32","59","0.88","0.29333333333333333","59","1.02","0.34","59","1.08","0.36","59","1","0.3333333333333333","59","0.98","0.32666666666666666","59","1.14","0.38","59","0.96","0.32","59","0.68","0.22666666666666666","59","0.75","0.1875","59","1.05","0.2625"
,"60","0.63","0.63","60","0.66","0.66","60","0.57","0.57","60","0.64","0.64","60","0.52","0.52","60","0.61","0.61","60","0.48","0.48","60","0.69","0.69","60","0.74","0.74","60","0.72","0.72","60","0.5303030303030303","0.2631578947368421","60","0.8484848484848485","0.42105263157894735","60","0.8484848484848485","0.42105263157894735","60","0.5909090909090909","0.2932330827067669","60","0.9090909090909091","0.45112781954887216","60","0.7878787878787878","0.39097744360902253","60","1","0.49624060150375937","60","0.6666666666666666","0.3308270676691729","60","0.7424242424242424","0.3684210526315789","60","0.9848484848484849","0.48872180451127817","60","0.84","0.28","60","0.78","0.26","60","1.04","0.3466666666666667","60","0.88","0.29333333333333333","60","1.04","0.3466666666666667","60","1","0.3333333333333333","60","0.98","0.32666666666666666","60","1","0.3333333333333333","60","1","0.3333333333333333","60","0.7","0.23333333333333334","60","0.675","0.16875","60","1.15","0.2875"
,"61","0.77","0.77","61","0.79","0.79","61","0.62","0.62","61","0.67","0.67","61","0.58","0.58","61","0.62","0.62","61","0.54","0.54","61","0.66","0.66","61","0.64","0.64","61","0.73","0.73","61","0.8333333333333334","0.41353383458646614","61","0.7575757575757576","0.37593984962406013","61","0.7727272727272727","0.38345864661654133","61","0.9545454545454546","0.47368421052631576","61","0.9848484848484849","0.48872180451127817","61","0.9090909090909091","0.45112781954887216","61","0.8484848484848485","0.42105263157894735","61","0.9696969696969697","0.48120300751879697","61","0.6363636363636364","0.3157894736842105","61","0.8787878787878788","0.43609022556390975","61","0.88","0.29333333333333333","61","0.82","0.2733333333333333","61","1.04","0.3466666666666667","61","0.86","0.2866666666666667","61","1","0.3333333333333333","61","0.94","0.31333333333333335","61","1.18","0.3933333333333333","61","0.88","0.29333333333333333","61","0.96","0.32","61","0.86","0.2866666666666667","61","0.8","0.2","61","1.2","0.3"
,"62","0.71","0.71","62","0.81","0.81","62","0.64","0.64","62","0.61","0.61","62","0.58","0.58","62","0.5","0.5","62","0.64","0.64","62","0.67","0.67","62","0.69","0.69","62","0.62","0.62","62","0.9242424242424242","0.45864661654135336","62","0.803030303030303","0.39849624060150374","62","1.0151515151515151","0.5037593984962406","62","0.8333333333333334","0.41353383458646614","62","0.8333333333333334","0.41353383458646614","62","0.803030303030303","0.39849624060150374","62","0.8484848484848485","0.42105263157894735","62","0.8787878787878788","0.43609022556390975","62","0.803030303030303","0.39849624060150374","62","0.9242424242424242","0.45864661654135336","62","0.84","0.28","62","0.9","0.3","62","1.02","0.34","62","1.06","0.35333333333333333","62","0.84","0.28","62","0.9","0.3","62","1.12","0.37333333333333335","62","0.94","0.31333333333333335","62","1.06","0.35333333333333333","62","0.74","0.24666666666666667","62","1.025","0.25625","62","1.075","0.26875"
,"63","0.62","0.62","63","0.59","0.59","63","0.71","0.71","63","0.62","0.62","63","0.52","0.52","63","0.55","0.55","63","0.58","0.58","63","0.67","0.67","63","0.63","0.63","63","0.66","0.66","63","0.7272727272727273","0.3609022556390977","63","0.8181818181818182","0.40601503759398494","63","1.0757575757575757","0.5338345864661654","63","0.8787878787878788","0.43609022556390975","63","0.8787878787878788","0.43609022556390975","63","0.7727272727272727","0.38345864661654133","63","0.7878787878787878","0.39097744360902253","63","0.8939393939393939","0.44360902255639095","63","0.803030303030303","0.39849624060150374","63","1.0303030303030303","0.5112781954887218","63","0.98","0.32666666666666666","63","0.86","0.2866666666666667","63","1","0.3333333333333333","63","1.08","0.36","63","0.92","0.30666666666666664","63","0.98","0.32666666666666666","63","1","0.3333333333333333","63","1.02","0.34","63","1.16","0.38666666666666666","63","0.78","0.26","63","1.2","0.3","63","1.1","0.275"
,"64","0.68","0.68","64","0.63","0.63","64","0.62","0.62","64","0.67","0.67","64","0.54","0.54","64","0.57","0.57","64","0.66","0.66","64","0.78","0.78","64","0.65","0.65","64","0.63","0.63","64","0.8484848484848485","0.42105263157894735","64","0.7272727272727273","0.3609022556390977","64","0.9696969696969697","0.48120300751879697","64","0.7121212121212122","0.3533834586466165","64","0.7727272727272727","0.38345864661654133","64","0.7878787878787878","0.39097744360902253","64","0.8181818181818182","0.40601503759398494","64","0.803030303030303","0.39849624060150374","64","0.8787878787878788","0.43609022556390975","64","1.0303030303030303","0.5112781954887218","64","1","0.3333333333333333","64","0.8","0.26666666666666666","64","1.12","0.37333333333333335","64","1.12","0.37333333333333335","64","0.88","0.29333333333333333","64","1.14","0.38","64","0.96","0.32","64","1.14","0.38","64","1.16","0.38666666666666666","64","0.94","0.31333333333333335","64","1.2","0.3","64","0.975","0.24375"
,"65","0.62","0.62","65","0.51","0.51","65","0.66","0.66","65","0.72","0.72","65","0.68","0.68","65","0.65","0.65","65","0.7","0.7","65","0.61","0.61","65","0.69","0.69","65","0.6","0.6","65","0.9393939393939394","0.46616541353383456","65","0.6818181818181818","0.3383458646616541","65","0.803030303030303","0.39849624060150374","65","0.8636363636363636","0.42857142857142855","65","0.8787878787878788","0.43609022556390975","65","0.9393939393939394","0.46616541353383456","65","0.6212121212121212","0.3082706766917293","65","0.8787878787878788","0.43609022556390975","65","0.8939393939393939","0.44360902255639095","65","1.0454545454545454","0.518796992481203","65","0.96","0.32","65","0.88","0.29333333333333333","65","0.88","0.29333333333333333","65","0.82","0.2733333333333333","65","0.94","0.31333333333333335","65","0.88","0.29333333333333333","65","1.12","0.37333333333333335","65","1.02","0.34","65","1.1","0.36666666666666664","65","0.96","0.32","65","1.275","0.31875","65","1.2","0.3"
,"66","0.62","0.62","66","0.74","0.74","66","0.74","0.74","66","0.63","0.63","66","0.62","0.62","66","0.55","0.55","66","0.67","0.67","66","0.63","0.63","66","0.69","0.69","66","0.64","0.64","66","0.803030303030303","0.39849624060150374","66","0.8333333333333334","0.41353383458646614","66","0.9242424242424242","0.45864661654135336","66","0.8333333333333334","0.41353383458646614","66","0.7424242424242424","0.3684210526315789","66","0.9242424242424242","0.45864661654135336","66","0.8636363636363636","0.42857142857142855","66","0.7272727272727273","0.3609022556390977","66","0.8939393939393939","0.44360902255639095","66","0.8939393939393939","0.44360902255639095","66","0.6","0.2","66","0.96","0.32","66","1.02","0.34","66","1.16","0.38666666666666666","66","1.16","0.38666666666666666","66","1","0.3333333333333333","66","0.82","0.2733333333333333","66","1.08","0.36","66","1.18","0.3933333333333333","66","0.9","0.3","66","1.05","0.2625","66","1.15","0.2875"
,"67","0.52","0.52","67","0.56","0.56","67","0.67","0.67","67","0.68","0.68","67","0.72","0.72","67","0.63","0.63","67","0.6","0.6","67","0.66","0.66","67","0.51","0.51","67","0.61","0.61","67","0.9696969696969697","0.48120300751879697","67","0.8787878787878788","0.43609022556390975","67","0.803030303030303","0.39849624060150374","67","0.803030303030303","0.39849624060150374","67","0.7727272727272727","0.38345864661654133","67","0.8787878787878788","0.43609022556390975","67","0.8333333333333334","0.41353383458646614","67","0.7575757575757576","0.37593984962406013","67","0.9393939393939394","0.46616541353383456","67","0.8181818181818182","0.40601503759398494","67","0.82","0.2733333333333333","67","0.86","0.2866666666666667","67","1.02","0.34","67","0.9","0.3","67","0.8","0.26666666666666666","67","0.86","0.2866666666666667","67","0.68","0.22666666666666666","67","1.04","0.3466666666666667","67","1.12","0.37333333333333335","67","0.76","0.25333333333333335","67","1.225","0.30625","67","1.075","0.26875"
,"68","0.49","0.49","68","0.64","0.64","68","0.62","0.62","68","0.57","0.57","68","0.72","0.72","68","0.68","0.68","68","0.64","0.64","68","0.53","0.53","68","0.53","0.53","68","0.66","0.66","68","1.0606060606060606","0.5263157894736842","68","0.8939393939393939","0.44360902255639095","68","0.7272727272727273","0.3609022556390977","68","0.8181818181818182","0.40601503759398494","68","0.696969696969697","0.3458646616541353","68","0.6515151515151515","0.3233082706766917","68","0.7121212121212122","0.3533834586466165","68","0.9545454545454546","0.47368421052631576","68","0.9393939393939394","0.46616541353383456","68","0.9393939393939394","0.46616541353383456","68","1.1","0.36666666666666664","68","0.98","0.32666666666666666","68","1.08","0.36","68","0.86","0.2866666666666667","68","1.08","0.36","68","1.38","0.46","68","0.92","0.30666666666666664","68","0.98","0.32666666666666666","68","0.92","0.30666666666666664","68","0.78","0.26","68","1.325","0.33125","68","1.05","0.2625"
,"69","0.74","0.74","69","0.61","0.61","69","0.56","0.56","69","0.51","0.51","69","0.56","0.56","69","0.63","0.63","69","0.67","0.67","69","0.56","0.56","69","0.6","0.6","69","0.64","0.64","69","0.8484848484848485","0.42105263157894735","69","0.8333333333333334","0.41353383458646614","69","0.803030303030303","0.39849624060150374","69","0.8181818181818182","0.40601503759398494","69","0.8939393939393939","0.44360902255639095","69","0.803030303030303","0.39849624060150374","69","0.9393939393939394","0.46616541353383456","69","1.0151515151515151","0.5037593984962406","69","0.8787878787878788","0.43609022556390975","69","0.803030303030303","0.39849624060150374","69","0.9","0.3","69","0.86","0.2866666666666667","69","1.18","0.3933333333333333","69","0.9","0.3","69","0.94","0.31333333333333335","69","1.04","0.3466666666666667","69","0.72","0.24","69","1.12","0.37333333333333335","69","0.94","0.31333333333333335","69","0.64","0.21333333333333335","69","1.325","0.33125","69","1.125","0.28125"
,"70","0.57","0.57","70","0.66","0.66","70","0.59","0.59","70","0.62","0.62","70","0.77","0.77","70","0.61","0.61","70","0.66","0.66","70","0.63","0.63","70","0.64","0.64","70","0.6","0.6","70","1.0909090909090908","0.5413533834586466","70","0.9242424242424242","0.45864661654135336","70","0.8484848484848485","0.42105263157894735","70","0.8787878787878788","0.43609022556390975","70","0.8636363636363636","0.42857142857142855","70","0.7878787878787878","0.39097744360902253","70","1.0151515151515151","0.5037593984962406","70","0.8333333333333334","0.41353383458646614","70","0.8636363636363636","0.42857142857142855","70","0.8636363636363636","0.42857142857142855","70","1.3","0.43333333333333335","70","1.06","0.35333333333333333","70","1.16","0.38666666666666666","70","0.96","0.32","70","1.02","0.34","70","0.98","0.32666666666666666","70","0.98","0.32666666666666666","70","0.96","0.32","70","0.96","0.32","70","0.84","0.28","70","0.95","0.2375","70","1.25","0.3125"
,"71","0.61","0.61","71","0.59","0.59","71","0.58","0.58","71","0.67","0.67","71","0.64","0.64","71","0.77","0.77","71","0.76","0.76","71","0.62","0.62","71","0.59","0.59","71","0.58","0.58","71","0.9242424242424242","0.45864661654135336","71","0.7878787878787878","0.39097744360902253","71","0.8939393939393939","0.44360902255639095","71","0.8484848484848485","0.42105263157894735","71","0.8636363636363636","0.42857142857142855","71","0.8333333333333334","0.41353383458646614","71","0.8636363636363636","0.42857142857142855","71","0.7424242424242424","0.3684210526315789","71","0.8333333333333334","0.41353383458646614","71","0.8787878787878788","0.43609022556390975","71","1.12","0.37333333333333335","71","1.06","0.35333333333333333","71","0.98","0.32666666666666666","71","0.76","0.25333333333333335","71","1.14","0.38","71","0.84","0.28","71","1.16","0.38666666666666666","71","1","0.3333333333333333","71","0.92","0.30666666666666664","71","0.84","0.28","71","1.225","0.30625","71","0.85","0.2125"
,"72","0.69","0.69","72","0.6","0.6","72","0.62","0.62","72","0.65","0.65","72","0.71","0.71","72","0.59","0.59","72","0.69","0.69","72","0.53","0.53","72","0.65","0.65","72","0.68","0.68","72","1.121212121212121","0.556390977443609","72","0.7575757575757576","0.37593984962406013","72","0.8333333333333334","0.41353383458646614","72","0.9545454545454546","0.47368421052631576","72","0.8333333333333334","0.41353383458646614","72","0.803030303030303","0.39849624060150374","72","0.9242424242424242","0.45864661654135336","72","0.8181818181818182","0.40601503759398494","72","0.8636363636363636","0.42857142857142855","72","0.8787878787878788","0.43609022556390975","72","0.98","0.32666666666666666","72","0.96","0.32","72","1.04","0.3466666666666667","72","0.94","0.31333333333333335","72","0.78","0.26","72","1.06","0.35333333333333333","72","1.04","0.3466666666666667","72","1","0.3333333333333333","72","0.88","0.29333333333333333","72","0.84","0.28","72","1.175","0.29375","72","1.1","0.275"
,"73","0.61","0.61","73","0.73","0.73","73","0.61","0.61","73","0.59","0.59","73","0.61","0.61","73","0.59","0.59","73","0.67","0.67","73","0.74","0.74","73","0.62","0.62","73","0.63","0.63","73","1.0151515151515151","0.5037593984962406","73","0.8636363636363636","0.42857142857142855","73","0.8939393939393939","0.44360902255639095","73","0.8787878787878788","0.43609022556390975","73","0.8484848484848485","0.42105263157894735","73","0.7878787878787878","0.39097744360902253","73","0.8939393939393939","0.44360902255639095","73","0.8181818181818182","0.40601503759398494","73","0.7727272727272727","0.38345864661654133","73","0.7727272727272727","0.38345864661654133","73","0.96","0.32","73","0.88","0.29333333333333333","73","1.02","0.34","73","0.72","0.24","73","1.18","0.3933333333333333","73","1.2","0.4","73","0.96","0.32","73","0.9","0.3","73","1.1","0.36666666666666664","73","1","0.3333333333333333","73","1.05","0.2625","73","1.075","0.26875"
,"74","0.69","0.69","74","0.7","0.7","74","0.51","0.51","74","0.62","0.62","74","0.62","0.62","74","0.62","0.62","74","0.54","0.54","74","0.66","0.66","74","0.66","0.66","74","0.68","0.68","74","0.8484848484848485","0.42105263157894735","74","1.0151515151515151","0.5037593984962406","74","0.7424242424242424","0.3684210526315789","74","0.8787878787878788","0.43609022556390975","74","0.7272727272727273","0.3609022556390977","74","0.9393939393939394","0.46616541353383456","74","0.9848484848484849","0.48872180451127817","74","0.9090909090909091","0.45112781954887216","74","1.0606060606060606","0.5263157894736842","74","0.9848484848484849","0.48872180451127817","74","0.88","0.29333333333333333","74","1.32","0.44","74","0.88","0.29333333333333333","74","0.82","0.2733333333333333","74","1.04","0.3466666666666667","74","1.22","0.4066666666666667","74","0.86","0.2866666666666667","74","1.06","0.35333333333333333","74","0.98","0.32666666666666666","74","0.86","0.2866666666666667","74","0.95","0.2375","74","1.1","0.275"
,"75","0.61","0.61","75","0.62","0.62","75","0.55","0.55","75","0.65","0.65","75","0.62","0.62","75","0.77","0.77","75","0.48","0.48","75","0.62","0.62","75","0.62","0.62","75","0.65","0.65","75","0.8181818181818182","0.40601503759398494","75","0.803030303030303","0.39849624060150374","75","0.6818181818181818","0.3383458646616541","75","0.9090909090909091","0.45112781954887216","75","0.9090909090909091","0.45112781954887216","75","0.803030303030303","0.39849624060150374","75","0.9242424242424242","0.45864661654135336","75","0.8636363636363636","0.42857142857142855","75","0.7727272727272727","0.38345864661654133","75","1","0.49624060150375937","75","1.12","0.37333333333333335","75","1.06","0.35333333333333333","75","1.04","0.3466666666666667","75","0.86","0.2866666666666667","75","0.84","0.28","75","1.14","0.38","75","1","0.3333333333333333","75","0.74","0.24666666666666667","75","1.14","0.38","75","1","0.3333333333333333","75","0.975","0.24375","75","1.15","0.2875"
,"76","0.68","0.68","76","0.71","0.71","76","0.6","0.6","76","0.63","0.63","76","0.65","0.65","76","0.68","0.68","76","0.65","0.65","76","0.55","0.55","76","0.59","0.59","76","0.66","0.66","76","0.9848484848484849","0.48872180451127817","76","0.8484848484848485","0.42105263157894735","76","0.7272727272727273","0.3609022556390977","76","1.0454545454545454","0.518796992481203","76","0.7878787878787878","0.39097744360902253","76","0.8484848484848485","0.42105263157894735","76","0.803030303030303","0.39849624060150374","76","0.803030303030303","0.39849624060150374","76","0.7727272727272727","0.38345864661654133","76","0.7878787878787878","0.39097744360902253","76","0.82","0.2733333333333333","76","1.24","0.41333333333333333","76","1.02","0.34","76","0.92","0.30666666666666664","76","0.82","0.2733333333333333","76","0.64","0.21333333333333335","76","1.04","0.3466666666666667","76","1","0.3333333333333333","76","1.04","0.3466666666666667","76","1.08","0.36","76","0.95","0.2375","76","1.125","0.28125"
,"77","0.69","0.69","77","0.77","0.77","77","0.63","0.63","77","0.61","0.61","77","0.71","0.71","77","0.61","0.61","77","0.55","0.55","77","0.66","0.66","77","0.63","0.63","77","0.56","0.56","77","0.9393939393939394","0.46616541353383456","77","0.8484848484848485","0.42105263157894735","77","0.9242424242424242","0.45864661654135336","77","0.8333333333333334","0.41353383458646614","77","0.8181818181818182","0.40601503759398494","77","0.8787878787878788","0.43609022556390975","77","0.8636363636363636","0.42857142857142855","77","0.6515151515151515","0.3233082706766917","77","0.9393939393939394","0.46616541353383456","77","0.9696969696969697","0.48120300751879697","77","0.88","0.29333333333333333","77","0.88","0.29333333333333333","77","0.76","0.25333333333333335","77","0.92","0.30666666666666664","77","0.94","0.31333333333333335","77","1.22","0.4066666666666667","77","1","0.3333333333333333","77","0.78","0.26","77","1.06","0.35333333333333333","77","0.96","0.32","77","1.175","0.29375","77","1.1","0.275"
,"78","0.67","0.67","78","0.7","0.7","78","0.63","0.63","78","0.69","0.69","78","0.66","0.66","78","0.56","0.56","78","0.63","0.63","78","0.58","0.58","78","0.74","0.74","78","0.63","0.63","78","0.9545454545454546","0.47368421052631576","78","0.9696969696969697","0.48120300751879697","78","0.8636363636363636","0.42857142857142855","78","1.0606060606060606","0.5263157894736842","78","1.0303030303030303","0.5112781954887218","78","0.7878787878787878","0.39097744360902253","78","0.9393939393939394","0.46616541353383456","78","0.9242424242424242","0.45864661654135336","78","0.9090909090909091","0.45112781954887216","78","0.9393939393939394","0.46616541353383456","78","1","0.3333333333333333","78","0.98","0.32666666666666666","78","1.14","0.38","78","0.98","0.32666666666666666","78","0.92","0.30666666666666664","78","1.3","0.43333333333333335","78","0.88","0.29333333333333333","78","0.82","0.2733333333333333","78","0.9","0.3","78","0.92","0.30666666666666664","78","0.9","0.225","78","0.875","0.21875"
,"79","0.71","0.71","79","0.75","0.75","79","0.56","0.56","79","0.65","0.65","79","0.75","0.75","79","0.62","0.62","79","0.54","0.54","79","0.56","0.56","79","0.58","0.58","79","0.59","0.59","79","0.7575757575757576","0.37593984962406013","79","0.8333333333333334","0.41353383458646614","79","0.9090909090909091","0.45112781954887216","79","0.7878787878787878","0.39097744360902253","79","0.7121212121212122","0.3533834586466165","79","0.7121212121212122","0.3533834586466165","79","0.9696969696969697","0.48120300751879697","79","0.8939393939393939","0.44360902255639095","79","0.9242424242424242","0.45864661654135336","79","0.7272727272727273","0.3609022556390977","79","1.12","0.37333333333333335","79","0.98","0.32666666666666666","79","1.28","0.4266666666666667","79","0.9","0.3","79","0.98","0.32666666666666666","79","0.86","0.2866666666666667","79","0.8","0.26666666666666666","79","1.02","0.34","79","0.68","0.22666666666666666","79","1.12","0.37333333333333335","79","1.1","0.275","79","1.025","0.25625"
,"80","0.65","0.65","80","0.71","0.71","80","0.62","0.62","80","0.71","0.71","80","0.82","0.82","80","0.71","0.71","80","0.59","0.59","80","0.71","0.71","80","0.69","0.69","80","0.62","0.62","80","0.9545454545454546","0.47368421052631576","80","0.8333333333333334","0.41353383458646614","80","0.7575757575757576","0.37593984962406013","80","0.8181818181818182","0.40601503759398494","80","0.7575757575757576","0.37593984962406013","80","0.803030303030303","0.39849624060150374","80","0.8787878787878788","0.43609022556390975","80","0.7878787878787878","0.39097744360902253","80","0.8636363636363636","0.42857142857142855","80","0.8333333333333334","0.41353383458646614","80","1.08","0.36","80","0.84","0.28","80","1.4","0.4666666666666667","80","1.16","0.38666666666666666","80","0.96","0.32","80","1.1","0.36666666666666664","80","0.98","0.32666666666666666","80","0.94","0.31333333333333335","80","1.1","0.36666666666666664","80","0.98","0.32666666666666666","80","0.95","0.2375","80","1.05","0.2625"
,"81","0.58","0.58","81","0.62","0.62","81","0.57","0.57","81","0.62","0.62","81","0.64","0.64","81","0.62","0.62","81","0.57","0.57","81","0.75","0.75","81","0.53","0.53","81","0.68","0.68","81","0.9090909090909091","0.45112781954887216","81","0.9242424242424242","0.45864661654135336","81","1","0.49624060150375937","81","0.7121212121212122","0.3533834586466165","81","0.7424242424242424","0.3684210526315789","81","0.8333333333333334","0.41353383458646614","81","0.9848484848484849","0.48872180451127817","81","0.8636363636363636","0.42857142857142855","81","0.9393939393939394","0.46616541353383456","81","0.5606060606060606","0.2781954887218045","81","0.84","0.28","81","0.76","0.25333333333333335","81","1.32","0.44","81","1.2","0.4","81","0.82","0.2733333333333333","81","0.98","0.32666666666666666","81","0.94","0.31333333333333335","81","1.02","0.34","81","0.74","0.24666666666666667","81","0.84","0.28","81","1.2","0.3","81","0.925","0.23125"
,"82","0.84","0.84","82","0.64","0.64","82","0.55","0.55","82","0.64","0.64","82","0.82","0.82","82","0.6","0.6","82","0.56","0.56","82","0.68","0.68","82","0.69","0.69","82","0.78","0.78","82","0.7727272727272727","0.38345864661654133","82","0.7121212121212122","0.3533834586466165","82","0.696969696969697","0.3458646616541353","82","0.8636363636363636","0.42857142857142855","82","0.8333333333333334","0.41353383458646614","82","0.8787878787878788","0.43609022556390975","82","0.9242424242424242","0.45864661654135336","82","0.8333333333333334","0.41353383458646614","82","0.9242424242424242","0.45864661654135336","82","0.7424242424242424","0.3684210526315789","82","1","0.3333333333333333","82","0.82","0.2733333333333333","82","1","0.3333333333333333","82","0.94","0.31333333333333335","82","1.1","0.36666666666666664","82","1.12","0.37333333333333335","82","1.06","0.35333333333333333","82","0.98","0.32666666666666666","82","0.9","0.3","82","0.78","0.26","82","1.3","0.325","82","1.05","0.2625"
,"83","0.79","0.79","83","0.61","0.61","83","0.53","0.53","83","0.56","0.56","83","0.73","0.73","83","0.63","0.63","83","0.56","0.56","83","0.72","0.72","83","0.61","0.61","83","0.6","0.6","83","0.9393939393939394","0.46616541353383456","83","0.9545454545454546","0.47368421052631576","83","0.7878787878787878","0.39097744360902253","83","0.8636363636363636","0.42857142857142855","83","0.8636363636363636","0.42857142857142855","83","1","0.49624060150375937","83","0.9848484848484849","0.48872180451127817","83","0.8333333333333334","0.41353383458646614","83","1.1363636363636365","0.5639097744360902","83","0.6515151515151515","0.3233082706766917","83","1.16","0.38666666666666666","83","0.96","0.32","83","1.04","0.3466666666666667","83","1.04","0.3466666666666667","83","1.24","0.41333333333333333","83","1.04","0.3466666666666667","83","1.08","0.36","83","1.1","0.36666666666666664","83","0.92","0.30666666666666664","83","0.6","0.2","83","1.25","0.3125","83","0.975","0.24375"
,"84","0.73","0.73","84","0.61","0.61","84","0.6","0.6","84","0.63","0.63","84","0.7","0.7","84","0.61","0.61","84","0.61","0.61","84","0.69","0.69","84","0.58","0.58","84","0.75","0.75","84","0.7727272727272727","0.38345864661654133","84","0.7424242424242424","0.3684210526315789","84","1.0303030303030303","0.5112781954887218","84","0.8181818181818182","0.40601503759398494","84","0.803030303030303","0.39849624060150374","84","1.0757575757575757","0.5338345864661654","84","0.8181818181818182","0.40601503759398494","84","1","0.49624060150375937","84","0.8939393939393939","0.44360902255639095","84","0.8787878787878788","0.43609022556390975","84","0.86","0.2866666666666667","84","0.8","0.26666666666666666","84","1.14","0.38","84","0.88","0.29333333333333333","84","0.94","0.31333333333333335","84","0.98","0.32666666666666666","84","1.16","0.38666666666666666","84","1.06","0.35333333333333333","84","1.02","0.34","84","0.76","0.25333333333333335","84","1.125","0.28125","84","1.025","0.25625"
,"85","0.64","0.64","85","0.61","0.61","85","0.49","0.49","85","0.66","0.66","85","0.6","0.6","85","0.67","0.67","85","0.65","0.65","85","0.75","0.75","85","0.55","0.55","85","0.61","0.61","85","0.7575757575757576","0.37593984962406013","85","0.696969696969697","0.3458646616541353","85","0.9696969696969697","0.48120300751879697","85","0.8333333333333334","0.41353383458646614","85","0.7878787878787878","0.39097744360902253","85","1","0.49624060150375937","85","0.7272727272727273","0.3609022556390977","85","0.9696969696969697","0.48120300751879697","85","0.9696969696969697","0.48120300751879697","85","0.8333333333333334","0.41353383458646614","85","0.72","0.24","85","1.1","0.36666666666666664","85","1.12","0.37333333333333335","85","1.08","0.36","85","0.92","0.30666666666666664","85","0.92","0.30666666666666664","85","1.06","0.35333333333333333","85","1.18","0.3933333333333333","85","0.88","0.29333333333333333","85","1","0.3333333333333333","85","1.15","0.2875","85","1.1","0.275"
,"86","0.57","0.57","86","0.66","0.66","86","0.58","0.58","86","0.57","0.57","86","0.61","0.61","86","0.59","0.59","86","0.5","0.5","86","0.67","0.67","86","0.5","0.5","86","0.63","0.63","86","0.7727272727272727","0.38345864661654133","86","0.7727272727272727","0.38345864661654133","86","0.9848484848484849","0.48872180451127817","86","0.8484848484848485","0.42105263157894735","86","0.7727272727272727","0.38345864661654133","86","1.1818181818181819","0.5864661654135338","86","0.6818181818181818","0.3383458646616541","86","1.0909090909090908","0.5413533834586466","86","0.8484848484848485","0.42105263157894735","86","0.9090909090909091","0.45112781954887216","86","1.08","0.36","86","1.16","0.38666666666666666","86","0.88","0.29333333333333333","86","1.18","0.3933333333333333","86","0.78","0.26","86","0.94","0.31333333333333335","86","0.8","0.26666666666666666","86","0.82","0.2733333333333333","86","0.94","0.31333333333333335","86","0.94","0.31333333333333335","86","1.025","0.25625","86","1","0.25"
,"87","0.57","0.57","87","0.65","0.65","87","0.6","0.6","87","0.64","0.64","87","0.71","0.71","87","0.59","0.59","87","0.58","0.58","87","0.76","0.76","87","0.71","0.71","87","0.5","0.5","87","0.8636363636363636","0.42857142857142855","87","0.7424242424242424","0.3684210526315789","87","0.8636363636363636","0.42857142857142855","87","0.7575757575757576","0.37593984962406013","87","0.7727272727272727","0.38345864661654133","87","0.9848484848484849","0.48872180451127817","87","0.9545454545454546","0.47368421052631576","87","1.0303030303030303","0.5112781954887218","87","1.0454545454545454","0.518796992481203","87","0.7121212121212122","0.3533834586466165","87","1.06","0.35333333333333333","87","0.98","0.32666666666666666","87","0.86","0.2866666666666667","87","1.04","0.3466666666666667","87","1.06","0.35333333333333333","87","0.84","0.28","87","0.8","0.26666666666666666","87","0.9","0.3","87","1.14","0.38","87","1.06","0.35333333333333333","87","0.975","0.24375","87","0.95","0.2375"
,"88","0.67","0.67","88","0.62","0.62","88","0.68","0.68","88","0.66","0.66","88","0.67","0.67","88","0.55","0.55","88","0.67","0.67","88","0.6","0.6","88","0.62","0.62","88","0.58","0.58","88","0.8484848484848485","0.42105263157894735","88","0.803030303030303","0.39849624060150374","88","1.0151515151515151","0.5037593984962406","88","0.8181818181818182","0.40601503759398494","88","0.8636363636363636","0.42857142857142855","88","0.7727272727272727","0.38345864661654133","88","1.0151515151515151","0.5037593984962406","88","0.8333333333333334","0.41353383458646614","88","0.9090909090909091","0.45112781954887216","88","0.7727272727272727","0.38345864661654133","88","1.06","0.35333333333333333","88","0.84","0.28","88","0.9","0.3","88","1.12","0.37333333333333335","88","0.84","0.28","88","0.9","0.3","88","1.1","0.36666666666666664","88","1.1","0.36666666666666664","88","0.82","0.2733333333333333","88","1.02","0.34","88","1","0.25","88","1.1","0.275"
,"89","0.58","0.58","89","0.62","0.62","89","0.59","0.59","89","0.73","0.73","89","0.62","0.62","89","0.63","0.63","89","0.59","0.59","89","0.72","0.72","89","0.6","0.6","89","0.6","0.6","89","0.9393939393939394","0.46616541353383456","89","0.8181818181818182","0.40601503759398494","89","0.9393939393939394","0.46616541353383456","89","0.7424242424242424","0.3684210526315789","89","0.7121212121212122","0.3533834586466165","89","0.8181818181818182","0.40601503759398494","89","1.0151515151515151","0.5037593984962406","89","0.8636363636363636","0.42857142857142855","89","0.8636363636363636","0.42857142857142855","89","0.6666666666666666","0.3308270676691729","89","0.98","0.32666666666666666","89","0.9","0.3","89","1.02","0.34","89","0.88","0.29333333333333333","89","1.08","0.36","89","1","0.3333333333333333","89","0.9","0.3","89","0.94","0.31333333333333335","89","0.82","0.2733333333333333","89","0.9","0.3","89","0.875","0.21875","89","0.95","0.2375"
,"90","0.57","0.57","90","0.71","0.71","90","0.67","0.67","90","0.78","0.78","90","0.78","0.78","90","0.57","0.57","90","0.63","0.63","90","0.63","0.63","90","0.64","0.64","90","0.61","0.61","90","0.9545454545454546","0.47368421052631576","90","0.8333333333333334","0.41353383458646614","90","0.9393939393939394","0.46616541353383456","90","0.8484848484848485","0.42105263157894735","90","0.8636363636363636","0.42857142857142855","90","0.8939393939393939","0.44360902255639095","90","0.7424242424242424","0.3684210526315789","90","0.8636363636363636","0.42857142857142855","90","0.7272727272727273","0.3609022556390977","90","1.121212121212121","0.556390977443609","90","1.12","0.37333333333333335","90","0.88","0.29333333333333333","90","0.92","0.30666666666666664","90","1.04","0.3466666666666667","90","0.98","0.32666666666666666","90","0.98","0.32666666666666666","90","0.92","0.30666666666666664","90","1.12","0.37333333333333335","90","0.7","0.23333333333333334","90","0.96","0.32","90","0.85","0.2125","90","0.925","0.23125"
,"91","0.63","0.63","91","0.68","0.68","91","0.67","0.67","91","0.72","0.72","91","0.72","0.72","91","0.63","0.63","91","0.54","0.54","91","0.67","0.67","91","0.69","0.69","91","0.6","0.6","91","0.9848484848484849","0.48872180451127817","91","0.8787878787878788","0.43609022556390975","91","0.803030303030303","0.39849624060150374","91","0.8181818181818182","0.40601503759398494","91","0.803030303030303","0.39849624060150374","91","0.9242424242424242","0.45864661654135336","91","0.8333333333333334","0.41353383458646614","91","0.9242424242424242","0.45864661654135336","91","1","0.49624060150375937","91","0.8939393939393939","0.44360902255639095","91","0.96","0.32","91","0.9","0.3","91","0.92","0.30666666666666664","91","0.86","0.2866666666666667","91","0.86","0.2866666666666667","91","0.98","0.32666666666666666","91","0.92","0.30666666666666664","91","0.94","0.31333333333333335","91","0.72","0.24","91","0.84","0.28","91","0.875","0.21875","91","0.85","0.2125"
,"92","0.61","0.61","92","0.59","0.59","92","0.7","0.7","92","0.68","0.68","92","0.76","0.76","92","0.62","0.62","92","0.65","0.65","92","0.66","0.66","92","0.67","0.67","92","0.67","0.67","92","0.9393939393939394","0.46616541353383456","92","0.803030303030303","0.39849624060150374","92","0.8636363636363636","0.42857142857142855","92","0.9090909090909091","0.45112781954887216","92","0.8484848484848485","0.42105263157894735","92","0.8787878787878788","0.43609022556390975","92","0.9696969696969697","0.48120300751879697","92","0.9545454545454546","0.47368421052631576","92","0.9090909090909091","0.45112781954887216","92","0.6818181818181818","0.3383458646616541","92","1.08","0.36","92","0.88","0.29333333333333333","92","0.86","0.2866666666666667","92","0.9","0.3","92","0.9","0.3","92","0.92","0.30666666666666664","92","0.94","0.31333333333333335","92","0.98","0.32666666666666666","92","1.14","0.38","92","1.4","0.4666666666666667","92","1.15","0.2875","92","0.675","0.16875"
,"93","0.62","0.62","93","0.52","0.52","93","0.61","0.61","93","0.58","0.58","93","0.62","0.62","93","0.7","0.7","93","0.69","0.69","93","0.61","0.61","93","0.57","0.57","93","0.56","0.56","93","1.0151515151515151","0.5037593984962406","93","0.7878787878787878","0.39097744360902253","93","0.9848484848484849","0.48872180451127817","93","0.7272727272727273","0.3609022556390977","93","0.7878787878787878","0.39097744360902253","93","0.8636363636363636","0.42857142857142855","93","0.8181818181818182","0.40601503759398494","93","0.9090909090909091","0.45112781954887216","93","0.7727272727272727","0.38345864661654133","93","0.9090909090909091","0.45112781954887216","93","1.32","0.44","93","0.94","0.31333333333333335","93","1.06","0.35333333333333333","93","0.94","0.31333333333333335","93","1","0.3333333333333333","93","1.34","0.44666666666666666","93","1.06","0.35333333333333333","93","0.8","0.26666666666666666","93","0.92","0.30666666666666664","93","1.2","0.4","93","0.85","0.2125","93","0.925","0.23125"
,"94","0.55","0.55","94","0.61","0.61","94","0.65","0.65","94","0.65","0.65","94","0.58","0.58","94","0.68","0.68","94","0.61","0.61","94","0.66","0.66","94","0.66","0.66","94","0.67","0.67","94","0.9393939393939394","0.46616541353383456","94","0.8939393939393939","0.44360902255639095","94","1.1818181818181819","0.5864661654135338","94","0.9242424242424242","0.45864661654135336","94","0.7727272727272727","0.38345864661654133","94","1","0.49624060150375937","94","0.9242424242424242","0.45864661654135336","94","1.0303030303030303","0.5112781954887218","94","0.9848484848484849","0.48872180451127817","94","0.803030303030303","0.39849624060150374","94","0.74","0.24666666666666667","94","0.92","0.30666666666666664","94","1.16","0.38666666666666666","94","0.9","0.3","94","1.02","0.34","94","1.06","0.35333333333333333","94","1.1","0.36666666666666664","94","0.86","0.2866666666666667","94","0.82","0.2733333333333333","94","1.22","0.4066666666666667","94","1.05","0.2625","94","1.125","0.28125"
,"95","0.64","0.64","95","0.7","0.7","95","0.71","0.71","95","0.59","0.59","95","0.76","0.76","95","0.61","0.61","95","0.59","0.59","95","0.69","0.69","95","0.63","0.63","95","0.65","0.65","95","1.0606060606060606","0.5263157894736842","95","1.0303030303030303","0.5112781954887218","95","0.803030303030303","0.39849624060150374","95","0.803030303030303","0.39849624060150374","95","0.7121212121212122","0.3533834586466165","95","1","0.49624060150375937","95","0.9696969696969697","0.48120300751879697","95","0.9848484848484849","0.48872180451127817","95","1.0151515151515151","0.5037593984962406","95","0.9696969696969697","0.48120300751879697","95","0.86","0.2866666666666667","95","1.08","0.36","95","1.06","0.35333333333333333","95","0.86","0.2866666666666667","95","1.14","0.38","95","0.98","0.32666666666666666","95","1.02","0.34","95","0.98","0.32666666666666666","95","0.78","0.26","95","1.16","0.38666666666666666","95","0.975","0.24375","95","0.925","0.23125"
,"96","0.63","0.63","96","0.66","0.66","96","0.76","0.76","96","0.65","0.65","96","0.61","0.61","96","0.55","0.55","96","0.72","0.72","96","0.74","0.74","96","0.6","0.6","96","0.69","0.69","96","1.1666666666666667","0.5789473684210527","96","0.9393939393939394","0.46616541353383456","96","0.8939393939393939","0.44360902255639095","96","0.8333333333333334","0.41353383458646614","96","0.7272727272727273","0.3609022556390977","96","0.9545454545454546","0.47368421052631576","96","0.9545454545454546","0.47368421052631576","96","0.9393939393939394","0.46616541353383456","96","1","0.49624060150375937","96","0.7878787878787878","0.39097744360902253","96","0.94","0.31333333333333335","96","0.88","0.29333333333333333","96","1.06","0.35333333333333333","96","1.06","0.35333333333333333","96","1.2","0.4","96","1","0.3333333333333333","96","0.98","0.32666666666666666","96","0.86","0.2866666666666667","96","1.1","0.36666666666666664","96","0.84","0.28","96","1","0.25","96","0.975","0.24375"
,"97","0.58","0.58","97","0.66","0.66","97","0.73","0.73","97","0.74","0.74","97","0.63","0.63","97","0.59","0.59","97","0.65","0.65","97","0.71","0.71","97","0.6","0.6","97","0.54","0.54","97","0.8939393939393939","0.44360902255639095","97","0.9393939393939394","0.46616541353383456","97","0.7575757575757576","0.37593984962406013","97","0.8939393939393939","0.44360902255639095","97","0.7575757575757576","0.37593984962406013","97","0.9545454545454546","0.47368421052631576","97","0.7575757575757576","0.37593984962406013","97","1.0757575757575757","0.5338345864661654","97","0.8636363636363636","0.42857142857142855","97","0.7424242424242424","0.3684210526315789","97","1.1","0.36666666666666664","97","1.12","0.37333333333333335","97","0.94","0.31333333333333335","97","1.06","0.35333333333333333","97","0.9","0.3","97","0.98","0.32666666666666666","97","1.04","0.3466666666666667","97","0.96","0.32","97","0.9","0.3","97","0.92","0.30666666666666664","97","0.925","0.23125","97","1","0.25"
,"98","0.64","0.64","98","0.7","0.7","98","0.78","0.78","98","0.65","0.65","98","0.61","0.61","98","0.64","0.64","98","0.76","0.76","98","0.58","0.58","98","0.61","0.61","98","0.56","0.56","98","1.1515151515151516","0.5714285714285714","98","0.9090909090909091","0.45112781954887216","98","1.0151515151515151","0.5037593984962406","98","0.9393939393939394","0.46616541353383456","98","0.803030303030303","0.39849624060150374","98","0.9545454545454546","0.47368421052631576","98","0.7272727272727273","0.3609022556390977","98","1.0303030303030303","0.5112781954887218","98","0.9242424242424242","0.45864661654135336","98","0.8636363636363636","0.42857142857142855","98","1.04","0.3466666666666667","98","1.08","0.36","98","1.12","0.37333333333333335","98","0.94","0.31333333333333335","98","1.04","0.3466666666666667","98","1.12","0.37333333333333335","98","1.18","0.3933333333333333","98","1.02","0.34","98","0.82","0.2733333333333333","98","0.86","0.2866666666666667","98","0.975","0.24375","98","0.95","0.2375"
,"99","0.73","0.73","99","0.73","0.73","99","0.63","0.63","99","0.67","0.67","99","0.63","0.63","99","0.48","0.48","99","0.73","0.73","99","0.6","0.6","99","0.62","0.62","99","0.63","0.63","99","1.1818181818181819","0.5864661654135338","99","0.8787878787878788","0.43609022556390975","99","0.9242424242424242","0.45864661654135336","99","0.8787878787878788","0.43609022556390975","99","0.7575757575757576","0.37593984962406013","99","0.9393939393939394","0.46616541353383456","99","0.7272727272727273","0.3609022556390977","99","0.8636363636363636","0.42857142857142855","99","0.9848484848484849","0.48872180451127817","99","0.9242424242424242","0.45864661654135336","99","1.2","0.4","99","0.9","0.3","99","1.12","0.37333333333333335","99","1.1","0.36666666666666664","99","0.84","0.28","99","1.08","0.36","99","1.04","0.3466666666666667","99","1.18","0.3933333333333333","99","0.82","0.2733333333333333","99","0.82","0.2733333333333333","99","0.925","0.23125","99","1.15","0.2875"
,"100","0.65","0.65","100","0.7","0.7","100","0.74","0.74","100","0.65","0.65","100","0.53","0.53","100","0.6","0.6","100","0.61","0.61","100","0.52","0.52","100","0.49","0.49","100","0.6","0.6","100","0.9242424242424242","0.45864661654135336","100","0.8787878787878788","0.43609022556390975","100","0.8484848484848485","0.42105263157894735","100","0.8333333333333334","0.41353383458646614","100","0.8333333333333334","0.41353383458646614","100","0.8636363636363636","0.42857142857142855","100","0.8484848484848485","0.42105263157894735","100","0.8636363636363636","0.42857142857142855","100","0.8484848484848485","0.42105263157894735","100","0.8484848484848485","0.42105263157894735","100","1.1","0.36666666666666664","100","1.1","0.36666666666666664","100","1.04","0.3466666666666667","100","0.86","0.2866666666666667","100","0.88","0.29333333333333333","100","1","0.3333333333333333","100","1.04","0.3466666666666667","100","1","0.3333333333333333","100","0.82","0.2733333333333333","100","1","0.3333333333333333","100","1","0.25","100","1.025","0.25625"
,"101","0.7","0.7","101","0.67","0.67","101","0.7","0.7","101","0.8","0.8","101","0.49","0.49","101","0.6","0.6","101","0.67","0.67","101","0.54","0.54","101","0.6","0.6","101","0.54","0.54","101","1.0606060606060606","0.5263157894736842","101","0.803030303030303","0.39849624060150374","101","0.9393939393939394","0.46616541353383456","101","0.9545454545454546","0.47368421052631576","101","0.8787878787878788","0.43609022556390975","101","0.9393939393939394","0.46616541353383456","101","0.8484848484848485","0.42105263157894735","101","0.7575757575757576","0.37593984962406013","101","0.8939393939393939","0.44360902255639095","101","0.8939393939393939","0.44360902255639095","101","1","0.3333333333333333","101","0.94","0.31333333333333335","101","1.08","0.36","101","1.06","0.35333333333333333","101","0.96","0.32","101","1.08","0.36","101","0.9","0.3","101","0.88","0.29333333333333333","101","0.8","0.26666666666666666","101","0.76","0.25333333333333335","101","1","0.25","101","1.3","0.325"
,"102","0.57","0.57","102","0.73","0.73","102","0.58","0.58","102","0.77","0.77","102","0.59","0.59","102","0.58","0.58","102","0.64","0.64","102","0.62","0.62","102","0.67","0.67","102","0.59","0.59","102","0.9848484848484849","0.48872180451127817","102","0.8636363636363636","0.42857142857142855","102","0.8181818181818182","0.40601503759398494","102","0.9393939393939394","0.46616541353383456","102","0.7727272727272727","0.38345864661654133","102","0.6818181818181818","0.3383458646616541","102","0.6818181818181818","0.3383458646616541","102","0.8787878787878788","0.43609022556390975","102","1.0303030303030303","0.5112781954887218","102","1.0606060606060606","0.5263157894736842","102","1.08","0.36","102","1","0.3333333333333333","102","1.3","0.43333333333333335","102","1.18","0.3933333333333333","102","1.02","0.34","102","1.08","0.36","102","0.84","0.28","102","0.98","0.32666666666666666","102","0.86","0.2866666666666667","102","0.64","0.21333333333333335","102","1.15","0.2875","102","1.075","0.26875"
,"103","0.73","0.73","103","0.63","0.63","103","0.66","0.66","103","0.68","0.68","103","0.55","0.55","103","0.53","0.53","103","0.65","0.65","103","0.62","0.62","103","0.61","0.61","103","0.7","0.7","103","0.8636363636363636","0.42857142857142855","103","0.8333333333333334","0.41353383458646614","103","1.0606060606060606","0.5263157894736842","103","0.9545454545454546","0.47368421052631576","103","0.7575757575757576","0.37593984962406013","103","0.8636363636363636","0.42857142857142855","103","0.8939393939393939","0.44360902255639095","103","0.9696969696969697","0.48120300751879697","103","0.8787878787878788","0.43609022556390975","103","0.8181818181818182","0.40601503759398494","103","0.82","0.2733333333333333","103","0.74","0.24666666666666667","103","1.28","0.4266666666666667","103","0.8","0.26666666666666666","103","1.16","0.38666666666666666","103","0.98","0.32666666666666666","103","1.1","0.36666666666666664","103","0.88","0.29333333333333333","103","0.78","0.26","103","0.78","0.26","103","1.05","0.2625","103","0.925","0.23125"
,"104","0.68","0.68","104","0.74","0.74","104","0.61","0.61","104","0.67","0.67","104","0.54","0.54","104","0.56","0.56","104","0.64","0.64","104","0.68","0.68","104","0.69","0.69","104","0.71","0.71","104","0.8484848484848485","0.42105263157894735","104","0.7575757575757576","0.37593984962406013","104","0.9393939393939394","0.46616541353383456","104","0.8939393939393939","0.44360902255639095","104","0.7424242424242424","0.3684210526315789","104","0.6666666666666666","0.3308270676691729","104","0.803030303030303","0.39849624060150374","104","0.9848484848484849","0.48872180451127817","104","1.0454545454545454","0.518796992481203","104","1.0303030303030303","0.5112781954887218","104","1.2","0.4","104","0.74","0.24666666666666667","104","1.22","0.4066666666666667","104","0.94","0.31333333333333335","104","1.06","0.35333333333333333","104","1.12","0.37333333333333335","104","0.9","0.3","104","0.84","0.28","104","0.92","0.30666666666666664","104","0.74","0.24666666666666667","104","1.05","0.2625","104","0.9","0.225"
,"105","0.69","0.69","105","0.79","0.79","105","0.48","0.48","105","0.76","0.76","105","0.63","0.63","105","0.65","0.65","105","0.57","0.57","105","0.71","0.71","105","0.58","0.58","105","0.64","0.64","105","1.121212121212121","0.556390977443609","105","1","0.49624060150375937","105","0.9848484848484849","0.48872180451127817","105","0.7878787878787878","0.39097744360902253","105","0.6666666666666666","0.3308270676691729","105","0.7272727272727273","0.3609022556390977","105","0.8787878787878788","0.43609022556390975","105","0.803030303030303","0.39849624060150374","105","0.8636363636363636","0.42857142857142855","105","0.9242424242424242","0.45864661654135336","105","1","0.3333333333333333","105","0.8","0.26666666666666666","105","1.02","0.34","105","1.1","0.36666666666666664","105","1.1","0.36666666666666664","105","1.04","0.3466666666666667","105","0.76","0.25333333333333335","105","0.94","0.31333333333333335","105","1.28","0.4266666666666667","105","0.8","0.26666666666666666","105","0.875","0.21875","105","1.025","0.25625"
,"106","0.83","0.83","106","0.67","0.67","106","0.66","0.66","106","0.69","0.69","106","0.6","0.6","106","0.65","0.65","106","0.65","0.65","106","0.71","0.71","106","0.62","0.62","106","0.59","0.59","106","0.9242424242424242","0.45864661654135336","106","0.8181818181818182","0.40601503759398494","106","0.9090909090909091","0.45112781954887216","106","0.696969696969697","0.3458646616541353","106","0.6666666666666666","0.3308270676691729","106","0.9090909090909091","0.45112781954887216","106","0.803030303030303","0.39849624060150374","106","0.8181818181818182","0.40601503759398494","106","0.7878787878787878","0.39097744360902253","106","0.9393939393939394","0.46616541353383456","106","0.78","0.26","106","0.84","0.28","106","0.94","0.31333333333333335","106","1.12","0.37333333333333335","106","1.02","0.34","106","0.94","0.31333333333333335","106","0.92","0.30666666666666664","106","0.92","0.30666666666666664","106","1","0.3333333333333333","106","0.96","0.32","106","1.075","0.26875","106","1.225","0.30625"
,"107","0.67","0.67","107","0.77","0.77","107","0.62","0.62","107","0.68","0.68","107","0.67","0.67","107","0.63","0.63","107","0.67","0.67","107","0.59","0.59","107","0.64","0.64","107","0.66","0.66","107","1.0606060606060606","0.5263157894736842","107","0.9393939393939394","0.46616541353383456","107","0.8787878787878788","0.43609022556390975","107","0.7424242424242424","0.3684210526315789","107","0.6666666666666666","0.3308270676691729","107","0.8333333333333334","0.41353383458646614","107","0.9090909090909091","0.45112781954887216","107","0.9090909090909091","0.45112781954887216","107","0.7424242424242424","0.3684210526315789","107","1.106060606060606","0.5488721804511278","107","0.74","0.24666666666666667","107","0.9","0.3","107","0.96","0.32","107","0.84","0.28","107","0.98","0.32666666666666666","107","0.86","0.2866666666666667","107","0.74","0.24666666666666667","107","0.98","0.32666666666666666","107","1.02","0.34","107","0.94","0.31333333333333335","107","0.925","0.23125","107","1.1","0.275"
,"108","0.63","0.63","108","0.62","0.62","108","0.55","0.55","108","0.62","0.62","108","0.86","0.86","108","0.51","0.51","108","0.68","0.68","108","0.49","0.49","108","0.69","0.69","108","0.69","0.69","108","1.1363636363636365","0.5639097744360902","108","0.8333333333333334","0.41353383458646614","108","0.9848484848484849","0.48872180451127817","108","0.8787878787878788","0.43609022556390975","108","0.803030303030303","0.39849624060150374","108","0.7878787878787878","0.39097744360902253","108","0.7272727272727273","0.3609022556390977","108","0.9848484848484849","0.48872180451127817","108","0.696969696969697","0.3458646616541353","108","0.8484848484848485","0.42105263157894735","108","0.92","0.30666666666666664","108","0.82","0.2733333333333333","108","0.86","0.2866666666666667","108","1.08","0.36","108","1.06","0.35333333333333333","108","0.8","0.26666666666666666","108","0.9","0.3","108","0.7","0.23333333333333334","108","1.04","0.3466666666666667","108","0.88","0.29333333333333333","108","0.975","0.24375","108","1.025","0.25625"
,"109","0.66","0.66","109","0.79","0.79","109","0.6","0.6","109","0.67","0.67","109","0.65","0.65","109","0.59","0.59","109","0.68","0.68","109","0.75","0.75","109","0.69","0.69","109","0.81","0.81","109","0.8939393939393939","0.44360902255639095","109","0.8787878787878788","0.43609022556390975","109","0.9242424242424242","0.45864661654135336","109","0.8787878787878788","0.43609022556390975","109","0.9242424242424242","0.45864661654135336","109","0.7727272727272727","0.38345864661654133","109","0.7878787878787878","0.39097744360902253","109","0.9242424242424242","0.45864661654135336","109","0.9545454545454546","0.47368421052631576","109","0.8484848484848485","0.42105263157894735","109","0.9","0.3","109","0.88","0.29333333333333333","109","1.02","0.34","109","1.06","0.35333333333333333","109","1.06","0.35333333333333333","109","0.86","0.2866666666666667","109","0.84","0.28","109","1","0.3333333333333333","109","1.12","0.37333333333333335","109","1.26","0.42","109","0.725","0.18125","109","0.95","0.2375"
,"110","0.71","0.71","110","0.72","0.72","110","0.74","0.74","110","0.68","0.68","110","0.59","0.59","110","0.57","0.57","110","0.7","0.7","110","0.69","0.69","110","0.53","0.53","110","0.65","0.65","110","0.9242424242424242","0.45864661654135336","110","0.7575757575757576","0.37593984962406013","110","0.8939393939393939","0.44360902255639095","110","0.6060606060606061","0.3007518796992481","110","0.7121212121212122","0.3533834586466165","110","0.7727272727272727","0.38345864661654133","110","0.8939393939393939","0.44360902255639095","110","0.803030303030303","0.39849624060150374","110","0.9090909090909091","0.45112781954887216","110","0.8939393939393939","0.44360902255639095","110","1.02","0.34","110","1.02","0.34","110","1.04","0.3466666666666667","110","1.02","0.34","110","0.94","0.31333333333333335","110","0.86","0.2866666666666667","110","1.04","0.3466666666666667","110","0.92","0.30666666666666664","110","0.98","0.32666666666666666","110","0.76","0.25333333333333335","110","0.9","0.225","110","0.8","0.2"
,"111","0.66","0.66","111","0.66","0.66","111","0.72","0.72","111","0.71","0.71","111","0.56","0.56","111","0.6","0.6","111","0.71","0.71","111","0.71","0.71","111","0.7","0.7","111","0.66","0.66","111","0.9545454545454546","0.47368421052631576","111","0.8484848484848485","0.42105263157894735","111","0.8484848484848485","0.42105263157894735","111","1","0.49624060150375937","111","0.7727272727272727","0.38345864661654133","111","0.8333333333333334","0.41353383458646614","111","0.8333333333333334","0.41353383458646614","111","0.8636363636363636","0.42857142857142855","111","0.8787878787878788","0.43609022556390975","111","0.8636363636363636","0.42857142857142855","111","0.94","0.31333333333333335","111","1","0.3333333333333333","111","1","0.3333333333333333","111","0.9","0.3","111","0.94","0.31333333333333335","111","0.76","0.25333333333333335","111","1.2","0.4","111","1.12","0.37333333333333335","111","1","0.3333333333333333","111","1","0.3333333333333333","111","0.85","0.2125","111","0.85","0.2125"
,"112","0.68","0.68","112","0.61","0.61","112","0.65","0.65","112","0.66","0.66","112","0.6","0.6","112","0.73","0.73","112","0.7","0.7","112","0.82","0.82","112","0.65","0.65","112","0.64","0.64","112","1.0606060606060606","0.5263157894736842","112","0.9545454545454546","0.47368421052631576","112","0.8939393939393939","0.44360902255639095","112","0.9545454545454546","0.47368421052631576","112","0.8333333333333334","0.41353383458646614","112","0.9242424242424242","0.45864661654135336","112","0.7272727272727273","0.3609022556390977","112","0.803030303030303","0.39849624060150374","112","0.803030303030303","0.39849624060150374","112","0.9090909090909091","0.45112781954887216","112","1","0.3333333333333333","112","1.02","0.34","112","0.98","0.32666666666666666","112","0.94","0.31333333333333335","112","1.08","0.36","112","1.12","0.37333333333333335","112","0.94","0.31333333333333335","112","0.94","0.31333333333333335","112","0.86","0.2866666666666667","112","0.98","0.32666666666666666","112","0.975","0.24375","112","1.1","0.275"
,"113","0.68","0.68","113","0.66","0.66","113","0.68","0.68","113","0.66","0.66","113","0.74","0.74","113","0.64","0.64","113","0.6","0.6","113","0.69","0.69","113","0.64","0.64","113","0.62","0.62","113","1","0.49624060150375937","113","0.8181818181818182","0.40601503759398494","113","0.9090909090909091","0.45112781954887216","113","0.9696969696969697","0.48120300751879697","113","0.6666666666666666","0.3308270676691729","113","0.9696969696969697","0.48120300751879697","113","0.8636363636363636","0.42857142857142855","113","0.6363636363636364","0.3157894736842105","113","1","0.49624060150375937","113","0.8939393939393939","0.44360902255639095","113","1.08","0.36","113","0.88","0.29333333333333333","113","1.04","0.3466666666666667","113","0.92","0.30666666666666664","113","1.04","0.3466666666666667","113","1.02","0.34","113","0.84","0.28","113","1.04","0.3466666666666667","113","0.9","0.3","113","1","0.3333333333333333","113","0.9","0.225","113","1.125","0.28125"
,"114","0.68","0.68","114","0.7","0.7","114","0.65","0.65","114","0.47","0.47","114","0.74","0.74","114","0.53","0.53","114","0.55","0.55","114","0.61","0.61","114","0.7","0.7","114","0.53","0.53","114","0.8333333333333334","0.41353383458646614","114","1.0757575757575757","0.5338345864661654","114","0.8181818181818182","0.40601503759398494","114","0.7878787878787878","0.39097744360902253","114","0.696969696969697","0.3458646616541353","114","0.9090909090909091","0.45112781954887216","114","1","0.49624060150375937","114","0.8181818181818182","0.40601503759398494","114","0.7727272727272727","0.38345864661654133","114","0.8181818181818182","0.40601503759398494","114","0.96","0.32","114","0.72","0.24","114","1","0.3333333333333333","114","0.82","0.2733333333333333","114","0.92","0.30666666666666664","114","1.04","0.3466666666666667","114","1","0.3333333333333333","114","0.9","0.3","114","0.98","0.32666666666666666","114","1","0.3333333333333333","114","0.925","0.23125","114","1.25","0.3125"
,"115","0.54","0.54","115","0.65","0.65","115","0.47","0.47","115","0.67","0.67","115","0.67","0.67","115","0.72","0.72","115","0.69","0.69","115","0.66","0.66","115","0.64","0.64","115","0.74","0.74","115","0.8484848484848485","0.42105263157894735","115","0.9242424242424242","0.45864661654135336","115","0.8636363636363636","0.42857142857142855","115","0.9393939393939394","0.46616541353383456","115","0.7272727272727273","0.3609022556390977","115","0.9696969696969697","0.48120300751879697","115","1","0.49624060150375937","115","0.8787878787878788","0.43609022556390975","115","0.7272727272727273","0.3609022556390977","115","0.8636363636363636","0.42857142857142855","115","0.9","0.3","115","0.9","0.3","115","0.94","0.31333333333333335","115","0.96","0.32","115","0.96","0.32","115","1.16","0.38666666666666666","115","1.08","0.36","115","1.06","0.35333333333333333","115","0.94","0.31333333333333335","115","1","0.3333333333333333","115","1.15","0.2875","115","1.1","0.275"
,"116","0.76","0.76","116","0.73","0.73","116","0.67","0.67","116","0.56","0.56","116","0.78","0.78","116","0.54","0.54","116","0.59","0.59","116","0.75","0.75","116","0.72","0.72","116","0.63","0.63","116","0.9696969696969697","0.48120300751879697","116","0.8181818181818182","0.40601503759398494","116","0.6666666666666666","0.3308270676691729","116","0.9090909090909091","0.45112781954887216","116","0.6666666666666666","0.3308270676691729","116","0.7424242424242424","0.3684210526315789","116","0.7878787878787878","0.39097744360902253","116","0.803030303030303","0.39849624060150374","116","1.0454545454545454","0.518796992481203","116","0.8333333333333334","0.41353383458646614","116","0.9","0.3","116","1.06","0.35333333333333333","116","1.02","0.34","116","0.8","0.26666666666666666","116","1.08","0.36","116","1.22","0.4066666666666667","116","0.88","0.29333333333333333","116","1.18","0.3933333333333333","116","1.14","0.38","116","1","0.3333333333333333","116","1.05","0.2625","116","1","0.25"
,"117","0.62","0.62","117","0.55","0.55","117","0.65","0.65","117","0.58","0.58","117","0.75","0.75","117","0.62","0.62","117","0.7","0.7","117","0.63","0.63","117","0.74","0.74","117","0.59","0.59","117","0.8787878787878788","0.43609022556390975","117","0.6515151515151515","0.3233082706766917","117","0.9242424242424242","0.45864661654135336","117","0.8636363636363636","0.42857142857142855","117","0.7727272727272727","0.38345864661654133","117","0.8636363636363636","0.42857142857142855","117","0.8484848484848485","0.42105263157894735","117","0.9242424242424242","0.45864661654135336","117","0.9696969696969697","0.48120300751879697","117","1","0.49624060150375937","117","0.98","0.32666666666666666","117","0.96","0.32","117","0.84","0.28","117","0.92","0.30666666666666664","117","0.98","0.32666666666666666","117","1.02","0.34","117","1","0.3333333333333333","117","0.94","0.31333333333333335","117","1.02","0.34","117","1.06","0.35333333333333333","117","1","0.25","117","0.975","0.24375"
,"118","0.61","0.61","118","0.73","0.73","118","0.64","0.64","118","0.58","0.58","118","0.7","0.7","118","0.53","0.53","118","0.66","0.66","118","0.65","0.65","118","0.6","0.6","118","0.59","0.59","118","0.8939393939393939","0.44360902255639095","118","0.803030303030303","0.39849624060150374","118","0.7727272727272727","0.38345864661654133","118","0.8333333333333334","0.41353383458646614","118","0.8939393939393939","0.44360902255639095","118","0.8636363636363636","0.42857142857142855","118","0.9696969696969697","0.48120300751879697","118","0.9090909090909091","0.45112781954887216","118","0.8636363636363636","0.42857142857142855","118","0.7727272727272727","0.38345864661654133","118","1.12","0.37333333333333335","118","0.98","0.32666666666666666","118","0.78","0.26","118","0.92","0.30666666666666664","118","0.84","0.28","118","1.06","0.35333333333333333","118","1.12","0.37333333333333335","118","0.92","0.30666666666666664","118","1.12","0.37333333333333335","118","1.06","0.35333333333333333","118","1.1","0.275","118","0.95","0.2375"
,"119","0.64","0.64","119","0.53","0.53","119","0.67","0.67","119","0.72","0.72","119","0.61","0.61","119","0.75","0.75","119","0.53","0.53","119","0.66","0.66","119","0.6","0.6","119","0.81","0.81","119","1.1515151515151516","0.5714285714285714","119","0.7121212121212122","0.3533834586466165","119","0.8939393939393939","0.44360902255639095","119","0.9393939393939394","0.46616541353383456","119","0.9090909090909091","0.45112781954887216","119","0.7878787878787878","0.39097744360902253","119","0.8636363636363636","0.42857142857142855","119","0.8787878787878788","0.43609022556390975","119","0.9393939393939394","0.46616541353383456","119","0.9393939393939394","0.46616541353383456","119","1","0.3333333333333333","119","0.84","0.28","119","0.88","0.29333333333333333","119","1.16","0.38666666666666666","119","1.02","0.34","119","0.94","0.31333333333333335","119","0.92","0.30666666666666664","119","0.98","0.32666666666666666","119","0.94","0.31333333333333335","119","1.02","0.34","119","0.875","0.21875","119","1.05","0.2625"
,"120","0.67","0.67","120","0.62","0.62","120","0.78","0.78","120","0.72","0.72","120","0.55","0.55","120","0.61","0.61","120","0.55","0.55","120","0.63","0.63","120","0.77","0.77","120","0.67","0.67","120","1.0757575757575757","0.5338345864661654","120","0.6515151515151515","0.3233082706766917","120","0.8787878787878788","0.43609022556390975","120","0.7575757575757576","0.37593984962406013","120","0.9242424242424242","0.45864661654135336","120","0.7424242424242424","0.3684210526315789","120","0.7424242424242424","0.3684210526315789","120","0.8181818181818182","0.40601503759398494","120","0.8787878787878788","0.43609022556390975","120","0.8636363636363636","0.42857142857142855","120","0.88","0.29333333333333333","120","0.88","0.29333333333333333","120","0.9","0.3","120","0.82","0.2733333333333333","120","0.94","0.31333333333333335","120","0.9","0.3","120","1","0.3333333333333333","120","0.88","0.29333333333333333","120","1.1","0.36666666666666664","120","0.94","0.31333333333333335","120","1.125","0.28125","120","0.975","0.24375"
,"121","0.63","0.63","121","0.6","0.6","121","0.72","0.72","121","0.57","0.57","121","0.71","0.71","121","0.73","0.73","121","0.55","0.55","121","0.79","0.79","121","0.73","0.73","121","0.63","0.63","121","0.9545454545454546","0.47368421052631576","121","0.803030303030303","0.39849624060150374","121","0.9545454545454546","0.47368421052631576","121","0.803030303030303","0.39849624060150374","121","0.6515151515151515","0.3233082706766917","121","0.7272727272727273","0.3609022556390977","121","0.8787878787878788","0.43609022556390975","121","0.8939393939393939","0.44360902255639095","121","0.7575757575757576","0.37593984962406013","121","0.9393939393939394","0.46616541353383456","121","0.94","0.31333333333333335","121","0.8","0.26666666666666666","121","1.12","0.37333333333333335","121","1.08","0.36","121","0.86","0.2866666666666667","121","0.9","0.3","121","1.02","0.34","121","0.9","0.3","121","1.16","0.38666666666666666","121","0.68","0.22666666666666666","121","1.05","0.2625","121","1.175","0.29375"
,"122","0.61","0.61","122","0.65","0.65","122","0.63","0.63","122","0.61","0.61","122","0.52","0.52","122","0.66","0.66","122","0.65","0.65","122","0.74","0.74","122","0.62","0.62","122","0.72","0.72","122","0.7272727272727273","0.3609022556390977","122","0.7424242424242424","0.3684210526315789","122","0.9090909090909091","0.45112781954887216","122","0.8939393939393939","0.44360902255639095","122","0.7878787878787878","0.39097744360902253","122","0.7272727272727273","0.3609022556390977","122","1.0303030303030303","0.5112781954887218","122","0.8787878787878788","0.43609022556390975","122","0.9090909090909091","0.45112781954887216","122","0.9393939393939394","0.46616541353383456","122","0.78","0.26","122","0.88","0.29333333333333333","122","1.16","0.38666666666666666","122","0.98","0.32666666666666666","122","1.1","0.36666666666666664","122","0.86","0.2866666666666667","122","0.94","0.31333333333333335","122","0.96","0.32","122","1.16","0.38666666666666666","122","0.9","0.3","122","1.025","0.25625","122","1.275","0.31875"
,"123","0.68","0.68","123","0.61","0.61","123","0.59","0.59","123","0.65","0.65","123","0.54","0.54","123","0.75","0.75","123","0.75","0.75","123","0.64","0.64","123","0.68","0.68","123","0.72","0.72","123","0.9545454545454546","0.47368421052631576","123","0.8333333333333334","0.41353383458646614","123","0.8333333333333334","0.41353383458646614","123","0.8181818181818182","0.40601503759398494","123","0.7727272727272727","0.38345864661654133","123","0.8333333333333334","0.41353383458646614","123","0.8333333333333334","0.41353383458646614","123","0.9393939393939394","0.46616541353383456","123","0.8484848484848485","0.42105263157894735","123","0.9090909090909091","0.45112781954887216","123","0.86","0.2866666666666667","123","0.88","0.29333333333333333","123","1","0.3333333333333333","123","0.92","0.30666666666666664","123","1.02","0.34","123","0.78","0.26","123","0.76","0.25333333333333335","123","1.1","0.36666666666666664","123","1.12","0.37333333333333335","123","0.88","0.29333333333333333","123","1.1","0.275","123","1","0.25"
,"124","0.64","0.64","124","0.77","0.77","124","0.67","0.67","124","0.63","0.63","124","0.59","0.59","124","0.63","0.63","124","0.6","0.6","124","0.59","0.59","124","0.57","0.57","124","0.73","0.73","124","0.8636363636363636","0.42857142857142855","124","0.8181818181818182","0.40601503759398494","124","0.9545454545454546","0.47368421052631576","124","0.7272727272727273","0.3609022556390977","124","0.7878787878787878","0.39097744360902253","124","1.1363636363636365","0.5639097744360902","124","0.7121212121212122","0.3533834586466165","124","0.7878787878787878","0.39097744360902253","124","0.7878787878787878","0.39097744360902253","124","0.8484848484848485","0.42105263157894735","124","0.96","0.32","124","0.82","0.2733333333333333","124","1","0.3333333333333333","124","0.98","0.32666666666666666","124","1.14","0.38","124","0.94","0.31333333333333335","124","1.16","0.38666666666666666","124","0.98","0.32666666666666666","124","0.98","0.32666666666666666","124","1.04","0.3466666666666667","124","0.825","0.20625","124","1.025","0.25625"
,"125","0.57","0.57","125","0.61","0.61","125","0.62","0.62","125","0.56","0.56","125","0.62","0.62","125","0.68","0.68","125","0.75","0.75","125","0.69","0.69","125","0.53","0.53","125","0.71","0.71","125","0.7575757575757576","0.37593984962406013","125","0.696969696969697","0.3458646616541353","125","0.8636363636363636","0.42857142857142855","125","0.9090909090909091","0.45112781954887216","125","0.7121212121212122","0.3533834586466165","125","1.0606060606060606","0.5263157894736842","125","0.9242424242424242","0.45864661654135336","125","0.7272727272727273","0.3609022556390977","125","0.9242424242424242","0.45864661654135336","125","0.8181818181818182","0.40601503759398494","125","1.02","0.34","125","0.84","0.28","125","1","0.3333333333333333","125","0.94","0.31333333333333335","125","1.1","0.36666666666666664","125","0.88","0.29333333333333333","125","1","0.3333333333333333","125","0.92","0.30666666666666664","125","1.1","0.36666666666666664","125","0.92","0.30666666666666664","125","1.075","0.26875","125","1.15","0.2875"
,"126","0.57","0.57","126","0.66","0.66","126","0.67","0.67","126","0.63","0.63","126","0.61","0.61","126","0.68","0.68","126","0.57","0.57","126","0.66","0.66","126","0.59","0.59","126","0.66","0.66","126","0.8636363636363636","0.42857142857142855","126","0.7121212121212122","0.3533834586466165","126","0.803030303030303","0.39849624060150374","126","0.9090909090909091","0.45112781954887216","126","0.8333333333333334","0.41353383458646614","126","0.9242424242424242","0.45864661654135336","126","0.8939393939393939","0.44360902255639095","126","0.9242424242424242","0.45864661654135336","126","0.8484848484848485","0.42105263157894735","126","0.8333333333333334","0.41353383458646614","126","0.96","0.32","126","0.84","0.28","126","0.9","0.3","126","0.88","0.29333333333333333","126","1.26","0.42","126","0.98","0.32666666666666666","126","1.04","0.3466666666666667","126","0.86","0.2866666666666667","126","0.94","0.31333333333333335","126","0.92","0.30666666666666664","126","0.875","0.21875","126","1.075","0.26875"
,"127","0.59","0.59","127","0.68","0.68","127","0.58","0.58","127","0.67","0.67","127","0.67","0.67","127","0.6","0.6","127","0.66","0.66","127","0.64","0.64","127","0.59","0.59","127","0.58","0.58","127","0.9545454545454546","0.47368421052631576","127","0.8939393939393939","0.44360902255639095","127","0.8333333333333334","0.41353383458646614","127","0.9242424242424242","0.45864661654135336","127","0.6060606060606061","0.3007518796992481","127","1.0151515151515151","0.5037593984962406","127","0.7272727272727273","0.3609022556390977","127","0.7727272727272727","0.38345864661654133","127","0.9242424242424242","0.45864661654135336","127","0.8181818181818182","0.40601503759398494","127","0.92","0.30666666666666664","127","0.88","0.29333333333333333","127","0.94","0.31333333333333335","127","0.8","0.26666666666666666","127","0.96","0.32","127","0.94","0.31333333333333335","127","1.06","0.35333333333333333","127","0.76","0.25333333333333335","127","0.92","0.30666666666666664","127","1.2","0.4","127","1.125","0.28125","127","1.1","0.275"
,"128","0.59","0.59","128","0.7","0.7","128","0.62","0.62","128","0.53","0.53","128","0.62","0.62","128","0.66","0.66","128","0.67","0.67","128","0.67","0.67","128","0.52","0.52","128","0.7","0.7","128","0.8333333333333334","0.41353383458646614","128","0.8484848484848485","0.42105263157894735","128","0.9545454545454546","0.47368421052631576","128","1.0151515151515151","0.5037593984962406","128","0.803030303030303","0.39849624060150374","128","0.696969696969697","0.3458646616541353","128","0.7727272727272727","0.38345864661654133","128","1.0151515151515151","0.5037593984962406","128","0.7575757575757576","0.37593984962406013","128","0.7727272727272727","0.38345864661654133","128","1.14","0.38","128","0.94","0.31333333333333335","128","0.98","0.32666666666666666","128","1.12","0.37333333333333335","128","1","0.3333333333333333","128","1.18","0.3933333333333333","128","0.92","0.30666666666666664","128","1.06","0.35333333333333333","128","0.82","0.2733333333333333","128","1.14","0.38","128","1","0.25","128","1.075","0.26875"
,"129","0.62","0.62","129","0.57","0.57","129","0.57","0.57","129","0.6","0.6","129","0.53","0.53","129","0.71","0.71","129","0.64","0.64","129","0.75","0.75","129","0.73","0.73","129","0.7","0.7","129","0.9393939393939394","0.46616541353383456","129","0.9545454545454546","0.47368421052631576","129","0.9242424242424242","0.45864661654135336","129","0.7575757575757576","0.37593984962406013","129","0.7272727272727273","0.3609022556390977","129","0.8787878787878788","0.43609022556390975","129","0.9242424242424242","0.45864661654135336","129","0.8787878787878788","0.43609022556390975","129","0.8939393939393939","0.44360902255639095","129","0.9090909090909091","0.45112781954887216","129","1.06","0.35333333333333333","129","0.74","0.24666666666666667","129","1.04","0.3466666666666667","129","1.06","0.35333333333333333","129","0.92","0.30666666666666664","129","1.12","0.37333333333333335","129","1.06","0.35333333333333333","129","0.84","0.28","129","0.92","0.30666666666666664","129","0.96","0.32","129","1.2","0.3","129","1.1","0.275"
,"130","0.76","0.76","130","0.61","0.61","130","0.64","0.64","130","0.71","0.71","130","0.59","0.59","130","0.73","0.73","130","0.77","0.77","130","0.73","0.73","130","0.62","0.62","130","0.66","0.66","130","0.9545454545454546","0.47368421052631576","130","1.0303030303030303","0.5112781954887218","130","1","0.49624060150375937","130","0.8636363636363636","0.42857142857142855","130","0.7424242424242424","0.3684210526315789","130","0.7727272727272727","0.38345864661654133","130","0.7121212121212122","0.3533834586466165","130","0.8484848484848485","0.42105263157894735","130","0.9090909090909091","0.45112781954887216","130","0.7727272727272727","0.38345864661654133","130","1.08","0.36","130","0.9","0.3","130","0.9","0.3","130","1.12","0.37333333333333335","130","0.9","0.3","130","1.12","0.37333333333333335","130","1.24","0.41333333333333333","130","0.94","0.31333333333333335","130","0.98","0.32666666666666666","130","1.1","0.36666666666666664","130","1.175","0.29375","130","1.05","0.2625"
,"131","0.69","0.69","131","0.51","0.51","131","0.73","0.73","131","0.6","0.6","131","0.61","0.61","131","0.76","0.76","131","0.55","0.55","131","0.58","0.58","131","0.67","0.67","131","0.67","0.67","131","0.7121212121212122","0.3533834586466165","131","0.8181818181818182","0.40601503759398494","131","0.7575757575757576","0.37593984962406013","131","0.8181818181818182","0.40601503759398494","131","0.696969696969697","0.3458646616541353","131","0.8181818181818182","0.40601503759398494","131","0.8181818181818182","0.40601503759398494","131","1.0606060606060606","0.5263157894736842","131","0.8636363636363636","0.42857142857142855","131","0.7878787878787878","0.39097744360902253","131","0.88","0.29333333333333333","131","0.86","0.2866666666666667","131","1.1","0.36666666666666664","131","1.28","0.4266666666666667","131","0.94","0.31333333333333335","131","1.16","0.38666666666666666","131","1.18","0.3933333333333333","131","1.02","0.34","131","0.84","0.28","131","1.04","0.3466666666666667","131","1.15","0.2875","131","1.2","0.3"
,"132","0.72","0.72","132","0.58","0.58","132","0.75","0.75","132","0.57","0.57","132","0.68","0.68","132","0.69","0.69","132","0.66","0.66","132","0.68","0.68","132","0.67","0.67","132","0.68","0.68","132","0.7424242424242424","0.3684210526315789","132","0.8939393939393939","0.44360902255639095","132","0.8636363636363636","0.42857142857142855","132","0.8939393939393939","0.44360902255639095","132","0.5909090909090909","0.2932330827067669","132","0.9848484848484849","0.48872180451127817","132","0.7878787878787878","0.39097744360902253","132","0.8181818181818182","0.40601503759398494","132","1","0.49624060150375937","132","0.8787878787878788","0.43609022556390975","132","0.84","0.28","132","0.86","0.2866666666666667","132","0.98","0.32666666666666666","132","1.08","0.36","132","1.16","0.38666666666666666","132","1.26","0.42","132","1.06","0.35333333333333333","132","1.04","0.3466666666666667","132","0.88","0.29333333333333333","132","0.96","0.32","132","1","0.25","132","1.125","0.28125"
,"133","0.69","0.69","133","0.47","0.47","133","0.67","0.67","133","0.7","0.7","133","0.7","0.7","133","0.55","0.55","133","0.7","0.7","133","0.51","0.51","133","0.61","0.61","133","0.71","0.71","133","0.7575757575757576","0.37593984962406013","133","1.1515151515151516","0.5714285714285714","133","0.9242424242424242","0.45864661654135336","133","0.7424242424242424","0.3684210526315789","133","0.8636363636363636","0.42857142857142855","133","0.8787878787878788","0.43609022556390975","133","0.7575757575757576","0.37593984962406013","133","0.8181818181818182","0.40601503759398494","133","0.9545454545454546","0.47368421052631576","133","0.9393939393939394","0.46616541353383456","133","1.1","0.36666666666666664","133","0.94","0.31333333333333335","133","1.12","0.37333333333333335","133","1.18","0.3933333333333333","133","1.1","0.36666666666666664","133","0.92","0.30666666666666664","133","1.04","0.3466666666666667","133","1.12","0.37333333333333335","133","1.08","0.36","133","1.3","0.43333333333333335","133","1.025","0.25625","133","1.25","0.3125"
,"134","0.69","0.69","134","0.62","0.62","134","0.54","0.54","134","0.63","0.63","134","0.61","0.61","134","0.66","0.66","134","0.68","0.68","134","0.58","0.58","134","0.75","0.75","134","0.61","0.61","134","0.9242424242424242","0.45864661654135336","134","1.0151515151515151","0.5037593984962406","134","0.803030303030303","0.39849624060150374","134","0.8636363636363636","0.42857142857142855","134","0.8484848484848485","0.42105263157894735","134","0.8636363636363636","0.42857142857142855","134","0.6818181818181818","0.3383458646616541","134","0.8333333333333334","0.41353383458646614","134","0.7878787878787878","0.39097744360902253","134","0.7272727272727273","0.3609022556390977","134","0.98","0.32666666666666666","134","0.86","0.2866666666666667","134","0.9","0.3","134","0.84","0.28","134","0.98","0.32666666666666666","134","0.88","0.29333333333333333","134","0.88","0.29333333333333333","134","0.94","0.31333333333333335","134","1","0.3333333333333333","134","1.08","0.36","134","1.025","0.25625","134","1.2","0.3"
,"135","0.51","0.51","135","0.58","0.58","135","0.68","0.68","135","0.59","0.59","135","0.54","0.54","135","0.72","0.72","135","0.65","0.65","135","0.55","0.55","135","0.76","0.76","135","0.57","0.57","135","1.0151515151515151","0.5037593984962406","135","0.8636363636363636","0.42857142857142855","135","0.7575757575757576","0.37593984962406013","135","0.803030303030303","0.39849624060150374","135","0.9393939393939394","0.46616541353383456","135","0.9848484848484849","0.48872180451127817","135","0.7727272727272727","0.38345864661654133","135","0.8636363636363636","0.42857142857142855","135","0.6666666666666666","0.3308270676691729","135","0.8333333333333334","0.41353383458646614","135","1.06","0.35333333333333333","135","0.8","0.26666666666666666","135","0.9","0.3","135","1.02","0.34","135","1","0.3333333333333333","135","1.04","0.3466666666666667","135","0.96","0.32","135","0.96","0.32","135","0.88","0.29333333333333333","135","1.14","0.38","135","0.9","0.225","135","1.1","0.275"
,"136","0.77","0.77","136","0.59","0.59","136","0.55","0.55","136","0.72","0.72","136","0.65","0.65","136","0.69","0.69","136","0.68","0.68","136","0.59","0.59","136","0.7","0.7","136","0.76","0.76","136","0.7727272727272727","0.38345864661654133","136","0.8939393939393939","0.44360902255639095","136","0.8787878787878788","0.43609022556390975","136","0.9242424242424242","0.45864661654135336","136","0.8636363636363636","0.42857142857142855","136","0.8939393939393939","0.44360902255639095","136","0.7424242424242424","0.3684210526315789","136","0.9393939393939394","0.46616541353383456","136","0.7878787878787878","0.39097744360902253","136","0.9242424242424242","0.45864661654135336","136","0.86","0.2866666666666667","136","0.92","0.30666666666666664","136","0.86","0.2866666666666667","136","1.06","0.35333333333333333","136","1","0.3333333333333333","136","0.96","0.32","136","0.8","0.26666666666666666","136","0.88","0.29333333333333333","136","0.86","0.2866666666666667","136","1.3","0.43333333333333335","136","1.075","0.26875","136","1.175","0.29375"
,"137","0.66","0.66","137","0.64","0.64","137","0.57","0.57","137","0.68","0.68","137","0.55","0.55","137","0.64","0.64","137","0.66","0.66","137","0.68","0.68","137","0.69","0.69","137","0.65","0.65","137","0.9545454545454546","0.47368421052631576","137","0.9393939393939394","0.46616541353383456","137","0.8484848484848485","0.42105263157894735","137","0.8939393939393939","0.44360902255639095","137","0.8484848484848485","0.42105263157894735","137","1.0909090909090908","0.5413533834586466","137","0.8484848484848485","0.42105263157894735","137","0.8484848484848485","0.42105263157894735","137","0.9090909090909091","0.45112781954887216","137","0.7878787878787878","0.39097744360902253","137","0.76","0.25333333333333335","137","0.94","0.31333333333333335","137","0.86","0.2866666666666667","137","0.98","0.32666666666666666","137","0.96","0.32","137","0.98","0.32666666666666666","137","0.72","0.24","137","1.02","0.34","137","1","0.3333333333333333","137","1.18","0.3933333333333333","137","0.925","0.23125","137","1.275","0.31875"
,"138","0.72","0.72","138","0.66","0.66","138","0.67","0.67","138","0.62","0.62","138","0.63","0.63","138","0.63","0.63","138","0.74","0.74","138","0.51","0.51","138","0.75","0.75","138","0.51","0.51","138","0.9242424242424242","0.45864661654135336","138","0.7272727272727273","0.3609022556390977","138","0.7424242424242424","0.3684210526315789","138","0.9090909090909091","0.45112781954887216","138","0.7878787878787878","0.39097744360902253","138","1.0606060606060606","0.5263157894736842","138","0.7272727272727273","0.3609022556390977","138","0.8787878787878788","0.43609022556390975","138","0.7727272727272727","0.38345864661654133","138","0.8939393939393939","0.44360902255639095","138","1","0.3333333333333333","138","0.84","0.28","138","0.86","0.2866666666666667","138","0.84","0.28","138","0.96","0.32","138","0.88","0.29333333333333333","138","0.62","0.20666666666666667","138","1.14","0.38","138","0.84","0.28","138","1.22","0.4066666666666667","138","0.925","0.23125","138","1.15","0.2875"
,"139","0.55","0.55","139","0.72","0.72","139","0.67","0.67","139","0.69","0.69","139","0.61","0.61","139","0.49","0.49","139","0.7","0.7","139","0.61","0.61","139","0.71","0.71","139","0.69","0.69","139","0.696969696969697","0.3458646616541353","139","0.8636363636363636","0.42857142857142855","139","0.9696969696969697","0.48120300751879697","139","0.9545454545454546","0.47368421052631576","139","0.7272727272727273","0.3609022556390977","139","0.9696969696969697","0.48120300751879697","139","0.8181818181818182","0.40601503759398494","139","0.8787878787878788","0.43609022556390975","139","0.8636363636363636","0.42857142857142855","139","0.7878787878787878","0.39097744360902253","139","0.92","0.30666666666666664","139","1.1","0.36666666666666664","139","0.76","0.25333333333333335","139","0.84","0.28","139","0.94","0.31333333333333335","139","0.9","0.3","139","0.86","0.2866666666666667","139","0.98","0.32666666666666666","139","0.86","0.2866666666666667","139","0.98","0.32666666666666666","139","0.6","0.15","139","1.35","0.3375"
,"140","0.7","0.7","140","0.65","0.65","140","0.75","0.75","140","0.72","0.72","140","0.73","0.73","140","0.63","0.63","140","0.59","0.59","140","0.54","0.54","140","0.67","0.67","140","0.7","0.7","140","0.8333333333333334","0.41353383458646614","140","0.9242424242424242","0.45864661654135336","140","0.7575757575757576","0.37593984962406013","140","0.8181818181818182","0.40601503759398494","140","0.803030303030303","0.39849624060150374","140","0.7727272727272727","0.38345864661654133","140","0.7272727272727273","0.3609022556390977","140","0.8181818181818182","0.40601503759398494","140","0.6818181818181818","0.3383458646616541","140","0.9242424242424242","0.45864661654135336","140","0.78","0.26","140","1.1","0.36666666666666664","140","1","0.3333333333333333","140","1.02","0.34","140","1.2","0.4","140","0.82","0.2733333333333333","140","1.02","0.34","140","0.92","0.30666666666666664","140","0.94","0.31333333333333335","140","1","0.3333333333333333","140","1.025","0.25625","140","1.125","0.28125"
,"141","0.74","0.74","141","0.61","0.61","141","0.69","0.69","141","0.7","0.7","141","0.71","0.71","141","0.63","0.63","141","0.7","0.7","141","0.52","0.52","141","0.66","0.66","141","0.74","0.74","141","0.8636363636363636","0.42857142857142855","141","0.9545454545454546","0.47368421052631576","141","0.9696969696969697","0.48120300751879697","141","0.9696969696969697","0.48120300751879697","141","0.9242424242424242","0.45864661654135336","141","0.8333333333333334","0.41353383458646614","141","0.8787878787878788","0.43609022556390975","141","0.8787878787878788","0.43609022556390975","141","0.6666666666666666","0.3308270676691729","141","0.7575757575757576","0.37593984962406013","141","1.08","0.36","141","1.08","0.36","141","0.78","0.26","141","0.72","0.24","141","0.96","0.32","141","0.84","0.28","141","1.2","0.4","141","0.9","0.3","141","1.04","0.3466666666666667","141","0.96","0.32","141","0.925","0.23125","141","1.225","0.30625"
,"142","0.73","0.73","142","0.72","0.72","142","0.59","0.59","142","0.68","0.68","142","0.68","0.68","142","0.61","0.61","142","0.65","0.65","142","0.57","0.57","142","0.53","0.53","142","0.7","0.7","142","0.9545454545454546","0.47368421052631576","142","0.9090909090909091","0.45112781954887216","142","0.9545454545454546","0.47368421052631576","142","0.9090909090909091","0.45112781954887216","142","0.9696969696969697","0.48120300751879697","142","0.7272727272727273","0.3609022556390977","142","0.9848484848484849","0.48872180451127817","142","0.696969696969697","0.3458646616541353","142","0.8333333333333334","0.41353383458646614","142","0.8636363636363636","0.42857142857142855","142","1","0.3333333333333333","142","1.02","0.34","142","0.82","0.2733333333333333","142","1.22","0.4066666666666667","142","1.14","0.38","142","0.82","0.2733333333333333","142","1.04","0.3466666666666667","142","0.94","0.31333333333333335","142","0.98","0.32666666666666666","142","1.1","0.36666666666666664","142","0.975","0.24375","142","1.075","0.26875"
,"143","0.65","0.65","143","0.57","0.57","143","0.68","0.68","143","0.78","0.78","143","0.6","0.6","143","0.69","0.69","143","0.68","0.68","143","0.58","0.58","143","0.69","0.69","143","0.75","0.75","143","0.696969696969697","0.3458646616541353","143","0.9393939393939394","0.46616541353383456","143","1.0151515151515151","0.5037593984962406","143","1","0.49624060150375937","143","0.7272727272727273","0.3609022556390977","143","0.7424242424242424","0.3684210526315789","143","0.9090909090909091","0.45112781954887216","143","0.8636363636363636","0.42857142857142855","143","0.9545454545454546","0.47368421052631576","143","0.9242424242424242","0.45864661654135336","143","0.8","0.26666666666666666","143","1.1","0.36666666666666664","143","0.96","0.32","143","1","0.3333333333333333","143","0.8","0.26666666666666666","143","0.92","0.30666666666666664","143","0.76","0.25333333333333335","143","0.94","0.31333333333333335","143","1.1","0.36666666666666664","143","1.06","0.35333333333333333","143","0.975","0.24375","143","0.975","0.24375"
,"144","0.68","0.68","144","0.56","0.56","144","0.58","0.58","144","0.7","0.7","144","0.7","0.7","144","0.67","0.67","144","0.7","0.7","144","0.64","0.64","144","0.73","0.73","144","0.73","0.73","144","0.803030303030303","0.39849624060150374","144","1.0454545454545454","0.518796992481203","144","0.9090909090909091","0.45112781954887216","144","0.9393939393939394","0.46616541353383456","144","0.7878787878787878","0.39097744360902253","144","0.7878787878787878","0.39097744360902253","144","0.8181818181818182","0.40601503759398494","144","0.7575757575757576","0.37593984962406013","144","0.803030303030303","0.39849624060150374","144","0.9242424242424242","0.45864661654135336","144","1.08","0.36","144","1.12","0.37333333333333335","144","1.06","0.35333333333333333","144","0.92","0.30666666666666664","144","0.68","0.22666666666666666","144","1.02","0.34","144","0.84","0.28","144","1.08","0.36","144","1.06","0.35333333333333333","144","1.36","0.4533333333333333","144","0.975","0.24375","144","1.05","0.2625"
,"145","0.61","0.61","145","0.56","0.56","145","0.67","0.67","145","0.78","0.78","145","0.63","0.63","145","0.7","0.7","145","0.64","0.64","145","0.67","0.67","145","0.6","0.6","145","0.68","0.68","145","0.7727272727272727","0.38345864661654133","145","0.8484848484848485","0.42105263157894735","145","1.0454545454545454","0.518796992481203","145","0.9696969696969697","0.48120300751879697","145","0.7727272727272727","0.38345864661654133","145","0.7575757575757576","0.37593984962406013","145","0.8484848484848485","0.42105263157894735","145","0.6666666666666666","0.3308270676691729","145","0.9090909090909091","0.45112781954887216","145","0.8787878787878788","0.43609022556390975","145","0.88","0.29333333333333333","145","1.08","0.36","145","0.98","0.32666666666666666","145","0.86","0.2866666666666667","145","1.06","0.35333333333333333","145","0.76","0.25333333333333335","145","0.98","0.32666666666666666","145","0.98","0.32666666666666666","145","1","0.3333333333333333","145","0.98","0.32666666666666666","145","0.85","0.2125","145","1.3","0.325"
,"146","0.56","0.56","146","0.48","0.48","146","0.61","0.61","146","0.64","0.64","146","0.64","0.64","146","0.65","0.65","146","0.6","0.6","146","0.52","0.52","146","0.62","0.62","146","0.64","0.64","146","0.8484848484848485","0.42105263157894735","146","0.8787878787878788","0.43609022556390975","146","0.9393939393939394","0.46616541353383456","146","0.8636363636363636","0.42857142857142855","146","0.7575757575757576","0.37593984962406013","146","0.6666666666666666","0.3308270676691729","146","0.6212121212121212","0.3082706766917293","146","0.7575757575757576","0.37593984962406013","146","1.106060606060606","0.5488721804511278","146","0.8484848484848485","0.42105263157894735","146","0.94","0.31333333333333335","146","0.94","0.31333333333333335","146","1.06","0.35333333333333333","146","1.02","0.34","146","1.12","0.37333333333333335","146","0.84","0.28","146","0.84","0.28","146","0.88","0.29333333333333333","146","0.94","0.31333333333333335","146","1.08","0.36","146","0.9","0.225","146","1.1","0.275"
,"147","0.66","0.66","147","0.64","0.64","147","0.56","0.56","147","0.69","0.69","147","0.68","0.68","147","0.63","0.63","147","0.53","0.53","147","0.49","0.49","147","0.52","0.52","147","0.67","0.67","147","0.8787878787878788","0.43609022556390975","147","0.8787878787878788","0.43609022556390975","147","0.9696969696969697","0.48120300751879697","147","0.8939393939393939","0.44360902255639095","147","0.7575757575757576","0.37593984962406013","147","0.7272727272727273","0.3609022556390977","147","0.6666666666666666","0.3308270676691729","147","0.6212121212121212","0.3082706766917293","147","1.0454545454545454","0.518796992481203","147","0.9242424242424242","0.45864661654135336","147","0.98","0.32666666666666666","147","0.96","0.32","147","0.84","0.28","147","0.92","0.30666666666666664","147","1.18","0.3933333333333333","147","1","0.3333333333333333","147","1.08","0.36","147","0.98","0.32666666666666666","147","0.88","0.29333333333333333","147","1.18","0.3933333333333333","147","0.9","0.225","147","1.075","0.26875"
,"148","0.7","0.7","148","0.56","0.56","148","0.59","0.59","148","0.81","0.81","148","0.68","0.68","148","0.58","0.58","148","0.65","0.65","148","0.45","0.45","148","0.69","0.69","148","0.62","0.62","148","0.9090909090909091","0.45112781954887216","148","1.0303030303030303","0.5112781954887218","148","0.9545454545454546","0.47368421052631576","148","1.106060606060606","0.5488721804511278","148","0.8636363636363636","0.42857142857142855","148","0.696969696969697","0.3458646616541353","148","0.8181818181818182","0.40601503759398494","148","0.803030303030303","0.39849624060150374","148","0.8636363636363636","0.42857142857142855","148","0.7727272727272727","0.38345864661654133","148","0.82","0.2733333333333333","148","0.9","0.3","148","0.94","0.31333333333333335","148","1.08","0.36","148","0.96","0.32","148","1.08","0.36","148","1.04","0.3466666666666667","148","0.74","0.24666666666666667","148","0.74","0.24666666666666667","148","1.06","0.35333333333333333","148","0.85","0.2125","148","0.95","0.2375"
,"149","0.57","0.57","149","0.78","0.78","149","0.55","0.55","149","0.68","0.68","149","0.67","0.67","149","0.6","0.6","149","0.58","0.58","149","0.54","0.54","149","0.69","0.69","149","0.63","0.63","149","0.7575757575757576","0.37593984962406013","149","0.803030303030303","0.39849624060150374","149","0.9242424242424242","0.45864661654135336","149","1.106060606060606","0.5488721804511278","149","0.8181818181818182","0.40601503759398494","149","0.9393939393939394","0.46616541353383456","149","0.8181818181818182","0.40601503759398494","149","0.6515151515151515","0.3233082706766917","149","0.8939393939393939","0.44360902255639095","149","0.9696969696969697","0.48120300751879697","149","0.88","0.29333333333333333","149","0.84","0.28","149","1.2","0.4","149","0.94","0.31333333333333335","149","0.94","0.31333333333333335","149","1.08","0.36","149","0.94","0.31333333333333335","149","0.9","0.3","149","0.86","0.2866666666666667","149","0.92","0.30666666666666664","149","1.025","0.25625","149","0.775","0.19375"
,"150","0.61","0.61","150","0.67","0.67","150","0.69","0.69","150","0.68","0.68","150","0.7","0.7","150","0.62","0.62","150","0.56","0.56","150","0.55","0.55","150","0.68","0.68","150","0.64","0.64","150","0.7878787878787878","0.39097744360902253","150","0.8333333333333334","0.41353383458646614","150","0.9848484848484849","0.48872180451127817","150","0.9090909090909091","0.45112781954887216","150","0.9545454545454546","0.47368421052631576","150","0.9393939393939394","0.46616541353383456","150","0.7424242424242424","0.3684210526315789","150","0.6515151515151515","0.3233082706766917","150","0.8181818181818182","0.40601503759398494","150","0.9242424242424242","0.45864661654135336","150","1.04","0.3466666666666667","150","0.96","0.32","150","1.24","0.41333333333333333","150","1","0.3333333333333333","150","1.12","0.37333333333333335","150","1.08","0.36","150","0.82","0.2733333333333333","150","0.8","0.26666666666666666","150","0.94","0.31333333333333335","150","1.22","0.4066666666666667","150","1.05","0.2625","150","1.2","0.3"
,"151","0.6","0.6","151","0.62","0.62","151","0.72","0.72","151","0.7","0.7","151","0.71","0.71","151","0.66","0.66","151","0.47","0.47","151","0.59","0.59","151","0.64","0.64","151","0.64","0.64","151","1.121212121212121","0.556390977443609","151","0.8484848484848485","0.42105263157894735","151","0.8787878787878788","0.43609022556390975","151","1.0454545454545454","0.518796992481203","151","0.7878787878787878","0.39097744360902253","151","1.106060606060606","0.5488721804511278","151","0.8787878787878788","0.43609022556390975","151","0.9545454545454546","0.47368421052631576","151","0.9242424242424242","0.45864661654135336","151","0.9696969696969697","0.48120300751879697","151","0.98","0.32666666666666666","151","1.04","0.3466666666666667","151","1.3","0.43333333333333335","151","1.08","0.36","151","1","0.3333333333333333","151","1.2","0.4","151","0.82","0.2733333333333333","151","0.9","0.3","151","1.08","0.36","151","0.98","0.32666666666666666","151","1.125","0.28125","151","1.15","0.2875"
,"152","0.73","0.73","152","0.68","0.68","152","0.62","0.62","152","0.68","0.68","152","0.68","0.68","152","0.7","0.7","152","0.58","0.58","152","0.56","0.56","152","0.56","0.56","152","0.81","0.81","152","1.0303030303030303","0.5112781954887218","152","0.7575757575757576","0.37593984962406013","152","0.8333333333333334","0.41353383458646614","152","0.8484848484848485","0.42105263157894735","152","1.1363636363636365","0.5639097744360902","152","0.8484848484848485","0.42105263157894735","152","0.7727272727272727","0.38345864661654133","152","0.9545454545454546","0.47368421052631576","152","0.696969696969697","0.3458646616541353","152","0.8181818181818182","0.40601503759398494","152","0.92","0.30666666666666664","152","1.04","0.3466666666666667","152","1.26","0.42","152","1.04","0.3466666666666667","152","1.12","0.37333333333333335","152","0.96","0.32","152","0.72","0.24","152","1.16","0.38666666666666666","152","1","0.3333333333333333","152","0.96","0.32","152","1.15","0.2875","152","1.175","0.29375"
,"153","0.74","0.74","153","0.75","0.75","153","0.56","0.56","153","0.7","0.7","153","0.68","0.68","153","0.69","0.69","153","0.68","0.68","153","0.7","0.7","153","0.47","0.47","153","0.66","0.66","153","0.8181818181818182","0.40601503759398494","153","0.803030303030303","0.39849624060150374","153","0.7424242424242424","0.3684210526315789","153","0.9242424242424242","0.45864661654135336","153","0.8333333333333334","0.41353383458646614","153","1.0757575757575757","0.5338345864661654","153","0.7121212121212122","0.3533834586466165","153","0.8333333333333334","0.41353383458646614","153","0.7727272727272727","0.38345864661654133","153","0.8787878787878788","0.43609022556390975","153","0.86","0.2866666666666667","153","0.86","0.2866666666666667","153","1.06","0.35333333333333333","153","1","0.3333333333333333","153","1.24","0.41333333333333333","153","1","0.3333333333333333","153","0.82","0.2733333333333333","153","0.84","0.28","153","1.06","0.35333333333333333","153","0.78","0.26","153","1","0.25","153","1.05","0.2625"
,"154","0.8","0.8","154","0.71","0.71","154","0.63","0.63","154","0.62","0.62","154","0.75","0.75","154","0.72","0.72","154","0.53","0.53","154","0.63","0.63","154","0.53","0.53","154","0.71","0.71","154","0.9242424242424242","0.45864661654135336","154","0.7272727272727273","0.3609022556390977","154","0.7424242424242424","0.3684210526315789","154","0.9393939393939394","0.46616541353383456","154","0.9242424242424242","0.45864661654135336","154","0.7272727272727273","0.3609022556390977","154","1.0909090909090908","0.5413533834586466","154","0.9393939393939394","0.46616541353383456","154","0.8636363636363636","0.42857142857142855","154","0.9696969696969697","0.48120300751879697","154","1.02","0.34","154","0.92","0.30666666666666664","154","1.26","0.42","154","0.76","0.25333333333333335","154","1.12","0.37333333333333335","154","0.96","0.32","154","0.94","0.31333333333333335","154","0.96","0.32","154","1.04","0.3466666666666667","154","0.98","0.32666666666666666","154","0.925","0.23125","154","0.875","0.21875"
,"155","0.77","0.77","155","0.64","0.64","155","0.46","0.46","155","0.73","0.73","155","0.62","0.62","155","0.63","0.63","155","0.62","0.62","155","0.64","0.64","155","0.65","0.65","155","0.6","0.6","155","0.8181818181818182","0.40601503759398494","155","0.9848484848484849","0.48872180451127817","155","0.8484848484848485","0.42105263157894735","155","0.8939393939393939","0.44360902255639095","155","1.0303030303030303","0.5112781954887218","155","0.8787878787878788","0.43609022556390975","155","0.8787878787878788","0.43609022556390975","155","0.8636363636363636","0.42857142857142855","155","0.9393939393939394","0.46616541353383456","155","0.9545454545454546","0.47368421052631576","155","0.86","0.2866666666666667","155","0.98","0.32666666666666666","155","1.06","0.35333333333333333","155","0.96","0.32","155","0.8","0.26666666666666666","155","0.94","0.31333333333333335","155","1.06","0.35333333333333333","155","0.88","0.29333333333333333","155","1.28","0.4266666666666667","155","0.88","0.29333333333333333","155","0.95","0.2375","155","1.2","0.3"
,"156","0.65","0.65","156","0.57","0.57","156","0.68","0.68","156","0.65","0.65","156","0.5","0.5","156","0.66","0.66","156","0.62","0.62","156","0.61","0.61","156","0.67","0.67","156","0.62","0.62","156","0.9545454545454546","0.47368421052631576","156","0.8787878787878788","0.43609022556390975","156","0.8939393939393939","0.44360902255639095","156","1.0606060606060606","0.5263157894736842","156","0.9242424242424242","0.45864661654135336","156","0.696969696969697","0.3458646616541353","156","0.9393939393939394","0.46616541353383456","156","0.8787878787878788","0.43609022556390975","156","1.0151515151515151","0.5037593984962406","156","0.8333333333333334","0.41353383458646614","156","0.94","0.31333333333333335","156","0.88","0.29333333333333333","156","0.94","0.31333333333333335","156","0.84","0.28","156","1.16","0.38666666666666666","156","0.94","0.31333333333333335","156","0.98","0.32666666666666666","156","0.96","0.32","156","1.18","0.3933333333333333","156","1.06","0.35333333333333333","156","1.075","0.26875","156","1.175","0.29375"
,"157","0.63","0.63","157","0.61","0.61","157","0.62","0.62","157","0.65","0.65","157","0.65","0.65","157","0.58","0.58","157","0.64","0.64","157","0.66","0.66","157","0.63","0.63","157","0.61","0.61","157","0.9696969696969697","0.48120300751879697","157","0.8333333333333334","0.41353383458646614","157","0.8484848484848485","0.42105263157894735","157","0.9848484848484849","0.48872180451127817","157","0.8181818181818182","0.40601503759398494","157","0.7272727272727273","0.3609022556390977","157","1","0.49624060150375937","157","1.121212121212121","0.556390977443609","157","0.8484848484848485","0.42105263157894735","157","0.7727272727272727","0.38345864661654133","157","0.94","0.31333333333333335","157","0.88","0.29333333333333333","157","0.84","0.28","157","0.92","0.30666666666666664","157","1.04","0.3466666666666667","157","1.14","0.38","157","1.1","0.36666666666666664","157","1.14","0.38","157","0.98","0.32666666666666666","157","1.16","0.38666666666666666","157","1","0.25","157","1.025","0.25625"
,"158","0.67","0.67","158","0.64","0.64","158","0.72","0.72","158","0.73","0.73","158","0.64","0.64","158","0.65","0.65","158","0.62","0.62","158","0.64","0.64","158","0.67","0.67","158","0.67","0.67","158","0.7727272727272727","0.38345864661654133","158","0.9090909090909091","0.45112781954887216","158","0.9393939393939394","0.46616541353383456","158","0.7575757575757576","0.37593984962406013","158","0.9090909090909091","0.45112781954887216","158","0.8787878787878788","0.43609022556390975","158","0.9545454545454546","0.47368421052631576","158","1.0151515151515151","0.5037593984962406","158","0.8787878787878788","0.43609022556390975","158","0.8636363636363636","0.42857142857142855","158","1","0.3333333333333333","158","0.72","0.24","158","1.04","0.3466666666666667","158","1.12","0.37333333333333335","158","1","0.3333333333333333","158","0.84","0.28","158","0.96","0.32","158","0.82","0.2733333333333333","158","0.94","0.31333333333333335","158","0.94","0.31333333333333335","158","0.95","0.2375","158","0.775","0.19375"
,"159","0.73","0.73","159","0.64","0.64","159","0.64","0.64","159","0.65","0.65","159","0.61","0.61","159","0.56","0.56","159","0.78","0.78","159","0.55","0.55","159","0.59","0.59","159","0.73","0.73","159","0.9393939393939394","0.46616541353383456","159","0.9242424242424242","0.45864661654135336","159","0.803030303030303","0.39849624060150374","159","0.7878787878787878","0.39097744360902253","159","0.9090909090909091","0.45112781954887216","159","0.8939393939393939","0.44360902255639095","159","0.8333333333333334","0.41353383458646614","159","0.7575757575757576","0.37593984962406013","159","0.8484848484848485","0.42105263157894735","159","0.8787878787878788","0.43609022556390975","159","0.88","0.29333333333333333","159","0.8","0.26666666666666666","159","1.02","0.34","159","0.94","0.31333333333333335","159","0.96","0.32","159","0.98","0.32666666666666666","159","1.14","0.38","159","1.04","0.3466666666666667","159","1.02","0.34","159","1.08","0.36","159","1.175","0.29375","159","0.925","0.23125"
,"160","0.75","0.75","160","0.61","0.61","160","0.63","0.63","160","0.7","0.7","160","0.68","0.68","160","0.64","0.64","160","0.66","0.66","160","0.62","0.62","160","0.62","0.62","160","0.81","0.81","160","0.8787878787878788","0.43609022556390975","160","0.9090909090909091","0.45112781954887216","160","0.8484848484848485","0.42105263157894735","160","0.6515151515151515","0.3233082706766917","160","0.9090909090909091","0.45112781954887216","160","0.9545454545454546","0.47368421052631576","160","0.7121212121212122","0.3533834586466165","160","0.8333333333333334","0.41353383458646614","160","1.121212121212121","0.556390977443609","160","0.7727272727272727","0.38345864661654133","160","1.22","0.4066666666666667","160","0.88","0.29333333333333333","160","0.84","0.28","160","1.08","0.36","160","1.12","0.37333333333333335","160","0.9","0.3","160","1","0.3333333333333333","160","1.2","0.4","160","1","0.3333333333333333","160","1.06","0.35333333333333333","160","1.05","0.2625","160","0.975","0.24375"
,"161","0.65","0.65","161","0.66","0.66","161","0.63","0.63","161","0.65","0.65","161","0.57","0.57","161","0.7","0.7","161","0.55","0.55","161","0.53","0.53","161","0.6","0.6","161","0.74","0.74","161","0.8333333333333334","0.41353383458646614","161","1.0454545454545454","0.518796992481203","161","0.9242424242424242","0.45864661654135336","161","1.0151515151515151","0.5037593984962406","161","0.9848484848484849","0.48872180451127817","161","0.9696969696969697","0.48120300751879697","161","0.7272727272727273","0.3609022556390977","161","0.7575757575757576","0.37593984962406013","161","0.8484848484848485","0.42105263157894735","161","0.9090909090909091","0.45112781954887216","161","1.08","0.36","161","0.98","0.32666666666666666","161","1.02","0.34","161","0.9","0.3","161","1.14","0.38","161","0.86","0.2866666666666667","161","0.96","0.32","161","1.12","0.37333333333333335","161","0.9","0.3","161","1.04","0.3466666666666667","161","1.175","0.29375","161","1.175","0.29375"
,"162","0.73","0.73","162","0.65","0.65","162","0.6","0.6","162","0.68","0.68","162","0.6","0.6","162","0.6","0.6","162","0.66","0.66","162","0.62","0.62","162","0.54","0.54","162","0.78","0.78","162","0.9545454545454546","0.47368421052631576","162","0.8181818181818182","0.40601503759398494","162","1.0151515151515151","0.5037593984962406","162","0.7727272727272727","0.38345864661654133","162","0.8636363636363636","0.42857142857142855","162","0.696969696969697","0.3458646616541353","162","0.8333333333333334","0.41353383458646614","162","0.9696969696969697","0.48120300751879697","162","0.7424242424242424","0.3684210526315789","162","0.8181818181818182","0.40601503759398494","162","1.08","0.36","162","0.96","0.32","162","1.02","0.34","162","1","0.3333333333333333","162","1.16","0.38666666666666666","162","0.98","0.32666666666666666","162","1.06","0.35333333333333333","162","0.94","0.31333333333333335","162","0.96","0.32","162","1.02","0.34","162","1","0.25","162","0.9","0.225"
,"163","0.72","0.72","163","0.71","0.71","163","0.63","0.63","163","0.74","0.74","163","0.69","0.69","163","0.57","0.57","163","0.72","0.72","163","0.67","0.67","163","0.76","0.76","163","0.63","0.63","163","0.6212121212121212","0.3082706766917293","163","0.803030303030303","0.39849624060150374","163","0.7424242424242424","0.3684210526315789","163","0.8636363636363636","0.42857142857142855","163","1.0151515151515151","0.5037593984962406","163","0.7424242424242424","0.3684210526315789","163","0.8787878787878788","0.43609022556390975","163","0.9090909090909091","0.45112781954887216","163","0.8181818181818182","0.40601503759398494","163","0.8636363636363636","0.42857142857142855","163","0.96","0.32","163","0.94","0.31333333333333335","163","0.88","0.29333333333333333","163","1.18","0.3933333333333333","163","1.06","0.35333333333333333","163","0.96","0.32","163","0.86","0.2866666666666667","163","1.02","0.34","163","1.12","0.37333333333333335","163","1.18","0.3933333333333333","163","1.125","0.28125","163","1.225","0.30625"
,"164","0.67","0.67","164","0.69","0.69","164","0.63","0.63","164","0.62","0.62","164","0.59","0.59","164","0.64","0.64","164","0.77","0.77","164","0.62","0.62","164","0.66","0.66","164","0.62","0.62","164","0.9393939393939394","0.46616541353383456","164","0.8484848484848485","0.42105263157894735","164","0.8787878787878788","0.43609022556390975","164","0.6818181818181818","0.3383458646616541","164","0.9393939393939394","0.46616541353383456","164","0.696969696969697","0.3458646616541353","164","0.8939393939393939","0.44360902255639095","164","0.7878787878787878","0.39097744360902253","164","0.803030303030303","0.39849624060150374","164","0.8484848484848485","0.42105263157894735","164","0.88","0.29333333333333333","164","0.94","0.31333333333333335","164","1.14","0.38","164","1.02","0.34","164","0.92","0.30666666666666664","164","1.18","0.3933333333333333","164","0.94","0.31333333333333335","164","0.96","0.32","164","1","0.3333333333333333","164","1.26","0.42","164","1.15","0.2875","164","0.8","0.2"
,"165","0.65","0.65","165","0.77","0.77","165","0.71","0.71","165","0.67","0.67","165","0.71","0.71","165","0.63","0.63","165","0.8","0.8","165","0.56","0.56","165","0.68","0.68","165","0.69","0.69","165","0.9545454545454546","0.47368421052631576","165","0.803030303030303","0.39849624060150374","165","0.9242424242424242","0.45864661654135336","165","0.8636363636363636","0.42857142857142855","165","0.8787878787878788","0.43609022556390975","165","0.8636363636363636","0.42857142857142855","165","0.6666666666666666","0.3308270676691729","165","0.696969696969697","0.3458646616541353","165","1.0454545454545454","0.518796992481203","165","0.9696969696969697","0.48120300751879697","165","1","0.3333333333333333","165","0.9","0.3","165","1.08","0.36","165","1.02","0.34","165","0.92","0.30666666666666664","165","1.08","0.36","165","0.98","0.32666666666666666","165","1.04","0.3466666666666667","165","1.06","0.35333333333333333","165","1.12","0.37333333333333335","165","1.15","0.2875","165","1.15","0.2875"
,"166","0.78","0.78","166","0.74","0.74","166","0.64","0.64","166","0.72","0.72","166","0.78","0.78","166","0.59","0.59","166","0.68","0.68","166","0.55","0.55","166","0.63","0.63","166","0.65","0.65","166","0.9696969696969697","0.48120300751879697","166","0.9696969696969697","0.48120300751879697","166","0.803030303030303","0.39849624060150374","166","0.7727272727272727","0.38345864661654133","166","0.8333333333333334","0.41353383458646614","166","1","0.49624060150375937","166","0.8484848484848485","0.42105263157894735","166","0.7424242424242424","0.3684210526315789","166","0.9696969696969697","0.48120300751879697","166","0.9696969696969697","0.48120300751879697","166","0.96","0.32","166","0.82","0.2733333333333333","166","0.86","0.2866666666666667","166","0.96","0.32","166","1.06","0.35333333333333333","166","0.86","0.2866666666666667","166","0.94","0.31333333333333335","166","0.94","0.31333333333333335","166","0.96","0.32","166","1.12","0.37333333333333335","166","1.1","0.275","166","1.025","0.25625"
,"167","0.61","0.61","167","0.68","0.68","167","0.75","0.75","167","0.68","0.68","167","0.58","0.58","167","0.64","0.64","167","0.73","0.73","167","0.67","0.67","167","0.8","0.8","167","0.8","0.8","167","0.8636363636363636","0.42857142857142855","167","0.8484848484848485","0.42105263157894735","167","0.803030303030303","0.39849624060150374","167","0.7424242424242424","0.3684210526315789","167","0.7727272727272727","0.38345864661654133","167","1.0151515151515151","0.5037593984962406","167","0.7272727272727273","0.3609022556390977","167","0.8939393939393939","0.44360902255639095","167","0.8333333333333334","0.41353383458646614","167","1.0454545454545454","0.518796992481203","167","0.84","0.28","167","0.98","0.32666666666666666","167","1.14","0.38","167","1.1","0.36666666666666664","167","1.02","0.34","167","0.98","0.32666666666666666","167","1.22","0.4066666666666667","167","0.88","0.29333333333333333","167","0.9","0.3","167","1.12","0.37333333333333335","167","1.2","0.3","167","1.2","0.3"
,"168","0.64","0.64","168","0.55","0.55","168","0.77","0.77","168","0.6","0.6","168","0.54","0.54","168","0.6","0.6","168","0.79","0.79","168","0.66","0.66","168","0.66","0.66","168","0.65","0.65","168","0.8939393939393939","0.44360902255639095","168","1","0.49624060150375937","168","0.8636363636363636","0.42857142857142855","168","0.9090909090909091","0.45112781954887216","168","0.8181818181818182","0.40601503759398494","168","0.8939393939393939","0.44360902255639095","168","0.7575757575757576","0.37593984962406013","168","0.8181818181818182","0.40601503759398494","168","0.7878787878787878","0.39097744360902253","168","1.0303030303030303","0.5112781954887218","168","1.04","0.3466666666666667","168","0.94","0.31333333333333335","168","0.96","0.32","168","0.94","0.31333333333333335","168","1.02","0.34","168","1.08","0.36","168","0.98","0.32666666666666666","168","0.88","0.29333333333333333","168","1.22","0.4066666666666667","168","1.18","0.3933333333333333","168","0.975","0.24375","168","1.15","0.2875"
,"169","0.65","0.65","169","0.68","0.68","169","0.85","0.85","169","0.69","0.69","169","0.59","0.59","169","0.58","0.58","169","0.59","0.59","169","0.63","0.63","169","0.69","0.69","169","0.64","0.64","169","0.8636363636363636","0.42857142857142855","169","0.7878787878787878","0.39097744360902253","169","0.8636363636363636","0.42857142857142855","169","0.8939393939393939","0.44360902255639095","169","0.8484848484848485","0.42105263157894735","169","0.8636363636363636","0.42857142857142855","169","0.7878787878787878","0.39097744360902253","169","0.803030303030303","0.39849624060150374","169","0.8636363636363636","0.42857142857142855","169","0.9848484848484849","0.48872180451127817","169","0.98","0.32666666666666666","169","1.04","0.3466666666666667","169","1.02","0.34","169","0.94","0.31333333333333335","169","1.02","0.34","169","1.02","0.34","169","1.02","0.34","169","1.04","0.3466666666666667","169","0.88","0.29333333333333333","169","1.06","0.35333333333333333","169","0.7","0.175","169","1.05","0.2625"
,"170","0.79","0.79","170","0.6","0.6","170","0.78","0.78","170","0.75","0.75","170","0.62","0.62","170","0.61","0.61","170","0.68","0.68","170","0.6","0.6","170","0.68","0.68","170","0.57","0.57","170","0.9242424242424242","0.45864661654135336","170","0.8484848484848485","0.42105263157894735","170","0.8939393939393939","0.44360902255639095","170","0.8333333333333334","0.41353383458646614","170","0.7575757575757576","0.37593984962406013","170","0.9393939393939394","0.46616541353383456","170","0.9696969696969697","0.48120300751879697","170","0.8636363636363636","0.42857142857142855","170","0.9545454545454546","0.47368421052631576","170","0.9545454545454546","0.47368421052631576","170","0.8","0.26666666666666666","170","0.92","0.30666666666666664","170","1.14","0.38","170","0.94","0.31333333333333335","170","1.04","0.3466666666666667","170","1.12","0.37333333333333335","170","1.02","0.34","170","0.96","0.32","170","1","0.3333333333333333","170","1.24","0.41333333333333333","170","1.05","0.2625","170","1.325","0.33125"
,"171","0.84","0.84","171","0.56","0.56","171","0.7","0.7","171","0.61","0.61","171","0.72","0.72","171","0.67","0.67","171","0.74","0.74","171","0.66","0.66","171","0.68","0.68","171","0.63","0.63","171","0.9090909090909091","0.45112781954887216","171","0.7727272727272727","0.38345864661654133","171","0.7424242424242424","0.3684210526315789","171","1.0454545454545454","0.518796992481203","171","1.0303030303030303","0.5112781954887218","171","0.8636363636363636","0.42857142857142855","171","0.7727272727272727","0.38345864661654133","171","0.8636363636363636","0.42857142857142855","171","1.0606060606060606","0.5263157894736842","171","1.0757575757575757","0.5338345864661654","171","0.82","0.2733333333333333","171","0.8","0.26666666666666666","171","1.14","0.38","171","1","0.3333333333333333","171","1.02","0.34","171","0.9","0.3","171","1","0.3333333333333333","171","0.84","0.28","171","0.96","0.32","171","1","0.3333333333333333","171","1.3","0.325","171","1.225","0.30625"
,"172","0.76","0.76","172","0.65","0.65","172","0.67","0.67","172","0.74","0.74","172","0.7","0.7","172","0.69","0.69","172","0.65","0.65","172","0.58","0.58","172","0.71","0.71","172","0.71","0.71","172","0.8787878787878788","0.43609022556390975","172","0.7878787878787878","0.39097744360902253","172","0.8484848484848485","0.42105263157894735","172","0.8484848484848485","0.42105263157894735","172","0.9393939393939394","0.46616541353383456","172","0.9848484848484849","0.48872180451127817","172","0.803030303030303","0.39849624060150374","172","1.1363636363636365","0.5639097744360902","172","0.9696969696969697","0.48120300751879697","172","0.9545454545454546","0.47368421052631576","172","0.84","0.28","172","0.9","0.3","172","0.9","0.3","172","0.92","0.30666666666666664","172","0.94","0.31333333333333335","172","0.78","0.26","172","0.96","0.32","172","0.82","0.2733333333333333","172","0.9","0.3","172","0.98","0.32666666666666666","172","1","0.25","172","1.225","0.30625"
,"173","0.57","0.57","173","0.66","0.66","173","0.8","0.8","173","0.73","0.73","173","0.72","0.72","173","0.71","0.71","173","0.61","0.61","173","0.62","0.62","173","0.64","0.64","173","0.57","0.57","173","0.7727272727272727","0.38345864661654133","173","0.8939393939393939","0.44360902255639095","173","0.8181818181818182","0.40601503759398494","173","0.8939393939393939","0.44360902255639095","173","0.8636363636363636","0.42857142857142855","173","0.8484848484848485","0.42105263157894735","173","0.8787878787878788","0.43609022556390975","173","1.0303030303030303","0.5112781954887218","173","0.7727272727272727","0.38345864661654133","173","1.106060606060606","0.5488721804511278","173","0.84","0.28","173","0.88","0.29333333333333333","173","1","0.3333333333333333","173","0.9","0.3","173","1.1","0.36666666666666664","173","0.8","0.26666666666666666","173","0.92","0.30666666666666664","173","0.92","0.30666666666666664","173","0.88","0.29333333333333333","173","1.06","0.35333333333333333","173","0.9","0.225","173","1.25","0.3125"
,"174","0.54","0.54","174","0.48","0.48","174","0.72","0.72","174","0.76","0.76","174","0.52","0.52","174","0.61","0.61","174","0.61","0.61","174","0.61","0.61","174","0.62","0.62","174","0.64","0.64","174","1.121212121212121","0.556390977443609","174","0.8636363636363636","0.42857142857142855","174","0.7424242424242424","0.3684210526315789","174","0.7272727272727273","0.3609022556390977","174","0.8636363636363636","0.42857142857142855","174","0.7424242424242424","0.3684210526315789","174","0.803030303030303","0.39849624060150374","174","0.8939393939393939","0.44360902255639095","174","0.9393939393939394","0.46616541353383456","174","0.9393939393939394","0.46616541353383456","174","0.82","0.2733333333333333","174","0.82","0.2733333333333333","174","0.98","0.32666666666666666","174","0.86","0.2866666666666667","174","0.94","0.31333333333333335","174","0.84","0.28","174","0.9","0.3","174","1.12","0.37333333333333335","174","1.1","0.36666666666666664","174","0.9","0.3","174","1","0.25","174","0.975","0.24375"
,"175","0.6","0.6","175","0.49","0.49","175","0.78","0.78","175","0.83","0.83","175","0.62","0.62","175","0.65","0.65","175","0.69","0.69","175","0.67","0.67","175","0.67","0.67","175","0.69","0.69","175","0.9696969696969697","0.48120300751879697","175","0.8636363636363636","0.42857142857142855","175","0.6818181818181818","0.3383458646616541","175","0.7878787878787878","0.39097744360902253","175","0.8939393939393939","0.44360902255639095","175","0.8939393939393939","0.44360902255639095","175","0.7121212121212122","0.3533834586466165","175","0.8787878787878788","0.43609022556390975","175","0.9545454545454546","0.47368421052631576","175","0.803030303030303","0.39849624060150374","175","1","0.3333333333333333","175","0.74","0.24666666666666667","175","1","0.3333333333333333","175","1","0.3333333333333333","175","1.08","0.36","175","0.98","0.32666666666666666","175","1.06","0.35333333333333333","175","0.88","0.29333333333333333","175","0.94","0.31333333333333335","175","1.06","0.35333333333333333","175","0.975","0.24375","175","0.85","0.2125"
,"176","0.59","0.59","176","0.57","0.57","176","0.84","0.84","176","0.73","0.73","176","0.67","0.67","176","0.66","0.66","176","0.64","0.64","176","0.68","0.68","176","0.66","0.66","176","0.68","0.68","176","0.8484848484848485","0.42105263157894735","176","0.7727272727272727","0.38345864661654133","176","0.6666666666666666","0.3308270676691729","176","0.9090909090909091","0.45112781954887216","176","0.7424242424242424","0.3684210526315789","176","0.8181818181818182","0.40601503759398494","176","0.8636363636363636","0.42857142857142855","176","0.8333333333333334","0.41353383458646614","176","1.0303030303030303","0.5112781954887218","176","0.9848484848484849","0.48872180451127817","176","1.04","0.3466666666666667","176","0.94","0.31333333333333335","176","0.96","0.32","176","0.9","0.3","176","1.3","0.43333333333333335","176","0.92","0.30666666666666664","176","1","0.3333333333333333","176","1.08","0.36","176","1.02","0.34","176","0.92","0.30666666666666664","176","0.8","0.2","176","1.1","0.275"
,"177","0.69","0.69","177","0.53","0.53","177","0.67","0.67","177","0.78","0.78","177","0.77","0.77","177","0.75","0.75","177","0.6","0.6","177","0.66","0.66","177","0.6","0.6","177","0.67","0.67","177","0.8787878787878788","0.43609022556390975","177","0.8484848484848485","0.42105263157894735","177","0.8333333333333334","0.41353383458646614","177","0.9545454545454546","0.47368421052631576","177","0.8484848484848485","0.42105263157894735","177","0.9393939393939394","0.46616541353383456","177","0.8939393939393939","0.44360902255639095","177","0.9242424242424242","0.45864661654135336","177","0.8939393939393939","0.44360902255639095","177","0.9545454545454546","0.47368421052631576","177","0.98","0.32666666666666666","177","0.92","0.30666666666666664","177","1.06","0.35333333333333333","177","0.76","0.25333333333333335","177","1.08","0.36","177","0.94","0.31333333333333335","177","1.06","0.35333333333333333","177","1.08","0.36","177","0.9","0.3","177","0.88","0.29333333333333333","177","0.925","0.23125","177","1.225","0.30625"
,"178","0.77","0.77","178","0.64","0.64","178","0.74","0.74","178","0.64","0.64","178","0.66","0.66","178","0.72","0.72","178","0.66","0.66","178","0.61","0.61","178","0.64","0.64","178","0.72","0.72","178","0.8484848484848485","0.42105263157894735","178","0.5606060606060606","0.2781954887218045","178","0.7575757575757576","0.37593984962406013","178","0.8484848484848485","0.42105263157894735","178","0.9090909090909091","0.45112781954887216","178","0.8484848484848485","0.42105263157894735","178","0.9848484848484849","0.48872180451127817","178","1","0.49624060150375937","178","1.0606060606060606","0.5263157894736842","178","0.8484848484848485","0.42105263157894735","178","0.96","0.32","178","0.86","0.2866666666666667","178","0.84","0.28","178","0.94","0.31333333333333335","178","1.14","0.38","178","0.84","0.28","178","0.9","0.3","178","1.16","0.38666666666666666","178","0.82","0.2733333333333333","178","0.66","0.22","178","1.075","0.26875","178","1","0.25"
,"179","0.75","0.75","179","0.48","0.48","179","0.74","0.74","179","0.78","0.78","179","0.68","0.68","179","0.83","0.83","179","0.66","0.66","179","0.75","0.75","179","0.58","0.58","179","0.65","0.65","179","0.803030303030303","0.39849624060150374","179","0.8181818181818182","0.40601503759398494","179","0.8333333333333334","0.41353383458646614","179","1.121212121212121","0.556390977443609","179","0.7878787878787878","0.39097744360902253","179","1","0.49624060150375937","179","1","0.49624060150375937","179","0.8787878787878788","0.43609022556390975","179","0.9393939393939394","0.46616541353383456","179","0.7727272727272727","0.38345864661654133","179","1.16","0.38666666666666666","179","0.78","0.26","179","0.82","0.2733333333333333","179","0.9","0.3","179","1.12","0.37333333333333335","179","0.8","0.26666666666666666","179","0.86","0.2866666666666667","179","1.16","0.38666666666666666","179","0.98","0.32666666666666666","179","0.94","0.31333333333333335","179","1.05","0.2625","179","1.025","0.25625"
,"180","0.69","0.69","180","0.51","0.51","180","0.74","0.74","180","0.73","0.73","180","0.56","0.56","180","0.7","0.7","180","0.72","0.72","180","0.62","0.62","180","0.56","0.56","180","0.51","0.51","180","0.8333333333333334","0.41353383458646614","180","0.8484848484848485","0.42105263157894735","180","0.9545454545454546","0.47368421052631576","180","0.696969696969697","0.3458646616541353","180","0.7424242424242424","0.3684210526315789","180","0.7575757575757576","0.37593984962406013","180","1","0.49624060150375937","180","0.8484848484848485","0.42105263157894735","180","0.9090909090909091","0.45112781954887216","180","0.8181818181818182","0.40601503759398494","180","0.74","0.24666666666666667","180","0.9","0.3","180","0.78","0.26","180","1.14","0.38","180","0.76","0.25333333333333335","180","0.88","0.29333333333333333","180","0.82","0.2733333333333333","180","1.08","0.36","180","1.22","0.4066666666666667","180","0.88","0.29333333333333333","180","1.025","0.25625","180","0.9","0.225"
,"181","0.63","0.63","181","0.62","0.62","181","0.64","0.64","181","0.63","0.63","181","0.57","0.57","181","0.71","0.71","181","0.65","0.65","181","0.7","0.7","181","0.61","0.61","181","0.63","0.63","181","1.106060606060606","0.5488721804511278","181","0.8636363636363636","0.42857142857142855","181","0.8939393939393939","0.44360902255639095","181","0.8787878787878788","0.43609022556390975","181","0.803030303030303","0.39849624060150374","181","0.8484848484848485","0.42105263157894735","181","0.8181818181818182","0.40601503759398494","181","0.7878787878787878","0.39097744360902253","181","0.803030303030303","0.39849624060150374","181","0.8636363636363636","0.42857142857142855","181","1","0.3333333333333333","181","0.86","0.2866666666666667","181","0.88","0.29333333333333333","181","1.08","0.36","181","0.88","0.29333333333333333","181","0.9","0.3","181","0.92","0.30666666666666664","181","1","0.3333333333333333","181","1","0.3333333333333333","181","0.96","0.32","181","1.125","0.28125","181","1.1","0.275"
,"182","0.64","0.64","182","0.57","0.57","182","0.67","0.67","182","0.52","0.52","182","0.51","0.51","182","0.65","0.65","182","0.67","0.67","182","0.76","0.76","182","0.56","0.56","182","0.66","0.66","182","1.0151515151515151","0.5037593984962406","182","0.7727272727272727","0.38345864661654133","182","0.7727272727272727","0.38345864661654133","182","0.9242424242424242","0.45864661654135336","182","0.8333333333333334","0.41353383458646614","182","0.7727272727272727","0.38345864661654133","182","0.8333333333333334","0.41353383458646614","182","0.9393939393939394","0.46616541353383456","182","1","0.49624060150375937","182","0.7575757575757576","0.37593984962406013","182","1.18","0.3933333333333333","182","1.16","0.38666666666666666","182","0.8","0.26666666666666666","182","0.88","0.29333333333333333","182","0.84","0.28","182","0.88","0.29333333333333333","182","0.88","0.29333333333333333","182","0.96","0.32","182","1.14","0.38","182","0.8","0.26666666666666666","182","1.075","0.26875","182","1.05","0.2625"
,"183","0.68","0.68","183","0.54","0.54","183","0.69","0.69","183","0.54","0.54","183","0.49","0.49","183","0.67","0.67","183","0.74","0.74","183","0.75","0.75","183","0.62","0.62","183","0.6","0.6","183","1","0.49624060150375937","183","0.7727272727272727","0.38345864661654133","183","0.8787878787878788","0.43609022556390975","183","0.8181818181818182","0.40601503759398494","183","0.6818181818181818","0.3383458646616541","183","0.696969696969697","0.3458646616541353","183","0.7727272727272727","0.38345864661654133","183","1.0909090909090908","0.5413533834586466","183","0.8787878787878788","0.43609022556390975","183","1.0454545454545454","0.518796992481203","183","1.1","0.36666666666666664","183","1.08","0.36","183","0.84","0.28","183","0.9","0.3","183","0.9","0.3","183","1.06","0.35333333333333333","183","0.98","0.32666666666666666","183","1.14","0.38","183","0.88","0.29333333333333333","183","0.9","0.3","183","1.05","0.2625","183","0.95","0.2375"
,"184","0.69","0.69","184","0.64","0.64","184","0.63","0.63","184","0.62","0.62","184","0.68","0.68","184","0.73","0.73","184","0.67","0.67","184","0.64","0.64","184","0.59","0.59","184","0.66","0.66","184","0.9090909090909091","0.45112781954887216","184","0.9242424242424242","0.45864661654135336","184","0.8181818181818182","0.40601503759398494","184","0.8939393939393939","0.44360902255639095","184","0.7424242424242424","0.3684210526315789","184","0.7272727272727273","0.3609022556390977","184","0.9393939393939394","0.46616541353383456","184","0.8939393939393939","0.44360902255639095","184","0.8787878787878788","0.43609022556390975","184","0.8636363636363636","0.42857142857142855","184","0.96","0.32","184","0.82","0.2733333333333333","184","0.98","0.32666666666666666","184","0.98","0.32666666666666666","184","0.76","0.25333333333333335","184","1.04","0.3466666666666667","184","0.92","0.30666666666666664","184","1.06","0.35333333333333333","184","0.96","0.32","184","0.8","0.26666666666666666","184","1.125","0.28125","184","0.975","0.24375"
,"185","0.66","0.66","185","0.66","0.66","185","0.64","0.64","185","0.61","0.61","185","0.62","0.62","185","0.65","0.65","185","0.66","0.66","185","0.56","0.56","185","0.72","0.72","185","0.52","0.52","185","1.0454545454545454","0.518796992481203","185","0.803030303030303","0.39849624060150374","185","0.7424242424242424","0.3684210526315789","185","0.803030303030303","0.39849624060150374","185","0.7727272727272727","0.38345864661654133","185","0.7727272727272727","0.38345864661654133","185","1","0.49624060150375937","185","0.9090909090909091","0.45112781954887216","185","0.8484848484848485","0.42105263157894735","185","0.6666666666666666","0.3308270676691729","185","1.14","0.38","185","0.82","0.2733333333333333","185","1.08","0.36","185","1.1","0.36666666666666664","185","0.76","0.25333333333333335","185","1.14","0.38","185","0.9","0.3","185","1","0.3333333333333333","185","1","0.3333333333333333","185","0.72","0.24","185","0.9","0.225","185","1.025","0.25625"
,"186","0.72","0.72","186","0.57","0.57","186","0.64","0.64","186","0.6","0.6","186","0.65","0.65","186","0.73","0.73","186","0.64","0.64","186","0.65","0.65","186","0.77","0.77","186","0.55","0.55","186","0.7272727272727273","0.3609022556390977","186","0.8939393939393939","0.44360902255639095","186","0.8636363636363636","0.42857142857142855","186","0.7424242424242424","0.3684210526315789","186","0.7878787878787878","0.39097744360902253","186","0.803030303030303","0.39849624060150374","186","0.9848484848484849","0.48872180451127817","186","0.9242424242424242","0.45864661654135336","186","0.8636363636363636","0.42857142857142855","186","0.8939393939393939","0.44360902255639095","186","0.88","0.29333333333333333","186","0.78","0.26","186","1.2","0.4","186","0.9","0.3","186","0.92","0.30666666666666664","186","0.96","0.32","186","0.76","0.25333333333333335","186","1.04","0.3466666666666667","186","0.86","0.2866666666666667","186","1.06","0.35333333333333333","186","1.025","0.25625","186","1.15","0.2875"
,"187","0.77","0.77","187","0.6","0.6","187","0.57","0.57","187","0.64","0.64","187","0.64","0.64","187","0.66","0.66","187","0.67","0.67","187","0.58","0.58","187","0.7","0.7","187","0.76","0.76","187","0.8484848484848485","0.42105263157894735","187","0.8787878787878788","0.43609022556390975","187","1.0757575757575757","0.5338345864661654","187","1.121212121212121","0.556390977443609","187","0.7575757575757576","0.37593984962406013","187","1","0.49624060150375937","187","0.9242424242424242","0.45864661654135336","187","0.8636363636363636","0.42857142857142855","187","0.8787878787878788","0.43609022556390975","187","0.9696969696969697","0.48120300751879697","187","0.92","0.30666666666666664","187","1.1","0.36666666666666664","187","0.64","0.21333333333333335","187","0.92","0.30666666666666664","187","0.96","0.32","187","0.84","0.28","187","0.82","0.2733333333333333","187","0.94","0.31333333333333335","187","0.88","0.29333333333333333","187","1.16","0.38666666666666666","187","1.075","0.26875","187","1.075","0.26875"
,"188","0.59","0.59","188","0.64","0.64","188","0.65","0.65","188","0.76","0.76","188","0.66","0.66","188","0.68","0.68","188","0.8","0.8","188","0.47","0.47","188","0.57","0.57","188","0.68","0.68","188","0.9090909090909091","0.45112781954887216","188","1.0757575757575757","0.5338345864661654","188","0.8333333333333334","0.41353383458646614","188","0.9242424242424242","0.45864661654135336","188","0.9242424242424242","0.45864661654135336","188","0.9242424242424242","0.45864661654135336","188","0.9393939393939394","0.46616541353383456","188","0.8484848484848485","0.42105263157894735","188","0.803030303030303","0.39849624060150374","188","0.8484848484848485","0.42105263157894735","188","1.04","0.3466666666666667","188","1","0.3333333333333333","188","1.14","0.38","188","0.92","0.30666666666666664","188","1.06","0.35333333333333333","188","0.86","0.2866666666666667","188","0.8","0.26666666666666666","188","1.04","0.3466666666666667","188","1.02","0.34","188","1.18","0.3933333333333333","188","1.125","0.28125","188","1.175","0.29375"
,"189","0.66","0.66","189","0.59","0.59","189","0.72","0.72","189","0.59","0.59","189","0.64","0.64","189","0.6","0.6","189","0.74","0.74","189","0.54","0.54","189","0.66","0.66","189","0.65","0.65","189","1.0303030303030303","0.5112781954887218","189","0.8787878787878788","0.43609022556390975","189","0.803030303030303","0.39849624060150374","189","0.9090909090909091","0.45112781954887216","189","0.8636363636363636","0.42857142857142855","189","0.9848484848484849","0.48872180451127817","189","0.8787878787878788","0.43609022556390975","189","0.7121212121212122","0.3533834586466165","189","0.6363636363636364","0.3157894736842105","189","0.9545454545454546","0.47368421052631576","189","0.86","0.2866666666666667","189","1.08","0.36","189","1.08","0.36","189","0.94","0.31333333333333335","189","0.92","0.30666666666666664","189","0.8","0.26666666666666666","189","0.8","0.26666666666666666","189","1.14","0.38","189","0.78","0.26","189","1.06","0.35333333333333333","189","1.05","0.2625","189","1.15","0.2875"
,"190","0.56","0.56","190","0.61","0.61","190","0.64","0.64","190","0.59","0.59","190","0.53","0.53","190","0.68","0.68","190","0.63","0.63","190","0.73","0.73","190","0.59","0.59","190","0.7","0.7","190","0.8333333333333334","0.41353383458646614","190","0.8333333333333334","0.41353383458646614","190","0.8181818181818182","0.40601503759398494","190","0.8636363636363636","0.42857142857142855","190","0.8333333333333334","0.41353383458646614","190","0.9242424242424242","0.45864661654135336","190","0.9242424242424242","0.45864661654135336","190","0.7424242424242424","0.3684210526315789","190","0.7878787878787878","0.39097744360902253","190","0.6666666666666666","0.3308270676691729","190","0.68","0.22666666666666666","190","1.06","0.35333333333333333","190","1.26","0.42","190","0.94","0.31333333333333335","190","1.16","0.38666666666666666","190","0.98","0.32666666666666666","190","0.9","0.3","190","1.06","0.35333333333333333","190","1.1","0.36666666666666664","190","1.02","0.34","190","0.925","0.23125","190","1.05","0.2625"
,"191","0.51","0.51","191","0.54","0.54","191","0.51","0.51","191","0.64","0.64","191","0.54","0.54","191","0.58","0.58","191","0.58","0.58","191","0.62","0.62","191","0.65","0.65","191","0.79","0.79","191","0.9545454545454546","0.47368421052631576","191","0.9090909090909091","0.45112781954887216","191","0.7727272727272727","0.38345864661654133","191","0.8939393939393939","0.44360902255639095","191","0.9393939393939394","0.46616541353383456","191","0.8181818181818182","0.40601503759398494","191","0.803030303030303","0.39849624060150374","191","0.7878787878787878","0.39097744360902253","191","0.6363636363636364","0.3157894736842105","191","0.7424242424242424","0.3684210526315789","191","0.72","0.24","191","0.96","0.32","191","1.02","0.34","191","1","0.3333333333333333","191","0.96","0.32","191","1.04","0.3466666666666667","191","0.86","0.2866666666666667","191","1.08","0.36","191","1","0.3333333333333333","191","0.92","0.30666666666666664","191","1.1","0.275","191","1","0.25"
,"192","0.66","0.66","192","0.57","0.57","192","0.59","0.59","192","0.72","0.72","192","0.6","0.6","192","0.54","0.54","192","0.62","0.62","192","0.73","0.73","192","0.48","0.48","192","0.78","0.78","192","0.9545454545454546","0.47368421052631576","192","0.9090909090909091","0.45112781954887216","192","0.7878787878787878","0.39097744360902253","192","0.8181818181818182","0.40601503759398494","192","0.7424242424242424","0.3684210526315789","192","0.8484848484848485","0.42105263157894735","192","0.7424242424242424","0.3684210526315789","192","0.7727272727272727","0.38345864661654133","192","0.7878787878787878","0.39097744360902253","192","0.9545454545454546","0.47368421052631576","192","0.88","0.29333333333333333","192","0.96","0.32","192","0.98","0.32666666666666666","192","1.1","0.36666666666666664","192","0.72","0.24","192","0.98","0.32666666666666666","192","0.94","0.31333333333333335","192","1.06","0.35333333333333333","192","1.08","0.36","192","0.72","0.24","192","0.85","0.2125","192","1.25","0.3125"
,"193","0.62","0.62","193","0.47","0.47","193","0.67","0.67","193","0.65","0.65","193","0.69","0.69","193","0.57","0.57","193","0.64","0.64","193","0.55","0.55","193","0.64","0.64","193","0.84","0.84","193","1.0454545454545454","0.518796992481203","193","0.9242424242424242","0.45864661654135336","193","0.7121212121212122","0.3533834586466165","193","0.9393939393939394","0.46616541353383456","193","0.803030303030303","0.39849624060150374","193","0.7727272727272727","0.38345864661654133","193","0.7121212121212122","0.3533834586466165","193","0.7878787878787878","0.39097744360902253","193","0.8636363636363636","0.42857142857142855","193","0.8484848484848485","0.42105263157894735","193","0.78","0.26","193","0.9","0.3","193","1.26","0.42","193","1","0.3333333333333333","193","1.16","0.38666666666666666","193","0.96","0.32","193","0.94","0.31333333333333335","193","1.04","0.3466666666666667","193","0.84","0.28","193","0.8","0.26666666666666666","193","1.05","0.2625","193","1.125","0.28125"
,"194","0.65","0.65","194","0.63","0.63","194","0.47","0.47","194","0.6","0.6","194","0.67","0.67","194","0.63","0.63","194","0.74","0.74","194","0.66","0.66","194","0.72","0.72","194","0.87","0.87","194","0.9090909090909091","0.45112781954887216","194","0.9090909090909091","0.45112781954887216","194","0.7272727272727273","0.3609022556390977","194","0.8484848484848485","0.42105263157894735","194","0.9242424242424242","0.45864661654135336","194","1.0303030303030303","0.5112781954887218","194","0.8939393939393939","0.44360902255639095","194","0.8636363636363636","0.42857142857142855","194","1","0.49624060150375937","194","0.7727272727272727","0.38345864661654133","194","1.02","0.34","194","0.92","0.30666666666666664","194","1.1","0.36666666666666664","194","0.92","0.30666666666666664","194","1.1","0.36666666666666664","194","1.04","0.3466666666666667","194","0.98","0.32666666666666666","194","0.84","0.28","194","1.2","0.4","194","1.04","0.3466666666666667","194","1.25","0.3125","194","1.125","0.28125"
,"195","0.59","0.59","195","0.64","0.64","195","0.6","0.6","195","0.68","0.68","195","0.68","0.68","195","0.73","0.73","195","0.57","0.57","195","0.61","0.61","195","0.75","0.75","195","0.74","0.74","195","0.9393939393939394","0.46616541353383456","195","0.9848484848484849","0.48872180451127817","195","0.8636363636363636","0.42857142857142855","195","0.9393939393939394","0.46616541353383456","195","0.7727272727272727","0.38345864661654133","195","0.8787878787878788","0.43609022556390975","195","0.8333333333333334","0.41353383458646614","195","0.8333333333333334","0.41353383458646614","195","0.7575757575757576","0.37593984962406013","195","0.9090909090909091","0.45112781954887216","195","1","0.3333333333333333","195","1.08","0.36","195","1.02","0.34","195","0.9","0.3","195","1.1","0.36666666666666664","195","1.04","0.3466666666666667","195","0.92","0.30666666666666664","195","0.74","0.24666666666666667","195","0.88","0.29333333333333333","195","0.78","0.26","195","1.225","0.30625","195","1.325","0.33125"
,"196","0.57","0.57","196","0.7","0.7","196","0.73","0.73","196","0.69","0.69","196","0.73","0.73","196","0.63","0.63","196","0.63","0.63","196","0.62","0.62","196","0.62","0.62","196","0.72","0.72","196","0.9393939393939394","0.46616541353383456","196","0.8939393939393939","0.44360902255639095","196","0.8484848484848485","0.42105263157894735","196","1","0.49624060150375937","196","0.8333333333333334","0.41353383458646614","196","1.0303030303030303","0.5112781954887218","196","0.8787878787878788","0.43609022556390975","196","0.7424242424242424","0.3684210526315789","196","0.6818181818181818","0.3383458646616541","196","0.7575757575757576","0.37593984962406013","196","1.08","0.36","196","0.92","0.30666666666666664","196","1.06","0.35333333333333333","196","0.96","0.32","196","1.1","0.36666666666666664","196","1.06","0.35333333333333333","196","1","0.3333333333333333","196","1.08","0.36","196","1.08","0.36","196","0.84","0.28","196","1.2","0.3","196","1.225","0.30625"
,"197","0.66","0.66","197","0.59","0.59","197","0.68","0.68","197","0.64","0.64","197","0.61","0.61","197","0.62","0.62","197","0.65","0.65","197","0.63","0.63","197","0.68","0.68","197","0.69","0.69","197","0.9545454545454546","0.47368421052631576","197","0.8636363636363636","0.42857142857142855","197","0.9393939393939394","0.46616541353383456","197","0.9393939393939394","0.46616541353383456","197","0.8787878787878788","0.43609022556390975","197","0.8636363636363636","0.42857142857142855","197","0.9090909090909091","0.45112781954887216","197","0.803030303030303","0.39849624060150374","197","0.8333333333333334","0.41353383458646614","197","0.8787878787878788","0.43609022556390975","197","1.1","0.36666666666666664","197","0.72","0.24","197","0.88","0.29333333333333333","197","0.96","0.32","197","0.74","0.24666666666666667","197","1.06","0.35333333333333333","197","1.06","0.35333333333333333","197","1.02","0.34","197","1","0.3333333333333333","197","0.82","0.2733333333333333","197","1.1","0.275","197","1.025","0.25625"
,"198","0.78","0.78","198","0.74","0.74","198","0.48","0.48","198","0.72","0.72","198","0.62","0.62","198","0.75","0.75","198","0.69","0.69","198","0.57","0.57","198","0.72","0.72","198","0.66","0.66","198","1.0303030303030303","0.5112781954887218","198","0.9090909090909091","0.45112781954887216","198","0.7727272727272727","0.38345864661654133","198","0.9696969696969697","0.48120300751879697","198","1","0.49624060150375937","198","0.9696969696969697","0.48120300751879697","198","0.8787878787878788","0.43609022556390975","198","0.9393939393939394","0.46616541353383456","198","0.8181818181818182","0.40601503759398494","198","0.8636363636363636","0.42857142857142855","198","0.76","0.25333333333333335","198","1.02","0.34","198","1.04","0.3466666666666667","198","0.92","0.30666666666666664","198","0.74","0.24666666666666667","198","1.1","0.36666666666666664","198","1.04","0.3466666666666667","198","0.78","0.26","198","1.04","0.3466666666666667","198","0.84","0.28","198","1.025","0.25625","198","1.1","0.275"
,"199","0.6","0.6","199","0.71","0.71","199","0.57","0.57","199","0.63","0.63","199","0.66","0.66","199","0.71","0.71","199","0.54","0.54","199","0.67","0.67","199","0.55","0.55","199","0.69","0.69","199","0.9545454545454546","0.47368421052631576","199","0.7878787878787878","0.39097744360902253","199","0.9090909090909091","0.45112781954887216","199","0.9242424242424242","0.45864661654135336","199","0.9393939393939394","0.46616541353383456","199","0.8484848484848485","0.42105263157894735","199","0.7878787878787878","0.39097744360902253","199","0.8939393939393939","0.44360902255639095","199","1.0303030303030303","0.5112781954887218","199","0.8333333333333334","0.41353383458646614","199","1.02","0.34","199","0.84","0.28","199","0.9","0.3","199","0.82","0.2733333333333333","199","0.74","0.24666666666666667","199","1.12","0.37333333333333335","199","1","0.3333333333333333","199","0.82","0.2733333333333333","199","0.96","0.32","199","0.5","0.16666666666666666","199","1.075","0.26875","199","1.175","0.29375"
,"200","0.82","0.82","200","0.65","0.65","200","0.63","0.63","200","0.62","0.62","200","0.63","0.63","200","0.76","0.76","200","0.56","0.56","200","0.53","0.53","200","0.55","0.55","200","0.65","0.65","200","0.7878787878787878","0.39097744360902253","200","0.7424242424242424","0.3684210526315789","200","0.7121212121212122","0.3533834586466165","200","0.696969696969697","0.3458646616541353","200","0.6666666666666666","0.3308270676691729","200","1","0.49624060150375937","200","0.9090909090909091","0.45112781954887216","200","0.8787878787878788","0.43609022556390975","200","0.803030303030303","0.39849624060150374","200","0.7575757575757576","0.37593984962406013","200","0.88","0.29333333333333333","200","0.94","0.31333333333333335","200","1.12","0.37333333333333335","200","0.96","0.32","200","0.94","0.31333333333333335","200","1.06","0.35333333333333333","200","1.04","0.3466666666666667","200","1.08","0.36","200","1.08","0.36","200","0.82","0.2733333333333333","200","1.175","0.29375","200","1.125","0.28125"
,"201","0.76","0.76","201","0.63","0.63","201","0.68","0.68","201","0.75","0.75","201","0.57","0.57","201","0.74","0.74","201","0.66","0.66","201","0.61","0.61","201","0.57","0.57","201","0.73","0.73","201","1.0909090909090908","0.5413533834586466","201","0.8939393939393939","0.44360902255639095","201","0.803030303030303","0.39849624060150374","201","0.6060606060606061","0.3007518796992481","201","0.9090909090909091","0.45112781954887216","201","1.0606060606060606","0.5263157894736842","201","0.8939393939393939","0.44360902255639095","201","0.8484848484848485","0.42105263157894735","201","0.8787878787878788","0.43609022556390975","201","0.8939393939393939","0.44360902255639095","201","1.06","0.35333333333333333","201","0.9","0.3","201","1.02","0.34","201","0.74","0.24666666666666667","201","1.18","0.3933333333333333","201","0.78","0.26","201","1.02","0.34","201","1.1","0.36666666666666664","201","1.04","0.3466666666666667","201","0.86","0.2866666666666667","201","1.025","0.25625","201","1.125","0.28125"
,"202","0.66","0.66","202","0.72","0.72","202","0.71","0.71","202","0.59","0.59","202","0.66","0.66","202","0.74","0.74","202","0.64","0.64","202","0.69","0.69","202","0.53","0.53","202","0.59","0.59","202","0.8181818181818182","0.40601503759398494","202","0.8787878787878788","0.43609022556390975","202","0.9848484848484849","0.48872180451127817","202","0.8484848484848485","0.42105263157894735","202","0.9090909090909091","0.45112781954887216","202","0.9696969696969697","0.48120300751879697","202","1","0.49624060150375937","202","0.7121212121212122","0.3533834586466165","202","0.9090909090909091","0.45112781954887216","202","0.7121212121212122","0.3533834586466165","202","1.22","0.4066666666666667","202","1.08","0.36","202","1","0.3333333333333333","202","0.82","0.2733333333333333","202","1","0.3333333333333333","202","1.02","0.34","202","0.88","0.29333333333333333","202","0.92","0.30666666666666664","202","0.8","0.26666666666666666","202","0.92","0.30666666666666664","202","1.25","0.3125","202","1.05","0.2625"
,"203","0.7","0.7","203","0.77","0.77","203","0.55","0.55","203","0.67","0.67","203","0.62","0.62","203","0.64","0.64","203","0.65","0.65","203","0.56","0.56","203","0.66","0.66","203","0.81","0.81","203","0.9393939393939394","0.46616541353383456","203","0.7121212121212122","0.3533834586466165","203","0.7121212121212122","0.3533834586466165","203","0.9242424242424242","0.45864661654135336","203","0.9393939393939394","0.46616541353383456","203","0.9242424242424242","0.45864661654135336","203","0.7878787878787878","0.39097744360902253","203","0.7878787878787878","0.39097744360902253","203","0.9393939393939394","0.46616541353383456","203","0.8333333333333334","0.41353383458646614","203","1.22","0.4066666666666667","203","1.02","0.34","203","0.84","0.28","203","0.84","0.28","203","1.02","0.34","203","0.82","0.2733333333333333","203","0.78","0.26","203","1.18","0.3933333333333333","203","0.88","0.29333333333333333","203","0.94","0.31333333333333335","203","1.075","0.26875","203","1","0.25"
,"204","0.64","0.64","204","0.62","0.62","204","0.7","0.7","204","0.66","0.66","204","0.67","0.67","204","0.64","0.64","204","0.64","0.64","204","0.68","0.68","204","0.64","0.64","204","0.76","0.76","204","0.8181818181818182","0.40601503759398494","204","0.8484848484848485","0.42105263157894735","204","0.8636363636363636","0.42857142857142855","204","0.9090909090909091","0.45112781954887216","204","0.8636363636363636","0.42857142857142855","204","0.9393939393939394","0.46616541353383456","204","0.8333333333333334","0.41353383458646614","204","0.8181818181818182","0.40601503759398494","204","0.7272727272727273","0.3609022556390977","204","0.8939393939393939","0.44360902255639095","204","1.12","0.37333333333333335","204","0.98","0.32666666666666666","204","1.18","0.3933333333333333","204","0.86","0.2866666666666667","204","0.92","0.30666666666666664","204","1.18","0.3933333333333333","204","0.86","0.2866666666666667","204","1","0.3333333333333333","204","1","0.3333333333333333","204","0.76","0.25333333333333335","204","1.25","0.3125","204","1","0.25"
,"205","0.57","0.57","205","0.77","0.77","205","0.65","0.65","205","0.63","0.63","205","0.61","0.61","205","0.75","0.75","205","0.64","0.64","205","0.67","0.67","205","0.63","0.63","205","0.67","0.67","205","0.8181818181818182","0.40601503759398494","205","0.7575757575757576","0.37593984962406013","205","0.7424242424242424","0.3684210526315789","205","0.7575757575757576","0.37593984962406013","205","0.8484848484848485","0.42105263157894735","205","0.7424242424242424","0.3684210526315789","205","0.7121212121212122","0.3533834586466165","205","0.7272727272727273","0.3609022556390977","205","0.7424242424242424","0.3684210526315789","205","0.7575757575757576","0.37593984962406013","205","1.02","0.34","205","0.88","0.29333333333333333","205","1.04","0.3466666666666667","205","0.96","0.32","205","1","0.3333333333333333","205","1.1","0.36666666666666664","205","0.92","0.30666666666666664","205","0.86","0.2866666666666667","205","1.06","0.35333333333333333","205","0.86","0.2866666666666667","205","0.85","0.2125","205","0.925","0.23125"
,"206","0.54","0.54","206","0.69","0.69","206","0.73","0.73","206","0.58","0.58","206","0.74","0.74","206","0.79","0.79","206","0.69","0.69","206","0.72","0.72","206","0.65","0.65","206","0.58","0.58","206","1.0606060606060606","0.5263157894736842","206","0.7727272727272727","0.38345864661654133","206","0.9393939393939394","0.46616541353383456","206","0.8939393939393939","0.44360902255639095","206","0.8181818181818182","0.40601503759398494","206","0.8484848484848485","0.42105263157894735","206","0.8181818181818182","0.40601503759398494","206","0.7575757575757576","0.37593984962406013","206","0.8636363636363636","0.42857142857142855","206","0.8939393939393939","0.44360902255639095","206","0.98","0.32666666666666666","206","0.92","0.30666666666666664","206","1.08","0.36","206","0.86","0.2866666666666667","206","1.04","0.3466666666666667","206","1.28","0.4266666666666667","206","0.88","0.29333333333333333","206","1","0.3333333333333333","206","0.98","0.32666666666666666","206","0.82","0.2733333333333333","206","1.025","0.25625","206","1","0.25"
,"207","0.61","0.61","207","0.72","0.72","207","0.64","0.64","207","0.54","0.54","207","0.65","0.65","207","0.74","0.74","207","0.76","0.76","207","0.75","0.75","207","0.54","0.54","207","0.69","0.69","207","0.9848484848484849","0.48872180451127817","207","0.8484848484848485","0.42105263157894735","207","0.8787878787878788","0.43609022556390975","207","0.8484848484848485","0.42105263157894735","207","0.9090909090909091","0.45112781954887216","207","0.7727272727272727","0.38345864661654133","207","0.9393939393939394","0.46616541353383456","207","0.7272727272727273","0.3609022556390977","207","0.6666666666666666","0.3308270676691729","207","0.7121212121212122","0.3533834586466165","207","0.96","0.32","207","0.94","0.31333333333333335","207","0.86","0.2866666666666667","207","1.02","0.34","207","0.86","0.2866666666666667","207","1.22","0.4066666666666667","207","0.76","0.25333333333333335","207","1.06","0.35333333333333333","207","0.98","0.32666666666666666","207","0.9","0.3","207","1.025","0.25625","207","0.95","0.2375"
,"208","0.61","0.61","208","0.7","0.7","208","0.76","0.76","208","0.66","0.66","208","0.7","0.7","208","0.67","0.67","208","0.66","0.66","208","0.71","0.71","208","0.54","0.54","208","0.63","0.63","208","0.8484848484848485","0.42105263157894735","208","0.9696969696969697","0.48120300751879697","208","0.9848484848484849","0.48872180451127817","208","0.9696969696969697","0.48120300751879697","208","0.9242424242424242","0.45864661654135336","208","0.803030303030303","0.39849624060150374","208","0.803030303030303","0.39849624060150374","208","0.696969696969697","0.3458646616541353","208","0.8787878787878788","0.43609022556390975","208","0.6515151515151515","0.3233082706766917","208","1","0.3333333333333333","208","1","0.3333333333333333","208","0.9","0.3","208","0.9","0.3","208","0.94","0.31333333333333335","208","1.14","0.38","208","0.96","0.32","208","1.12","0.37333333333333335","208","1.06","0.35333333333333333","208","0.66","0.22","208","0.825","0.20625","208","1","0.25"
,"209","0.63","0.63","209","0.75","0.75","209","0.67","0.67","209","0.8","0.8","209","0.54","0.54","209","0.67","0.67","209","0.59","0.59","209","0.68","0.68","209","0.72","0.72","209","0.57","0.57","209","0.7424242424242424","0.3684210526315789","209","0.8787878787878788","0.43609022556390975","209","0.9545454545454546","0.47368421052631576","209","0.9696969696969697","0.48120300751879697","209","0.8333333333333334","0.41353383458646614","209","0.9696969696969697","0.48120300751879697","209","1","0.49624060150375937","209","0.6666666666666666","0.3308270676691729","209","0.9090909090909091","0.45112781954887216","209","0.8181818181818182","0.40601503759398494","209","0.98","0.32666666666666666","209","0.88","0.29333333333333333","209","0.84","0.28","209","1","0.3333333333333333","209","0.9","0.3","209","0.82","0.2733333333333333","209","1.04","0.3466666666666667","209","1.08","0.36","209","0.98","0.32666666666666666","209","1","0.3333333333333333","209","0.8","0.2","209","1.3","0.325"
,"210","0.64","0.64","210","0.73","0.73","210","0.63","0.63","210","0.57","0.57","210","0.59","0.59","210","0.72","0.72","210","0.67","0.67","210","0.69","0.69","210","0.77","0.77","210","0.73","0.73","210","0.8636363636363636","0.42857142857142855","210","0.7727272727272727","0.38345864661654133","210","0.7424242424242424","0.3684210526315789","210","1","0.49624060150375937","210","0.8484848484848485","0.42105263157894735","210","0.8333333333333334","0.41353383458646614","210","0.6818181818181818","0.3383458646616541","210","0.7424242424242424","0.3684210526315789","210","0.9848484848484849","0.48872180451127817","210","0.803030303030303","0.39849624060150374","210","1.04","0.3466666666666667","210","0.96","0.32","210","0.9","0.3","210","1.1","0.36666666666666664","210","0.74","0.24666666666666667","210","0.94","0.31333333333333335","210","0.96","0.32","210","1.08","0.36","210","1.04","0.3466666666666667","210","1.08","0.36","210","0.825","0.20625","210","1","0.25"
,"211","0.55","0.55","211","0.72","0.72","211","0.67","0.67","211","0.66","0.66","211","0.51","0.51","211","0.71","0.71","211","0.69","0.69","211","0.55","0.55","211","0.66","0.66","211","0.68","0.68","211","0.8787878787878788","0.43609022556390975","211","0.7878787878787878","0.39097744360902253","211","0.803030303030303","0.39849624060150374","211","0.9090909090909091","0.45112781954887216","211","0.8939393939393939","0.44360902255639095","211","0.9090909090909091","0.45112781954887216","211","0.6818181818181818","0.3383458646616541","211","0.8181818181818182","0.40601503759398494","211","0.7272727272727273","0.3609022556390977","211","0.7424242424242424","0.3684210526315789","211","1.04","0.3466666666666667","211","0.98","0.32666666666666666","211","0.9","0.3","211","1.02","0.34","211","1.04","0.3466666666666667","211","0.9","0.3","211","1.02","0.34","211","1","0.3333333333333333","211","0.8","0.26666666666666666","211","0.9","0.3","211","1.025","0.25625","211","1","0.25"
,"212","0.57","0.57","212","0.64","0.64","212","0.58","0.58","212","0.6","0.6","212","0.61","0.61","212","0.63","0.63","212","0.57","0.57","212","0.64","0.64","212","0.65","0.65","212","0.77","0.77","212","0.7575757575757576","0.37593984962406013","212","1.0303030303030303","0.5112781954887218","212","0.6666666666666666","0.3308270676691729","212","1.106060606060606","0.5488721804511278","212","0.8181818181818182","0.40601503759398494","212","0.8333333333333334","0.41353383458646614","212","0.8333333333333334","0.41353383458646614","212","0.7575757575757576","0.37593984962406013","212","0.8181818181818182","0.40601503759398494","212","0.7878787878787878","0.39097744360902253","212","0.88","0.29333333333333333","212","1","0.3333333333333333","212","0.74","0.24666666666666667","212","0.86","0.2866666666666667","212","0.72","0.24","212","0.94","0.31333333333333335","212","0.74","0.24666666666666667","212","1.2","0.4","212","0.96","0.32","212","0.82","0.2733333333333333","212","1.025","0.25625","212","1.025","0.25625"
,"213","0.67","0.67","213","0.6","0.6","213","0.64","0.64","213","0.55","0.55","213","0.48","0.48","213","0.55","0.55","213","0.72","0.72","213","0.61","0.61","213","0.68","0.68","213","0.63","0.63","213","0.8787878787878788","0.43609022556390975","213","0.7878787878787878","0.39097744360902253","213","0.8636363636363636","0.42857142857142855","213","1.0606060606060606","0.5263157894736842","213","1.0151515151515151","0.5037593984962406","213","0.8333333333333334","0.41353383458646614","213","0.803030303030303","0.39849624060150374","213","0.8484848484848485","0.42105263157894735","213","0.696969696969697","0.3458646616541353","213","0.8484848484848485","0.42105263157894735","213","0.86","0.2866666666666667","213","0.84","0.28","213","0.8","0.26666666666666666","213","0.88","0.29333333333333333","213","0.72","0.24","213","1","0.3333333333333333","213","1.12","0.37333333333333335","213","0.88","0.29333333333333333","213","0.98","0.32666666666666666","213","1.04","0.3466666666666667","213","0.825","0.20625","213","0.875","0.21875"
,"214","0.76","0.76","214","0.76","0.76","214","0.62","0.62","214","0.72","0.72","214","0.62","0.62","214","0.62","0.62","214","0.63","0.63","214","0.67","0.67","214","0.62","0.62","214","0.72","0.72","214","0.8787878787878788","0.43609022556390975","214","0.8333333333333334","0.41353383458646614","214","0.7121212121212122","0.3533834586466165","214","0.9696969696969697","0.48120300751879697","214","0.7575757575757576","0.37593984962406013","214","0.8636363636363636","0.42857142857142855","214","0.6818181818181818","0.3383458646616541","214","0.5757575757575758","0.2857142857142857","214","0.8181818181818182","0.40601503759398494","214","1.0454545454545454","0.518796992481203","214","0.9","0.3","214","0.98","0.32666666666666666","214","1.02","0.34","214","0.84","0.28","214","0.74","0.24666666666666667","214","0.98","0.32666666666666666","214","1.04","0.3466666666666667","214","1.16","0.38666666666666666","214","0.84","0.28","214","1.1","0.36666666666666664","214","0.925","0.23125","214","1.225","0.30625"
,"215","0.81","0.81","215","0.64","0.64","215","0.65","0.65","215","0.62","0.62","215","0.53","0.53","215","0.65","0.65","215","0.64","0.64","215","0.57","0.57","215","0.58","0.58","215","0.62","0.62","215","0.9090909090909091","0.45112781954887216","215","0.9393939393939394","0.46616541353383456","215","0.8181818181818182","0.40601503759398494","215","0.9090909090909091","0.45112781954887216","215","0.8181818181818182","0.40601503759398494","215","0.9545454545454546","0.47368421052631576","215","0.9393939393939394","0.46616541353383456","215","0.8484848484848485","0.42105263157894735","215","0.8181818181818182","0.40601503759398494","215","0.803030303030303","0.39849624060150374","215","0.88","0.29333333333333333","215","0.84","0.28","215","0.74","0.24666666666666667","215","0.84","0.28","215","0.84","0.28","215","1.04","0.3466666666666667","215","1.14","0.38","215","0.98","0.32666666666666666","215","0.62","0.20666666666666667","215","0.74","0.24666666666666667","215","0.9","0.225","215","1.125","0.28125"
,"216","0.72","0.72","216","0.68","0.68","216","0.67","0.67","216","0.62","0.62","216","0.65","0.65","216","0.67","0.67","216","0.61","0.61","216","0.65","0.65","216","0.6","0.6","216","0.57","0.57","216","1","0.49624060150375937","216","1.0303030303030303","0.5112781954887218","216","0.7727272727272727","0.38345864661654133","216","0.8787878787878788","0.43609022556390975","216","0.803030303030303","0.39849624060150374","216","0.9545454545454546","0.47368421052631576","216","0.8636363636363636","0.42857142857142855","216","0.7878787878787878","0.39097744360902253","216","0.6212121212121212","0.3082706766917293","216","0.8939393939393939","0.44360902255639095","216","0.72","0.24","216","0.94","0.31333333333333335","216","1.04","0.3466666666666667","216","0.8","0.26666666666666666","216","0.72","0.24","216","1","0.3333333333333333","216","1.06","0.35333333333333333","216","1.14","0.38","216","0.88","0.29333333333333333","216","0.8","0.26666666666666666","216","1","0.25","216","1.05","0.2625"
,"217","0.63","0.63","217","0.58","0.58","217","0.6","0.6","217","0.78","0.78","217","0.66","0.66","217","0.68","0.68","217","0.57","0.57","217","0.66","0.66","217","0.61","0.61","217","0.78","0.78","217","1.0454545454545454","0.518796992481203","217","0.8787878787878788","0.43609022556390975","217","0.8939393939393939","0.44360902255639095","217","0.8787878787878788","0.43609022556390975","217","0.7727272727272727","0.38345864661654133","217","0.8181818181818182","0.40601503759398494","217","0.696969696969697","0.3458646616541353","217","0.7727272727272727","0.38345864661654133","217","0.7121212121212122","0.3533834586466165","217","0.7727272727272727","0.38345864661654133","217","0.78","0.26","217","0.82","0.2733333333333333","217","1.14","0.38","217","0.76","0.25333333333333335","217","0.78","0.26","217","0.8","0.26666666666666666","217","1.16","0.38666666666666666","217","0.96","0.32","217","1.08","0.36","217","0.94","0.31333333333333335","217","0.75","0.1875","217","1.05","0.2625"
,"218","0.73","0.73","218","0.79","0.79","218","0.82","0.82","218","0.64","0.64","218","0.51","0.51","218","0.65","0.65","218","0.56","0.56","218","0.51","0.51","218","0.7","0.7","218","0.67","0.67","218","0.7272727272727273","0.3609022556390977","218","0.7727272727272727","0.38345864661654133","218","0.7727272727272727","0.38345864661654133","218","0.9090909090909091","0.45112781954887216","218","0.7424242424242424","0.3684210526315789","218","0.7575757575757576","0.37593984962406013","218","0.7727272727272727","0.38345864661654133","218","0.8181818181818182","0.40601503759398494","218","0.8636363636363636","0.42857142857142855","218","0.9393939393939394","0.46616541353383456","218","0.96","0.32","218","0.74","0.24666666666666667","218","1.24","0.41333333333333333","218","0.92","0.30666666666666664","218","0.92","0.30666666666666664","218","0.9","0.3","218","1.02","0.34","218","1.14","0.38","218","1.14","0.38","218","0.9","0.3","218","0.825","0.20625","218","1","0.25"
,"219","0.63","0.63","219","0.67","0.67","219","0.7","0.7","219","0.76","0.76","219","0.56","0.56","219","0.63","0.63","219","0.56","0.56","219","0.67","0.67","219","0.73","0.73","219","0.63","0.63","219","0.6212121212121212","0.3082706766917293","219","0.8636363636363636","0.42857142857142855","219","0.7272727272727273","0.3609022556390977","219","0.9242424242424242","0.45864661654135336","219","0.6666666666666666","0.3308270676691729","219","0.8636363636363636","0.42857142857142855","219","0.8939393939393939","0.44360902255639095","219","0.7575757575757576","0.37593984962406013","219","0.9696969696969697","0.48120300751879697","219","0.8939393939393939","0.44360902255639095","219","0.88","0.29333333333333333","219","0.8","0.26666666666666666","219","1.08","0.36","219","0.76","0.25333333333333335","219","1.04","0.3466666666666667","219","0.96","0.32","219","1","0.3333333333333333","219","0.96","0.32","219","1.06","0.35333333333333333","219","0.72","0.24","219","1.15","0.2875","219","1.075","0.26875"
,"220","0.71","0.71","220","0.62","0.62","220","0.73","0.73","220","0.73","0.73","220","0.56","0.56","220","0.75","0.75","220","0.59","0.59","220","0.6","0.6","220","0.79","0.79","220","0.62","0.62","220","0.8333333333333334","0.41353383458646614","220","0.7878787878787878","0.39097744360902253","220","0.696969696969697","0.3458646616541353","220","0.8333333333333334","0.41353383458646614","220","0.8181818181818182","0.40601503759398494","220","0.9393939393939394","0.46616541353383456","220","0.7575757575757576","0.37593984962406013","220","0.803030303030303","0.39849624060150374","220","0.8333333333333334","0.41353383458646614","220","0.7575757575757576","0.37593984962406013","220","0.84","0.28","220","0.94","0.31333333333333335","220","0.98","0.32666666666666666","220","0.7","0.23333333333333334","220","0.92","0.30666666666666664","220","0.84","0.28","220","0.9","0.3","220","1.24","0.41333333333333333","220","0.98","0.32666666666666666","220","0.86","0.2866666666666667","220","1.375","0.34375","220","1.25","0.3125"
,"221","0.73","0.73","221","0.7","0.7","221","0.62","0.62","221","0.71","0.71","221","0.62","0.62","221","0.69","0.69","221","0.48","0.48","221","0.53","0.53","221","0.69","0.69","221","0.6","0.6","221","1.0151515151515151","0.5037593984962406","221","0.6515151515151515","0.3233082706766917","221","0.6363636363636364","0.3157894736842105","221","0.8333333333333334","0.41353383458646614","221","0.5757575757575758","0.2857142857142857","221","0.9848484848484849","0.48872180451127817","221","0.8484848484848485","0.42105263157894735","221","0.8939393939393939","0.44360902255639095","221","0.9545454545454546","0.47368421052631576","221","0.9848484848484849","0.48872180451127817","221","0.9","0.3","221","0.92","0.30666666666666664","221","0.72","0.24","221","1.04","0.3466666666666667","221","1.06","0.35333333333333333","221","0.9","0.3","221","1","0.3333333333333333","221","1.02","0.34","221","1.02","0.34","221","0.8","0.26666666666666666","221","1.25","0.3125","221","1.125","0.28125"
,"222","0.77","0.77","222","0.76","0.76","222","0.71","0.71","222","0.82","0.82","222","0.64","0.64","222","0.6","0.6","222","0.7","0.7","222","0.58","0.58","222","0.62","0.62","222","0.66","0.66","222","0.8333333333333334","0.41353383458646614","222","0.7575757575757576","0.37593984962406013","222","0.7575757575757576","0.37593984962406013","222","0.803030303030303","0.39849624060150374","222","0.7272727272727273","0.3609022556390977","222","1.0606060606060606","0.5263157894736842","222","0.9393939393939394","0.46616541353383456","222","0.803030303030303","0.39849624060150374","222","1.0151515151515151","0.5037593984962406","222","0.9090909090909091","0.45112781954887216","222","0.86","0.2866666666666667","222","1.3","0.43333333333333335","222","0.78","0.26","222","0.92","0.30666666666666664","222","0.86","0.2866666666666667","222","0.78","0.26","222","0.92","0.30666666666666664","222","0.92","0.30666666666666664","222","1.02","0.34","222","0.88","0.29333333333333333","222","0.975","0.24375","222","1.2","0.3"
,"223","0.63","0.63","223","0.83","0.83","223","0.63","0.63","223","0.65","0.65","223","0.65","0.65","223","0.73","0.73","223","0.63","0.63","223","0.48","0.48","223","0.58","0.58","223","0.61","0.61","223","0.7878787878787878","0.39097744360902253","223","0.8939393939393939","0.44360902255639095","223","0.8333333333333334","0.41353383458646614","223","1.0454545454545454","0.518796992481203","223","0.8181818181818182","0.40601503759398494","223","0.8939393939393939","0.44360902255639095","223","1","0.49624060150375937","223","0.8181818181818182","0.40601503759398494","223","1.0151515151515151","0.5037593984962406","223","0.8484848484848485","0.42105263157894735","223","0.86","0.2866666666666667","223","1.16","0.38666666666666666","223","0.82","0.2733333333333333","223","0.98","0.32666666666666666","223","0.82","0.2733333333333333","223","0.72","0.24","223","1.02","0.34","223","0.94","0.31333333333333335","223","1.1","0.36666666666666664","223","0.96","0.32","223","0.975","0.24375","223","1.025","0.25625"
,"224","0.72","0.72","224","0.81","0.81","224","0.52","0.52","224","0.61","0.61","224","0.63","0.63","224","0.61","0.61","224","0.65","0.65","224","0.62","0.62","224","0.63","0.63","224","0.51","0.51","224","1.0454545454545454","0.518796992481203","224","0.5909090909090909","0.2932330827067669","224","0.7121212121212122","0.3533834586466165","224","0.803030303030303","0.39849624060150374","224","0.803030303030303","0.39849624060150374","224","0.9696969696969697","0.48120300751879697","224","0.8484848484848485","0.42105263157894735","224","0.8787878787878788","0.43609022556390975","224","0.9545454545454546","0.47368421052631576","224","0.9242424242424242","0.45864661654135336","224","0.98","0.32666666666666666","224","1.14","0.38","224","0.96","0.32","224","1.06","0.35333333333333333","224","0.96","0.32","224","0.78","0.26","224","0.92","0.30666666666666664","224","0.98","0.32666666666666666","224","1.12","0.37333333333333335","224","0.88","0.29333333333333333","224","1.25","0.3125","224","1","0.25"
,"225","0.5","0.5","225","0.72","0.72","225","0.5","0.5","225","0.76","0.76","225","0.62","0.62","225","0.66","0.66","225","0.63","0.63","225","0.62","0.62","225","0.62","0.62","225","0.54","0.54","225","0.8636363636363636","0.42857142857142855","225","0.6060606060606061","0.3007518796992481","225","0.8484848484848485","0.42105263157894735","225","0.8939393939393939","0.44360902255639095","225","0.8484848484848485","0.42105263157894735","225","0.7727272727272727","0.38345864661654133","225","1.0151515151515151","0.5037593984962406","225","0.6818181818181818","0.3383458646616541","225","0.9545454545454546","0.47368421052631576","225","0.9242424242424242","0.45864661654135336","225","0.94","0.31333333333333335","225","1","0.3333333333333333","225","0.9","0.3","225","1.28","0.4266666666666667","225","0.8","0.26666666666666666","225","1.06","0.35333333333333333","225","1.06","0.35333333333333333","225","0.84","0.28","225","1.18","0.3933333333333333","225","0.84","0.28","225","1.125","0.28125","225","1.15","0.2875"
,"226","0.63","0.63","226","0.67","0.67","226","0.61","0.61","226","0.65","0.65","226","0.54","0.54","226","0.62","0.62","226","0.61","0.61","226","0.58","0.58","226","0.63","0.63","226","0.58","0.58","226","0.803030303030303","0.39849624060150374","226","0.8787878787878788","0.43609022556390975","226","0.8787878787878788","0.43609022556390975","226","0.7727272727272727","0.38345864661654133","226","0.7272727272727273","0.3609022556390977","226","0.8939393939393939","0.44360902255639095","226","0.9090909090909091","0.45112781954887216","226","0.8636363636363636","0.42857142857142855","226","0.8484848484848485","0.42105263157894735","226","0.7424242424242424","0.3684210526315789","226","0.98","0.32666666666666666","226","1.04","0.3466666666666667","226","1.1","0.36666666666666664","226","0.9","0.3","226","0.84","0.28","226","0.9","0.3","226","1.1","0.36666666666666664","226","1","0.3333333333333333","226","0.76","0.25333333333333335","226","1.02","0.34","226","1.25","0.3125","226","0.925","0.23125"
,"227","0.59","0.59","227","0.82","0.82","227","0.55","0.55","227","0.74","0.74","227","0.55","0.55","227","0.65","0.65","227","0.63","0.63","227","0.47","0.47","227","0.6","0.6","227","0.51","0.51","227","0.8939393939393939","0.44360902255639095","227","0.7272727272727273","0.3609022556390977","227","0.9090909090909091","0.45112781954887216","227","0.8787878787878788","0.43609022556390975","227","1.0151515151515151","0.5037593984962406","227","0.9545454545454546","0.47368421052631576","227","0.6818181818181818","0.3383458646616541","227","0.9848484848484849","0.48872180451127817","227","0.7727272727272727","0.38345864661654133","227","0.8181818181818182","0.40601503759398494","227","0.92","0.30666666666666664","227","1.02","0.34","227","0.74","0.24666666666666667","227","1.08","0.36","227","1","0.3333333333333333","227","0.92","0.30666666666666664","227","1.02","0.34","227","1.12","0.37333333333333335","227","0.92","0.30666666666666664","227","1.02","0.34","227","1.1","0.275","227","1.1","0.275"
,"228","0.45","0.45","228","0.77","0.77","228","0.62","0.62","228","0.73","0.73","228","0.59","0.59","228","0.63","0.63","228","0.66","0.66","228","0.5","0.5","228","0.59","0.59","228","0.6","0.6","228","0.8484848484848485","0.42105263157894735","228","0.803030303030303","0.39849624060150374","228","0.7878787878787878","0.39097744360902253","228","0.8636363636363636","0.42857142857142855","228","0.8181818181818182","0.40601503759398494","228","0.9545454545454546","0.47368421052631576","228","0.8181818181818182","0.40601503759398494","228","0.9393939393939394","0.46616541353383456","228","0.9848484848484849","0.48872180451127817","228","0.8484848484848485","0.42105263157894735","228","0.9","0.3","228","1","0.3333333333333333","228","1.02","0.34","228","0.84","0.28","228","0.94","0.31333333333333335","228","0.98","0.32666666666666666","228","0.9","0.3","228","1.02","0.34","228","0.9","0.3","228","0.94","0.31333333333333335","228","1.225","0.30625","228","1.125","0.28125"
,"229","0.52","0.52","229","0.8","0.8","229","0.75","0.75","229","0.71","0.71","229","0.67","0.67","229","0.66","0.66","229","0.62","0.62","229","0.64","0.64","229","0.74","0.74","229","0.56","0.56","229","0.8181818181818182","0.40601503759398494","229","0.8939393939393939","0.44360902255639095","229","0.8181818181818182","0.40601503759398494","229","0.7878787878787878","0.39097744360902253","229","0.8636363636363636","0.42857142857142855","229","0.8484848484848485","0.42105263157894735","229","0.7878787878787878","0.39097744360902253","229","0.696969696969697","0.3458646616541353","229","0.9848484848484849","0.48872180451127817","229","0.7272727272727273","0.3609022556390977","229","1.08","0.36","229","1.12","0.37333333333333335","229","0.92","0.30666666666666664","229","1.1","0.36666666666666664","229","1.04","0.3466666666666667","229","0.9","0.3","229","0.78","0.26","229","0.92","0.30666666666666664","229","0.92","0.30666666666666664","229","0.98","0.32666666666666666","229","1.175","0.29375","229","1.05","0.2625"
,"230","0.67","0.67","230","0.67","0.67","230","0.63","0.63","230","0.65","0.65","230","0.71","0.71","230","0.67","0.67","230","0.65","0.65","230","0.63","0.63","230","0.63","0.63","230","0.71","0.71","230","0.9393939393939394","0.46616541353383456","230","0.8939393939393939","0.44360902255639095","230","0.7121212121212122","0.3533834586466165","230","0.8939393939393939","0.44360902255639095","230","0.9090909090909091","0.45112781954887216","230","0.7575757575757576","0.37593984962406013","230","0.803030303030303","0.39849624060150374","230","0.6515151515151515","0.3233082706766917","230","0.7121212121212122","0.3533834586466165","230","0.7424242424242424","0.3684210526315789","230","1.2","0.4","230","0.98","0.32666666666666666","230","1.08","0.36","230","1.16","0.38666666666666666","230","1.02","0.34","230","0.84","0.28","230","0.88","0.29333333333333333","230","0.84","0.28","230","0.78","0.26","230","0.96","0.32","230","1.05","0.2625","230","1.05","0.2625"
,"231","0.67","0.67","231","0.58","0.58","231","0.6","0.6","231","0.66","0.66","231","0.54","0.54","231","0.67","0.67","231","0.71","0.71","231","0.59","0.59","231","0.65","0.65","231","0.63","0.63","231","0.9242424242424242","0.45864661654135336","231","0.8787878787878788","0.43609022556390975","231","0.7424242424242424","0.3684210526315789","231","1.0606060606060606","0.5263157894736842","231","0.8787878787878788","0.43609022556390975","231","0.9848484848484849","0.48872180451127817","231","0.7575757575757576","0.37593984962406013","231","0.8484848484848485","0.42105263157894735","231","0.7575757575757576","0.37593984962406013","231","0.6515151515151515","0.3233082706766917","231","1.14","0.38","231","0.9","0.3","231","0.96","0.32","231","1","0.3333333333333333","231","0.94","0.31333333333333335","231","1","0.3333333333333333","231","0.9","0.3","231","0.94","0.31333333333333335","231","0.96","0.32","231","0.84","0.28","231","1.025","0.25625","231","1.3","0.325"
,"232","0.49","0.49","232","0.5","0.5","232","0.64","0.64","232","0.63","0.63","232","0.56","0.56","232","0.57","0.57","232","0.71","0.71","232","0.63","0.63","232","0.69","0.69","232","0.65","0.65","232","0.8787878787878788","0.43609022556390975","232","0.7272727272727273","0.3609022556390977","232","0.7575757575757576","0.37593984962406013","232","0.8333333333333334","0.41353383458646614","232","0.8939393939393939","0.44360902255639095","232","0.8181818181818182","0.40601503759398494","232","0.8787878787878788","0.43609022556390975","232","0.7272727272727273","0.3609022556390977","232","0.8333333333333334","0.41353383458646614","232","0.7878787878787878","0.39097744360902253","232","1.28","0.4266666666666667","232","1","0.3333333333333333","232","1","0.3333333333333333","232","0.98","0.32666666666666666","232","0.88","0.29333333333333333","232","0.96","0.32","232","1.12","0.37333333333333335","232","0.98","0.32666666666666666","232","1.12","0.37333333333333335","232","1.06","0.35333333333333333","232","1.25","0.3125","232","0.925","0.23125"
,"233","0.61","0.61","233","0.64","0.64","233","0.67","0.67","233","0.65","0.65","233","0.62","0.62","233","0.71","0.71","233","0.71","0.71","233","0.65","0.65","233","0.58","0.58","233","0.69","0.69","233","0.8333333333333334","0.41353383458646614","233","0.8484848484848485","0.42105263157894735","233","0.7878787878787878","0.39097744360902253","233","0.9393939393939394","0.46616541353383456","233","0.7575757575757576","0.37593984962406013","233","0.9696969696969697","0.48120300751879697","233","0.9090909090909091","0.45112781954887216","233","0.7121212121212122","0.3533834586466165","233","0.9090909090909091","0.45112781954887216","233","0.6818181818181818","0.3383458646616541","233","0.84","0.28","233","0.9","0.3","233","0.88","0.29333333333333333","233","0.94","0.31333333333333335","233","1.08","0.36","233","1.08","0.36","233","1.2","0.4","233","0.8","0.26666666666666666","233","0.86","0.2866666666666667","233","1","0.3333333333333333","233","1.1","0.275","233","0.825","0.20625"
,"234","0.68","0.68","234","0.71","0.71","234","0.59","0.59","234","0.68","0.68","234","0.68","0.68","234","0.69","0.69","234","0.7","0.7","234","0.67","0.67","234","0.61","0.61","234","0.57","0.57","234","0.7878787878787878","0.39097744360902253","234","0.7727272727272727","0.38345864661654133","234","0.8787878787878788","0.43609022556390975","234","0.8181818181818182","0.40601503759398494","234","0.7878787878787878","0.39097744360902253","234","1.0151515151515151","0.5037593984962406","234","0.8939393939393939","0.44360902255639095","234","0.7121212121212122","0.3533834586466165","234","0.9696969696969697","0.48120300751879697","234","0.8333333333333334","0.41353383458646614","234","1.1","0.36666666666666664","234","0.84","0.28","234","1.18","0.3933333333333333","234","0.94","0.31333333333333335","234","0.92","0.30666666666666664","234","1.02","0.34","234","1.06","0.35333333333333333","234","0.82","0.2733333333333333","234","1.18","0.3933333333333333","234","0.8","0.26666666666666666","234","0.95","0.2375","234","1.025","0.25625"
,"235","0.67","0.67","235","0.8","0.8","235","0.76","0.76","235","0.67","0.67","235","0.7","0.7","235","0.7","0.7","235","0.65","0.65","235","0.58","0.58","235","0.56","0.56","235","0.58","0.58","235","1","0.49624060150375937","235","0.8939393939393939","0.44360902255639095","235","0.8636363636363636","0.42857142857142855","235","0.7878787878787878","0.39097744360902253","235","0.7272727272727273","0.3609022556390977","235","0.9545454545454546","0.47368421052631576","235","0.8333333333333334","0.41353383458646614","235","0.7727272727272727","0.38345864661654133","235","0.8333333333333334","0.41353383458646614","235","0.9545454545454546","0.47368421052631576","235","0.94","0.31333333333333335","235","0.94","0.31333333333333335","235","1.12","0.37333333333333335","235","0.88","0.29333333333333333","235","0.9","0.3","235","1.04","0.3466666666666667","235","1.1","0.36666666666666664","235","0.98","0.32666666666666666","235","0.98","0.32666666666666666","235","0.86","0.2866666666666667","235","0.775","0.19375","235","1.15","0.2875"
,"236","0.64","0.64","236","0.66","0.66","236","0.71","0.71","236","0.67","0.67","236","0.67","0.67","236","0.53","0.53","236","0.76","0.76","236","0.65","0.65","236","0.55","0.55","236","0.63","0.63","236","0.7575757575757576","0.37593984962406013","236","0.9393939393939394","0.46616541353383456","236","0.9242424242424242","0.45864661654135336","236","0.8636363636363636","0.42857142857142855","236","0.8636363636363636","0.42857142857142855","236","0.9696969696969697","0.48120300751879697","236","0.7575757575757576","0.37593984962406013","236","0.7121212121212122","0.3533834586466165","236","0.7727272727272727","0.38345864661654133","236","1.0757575757575757","0.5338345864661654","236","1.24","0.41333333333333333","236","0.94","0.31333333333333335","236","1.42","0.47333333333333333","236","0.94","0.31333333333333335","236","1.04","0.3466666666666667","236","0.74","0.24666666666666667","236","0.88","0.29333333333333333","236","0.94","0.31333333333333335","236","0.8","0.26666666666666666","236","0.74","0.24666666666666667","236","1.05","0.2625","236","1.3","0.325"
,"237","0.63","0.63","237","0.48","0.48","237","0.64","0.64","237","0.72","0.72","237","0.61","0.61","237","0.65","0.65","237","0.66","0.66","237","0.67","0.67","237","0.55","0.55","237","0.73","0.73","237","0.8484848484848485","0.42105263157894735","237","0.8484848484848485","0.42105263157894735","237","0.8636363636363636","0.42857142857142855","237","0.8939393939393939","0.44360902255639095","237","0.8181818181818182","0.40601503759398494","237","0.9696969696969697","0.48120300751879697","237","0.9696969696969697","0.48120300751879697","237","0.8636363636363636","0.42857142857142855","237","0.7727272727272727","0.38345864661654133","237","0.9090909090909091","0.45112781954887216","237","0.86","0.2866666666666667","237","0.76","0.25333333333333335","237","1.06","0.35333333333333333","237","1.06","0.35333333333333333","237","0.96","0.32","237","1.02","0.34","237","1.02","0.34","237","0.96","0.32","237","0.9","0.3","237","0.9","0.3","237","0.975","0.24375","237","1.05","0.2625"
,"238","0.69","0.69","238","0.73","0.73","238","0.66","0.66","238","0.71","0.71","238","0.57","0.57","238","0.63","0.63","238","0.54","0.54","238","0.54","0.54","238","0.57","0.57","238","0.58","0.58","238","0.8787878787878788","0.43609022556390975","238","0.9545454545454546","0.47368421052631576","238","0.9242424242424242","0.45864661654135336","238","0.8333333333333334","0.41353383458646614","238","0.8636363636363636","0.42857142857142855","238","1.0151515151515151","0.5037593984962406","238","0.9848484848484849","0.48872180451127817","238","0.9242424242424242","0.45864661654135336","238","0.9696969696969697","0.48120300751879697","238","0.9242424242424242","0.45864661654135336","238","1.12","0.37333333333333335","238","0.96","0.32","238","0.98","0.32666666666666666","238","1","0.3333333333333333","238","0.9","0.3","238","1","0.3333333333333333","238","1.12","0.37333333333333335","238","1.02","0.34","238","0.82","0.2733333333333333","238","0.92","0.30666666666666664","238","1.125","0.28125","238","1.1","0.275"
,"239","0.52","0.52","239","0.66","0.66","239","0.58","0.58","239","0.63","0.63","239","0.58","0.58","239","0.63","0.63","239","0.72","0.72","239","0.53","0.53","239","0.67","0.67","239","0.61","0.61","239","0.803030303030303","0.39849624060150374","239","0.9090909090909091","0.45112781954887216","239","0.8787878787878788","0.43609022556390975","239","0.803030303030303","0.39849624060150374","239","0.6515151515151515","0.3233082706766917","239","1.106060606060606","0.5488721804511278","239","0.8939393939393939","0.44360902255639095","239","0.7121212121212122","0.3533834586466165","239","0.9545454545454546","0.47368421052631576","239","0.8787878787878788","0.43609022556390975","239","1.26","0.42","239","0.94","0.31333333333333335","239","1.1","0.36666666666666664","239","0.96","0.32","239","1.02","0.34","239","0.9","0.3","239","0.92","0.30666666666666664","239","0.94","0.31333333333333335","239","0.8","0.26666666666666666","239","1.06","0.35333333333333333","239","1.325","0.33125","239","0.975","0.24375"
,"240","0.59","0.59","240","0.76","0.76","240","0.56","0.56","240","0.64","0.64","240","0.6","0.6","240","0.61","0.61","240","0.72","0.72","240","0.68","0.68","240","0.59","0.59","240","0.58","0.58","240","0.7878787878787878","0.39097744360902253","240","0.9393939393939394","0.46616541353383456","240","0.8939393939393939","0.44360902255639095","240","0.8636363636363636","0.42857142857142855","240","0.7878787878787878","0.39097744360902253","240","1.0454545454545454","0.518796992481203","240","0.8636363636363636","0.42857142857142855","240","0.8939393939393939","0.44360902255639095","240","0.9090909090909091","0.45112781954887216","240","0.803030303030303","0.39849624060150374","240","1.04","0.3466666666666667","240","1.04","0.3466666666666667","240","0.94","0.31333333333333335","240","0.9","0.3","240","1.12","0.37333333333333335","240","0.76","0.25333333333333335","240","0.88","0.29333333333333333","240","1.08","0.36","240","0.9","0.3","240","0.88","0.29333333333333333","240","1.125","0.28125","240","0.925","0.23125"
,"241","0.6","0.6","241","0.84","0.84","241","0.61","0.61","241","0.73","0.73","241","0.67","0.67","241","0.69","0.69","241","0.7","0.7","241","0.61","0.61","241","0.68","0.68","241","0.67","0.67","241","0.7727272727272727","0.38345864661654133","241","0.8484848484848485","0.42105263157894735","241","0.9242424242424242","0.45864661654135336","241","0.8787878787878788","0.43609022556390975","241","0.8636363636363636","0.42857142857142855","241","1.196969696969697","0.5939849624060151","241","0.9848484848484849","0.48872180451127817","241","0.8484848484848485","0.42105263157894735","241","0.8484848484848485","0.42105263157894735","241","0.9242424242424242","0.45864661654135336","241","0.8","0.26666666666666666","241","1.04","0.3466666666666667","241","1.06","0.35333333333333333","241","0.76","0.25333333333333335","241","1.08","0.36","241","0.78","0.26","241","0.92","0.30666666666666664","241","0.92","0.30666666666666664","241","0.74","0.24666666666666667","241","0.94","0.31333333333333335","241","1.2","0.3","241","0.825","0.20625"
,"242","0.69","0.69","242","0.68","0.68","242","0.51","0.51","242","0.69","0.69","242","0.69","0.69","242","0.65","0.65","242","0.69","0.69","242","0.59","0.59","242","0.56","0.56","242","0.63","0.63","242","0.8181818181818182","0.40601503759398494","242","1","0.49624060150375937","242","0.9090909090909091","0.45112781954887216","242","0.803030303030303","0.39849624060150374","242","0.7424242424242424","0.3684210526315789","242","1.0303030303030303","0.5112781954887218","242","0.8787878787878788","0.43609022556390975","242","0.6212121212121212","0.3082706766917293","242","0.8939393939393939","0.44360902255639095","242","0.8636363636363636","0.42857142857142855","242","0.96","0.32","242","1.18","0.3933333333333333","242","0.86","0.2866666666666667","242","0.8","0.26666666666666666","242","0.86","0.2866666666666667","242","0.7","0.23333333333333334","242","0.84","0.28","242","1","0.3333333333333333","242","1.06","0.35333333333333333","242","1.02","0.34","242","1.025","0.25625","242","1.15","0.2875"
,"243","0.76","0.76","243","0.8","0.8","243","0.56","0.56","243","0.63","0.63","243","0.61","0.61","243","0.74","0.74","243","0.67","0.67","243","0.59","0.59","243","0.49","0.49","243","0.64","0.64","243","0.9242424242424242","0.45864661654135336","243","0.9242424242424242","0.45864661654135336","243","0.803030303030303","0.39849624060150374","243","0.803030303030303","0.39849624060150374","243","0.8939393939393939","0.44360902255639095","243","1.0757575757575757","0.5338345864661654","243","0.803030303030303","0.39849624060150374","243","0.8636363636363636","0.42857142857142855","243","0.9090909090909091","0.45112781954887216","243","0.7575757575757576","0.37593984962406013","243","0.84","0.28","243","1","0.3333333333333333","243","0.82","0.2733333333333333","243","0.96","0.32","243","1.06","0.35333333333333333","243","1.04","0.3466666666666667","243","0.84","0.28","243","1.04","0.3466666666666667","243","0.96","0.32","243","0.98","0.32666666666666666","243","1","0.25","243","1.175","0.29375"
,"244","0.71","0.71","244","0.77","0.77","244","0.65","0.65","244","0.51","0.51","244","0.64","0.64","244","0.67","0.67","244","0.6","0.6","244","0.53","0.53","244","0.48","0.48","244","0.69","0.69","244","0.7727272727272727","0.38345864661654133","244","0.9090909090909091","0.45112781954887216","244","0.9090909090909091","0.45112781954887216","244","0.8787878787878788","0.43609022556390975","244","0.9090909090909091","0.45112781954887216","244","1.1515151515151516","0.5714285714285714","244","0.7121212121212122","0.3533834586466165","244","0.803030303030303","0.39849624060150374","244","0.9393939393939394","0.46616541353383456","244","0.9242424242424242","0.45864661654135336","244","0.86","0.2866666666666667","244","1.14","0.38","244","0.74","0.24666666666666667","244","1.04","0.3466666666666667","244","0.94","0.31333333333333335","244","0.98","0.32666666666666666","244","0.8","0.26666666666666666","244","0.92","0.30666666666666664","244","0.82","0.2733333333333333","244","0.78","0.26","244","0.9","0.225","244","1.225","0.30625"
,"245","0.74","0.74","245","0.66","0.66","245","0.59","0.59","245","0.56","0.56","245","0.51","0.51","245","0.72","0.72","245","0.63","0.63","245","0.58","0.58","245","0.62","0.62","245","0.51","0.51","245","0.8787878787878788","0.43609022556390975","245","0.8939393939393939","0.44360902255639095","245","0.8636363636363636","0.42857142857142855","245","1.0303030303030303","0.5112781954887218","245","0.9393939393939394","0.46616541353383456","245","0.9393939393939394","0.46616541353383456","245","0.6666666666666666","0.3308270676691729","245","0.8939393939393939","0.44360902255639095","245","0.9090909090909091","0.45112781954887216","245","0.9545454545454546","0.47368421052631576","245","1.24","0.41333333333333333","245","1.02","0.34","245","0.78","0.26","245","0.98","0.32666666666666666","245","0.96","0.32","245","0.96","0.32","245","0.64","0.21333333333333335","245","0.92","0.30666666666666664","245","1.08","0.36","245","0.86","0.2866666666666667","245","0.9","0.225","245","1.075","0.26875"
,"246","0.61","0.61","246","0.72","0.72","246","0.76","0.76","246","0.66","0.66","246","0.6","0.6","246","0.62","0.62","246","0.6","0.6","246","0.61","0.61","246","0.57","0.57","246","0.64","0.64","246","0.8333333333333334","0.41353383458646614","246","0.8333333333333334","0.41353383458646614","246","0.8636363636363636","0.42857142857142855","246","1.0454545454545454","0.518796992481203","246","0.9393939393939394","0.46616541353383456","246","0.9545454545454546","0.47368421052631576","246","0.803030303030303","0.39849624060150374","246","0.803030303030303","0.39849624060150374","246","0.8787878787878788","0.43609022556390975","246","0.9090909090909091","0.45112781954887216","246","1.08","0.36","246","0.98","0.32666666666666666","246","1.04","0.3466666666666667","246","0.98","0.32666666666666666","246","1.14","0.38","246","1.1","0.36666666666666664","246","0.94","0.31333333333333335","246","0.88","0.29333333333333333","246","1.02","0.34","246","0.76","0.25333333333333335","246","0.825","0.20625","246","0.95","0.2375"
,"247","0.69","0.69","247","0.71","0.71","247","0.65","0.65","247","0.58","0.58","247","0.65","0.65","247","0.63","0.63","247","0.52","0.52","247","0.62","0.62","247","0.56","0.56","247","0.72","0.72","247","0.8333333333333334","0.41353383458646614","247","0.9242424242424242","0.45864661654135336","247","0.8787878787878788","0.43609022556390975","247","1.0151515151515151","0.5037593984962406","247","0.8939393939393939","0.44360902255639095","247","0.9696969696969697","0.48120300751879697","247","0.8636363636363636","0.42857142857142855","247","0.6212121212121212","0.3082706766917293","247","1.0151515151515151","0.5037593984962406","247","0.9090909090909091","0.45112781954887216","247","0.9","0.3","247","1.06","0.35333333333333333","247","0.86","0.2866666666666667","247","0.88","0.29333333333333333","247","0.96","0.32","247","0.94","0.31333333333333335","247","0.94","0.31333333333333335","247","1.04","0.3466666666666667","247","0.92","0.30666666666666664","247","0.9","0.3","247","1.275","0.31875","247","1.1","0.275"
,"248","0.69","0.69","248","0.59","0.59","248","0.6","0.6","248","0.54","0.54","248","0.74","0.74","248","0.56","0.56","248","0.69","0.69","248","0.63","0.63","248","0.61","0.61","248","0.68","0.68","248","1.0151515151515151","0.5037593984962406","248","0.8333333333333334","0.41353383458646614","248","0.7727272727272727","0.38345864661654133","248","0.8181818181818182","0.40601503759398494","248","0.7878787878787878","0.39097744360902253","248","0.8484848484848485","0.42105263157894735","248","0.7575757575757576","0.37593984962406013","248","0.8484848484848485","0.42105263157894735","248","0.8939393939393939","0.44360902255639095","248","0.8484848484848485","0.42105263157894735","248","1.16","0.38666666666666666","248","1.06","0.35333333333333333","248","0.76","0.25333333333333335","248","0.88","0.29333333333333333","248","1.14","0.38","248","1.04","0.3466666666666667","248","0.84","0.28","248","0.86","0.2866666666666667","248","1","0.3333333333333333","248","0.96","0.32","248","0.975","0.24375","248","1.1","0.275"
,"249","0.61","0.61","249","0.54","0.54","249","0.55","0.55","249","0.49","0.49","249","0.68","0.68","249","0.47","0.47","249","0.66","0.66","249","0.65","0.65","249","0.62","0.62","249","0.63","0.63","249","0.8939393939393939","0.44360902255639095","249","0.696969696969697","0.3458646616541353","249","0.8181818181818182","0.40601503759398494","249","0.7727272727272727","0.38345864661654133","249","0.8787878787878788","0.43609022556390975","249","0.9545454545454546","0.47368421052631576","249","0.9242424242424242","0.45864661654135336","249","0.8787878787878788","0.43609022556390975","249","0.9696969696969697","0.48120300751879697","249","0.8636363636363636","0.42857142857142855","249","1.04","0.3466666666666667","249","0.8","0.26666666666666666","249","0.66","0.22","249","0.92","0.30666666666666664","249","1.02","0.34","249","0.9","0.3","249","0.98","0.32666666666666666","249","1.1","0.36666666666666664","249","0.92","0.30666666666666664","249","0.86","0.2866666666666667","249","1.1","0.275","249","1.125","0.28125"
,"250","0.54","0.54","250","0.76","0.76","250","0.65","0.65","250","0.63","0.63","250","0.56","0.56","250","0.51","0.51","250","0.6","0.6","250","0.55","0.55","250","0.66","0.66","250","0.54","0.54","250","0.9090909090909091","0.45112781954887216","250","0.8636363636363636","0.42857142857142855","250","0.8787878787878788","0.43609022556390975","250","0.8333333333333334","0.41353383458646614","250","0.803030303030303","0.39849624060150374","250","1.1818181818181819","0.5864661654135338","250","0.803030303030303","0.39849624060150374","250","0.8939393939393939","0.44360902255639095","250","0.9545454545454546","0.47368421052631576","250","0.7878787878787878","0.39097744360902253","250","0.94","0.31333333333333335","250","0.88","0.29333333333333333","250","0.84","0.28","250","0.88","0.29333333333333333","250","1.18","0.3933333333333333","250","1.06","0.35333333333333333","250","1.02","0.34","250","1.04","0.3466666666666667","250","0.9","0.3","250","0.82","0.2733333333333333","250","0.9","0.225","250","1.25","0.3125"
,"251","0.5","0.5","251","0.68","0.68","251","0.65","0.65","251","0.64","0.64","251","0.6","0.6","251","0.62","0.62","251","0.56","0.56","251","0.67","0.67","251","0.63","0.63","251","0.67","0.67","251","0.8939393939393939","0.44360902255639095","251","0.9090909090909091","0.45112781954887216","251","0.8939393939393939","0.44360902255639095","251","0.9090909090909091","0.45112781954887216","251","0.8333333333333334","0.41353383458646614","251","0.8787878787878788","0.43609022556390975","251","0.9848484848484849","0.48872180451127817","251","0.9090909090909091","0.45112781954887216","251","1.0151515151515151","0.5037593984962406","251","0.6212121212121212","0.3082706766917293","251","0.92","0.30666666666666664","251","1.1","0.36666666666666664","251","0.86","0.2866666666666667","251","1","0.3333333333333333","251","0.82","0.2733333333333333","251","1.18","0.3933333333333333","251","0.9","0.3","251","0.8","0.26666666666666666","251","0.94","0.31333333333333335","251","1.02","0.34","251","0.925","0.23125","251","1.2","0.3"
,"252","0.71","0.71","252","0.62","0.62","252","0.74","0.74","252","0.62","0.62","252","0.54","0.54","252","0.67","0.67","252","0.54","0.54","252","0.71","0.71","252","0.58","0.58","252","0.68","0.68","252","0.803030303030303","0.39849624060150374","252","0.9545454545454546","0.47368421052631576","252","0.9242424242424242","0.45864661654135336","252","0.7272727272727273","0.3609022556390977","252","0.6515151515151515","0.3233082706766917","252","1.0757575757575757","0.5338345864661654","252","0.9242424242424242","0.45864661654135336","252","0.8333333333333334","0.41353383458646614","252","0.9848484848484849","0.48872180451127817","252","0.7272727272727273","0.3609022556390977","252","1.14","0.38","252","0.72","0.24","252","1","0.3333333333333333","252","1.06","0.35333333333333333","252","0.88","0.29333333333333333","252","0.96","0.32","252","0.96","0.32","252","0.72","0.24","252","0.92","0.30666666666666664","252","1.04","0.3466666666666667","252","1.025","0.25625","252","0.925","0.23125"
,"253","0.55","0.55","253","0.47","0.47","253","0.6","0.6","253","0.57","0.57","253","0.69","0.69","253","0.72","0.72","253","0.63","0.63","253","0.65","0.65","253","0.63","0.63","253","0.6","0.6","253","0.7272727272727273","0.3609022556390977","253","0.9090909090909091","0.45112781954887216","253","0.7575757575757576","0.37593984962406013","253","0.7727272727272727","0.38345864661654133","253","0.8484848484848485","0.42105263157894735","253","0.9242424242424242","0.45864661654135336","253","0.7575757575757576","0.37593984962406013","253","0.9242424242424242","0.45864661654135336","253","0.7878787878787878","0.39097744360902253","253","0.7575757575757576","0.37593984962406013","253","0.98","0.32666666666666666","253","0.68","0.22666666666666666","253","0.84","0.28","253","0.98","0.32666666666666666","253","0.98","0.32666666666666666","253","0.86","0.2866666666666667","253","0.74","0.24666666666666667","253","0.88","0.29333333333333333","253","0.8","0.26666666666666666","253","1.06","0.35333333333333333","253","1.075","0.26875","253","1.05","0.2625"
,"254","0.64","0.64","254","0.6","0.6","254","0.63","0.63","254","0.54","0.54","254","0.48","0.48","254","0.77","0.77","254","0.66","0.66","254","0.66","0.66","254","0.59","0.59","254","0.69","0.69","254","0.8636363636363636","0.42857142857142855","254","0.8484848484848485","0.42105263157894735","254","1.0303030303030303","0.5112781954887218","254","0.9090909090909091","0.45112781954887216","254","0.803030303030303","0.39849624060150374","254","0.9696969696969697","0.48120300751879697","254","0.803030303030303","0.39849624060150374","254","1.0151515151515151","0.5037593984962406","254","1.0303030303030303","0.5112781954887218","254","0.803030303030303","0.39849624060150374","254","0.88","0.29333333333333333","254","1.02","0.34","254","0.86","0.2866666666666667","254","1.14","0.38","254","0.82","0.2733333333333333","254","0.78","0.26","254","0.92","0.30666666666666664","254","0.72","0.24","254","0.88","0.29333333333333333","254","1","0.3333333333333333","254","0.85","0.2125","254","1.1","0.275"
,"255","0.61","0.61","255","0.57","0.57","255","0.63","0.63","255","0.57","0.57","255","0.61","0.61","255","0.79","0.79","255","0.59","0.59","255","0.59","0.59","255","0.64","0.64","255","0.59","0.59","255","0.803030303030303","0.39849624060150374","255","0.6212121212121212","0.3082706766917293","255","0.8787878787878788","0.43609022556390975","255","0.8636363636363636","0.42857142857142855","255","0.7727272727272727","0.38345864661654133","255","1","0.49624060150375937","255","0.8787878787878788","0.43609022556390975","255","0.9393939393939394","0.46616541353383456","255","1.0606060606060606","0.5263157894736842","255","0.8484848484848485","0.42105263157894735","255","0.74","0.24666666666666667","255","0.9","0.3","255","0.88","0.29333333333333333","255","1","0.3333333333333333","255","0.66","0.22","255","0.96","0.32","255","1.08","0.36","255","0.76","0.25333333333333335","255","0.9","0.3","255","0.98","0.32666666666666666","255","1.05","0.2625","255","1.05","0.2625"
,"256","0.62","0.62","256","0.62","0.62","256","0.66","0.66","256","0.52","0.52","256","0.62","0.62","256","0.66","0.66","256","0.6","0.6","256","0.55","0.55","256","0.63","0.63","256","0.64","0.64","256","0.9090909090909091","0.45112781954887216","256","0.8333333333333334","0.41353383458646614","256","0.7424242424242424","0.3684210526315789","256","0.7272727272727273","0.3609022556390977","256","0.9090909090909091","0.45112781954887216","256","1","0.49624060150375937","256","0.9242424242424242","0.45864661654135336","256","0.9545454545454546","0.47368421052631576","256","0.9696969696969697","0.48120300751879697","256","0.8484848484848485","0.42105263157894735","256","0.82","0.2733333333333333","256","0.82","0.2733333333333333","256","0.78","0.26","256","0.92","0.30666666666666664","256","0.9","0.3","256","1.28","0.4266666666666667","256","0.74","0.24666666666666667","256","0.94","0.31333333333333335","256","0.92","0.30666666666666664","256","1.04","0.3466666666666667","256","1.075","0.26875","256","1.025","0.25625"
,"257","0.64","0.64","257","0.61","0.61","257","0.77","0.77","257","0.57","0.57","257","0.6","0.6","257","0.73","0.73","257","0.64","0.64","257","0.63","0.63","257","0.8","0.8","257","0.64","0.64","257","0.9848484848484849","0.48872180451127817","257","0.803030303030303","0.39849624060150374","257","0.7121212121212122","0.3533834586466165","257","0.8939393939393939","0.44360902255639095","257","0.696969696969697","0.3458646616541353","257","1.0151515151515151","0.5037593984962406","257","0.9242424242424242","0.45864661654135336","257","0.9545454545454546","0.47368421052631576","257","0.8787878787878788","0.43609022556390975","257","1","0.49624060150375937","257","0.84","0.28","257","0.7","0.23333333333333334","257","0.9","0.3","257","0.9","0.3","257","0.9","0.3","257","0.92","0.30666666666666664","257","0.9","0.3","257","0.98","0.32666666666666666","257","0.94","0.31333333333333335","257","1.08","0.36","257","0.875","0.21875","257","1.025","0.25625"
,"258","0.65","0.65","258","0.7","0.7","258","0.67","0.67","258","0.62","0.62","258","0.6","0.6","258","0.64","0.64","258","0.67","0.67","258","0.58","0.58","258","0.74","0.74","258","0.51","0.51","258","0.8333333333333334","0.41353383458646614","258","0.8333333333333334","0.41353383458646614","258","0.6515151515151515","0.3233082706766917","258","0.8787878787878788","0.43609022556390975","258","0.8787878787878788","0.43609022556390975","258","0.9545454545454546","0.47368421052631576","258","0.9090909090909091","0.45112781954887216","258","1.0151515151515151","0.5037593984962406","258","0.7121212121212122","0.3533834586466165","258","0.8939393939393939","0.44360902255639095","258","0.92","0.30666666666666664","258","0.88","0.29333333333333333","258","0.76","0.25333333333333335","258","1.08","0.36","258","0.86","0.2866666666666667","258","0.98","0.32666666666666666","258","1.1","0.36666666666666664","258","1.02","0.34","258","0.96","0.32","258","0.96","0.32","258","0.95","0.2375","258","0.875","0.21875"
,"259","0.69","0.69","259","0.6","0.6","259","0.73","0.73","259","0.61","0.61","259","0.64","0.64","259","0.61","0.61","259","0.67","0.67","259","0.68","0.68","259","0.61","0.61","259","0.6","0.6","259","0.7575757575757576","0.37593984962406013","259","0.7121212121212122","0.3533834586466165","259","0.696969696969697","0.3458646616541353","259","0.9090909090909091","0.45112781954887216","259","0.8333333333333334","0.41353383458646614","259","0.9090909090909091","0.45112781954887216","259","0.7272727272727273","0.3609022556390977","259","1.121212121212121","0.556390977443609","259","0.9242424242424242","0.45864661654135336","259","0.8636363636363636","0.42857142857142855","259","0.92","0.30666666666666664","259","0.92","0.30666666666666664","259","0.7","0.23333333333333334","259","0.98","0.32666666666666666","259","0.92","0.30666666666666664","259","1.14","0.38","259","1.04","0.3466666666666667","259","0.98","0.32666666666666666","259","0.94","0.31333333333333335","259","0.9","0.3","259","1.05","0.2625","259","0.875","0.21875"
,"260","0.78","0.78","260","0.61","0.61","260","0.63","0.63","260","0.6","0.6","260","0.75","0.75","260","0.61","0.61","260","0.71","0.71","260","0.61","0.61","260","0.64","0.64","260","0.65","0.65","260","0.8939393939393939","0.44360902255639095","260","0.8939393939393939","0.44360902255639095","260","0.6818181818181818","0.3383458646616541","260","0.8333333333333334","0.41353383458646614","260","0.8787878787878788","0.43609022556390975","260","1.1515151515151516","0.5714285714285714","260","0.7121212121212122","0.3533834586466165","260","0.9090909090909091","0.45112781954887216","260","0.9848484848484849","0.48872180451127817","260","0.6666666666666666","0.3308270676691729","260","1.02","0.34","260","1.18","0.3933333333333333","260","1","0.3333333333333333","260","0.86","0.2866666666666667","260","1.08","0.36","260","1.04","0.3466666666666667","260","1.1","0.36666666666666664","260","0.78","0.26","260","0.76","0.25333333333333335","260","1.06","0.35333333333333333","260","0.825","0.20625","260","0.9","0.225"
,"261","0.67","0.67","261","0.75","0.75","261","0.67","0.67","261","0.68","0.68","261","0.69","0.69","261","0.71","0.71","261","0.59","0.59","261","0.54","0.54","261","0.67","0.67","261","0.7","0.7","261","0.7575757575757576","0.37593984962406013","261","0.8484848484848485","0.42105263157894735","261","0.9545454545454546","0.47368421052631576","261","0.7878787878787878","0.39097744360902253","261","0.8484848484848485","0.42105263157894735","261","0.9848484848484849","0.48872180451127817","261","0.8636363636363636","0.42857142857142855","261","0.9545454545454546","0.47368421052631576","261","0.9090909090909091","0.45112781954887216","261","0.6363636363636364","0.3157894736842105","261","1.04","0.3466666666666667","261","1.06","0.35333333333333333","261","0.74","0.24666666666666667","261","0.94","0.31333333333333335","261","0.82","0.2733333333333333","261","1","0.3333333333333333","261","1.24","0.41333333333333333","261","0.8","0.26666666666666666","261","0.88","0.29333333333333333","261","0.96","0.32","261","1.2","0.3","261","0.825","0.20625"
,"262","0.62","0.62","262","0.67","0.67","262","0.69","0.69","262","0.63","0.63","262","0.56","0.56","262","0.64","0.64","262","0.66","0.66","262","0.56","0.56","262","0.7","0.7","262","0.56","0.56","262","0.9393939393939394","0.46616541353383456","262","0.696969696969697","0.3458646616541353","262","0.7272727272727273","0.3609022556390977","262","0.8181818181818182","0.40601503759398494","262","0.9393939393939394","0.46616541353383456","262","1.121212121212121","0.556390977443609","262","1","0.49624060150375937","262","0.8939393939393939","0.44360902255639095","262","1.106060606060606","0.5488721804511278","262","0.7424242424242424","0.3684210526315789","262","1.12","0.37333333333333335","262","1.02","0.34","262","0.94","0.31333333333333335","262","0.9","0.3","262","0.84","0.28","262","1","0.3333333333333333","262","1.06","0.35333333333333333","262","1.04","0.3466666666666667","262","0.96","0.32","262","0.86","0.2866666666666667","262","0.85","0.2125","262","0.85","0.2125"
,"263","0.67","0.67","263","0.77","0.77","263","0.57","0.57","263","0.57","0.57","263","0.74","0.74","263","0.69","0.69","263","0.72","0.72","263","0.6","0.6","263","0.73","0.73","263","0.5","0.5","263","0.7727272727272727","0.38345864661654133","263","0.8636363636363636","0.42857142857142855","263","0.8333333333333334","0.41353383458646614","263","0.9545454545454546","0.47368421052631576","263","0.8787878787878788","0.43609022556390975","263","0.8636363636363636","0.42857142857142855","263","0.9393939393939394","0.46616541353383456","263","0.8636363636363636","0.42857142857142855","263","1.121212121212121","0.556390977443609","263","0.9242424242424242","0.45864661654135336","263","1.08","0.36","263","0.96","0.32","263","0.74","0.24666666666666667","263","1.2","0.4","263","0.96","0.32","263","0.94","0.31333333333333335","263","1.1","0.36666666666666664","263","1","0.3333333333333333","263","1.16","0.38666666666666666","263","0.94","0.31333333333333335","263","1.075","0.26875","263","0.75","0.1875"
,"264","0.53","0.53","264","0.62","0.62","264","0.7","0.7","264","0.7","0.7","264","0.74","0.74","264","0.47","0.47","264","0.61","0.61","264","0.69","0.69","264","0.62","0.62","264","0.56","0.56","264","0.7121212121212122","0.3533834586466165","264","0.8333333333333334","0.41353383458646614","264","0.8333333333333334","0.41353383458646614","264","0.8484848484848485","0.42105263157894735","264","0.6818181818181818","0.3383458646616541","264","0.803030303030303","0.39849624060150374","264","0.8939393939393939","0.44360902255639095","264","0.8787878787878788","0.43609022556390975","264","0.9696969696969697","0.48120300751879697","264","0.8181818181818182","0.40601503759398494","264","1.14","0.38","264","0.94","0.31333333333333335","264","1.02","0.34","264","1.14","0.38","264","0.94","0.31333333333333335","264","1.08","0.36","264","0.92","0.30666666666666664","264","0.92","0.30666666666666664","264","0.96","0.32","264","0.8","0.26666666666666666","264","0.975","0.24375","264","0.875","0.21875"
,"265","0.69","0.69","265","0.64","0.64","265","0.72","0.72","265","0.69","0.69","265","0.59","0.59","265","0.61","0.61","265","0.52","0.52","265","0.67","0.67","265","0.62","0.62","265","0.51","0.51","265","0.9090909090909091","0.45112781954887216","265","0.8333333333333334","0.41353383458646614","265","0.9090909090909091","0.45112781954887216","265","0.8636363636363636","0.42857142857142855","265","0.9393939393939394","0.46616541353383456","265","0.803030303030303","0.39849624060150374","265","0.8333333333333334","0.41353383458646614","265","0.7878787878787878","0.39097744360902253","265","1","0.49624060150375937","265","0.7727272727272727","0.38345864661654133","265","1.08","0.36","265","0.96","0.32","265","1","0.3333333333333333","265","0.98","0.32666666666666666","265","0.96","0.32","265","0.72","0.24","265","0.96","0.32","265","0.78","0.26","265","0.96","0.32","265","0.84","0.28","265","0.825","0.20625","265","0.85","0.2125"
,"266","0.75","0.75","266","0.7","0.7","266","0.77","0.77","266","0.58","0.58","266","0.62","0.62","266","0.62","0.62","266","0.63","0.63","266","0.7","0.7","266","0.67","0.67","266","0.55","0.55","266","0.803030303030303","0.39849624060150374","266","0.8181818181818182","0.40601503759398494","266","0.7272727272727273","0.3609022556390977","266","0.6666666666666666","0.3308270676691729","266","0.9242424242424242","0.45864661654135336","266","0.8939393939393939","0.44360902255639095","266","0.8484848484848485","0.42105263157894735","266","0.8181818181818182","0.40601503759398494","266","0.7727272727272727","0.38345864661654133","266","0.9242424242424242","0.45864661654135336","266","1","0.3333333333333333","266","0.78","0.26","266","1.06","0.35333333333333333","266","1.06","0.35333333333333333","266","0.92","0.30666666666666664","266","0.98","0.32666666666666666","266","0.94","0.31333333333333335","266","0.94","0.31333333333333335","266","1.02","0.34","266","0.96","0.32","266","0.975","0.24375","266","1.175","0.29375"
,"267","0.58","0.58","267","0.58","0.58","267","0.69","0.69","267","0.64","0.64","267","0.68","0.68","267","0.64","0.64","267","0.63","0.63","267","0.57","0.57","267","0.62","0.62","267","0.71","0.71","267","0.8484848484848485","0.42105263157894735","267","0.7878787878787878","0.39097744360902253","267","0.6363636363636364","0.3157894736842105","267","0.696969696969697","0.3458646616541353","267","0.7424242424242424","0.3684210526315789","267","0.9242424242424242","0.45864661654135336","267","0.7878787878787878","0.39097744360902253","267","0.9848484848484849","0.48872180451127817","267","0.7878787878787878","0.39097744360902253","267","0.9242424242424242","0.45864661654135336","267","1.2","0.4","267","0.94","0.31333333333333335","267","1.06","0.35333333333333333","267","1.02","0.34","267","1.06","0.35333333333333333","267","1.04","0.3466666666666667","267","0.88","0.29333333333333333","267","0.82","0.2733333333333333","267","1.12","0.37333333333333335","267","0.94","0.31333333333333335","267","1.025","0.25625","267","1.125","0.28125"
,"268","0.68","0.68","268","0.61","0.61","268","0.68","0.68","268","0.67","0.67","268","0.51","0.51","268","0.64","0.64","268","0.65","0.65","268","0.61","0.61","268","0.65","0.65","268","0.55","0.55","268","0.8787878787878788","0.43609022556390975","268","0.7575757575757576","0.37593984962406013","268","0.7121212121212122","0.3533834586466165","268","0.7878787878787878","0.39097744360902253","268","0.5303030303030303","0.2631578947368421","268","0.7727272727272727","0.38345864661654133","268","1.106060606060606","0.5488721804511278","268","0.8181818181818182","0.40601503759398494","268","1","0.49624060150375937","268","0.9090909090909091","0.45112781954887216","268","0.98","0.32666666666666666","268","0.84","0.28","268","0.9","0.3","268","1.04","0.3466666666666667","268","1.14","0.38","268","1.08","0.36","268","1.08","0.36","268","1.02","0.34","268","1.06","0.35333333333333333","268","0.96","0.32","268","1.1","0.275","268","1.175","0.29375"
,"269","0.62","0.62","269","0.57","0.57","269","0.55","0.55","269","0.7","0.7","269","0.61","0.61","269","0.7","0.7","269","0.52","0.52","269","0.61","0.61","269","0.59","0.59","269","0.52","0.52","269","0.7575757575757576","0.37593984962406013","269","0.6818181818181818","0.3383458646616541","269","0.7575757575757576","0.37593984962406013","269","0.8181818181818182","0.40601503759398494","269","0.8333333333333334","0.41353383458646614","269","1.0151515151515151","0.5037593984962406","269","0.9545454545454546","0.47368421052631576","269","0.9242424242424242","0.45864661654135336","269","0.8484848484848485","0.42105263157894735","269","1.0303030303030303","0.5112781954887218","269","0.88","0.29333333333333333","269","0.86","0.2866666666666667","269","1.02","0.34","269","0.88","0.29333333333333333","269","1","0.3333333333333333","269","1.1","0.36666666666666664","269","1.28","0.4266666666666667","269","0.98","0.32666666666666666","269","0.84","0.28","269","0.68","0.22666666666666666","269","0.825","0.20625","269","1.15","0.2875"
,"270","0.73","0.73","270","0.81","0.81","270","0.77","0.77","270","0.8","0.8","270","0.56","0.56","270","0.76","0.76","270","0.63","0.63","270","0.69","0.69","270","0.57","0.57","270","0.66","0.66","270","0.8484848484848485","0.42105263157894735","270","0.7424242424242424","0.3684210526315789","270","0.8484848484848485","0.42105263157894735","270","0.8939393939393939","0.44360902255639095","270","0.7727272727272727","0.38345864661654133","270","1.0454545454545454","0.518796992481203","270","1","0.49624060150375937","270","0.9090909090909091","0.45112781954887216","270","0.8636363636363636","0.42857142857142855","270","0.9696969696969697","0.48120300751879697","270","0.98","0.32666666666666666","270","0.98","0.32666666666666666","270","0.94","0.31333333333333335","270","0.98","0.32666666666666666","270","0.94","0.31333333333333335","270","1","0.3333333333333333","270","1.06","0.35333333333333333","270","0.88","0.29333333333333333","270","0.9","0.3","270","0.82","0.2733333333333333","270","0.925","0.23125","270","1.075","0.26875"
,"271","0.54","0.54","271","0.61","0.61","271","0.66","0.66","271","0.78","0.78","271","0.64","0.64","271","0.6","0.6","271","0.56","0.56","271","0.64","0.64","271","0.63","0.63","271","0.73","0.73","271","0.8181818181818182","0.40601503759398494","271","0.7878787878787878","0.39097744360902253","271","0.6515151515151515","0.3233082706766917","271","1.0606060606060606","0.5263157894736842","271","0.9848484848484849","0.48872180451127817","271","1.0151515151515151","0.5037593984962406","271","0.8181818181818182","0.40601503759398494","271","1.0454545454545454","0.518796992481203","271","1","0.49624060150375937","271","0.7727272727272727","0.38345864661654133","271","0.84","0.28","271","1.18","0.3933333333333333","271","1.04","0.3466666666666667","271","1.02","0.34","271","0.92","0.30666666666666664","271","1.1","0.36666666666666664","271","1.06","0.35333333333333333","271","0.88","0.29333333333333333","271","0.86","0.2866666666666667","271","0.86","0.2866666666666667","271","0.75","0.1875","271","0.925","0.23125"
,"272","0.73","0.73","272","0.7","0.7","272","0.61","0.61","272","0.69","0.69","272","0.68","0.68","272","0.6","0.6","272","0.59","0.59","272","0.66","0.66","272","0.48","0.48","272","0.68","0.68","272","0.8787878787878788","0.43609022556390975","272","0.7121212121212122","0.3533834586466165","272","0.7272727272727273","0.3609022556390977","272","0.8333333333333334","0.41353383458646614","272","0.8333333333333334","0.41353383458646614","272","0.8939393939393939","0.44360902255639095","272","0.9090909090909091","0.45112781954887216","272","1.0303030303030303","0.5112781954887218","272","0.9545454545454546","0.47368421052631576","272","0.803030303030303","0.39849624060150374","272","1","0.3333333333333333","272","0.74","0.24666666666666667","272","0.96","0.32","272","0.9","0.3","272","0.8","0.26666666666666666","272","1.14","0.38","272","1.08","0.36","272","0.92","0.30666666666666664","272","0.88","0.29333333333333333","272","1.08","0.36","272","0.875","0.21875","272","1.1","0.275"
,"273","0.66","0.66","273","0.74","0.74","273","0.53","0.53","273","0.64","0.64","273","0.72","0.72","273","0.61","0.61","273","0.75","0.75","273","0.64","0.64","273","0.54","0.54","273","0.73","0.73","273","1.106060606060606","0.5488721804511278","273","0.8181818181818182","0.40601503759398494","273","0.803030303030303","0.39849624060150374","273","0.8333333333333334","0.41353383458646614","273","0.8787878787878788","0.43609022556390975","273","0.8484848484848485","0.42105263157894735","273","1.0909090909090908","0.5413533834586466","273","1.0909090909090908","0.5413533834586466","273","0.9242424242424242","0.45864661654135336","273","0.6818181818181818","0.3383458646616541","273","1.06","0.35333333333333333","273","1.08","0.36","273","0.96","0.32","273","0.94","0.31333333333333335","273","0.9","0.3","273","0.86","0.2866666666666667","273","0.96","0.32","273","1.02","0.34","273","0.84","0.28","273","0.9","0.3","273","0.8","0.2","273","1.225","0.30625"
,"274","0.68","0.68","274","0.66","0.66","274","0.59","0.59","274","0.72","0.72","274","0.71","0.71","274","0.57","0.57","274","0.72","0.72","274","0.72","0.72","274","0.5","0.5","274","0.58","0.58","274","0.7575757575757576","0.37593984962406013","274","0.8181818181818182","0.40601503759398494","274","0.8484848484848485","0.42105263157894735","274","0.9696969696969697","0.48120300751879697","274","0.8787878787878788","0.43609022556390975","274","0.7878787878787878","0.39097744360902253","274","0.8787878787878788","0.43609022556390975","274","1.0757575757575757","0.5338345864661654","274","0.8484848484848485","0.42105263157894735","274","0.7272727272727273","0.3609022556390977","274","1.06","0.35333333333333333","274","0.86","0.2866666666666667","274","1.22","0.4066666666666667","274","1.04","0.3466666666666667","274","1.04","0.3466666666666667","274","0.74","0.24666666666666667","274","0.9","0.3","274","0.98","0.32666666666666666","274","1","0.3333333333333333","274","0.86","0.2866666666666667","274","0.85","0.2125","274","1.225","0.30625"
,"275","0.65","0.65","275","0.69","0.69","275","0.68","0.68","275","0.52","0.52","275","0.86","0.86","275","0.55","0.55","275","0.7","0.7","275","0.57","0.57","275","0.63","0.63","275","0.67","0.67","275","0.7878787878787878","0.39097744360902253","275","0.9393939393939394","0.46616541353383456","275","0.7272727272727273","0.3609022556390977","275","0.9090909090909091","0.45112781954887216","275","0.6363636363636364","0.3157894736842105","275","0.8181818181818182","0.40601503759398494","275","0.8181818181818182","0.40601503759398494","275","0.8333333333333334","0.41353383458646614","275","0.7424242424242424","0.3684210526315789","275","0.7272727272727273","0.3609022556390977","275","1.1","0.36666666666666664","275","0.96","0.32","275","1.14","0.38","275","1","0.3333333333333333","275","0.96","0.32","275","0.66","0.22","275","0.92","0.30666666666666664","275","0.78","0.26","275","0.92","0.30666666666666664","275","1.06","0.35333333333333333","275","1","0.25","275","0.7","0.175"
,"276","0.48","0.48","276","0.69","0.69","276","0.58","0.58","276","0.58","0.58","276","0.71","0.71","276","0.6","0.6","276","0.57","0.57","276","0.61","0.61","276","0.61","0.61","276","0.63","0.63","276","1","0.49624060150375937","276","0.803030303030303","0.39849624060150374","276","0.8636363636363636","0.42857142857142855","276","0.8787878787878788","0.43609022556390975","276","0.7121212121212122","0.3533834586466165","276","0.9545454545454546","0.47368421052631576","276","0.9242424242424242","0.45864661654135336","276","0.8484848484848485","0.42105263157894735","276","0.8787878787878788","0.43609022556390975","276","1.121212121212121","0.556390977443609","276","0.96","0.32","276","1","0.3333333333333333","276","0.88","0.29333333333333333","276","1.18","0.3933333333333333","276","0.9","0.3","276","0.76","0.25333333333333335","276","0.94","0.31333333333333335","276","0.8","0.26666666666666666","276","0.98","0.32666666666666666","276","1.04","0.3466666666666667","276","0.9","0.225","276","0.7","0.175"
,"277","0.67","0.67","277","0.61","0.61","277","0.55","0.55","277","0.62","0.62","277","0.62","0.62","277","0.6","0.6","277","0.68","0.68","277","0.61","0.61","277","0.59","0.59","277","0.54","0.54","277","0.9696969696969697","0.48120300751879697","277","0.8333333333333334","0.41353383458646614","277","1.0909090909090908","0.5413533834586466","277","0.8181818181818182","0.40601503759398494","277","0.9393939393939394","0.46616541353383456","277","0.803030303030303","0.39849624060150374","277","0.9848484848484849","0.48872180451127817","277","0.7878787878787878","0.39097744360902253","277","0.8333333333333334","0.41353383458646614","277","0.8181818181818182","0.40601503759398494","277","1.12","0.37333333333333335","277","0.84","0.28","277","1","0.3333333333333333","277","1.06","0.35333333333333333","277","1.16","0.38666666666666666","277","0.98","0.32666666666666666","277","0.9","0.3","277","0.94","0.31333333333333335","277","0.86","0.2866666666666667","277","1.24","0.41333333333333333","277","0.925","0.23125","277","1.075","0.26875"
,"278","0.65","0.65","278","0.64","0.64","278","0.65","0.65","278","0.64","0.64","278","0.66","0.66","278","0.73","0.73","278","0.6","0.6","278","0.58","0.58","278","0.72","0.72","278","0.66","0.66","278","0.8939393939393939","0.44360902255639095","278","0.8787878787878788","0.43609022556390975","278","0.8484848484848485","0.42105263157894735","278","0.9545454545454546","0.47368421052631576","278","1.0303030303030303","0.5112781954887218","278","0.8636363636363636","0.42857142857142855","278","0.9545454545454546","0.47368421052631576","278","0.8636363636363636","0.42857142857142855","278","0.803030303030303","0.39849624060150374","278","0.8787878787878788","0.43609022556390975","278","0.98","0.32666666666666666","278","0.78","0.26","278","0.8","0.26666666666666666","278","0.88","0.29333333333333333","278","1.1","0.36666666666666664","278","0.9","0.3","278","1.04","0.3466666666666667","278","0.88","0.29333333333333333","278","0.88","0.29333333333333333","278","1.12","0.37333333333333335","278","0.925","0.23125","278","1.125","0.28125"
,"279","0.64","0.64","279","0.76","0.76","279","0.67","0.67","279","0.6","0.6","279","0.76","0.76","279","0.6","0.6","279","0.68","0.68","279","0.63","0.63","279","0.78","0.78","279","0.56","0.56","279","0.9393939393939394","0.46616541353383456","279","0.8484848484848485","0.42105263157894735","279","0.8787878787878788","0.43609022556390975","279","0.8484848484848485","0.42105263157894735","279","0.8787878787878788","0.43609022556390975","279","0.9090909090909091","0.45112781954887216","279","0.9848484848484849","0.48872180451127817","279","0.7424242424242424","0.3684210526315789","279","0.8636363636363636","0.42857142857142855","279","0.7575757575757576","0.37593984962406013","279","0.92","0.30666666666666664","279","0.72","0.24","279","0.94","0.31333333333333335","279","1.06","0.35333333333333333","279","1.24","0.41333333333333333","279","0.8","0.26666666666666666","279","0.94","0.31333333333333335","279","0.8","0.26666666666666666","279","0.94","0.31333333333333335","279","1.06","0.35333333333333333","279","1.2","0.3","279","1.1","0.275"
,"280","0.64","0.64","280","0.74","0.74","280","0.66","0.66","280","0.7","0.7","280","0.64","0.64","280","0.74","0.74","280","0.65","0.65","280","0.66","0.66","280","0.64","0.64","280","0.66","0.66","280","0.8636363636363636","0.42857142857142855","280","0.8333333333333334","0.41353383458646614","280","0.8333333333333334","0.41353383458646614","280","0.8484848484848485","0.42105263157894735","280","0.7575757575757576","0.37593984962406013","280","0.8939393939393939","0.44360902255639095","280","0.9242424242424242","0.45864661654135336","280","0.9696969696969697","0.48120300751879697","280","0.8787878787878788","0.43609022556390975","280","0.7727272727272727","0.38345864661654133","280","0.8","0.26666666666666666","280","0.98","0.32666666666666666","280","0.92","0.30666666666666664","280","0.88","0.29333333333333333","280","1.1","0.36666666666666664","280","1.04","0.3466666666666667","280","0.94","0.31333333333333335","280","0.92","0.30666666666666664","280","1","0.3333333333333333","280","0.88","0.29333333333333333","280","0.9","0.225","280","0.9","0.225"
,"281","0.76","0.76","281","0.72","0.72","281","0.63","0.63","281","0.57","0.57","281","0.62","0.62","281","0.71","0.71","281","0.65","0.65","281","0.58","0.58","281","0.7","0.7","281","0.63","0.63","281","0.9242424242424242","0.45864661654135336","281","0.8939393939393939","0.44360902255639095","281","0.7575757575757576","0.37593984962406013","281","0.803030303030303","0.39849624060150374","281","0.8939393939393939","0.44360902255639095","281","0.8484848484848485","0.42105263157894735","281","0.8636363636363636","0.42857142857142855","281","0.7727272727272727","0.38345864661654133","281","0.8787878787878788","0.43609022556390975","281","0.7121212121212122","0.3533834586466165","281","0.82","0.2733333333333333","281","1","0.3333333333333333","281","1.02","0.34","281","1.16","0.38666666666666666","281","1.3","0.43333333333333335","281","0.92","0.30666666666666664","281","0.82","0.2733333333333333","281","0.86","0.2866666666666667","281","0.94","0.31333333333333335","281","0.96","0.32","281","0.9","0.225","281","1.075","0.26875"
,"282","0.76","0.76","282","0.53","0.53","282","0.55","0.55","282","0.56","0.56","282","0.62","0.62","282","0.55","0.55","282","0.65","0.65","282","0.57","0.57","282","0.63","0.63","282","0.51","0.51","282","0.8484848484848485","0.42105263157894735","282","0.8636363636363636","0.42857142857142855","282","0.7575757575757576","0.37593984962406013","282","0.8636363636363636","0.42857142857142855","282","0.7727272727272727","0.38345864661654133","282","0.9242424242424242","0.45864661654135336","282","0.803030303030303","0.39849624060150374","282","0.8181818181818182","0.40601503759398494","282","0.9545454545454546","0.47368421052631576","282","0.8333333333333334","0.41353383458646614","282","1","0.3333333333333333","282","0.84","0.28","282","1","0.3333333333333333","282","0.78","0.26","282","1.16","0.38666666666666666","282","0.8","0.26666666666666666","282","0.86","0.2866666666666667","282","0.94","0.31333333333333335","282","0.88","0.29333333333333333","282","1.12","0.37333333333333335","282","0.85","0.2125","282","1.1","0.275"
,"283","0.73","0.73","283","0.64","0.64","283","0.71","0.71","283","0.52","0.52","283","0.64","0.64","283","0.74","0.74","283","0.69","0.69","283","0.68","0.68","283","0.69","0.69","283","0.59","0.59","283","0.7121212121212122","0.3533834586466165","283","0.8333333333333334","0.41353383458646614","283","0.8787878787878788","0.43609022556390975","283","0.8333333333333334","0.41353383458646614","283","0.6818181818181818","0.3383458646616541","283","0.8484848484848485","0.42105263157894735","283","0.8181818181818182","0.40601503759398494","283","0.8787878787878788","0.43609022556390975","283","1.0454545454545454","0.518796992481203","283","0.8787878787878788","0.43609022556390975","283","0.96","0.32","283","0.92","0.30666666666666664","283","0.94","0.31333333333333335","283","0.88","0.29333333333333333","283","1.16","0.38666666666666666","283","0.9","0.3","283","0.98","0.32666666666666666","283","1.04","0.3466666666666667","283","0.86","0.2866666666666667","283","1.06","0.35333333333333333","283","0.975","0.24375","283","1.125","0.28125"
,"284","0.7","0.7","284","0.72","0.72","284","0.65","0.65","284","0.61","0.61","284","0.64","0.64","284","0.66","0.66","284","0.6","0.6","284","0.64","0.64","284","0.66","0.66","284","0.67","0.67","284","0.8636363636363636","0.42857142857142855","284","0.9242424242424242","0.45864661654135336","284","1.0454545454545454","0.518796992481203","284","0.9242424242424242","0.45864661654135336","284","0.7424242424242424","0.3684210526315789","284","0.9696969696969697","0.48120300751879697","284","0.8484848484848485","0.42105263157894735","284","0.9393939393939394","0.46616541353383456","284","0.803030303030303","0.39849624060150374","284","1.0454545454545454","0.518796992481203","284","1.08","0.36","284","1.04","0.3466666666666667","284","0.94","0.31333333333333335","284","1.02","0.34","284","0.94","0.31333333333333335","284","0.78","0.26","284","1.1","0.36666666666666664","284","0.92","0.30666666666666664","284","0.78","0.26","284","1.02","0.34","284","0.75","0.1875","284","1.125","0.28125"
,"285","0.74","0.74","285","0.59","0.59","285","0.66","0.66","285","0.53","0.53","285","0.67","0.67","285","0.66","0.66","285","0.68","0.68","285","0.72","0.72","285","0.62","0.62","285","0.58","0.58","285","1","0.49624060150375937","285","0.7878787878787878","0.39097744360902253","285","1.0454545454545454","0.518796992481203","285","0.9848484848484849","0.48872180451127817","285","0.696969696969697","0.3458646616541353","285","0.9696969696969697","0.48120300751879697","285","0.9242424242424242","0.45864661654135336","285","0.8484848484848485","0.42105263157894735","285","0.8484848484848485","0.42105263157894735","285","0.8333333333333334","0.41353383458646614","285","1.14","0.38","285","0.76","0.25333333333333335","285","1.12","0.37333333333333335","285","1","0.3333333333333333","285","1.12","0.37333333333333335","285","0.76","0.25333333333333335","285","0.94","0.31333333333333335","285","0.74","0.24666666666666667","285","0.64","0.21333333333333335","285","1.12","0.37333333333333335","285","1.05","0.2625","285","0.85","0.2125"
,"286","0.68","0.68","286","0.66","0.66","286","0.57","0.57","286","0.63","0.63","286","0.63","0.63","286","0.78","0.78","286","0.66","0.66","286","0.77","0.77","286","0.57","0.57","286","0.67","0.67","286","1.106060606060606","0.5488721804511278","286","0.9090909090909091","0.45112781954887216","286","0.9848484848484849","0.48872180451127817","286","0.8939393939393939","0.44360902255639095","286","0.7424242424242424","0.3684210526315789","286","1.0606060606060606","0.5263157894736842","286","1.0151515151515151","0.5037593984962406","286","0.8333333333333334","0.41353383458646614","286","0.8787878787878788","0.43609022556390975","286","0.8484848484848485","0.42105263157894735","286","1.02","0.34","286","1.12","0.37333333333333335","286","0.82","0.2733333333333333","286","0.8","0.26666666666666666","286","1.14","0.38","286","0.88","0.29333333333333333","286","0.94","0.31333333333333335","286","1.18","0.3933333333333333","286","0.78","0.26","286","1.18","0.3933333333333333","286","1.025","0.25625","286","0.9","0.225"
,"287","0.68","0.68","287","0.62","0.62","287","0.69","0.69","287","0.56","0.56","287","0.64","0.64","287","0.61","0.61","287","0.68","0.68","287","0.68","0.68","287","0.57","0.57","287","0.62","0.62","287","0.7575757575757576","0.37593984962406013","287","0.7878787878787878","0.39097744360902253","287","0.9090909090909091","0.45112781954887216","287","0.8181818181818182","0.40601503759398494","287","0.803030303030303","0.39849624060150374","287","0.8333333333333334","0.41353383458646614","287","0.803030303030303","0.39849624060150374","287","0.9545454545454546","0.47368421052631576","287","1","0.49624060150375937","287","0.8181818181818182","0.40601503759398494","287","1.14","0.38","287","0.98","0.32666666666666666","287","0.82","0.2733333333333333","287","0.92","0.30666666666666664","287","1.08","0.36","287","0.8","0.26666666666666666","287","0.88","0.29333333333333333","287","0.84","0.28","287","0.86","0.2866666666666667","287","1.2","0.4","287","1.1","0.275","287","1.025","0.25625"
,"288","0.65","0.65","288","0.55","0.55","288","0.59","0.59","288","0.62","0.62","288","0.61","0.61","288","0.57","0.57","288","0.66","0.66","288","0.71","0.71","288","0.7","0.7","288","0.74","0.74","288","0.8787878787878788","0.43609022556390975","288","0.7878787878787878","0.39097744360902253","288","0.8636363636363636","0.42857142857142855","288","0.9848484848484849","0.48872180451127817","288","0.8333333333333334","0.41353383458646614","288","1.106060606060606","0.5488721804511278","288","0.8787878787878788","0.43609022556390975","288","0.9393939393939394","0.46616541353383456","288","0.9848484848484849","0.48872180451127817","288","0.7878787878787878","0.39097744360902253","288","1.06","0.35333333333333333","288","0.88","0.29333333333333333","288","1.02","0.34","288","1","0.3333333333333333","288","0.96","0.32","288","0.92","0.30666666666666664","288","0.82","0.2733333333333333","288","0.78","0.26","288","1.08","0.36","288","1","0.3333333333333333","288","1","0.25","288","0.975","0.24375"
,"289","0.7","0.7","289","0.62","0.62","289","0.57","0.57","289","0.65","0.65","289","0.76","0.76","289","0.52","0.52","289","0.65","0.65","289","0.7","0.7","289","0.69","0.69","289","0.52","0.52","289","0.9090909090909091","0.45112781954887216","289","0.9545454545454546","0.47368421052631576","289","0.8636363636363636","0.42857142857142855","289","0.8939393939393939","0.44360902255639095","289","0.9696969696969697","0.48120300751879697","289","0.9393939393939394","0.46616541353383456","289","0.9090909090909091","0.45112781954887216","289","0.8636363636363636","0.42857142857142855","289","0.803030303030303","0.39849624060150374","289","0.9696969696969697","0.48120300751879697","289","1.18","0.3933333333333333","289","1.02","0.34","289","1.14","0.38","289","0.62","0.20666666666666667","289","0.86","0.2866666666666667","289","0.92","0.30666666666666664","289","1.02","0.34","289","0.94","0.31333333333333335","289","0.88","0.29333333333333333","289","0.86","0.2866666666666667","289","0.85","0.2125","289","0.9","0.225"
,"290","0.7","0.7","290","0.59","0.59","290","0.62","0.62","290","0.69","0.69","290","0.58","0.58","290","0.51","0.51","290","0.52","0.52","290","0.65","0.65","290","0.59","0.59","290","0.61","0.61","290","0.696969696969697","0.3458646616541353","290","0.9090909090909091","0.45112781954887216","290","0.9242424242424242","0.45864661654135336","290","0.9545454545454546","0.47368421052631576","290","0.8181818181818182","0.40601503759398494","290","0.9393939393939394","0.46616541353383456","290","0.8939393939393939","0.44360902255639095","290","0.7878787878787878","0.39097744360902253","290","0.8939393939393939","0.44360902255639095","290","0.7121212121212122","0.3533834586466165","290","1.04","0.3466666666666667","290","1.02","0.34","290","0.98","0.32666666666666666","290","0.92","0.30666666666666664","290","0.72","0.24","290","0.86","0.2866666666666667","290","0.8","0.26666666666666666","290","0.92","0.30666666666666664","290","0.88","0.29333333333333333","290","0.98","0.32666666666666666","290","1.075","0.26875","290","0.8","0.2"
,"291","0.59","0.59","291","0.64","0.64","291","0.52","0.52","291","0.65","0.65","291","0.61","0.61","291","0.57","0.57","291","0.61","0.61","291","0.66","0.66","291","0.54","0.54","291","0.72","0.72","291","0.8636363636363636","0.42857142857142855","291","0.9242424242424242","0.45864661654135336","291","0.7878787878787878","0.39097744360902253","291","0.8333333333333334","0.41353383458646614","291","0.7121212121212122","0.3533834586466165","291","1.0303030303030303","0.5112781954887218","291","0.8636363636363636","0.42857142857142855","291","1.0151515151515151","0.5037593984962406","291","0.8333333333333334","0.41353383458646614","291","0.7575757575757576","0.37593984962406013","291","0.98","0.32666666666666666","291","1.02","0.34","291","0.88","0.29333333333333333","291","0.98","0.32666666666666666","291","0.82","0.2733333333333333","291","1.12","0.37333333333333335","291","0.9","0.3","291","0.66","0.22","291","0.88","0.29333333333333333","291","0.98","0.32666666666666666","291","0.925","0.23125","291","1.025","0.25625"
,"292","0.67","0.67","292","0.75","0.75","292","0.66","0.66","292","0.57","0.57","292","0.65","0.65","292","0.7","0.7","292","0.67","0.67","292","0.7","0.7","292","0.53","0.53","292","0.6","0.6","292","0.9090909090909091","0.45112781954887216","292","0.8484848484848485","0.42105263157894735","292","0.7575757575757576","0.37593984962406013","292","0.7575757575757576","0.37593984962406013","292","0.8181818181818182","0.40601503759398494","292","1.0606060606060606","0.5263157894736842","292","1.0151515151515151","0.5037593984962406","292","1.0454545454545454","0.518796992481203","292","0.9393939393939394","0.46616541353383456","292","0.9848484848484849","0.48872180451127817","292","0.82","0.2733333333333333","292","0.98","0.32666666666666666","292","1.12","0.37333333333333335","292","1","0.3333333333333333","292","0.88","0.29333333333333333","292","1.16","0.38666666666666666","292","0.9","0.3","292","0.8","0.26666666666666666","292","0.92","0.30666666666666664","292","0.84","0.28","292","1","0.25","292","1.125","0.28125"
,"293","0.55","0.55","293","0.67","0.67","293","0.65","0.65","293","0.66","0.66","293","0.64","0.64","293","0.53","0.53","293","0.61","0.61","293","0.67","0.67","293","0.63","0.63","293","0.58","0.58","293","0.7878787878787878","0.39097744360902253","293","0.6818181818181818","0.3383458646616541","293","0.803030303030303","0.39849624060150374","293","0.7272727272727273","0.3609022556390977","293","0.9090909090909091","0.45112781954887216","293","1","0.49624060150375937","293","0.7424242424242424","0.3684210526315789","293","0.8636363636363636","0.42857142857142855","293","0.8333333333333334","0.41353383458646614","293","0.8484848484848485","0.42105263157894735","293","0.9","0.3","293","0.9","0.3","293","1.06","0.35333333333333333","293","0.82","0.2733333333333333","293","0.98","0.32666666666666666","293","0.86","0.2866666666666667","293","1.1","0.36666666666666664","293","0.96","0.32","293","0.96","0.32","293","0.92","0.30666666666666664","293","1.025","0.25625","293","1","0.25"
,"294","0.68","0.68","294","0.57","0.57","294","0.63","0.63","294","0.63","0.63","294","0.62","0.62","294","0.53","0.53","294","0.68","0.68","294","0.66","0.66","294","0.63","0.63","294","0.6","0.6","294","0.803030303030303","0.39849624060150374","294","0.8787878787878788","0.43609022556390975","294","0.6666666666666666","0.3308270676691729","294","1.106060606060606","0.5488721804511278","294","0.9090909090909091","0.45112781954887216","294","1.0151515151515151","0.5037593984962406","294","0.7727272727272727","0.38345864661654133","294","0.8181818181818182","0.40601503759398494","294","0.8636363636363636","0.42857142857142855","294","0.8484848484848485","0.42105263157894735","294","0.82","0.2733333333333333","294","1.1","0.36666666666666664","294","0.82","0.2733333333333333","294","0.76","0.25333333333333335","294","0.88","0.29333333333333333","294","0.88","0.29333333333333333","294","1.14","0.38","294","0.98","0.32666666666666666","294","0.78","0.26","294","0.92","0.30666666666666664","294","1.15","0.2875","294","1.15","0.2875"
,"295","0.68","0.68","295","0.65","0.65","295","0.69","0.69","295","0.65","0.65","295","0.69","0.69","295","0.67","0.67","295","0.67","0.67","295","0.6","0.6","295","0.69","0.69","295","0.78","0.78","295","0.7424242424242424","0.3684210526315789","295","0.8636363636363636","0.42857142857142855","295","0.803030303030303","0.39849624060150374","295","0.9242424242424242","0.45864661654135336","295","0.7878787878787878","0.39097744360902253","295","1.0151515151515151","0.5037593984962406","295","1.0151515151515151","0.5037593984962406","295","0.8333333333333334","0.41353383458646614","295","0.9696969696969697","0.48120300751879697","295","0.7727272727272727","0.38345864661654133","295","1.06","0.35333333333333333","295","1.08","0.36","295","0.86","0.2866666666666667","295","0.74","0.24666666666666667","295","1.2","0.4","295","0.84","0.28","295","0.96","0.32","295","0.98","0.32666666666666666","295","0.58","0.19333333333333333","295","1.06","0.35333333333333333","295","1.075","0.26875","295","1.175","0.29375"
,"296","0.59","0.59","296","0.63","0.63","296","0.75","0.75","296","0.65","0.65","296","0.58","0.58","296","0.64","0.64","296","0.57","0.57","296","0.64","0.64","296","0.7","0.7","296","0.6","0.6","296","0.7424242424242424","0.3684210526315789","296","0.7424242424242424","0.3684210526315789","296","0.803030303030303","0.39849624060150374","296","0.9242424242424242","0.45864661654135336","296","0.6212121212121212","0.3082706766917293","296","1.1818181818181819","0.5864661654135338","296","0.7878787878787878","0.39097744360902253","296","0.8636363636363636","0.42857142857142855","296","0.8181818181818182","0.40601503759398494","296","0.6666666666666666","0.3308270676691729","296","0.92","0.30666666666666664","296","1.12","0.37333333333333335","296","0.86","0.2866666666666667","296","0.58","0.19333333333333333","296","1.2","0.4","296","0.92","0.30666666666666664","296","1.02","0.34","296","0.9","0.3","296","0.8","0.26666666666666666","296","1.06","0.35333333333333333","296","1.15","0.2875","296","1.1","0.275"
,"297","0.53","0.53","297","0.56","0.56","297","0.53","0.53","297","0.56","0.56","297","0.6","0.6","297","0.64","0.64","297","0.73","0.73","297","0.7","0.7","297","0.62","0.62","297","0.52","0.52","297","0.9393939393939394","0.46616541353383456","297","0.8333333333333334","0.41353383458646614","297","1.0757575757575757","0.5338345864661654","297","0.803030303030303","0.39849624060150374","297","0.8787878787878788","0.43609022556390975","297","0.9393939393939394","0.46616541353383456","297","0.8181818181818182","0.40601503759398494","297","0.9090909090909091","0.45112781954887216","297","0.8333333333333334","0.41353383458646614","297","0.803030303030303","0.39849624060150374","297","1.18","0.3933333333333333","297","1.14","0.38","297","1.02","0.34","297","0.82","0.2733333333333333","297","0.82","0.2733333333333333","297","1","0.3333333333333333","297","0.98","0.32666666666666666","297","0.94","0.31333333333333335","297","0.96","0.32","297","0.96","0.32","297","0.9","0.225","297","1.075","0.26875"
,"298","0.56","0.56","298","0.55","0.55","298","0.65","0.65","298","0.64","0.64","298","0.64","0.64","298","0.61","0.61","298","0.56","0.56","298","0.61","0.61","298","0.6","0.6","298","0.61","0.61","298","0.7878787878787878","0.39097744360902253","298","0.7878787878787878","0.39097744360902253","298","0.7121212121212122","0.3533834586466165","298","0.9393939393939394","0.46616541353383456","298","0.8939393939393939","0.44360902255639095","298","0.9545454545454546","0.47368421052631576","298","0.803030303030303","0.39849624060150374","298","0.7878787878787878","0.39097744360902253","298","0.8939393939393939","0.44360902255639095","298","0.803030303030303","0.39849624060150374","298","0.92","0.30666666666666664","298","1.12","0.37333333333333335","298","0.86","0.2866666666666667","298","0.88","0.29333333333333333","298","0.9","0.3","298","1.02","0.34","298","1.02","0.34","298","0.92","0.30666666666666664","298","0.9","0.3","298","1.14","0.38","298","0.975","0.24375","298","1","0.25"
,"299","0.6","0.6","299","0.63","0.63","299","0.67","0.67","299","0.47","0.47","299","0.69","0.69","299","0.65","0.65","299","0.63","0.63","299","0.59","0.59","299","0.68","0.68","299","0.74","0.74","299","0.8939393939393939","0.44360902255639095","299","0.7424242424242424","0.3684210526315789","299","0.8939393939393939","0.44360902255639095","299","0.8939393939393939","0.44360902255639095","299","0.8484848484848485","0.42105263157894735","299","0.8333333333333334","0.41353383458646614","299","0.9393939393939394","0.46616541353383456","299","0.9393939393939394","0.46616541353383456","299","0.9696969696969697","0.48120300751879697","299","0.8181818181818182","0.40601503759398494","299","0.96","0.32","299","1.22","0.4066666666666667","299","0.94","0.31333333333333335","299","0.94","0.31333333333333335","299","1.04","0.3466666666666667","299","1.06","0.35333333333333333","299","1.1","0.36666666666666664","299","0.86","0.2866666666666667","299","0.82","0.2733333333333333","299","1.08","0.36","299","1.1","0.275","299","1.175","0.29375"
,"300","0.76","0.76","300","0.71","0.71","300","0.63","0.63","300","0.5","0.5","300","0.59","0.59","300","0.65","0.65","300","0.61","0.61","300","0.65","0.65","300","0.55","0.55","300","0.53","0.53","300","0.7727272727272727","0.38345864661654133","300","0.9242424242424242","0.45864661654135336","300","1","0.49624060150375937","300","0.7727272727272727","0.38345864661654133","300","0.7272727272727273","0.3609022556390977","300","0.8484848484848485","0.42105263157894735","300","0.8181818181818182","0.40601503759398494","300","1.0757575757575757","0.5338345864661654","300","0.9696969696969697","0.48120300751879697","300","0.9848484848484849","0.48872180451127817","300","0.82","0.2733333333333333","300","0.98","0.32666666666666666","300","0.98","0.32666666666666666","300","0.88","0.29333333333333333","300","1.02","0.34","300","0.96","0.32","300","1.02","0.34","300","0.96","0.32","300","0.96","0.32","300","1","0.3333333333333333","300","1.1","0.275","300","1.125","0.28125"
,"301","0.71","0.71","301","0.65","0.65","301","0.59","0.59","301","0.51","0.51","301","0.69","0.69","301","0.68","0.68","301","0.69","0.69","301","0.58","0.58","301","0.68","0.68","301","0.51","0.51","301","0.7878787878787878","0.39097744360902253","301","0.8636363636363636","0.42857142857142855","301","1.0909090909090908","0.5413533834586466","301","0.8333333333333334","0.41353383458646614","301","0.8181818181818182","0.40601503759398494","301","0.7727272727272727","0.38345864661654133","301","0.8939393939393939","0.44360902255639095","301","1.0303030303030303","0.5112781954887218","301","0.9545454545454546","0.47368421052631576","301","0.803030303030303","0.39849624060150374","301","0.84","0.28","301","0.92","0.30666666666666664","301","1","0.3333333333333333","301","0.76","0.25333333333333335","301","1.02","0.34","301","1.1","0.36666666666666664","301","0.88","0.29333333333333333","301","1.2","0.4","301","0.9","0.3","301","0.96","0.32","301","1.05","0.2625","301","1.1","0.275"
,"302","0.62","0.62","302","0.76","0.76","302","0.6","0.6","302","0.64","0.64","302","0.61","0.61","302","0.55","0.55","302","0.69","0.69","302","0.49","0.49","302","0.62","0.62","302","0.6","0.6","302","1","0.49624060150375937","302","0.7878787878787878","0.39097744360902253","302","0.9242424242424242","0.45864661654135336","302","1.0151515151515151","0.5037593984962406","302","0.8939393939393939","0.44360902255639095","302","0.8636363636363636","0.42857142857142855","302","0.8787878787878788","0.43609022556390975","302","1","0.49624060150375937","302","0.8484848484848485","0.42105263157894735","302","0.8333333333333334","0.41353383458646614","302","0.82","0.2733333333333333","302","1.02","0.34","302","0.86","0.2866666666666667","302","0.6","0.2","302","0.94","0.31333333333333335","302","1.02","0.34","302","0.84","0.28","302","0.98","0.32666666666666666","302","0.86","0.2866666666666667","302","1.1","0.36666666666666664","302","1.075","0.26875","302","1.2","0.3"
,"303","0.79","0.79","303","0.67","0.67","303","0.59","0.59","303","0.66","0.66","303","0.61","0.61","303","0.52","0.52","303","0.56","0.56","303","0.61","0.61","303","0.76","0.76","303","0.69","0.69","303","0.9545454545454546","0.47368421052631576","303","0.9242424242424242","0.45864661654135336","303","0.9393939393939394","0.46616541353383456","303","0.9696969696969697","0.48120300751879697","303","0.8333333333333334","0.41353383458646614","303","0.7878787878787878","0.39097744360902253","303","0.803030303030303","0.39849624060150374","303","0.9848484848484849","0.48872180451127817","303","0.9848484848484849","0.48872180451127817","303","0.8787878787878788","0.43609022556390975","303","0.92","0.30666666666666664","303","0.86","0.2866666666666667","303","0.78","0.26","303","0.76","0.25333333333333335","303","1.02","0.34","303","0.96","0.32","303","0.86","0.2866666666666667","303","0.9","0.3","303","0.84","0.28","303","1.1","0.36666666666666664","303","1.025","0.25625","303","1.05","0.2625"
,"304","0.71","0.71","304","0.68","0.68","304","0.77","0.77","304","0.56","0.56","304","0.69","0.69","304","0.59","0.59","304","0.63","0.63","304","0.61","0.61","304","0.65","0.65","304","0.71","0.71","304","0.9545454545454546","0.47368421052631576","304","0.8484848484848485","0.42105263157894735","304","0.7727272727272727","0.38345864661654133","304","0.7878787878787878","0.39097744360902253","304","0.8787878787878788","0.43609022556390975","304","0.8181818181818182","0.40601503759398494","304","0.8484848484848485","0.42105263157894735","304","1","0.49624060150375937","304","0.8181818181818182","0.40601503759398494","304","0.8181818181818182","0.40601503759398494","304","0.86","0.2866666666666667","304","0.84","0.28","304","0.86","0.2866666666666667","304","1.02","0.34","304","1.02","0.34","304","1.14","0.38","304","0.9","0.3","304","0.9","0.3","304","1","0.3333333333333333","304","0.82","0.2733333333333333","304","1.025","0.25625","304","0.875","0.21875"
,"305","0.73","0.73","305","0.65","0.65","305","0.73","0.73","305","0.52","0.52","305","0.79","0.79","305","0.71","0.71","305","0.61","0.61","305","0.71","0.71","305","0.65","0.65","305","0.62","0.62","305","0.803030303030303","0.39849624060150374","305","0.6515151515151515","0.3233082706766917","305","0.8939393939393939","0.44360902255639095","305","0.8484848484848485","0.42105263157894735","305","0.8939393939393939","0.44360902255639095","305","1","0.49624060150375937","305","0.9090909090909091","0.45112781954887216","305","0.7727272727272727","0.38345864661654133","305","0.7727272727272727","0.38345864661654133","305","0.8484848484848485","0.42105263157894735","305","0.92","0.30666666666666664","305","0.96","0.32","305","1.06","0.35333333333333333","305","0.74","0.24666666666666667","305","1.06","0.35333333333333333","305","0.84","0.28","305","1.06","0.35333333333333333","305","0.84","0.28","305","0.94","0.31333333333333335","305","0.94","0.31333333333333335","305","1.325","0.33125","305","1.15","0.2875"
,"306","0.67","0.67","306","0.62","0.62","306","0.73","0.73","306","0.5","0.5","306","0.72","0.72","306","0.58","0.58","306","0.48","0.48","306","0.72","0.72","306","0.66","0.66","306","0.7","0.7","306","0.8484848484848485","0.42105263157894735","306","0.7272727272727273","0.3609022556390977","306","0.9090909090909091","0.45112781954887216","306","0.9090909090909091","0.45112781954887216","306","0.7424242424242424","0.3684210526315789","306","0.9393939393939394","0.46616541353383456","306","0.7727272727272727","0.38345864661654133","306","0.9090909090909091","0.45112781954887216","306","0.8636363636363636","0.42857142857142855","306","0.803030303030303","0.39849624060150374","306","1.1","0.36666666666666664","306","0.98","0.32666666666666666","306","0.82","0.2733333333333333","306","0.9","0.3","306","0.82","0.2733333333333333","306","0.92","0.30666666666666664","306","0.88","0.29333333333333333","306","1","0.3333333333333333","306","0.9","0.3","306","1.14","0.38","306","1.15","0.2875","306","1.05","0.2625"
,"307","0.73","0.73","307","0.61","0.61","307","0.73","0.73","307","0.55","0.55","307","0.71","0.71","307","0.61","0.61","307","0.5","0.5","307","0.69","0.69","307","0.61","0.61","307","0.67","0.67","307","0.8333333333333334","0.41353383458646614","307","0.7575757575757576","0.37593984962406013","307","0.8787878787878788","0.43609022556390975","307","1.0151515151515151","0.5037593984962406","307","0.9393939393939394","0.46616541353383456","307","0.9393939393939394","0.46616541353383456","307","0.696969696969697","0.3458646616541353","307","0.8181818181818182","0.40601503759398494","307","0.9545454545454546","0.47368421052631576","307","0.8333333333333334","0.41353383458646614","307","1.06","0.35333333333333333","307","0.96","0.32","307","1.06","0.35333333333333333","307","1.04","0.3466666666666667","307","0.88","0.29333333333333333","307","1.18","0.3933333333333333","307","0.88","0.29333333333333333","307","0.9","0.3","307","1.04","0.3466666666666667","307","1.16","0.38666666666666666","307","1.1","0.275","307","0.975","0.24375"
,"308","0.59","0.59","308","0.63","0.63","308","0.63","0.63","308","0.46","0.46","308","0.54","0.54","308","0.63","0.63","308","0.67","0.67","308","0.77","0.77","308","0.53","0.53","308","0.71","0.71","308","0.8181818181818182","0.40601503759398494","308","0.7424242424242424","0.3684210526315789","308","0.9090909090909091","0.45112781954887216","308","1.0757575757575757","0.5338345864661654","308","0.7424242424242424","0.3684210526315789","308","0.8484848484848485","0.42105263157894735","308","0.8636363636363636","0.42857142857142855","308","0.9090909090909091","0.45112781954887216","308","0.9545454545454546","0.47368421052631576","308","0.696969696969697","0.3458646616541353","308","0.74","0.24666666666666667","308","0.86","0.2866666666666667","308","0.96","0.32","308","0.86","0.2866666666666667","308","0.8","0.26666666666666666","308","0.98","0.32666666666666666","308","0.88","0.29333333333333333","308","0.84","0.28","308","0.96","0.32","308","1.18","0.3933333333333333","308","0.825","0.20625","308","1.3","0.325"
,"309","0.59","0.59","309","0.6","0.6","309","0.65","0.65","309","0.55","0.55","309","0.64","0.64","309","0.55","0.55","309","0.75","0.75","309","0.59","0.59","309","0.71","0.71","309","0.59","0.59","309","0.803030303030303","0.39849624060150374","309","0.8181818181818182","0.40601503759398494","309","0.9242424242424242","0.45864661654135336","309","0.803030303030303","0.39849624060150374","309","0.9393939393939394","0.46616541353383456","309","0.7727272727272727","0.38345864661654133","309","0.696969696969697","0.3458646616541353","309","1.0757575757575757","0.5338345864661654","309","0.9545454545454546","0.47368421052631576","309","0.8787878787878788","0.43609022556390975","309","1.02","0.34","309","1.08","0.36","309","0.82","0.2733333333333333","309","0.98","0.32666666666666666","309","1.12","0.37333333333333335","309","1.12","0.37333333333333335","309","0.78","0.26","309","0.7","0.23333333333333334","309","1.02","0.34","309","0.88","0.29333333333333333","309","1.05","0.2625","309","0.9","0.225"
,"310","0.55","0.55","310","0.7","0.7","310","0.68","0.68","310","0.6","0.6","310","0.65","0.65","310","0.7","0.7","310","0.6","0.6","310","0.73","0.73","310","0.6","0.6","310","0.66","0.66","310","0.9545454545454546","0.47368421052631576","310","0.8787878787878788","0.43609022556390975","310","0.9090909090909091","0.45112781954887216","310","0.9242424242424242","0.45864661654135336","310","0.8181818181818182","0.40601503759398494","310","0.7575757575757576","0.37593984962406013","310","0.8484848484848485","0.42105263157894735","310","1.0454545454545454","0.518796992481203","310","0.8181818181818182","0.40601503759398494","310","0.7727272727272727","0.38345864661654133","310","0.94","0.31333333333333335","310","0.92","0.30666666666666664","310","0.9","0.3","310","0.9","0.3","310","0.98","0.32666666666666666","310","1","0.3333333333333333","310","1.08","0.36","310","0.6","0.2","310","0.8","0.26666666666666666","310","1","0.3333333333333333","310","1.25","0.3125","310","1.075","0.26875"
,"311","0.55","0.55","311","0.67","0.67","311","0.7","0.7","311","0.54","0.54","311","0.78","0.78","311","0.68","0.68","311","0.71","0.71","311","0.6","0.6","311","0.68","0.68","311","0.5","0.5","311","0.9393939393939394","0.46616541353383456","311","0.7878787878787878","0.39097744360902253","311","0.8787878787878788","0.43609022556390975","311","0.9242424242424242","0.45864661654135336","311","0.8181818181818182","0.40601503759398494","311","0.8787878787878788","0.43609022556390975","311","0.8787878787878788","0.43609022556390975","311","0.9545454545454546","0.47368421052631576","311","1.0151515151515151","0.5037593984962406","311","0.7272727272727273","0.3609022556390977","311","0.7","0.23333333333333334","311","0.88","0.29333333333333333","311","0.82","0.2733333333333333","311","0.84","0.28","311","1.16","0.38666666666666666","311","0.9","0.3","311","1.14","0.38","311","0.76","0.25333333333333335","311","0.88","0.29333333333333333","311","1.08","0.36","311","1.275","0.31875","311","1.125","0.28125"
,"312","0.61","0.61","312","0.55","0.55","312","0.59","0.59","312","0.66","0.66","312","0.77","0.77","312","0.83","0.83","312","0.6","0.6","312","0.57","0.57","312","0.65","0.65","312","0.6","0.6","312","0.8939393939393939","0.44360902255639095","312","0.8181818181818182","0.40601503759398494","312","0.7575757575757576","0.37593984962406013","312","0.8787878787878788","0.43609022556390975","312","0.7878787878787878","0.39097744360902253","312","0.7272727272727273","0.3609022556390977","312","0.9848484848484849","0.48872180451127817","312","0.7424242424242424","0.3684210526315789","312","0.8939393939393939","0.44360902255639095","312","0.9242424242424242","0.45864661654135336","312","0.9","0.3","312","1.1","0.36666666666666664","312","0.94","0.31333333333333335","312","0.92","0.30666666666666664","312","0.86","0.2866666666666667","312","1.06","0.35333333333333333","312","1.14","0.38","312","0.78","0.26","312","0.94","0.31333333333333335","312","0.96","0.32","312","1.175","0.29375","312","1","0.25"
,"313","0.69","0.69","313","0.62","0.62","313","0.65","0.65","313","0.61","0.61","313","0.68","0.68","313","0.73","0.73","313","0.64","0.64","313","0.66","0.66","313","0.62","0.62","313","0.68","0.68","313","1.106060606060606","0.5488721804511278","313","0.7424242424242424","0.3684210526315789","313","0.7727272727272727","0.38345864661654133","313","0.8939393939393939","0.44360902255639095","313","0.8181818181818182","0.40601503759398494","313","0.8636363636363636","0.42857142857142855","313","0.9393939393939394","0.46616541353383456","313","0.9393939393939394","0.46616541353383456","313","0.9848484848484849","0.48872180451127817","313","0.8636363636363636","0.42857142857142855","313","0.78","0.26","313","0.98","0.32666666666666666","313","1","0.3333333333333333","313","1.04","0.3466666666666667","313","0.92","0.30666666666666664","313","0.84","0.28","313","0.98","0.32666666666666666","313","0.98","0.32666666666666666","313","0.92","0.30666666666666664","313","0.98","0.32666666666666666","313","1.15","0.2875","313","0.975","0.24375"
,"314","0.59","0.59","314","0.72","0.72","314","0.73","0.73","314","0.76","0.76","314","0.73","0.73","314","0.67","0.67","314","0.64","0.64","314","0.64","0.64","314","0.68","0.68","314","0.52","0.52","314","0.803030303030303","0.39849624060150374","314","0.7727272727272727","0.38345864661654133","314","0.8939393939393939","0.44360902255639095","314","0.7575757575757576","0.37593984962406013","314","0.6363636363636364","0.3157894736842105","314","0.7424242424242424","0.3684210526315789","314","0.8787878787878788","0.43609022556390975","314","0.9090909090909091","0.45112781954887216","314","1.0303030303030303","0.5112781954887218","314","0.8181818181818182","0.40601503759398494","314","0.84","0.28","314","0.88","0.29333333333333333","314","0.96","0.32","314","1.04","0.3466666666666667","314","1.16","0.38666666666666666","314","0.98","0.32666666666666666","314","0.92","0.30666666666666664","314","0.88","0.29333333333333333","314","0.94","0.31333333333333335","314","0.78","0.26","314","0.975","0.24375","314","0.925","0.23125"
,"315","0.72","0.72","315","0.71","0.71","315","0.77","0.77","315","0.67","0.67","315","0.63","0.63","315","0.72","0.72","315","0.59","0.59","315","0.7","0.7","315","0.68","0.68","315","0.65","0.65","315","0.803030303030303","0.39849624060150374","315","0.7121212121212122","0.3533834586466165","315","0.8636363636363636","0.42857142857142855","315","0.7121212121212122","0.3533834586466165","315","0.803030303030303","0.39849624060150374","315","0.803030303030303","0.39849624060150374","315","0.696969696969697","0.3458646616541353","315","0.8787878787878788","0.43609022556390975","315","0.9545454545454546","0.47368421052631576","315","0.8333333333333334","0.41353383458646614","315","1.02","0.34","315","1.02","0.34","315","0.96","0.32","315","0.86","0.2866666666666667","315","0.88","0.29333333333333333","315","0.74","0.24666666666666667","315","1.24","0.41333333333333333","315","0.96","0.32","315","0.98","0.32666666666666666","315","1","0.3333333333333333","315","1","0.25","315","0.975","0.24375"
,"316","0.65","0.65","316","0.65","0.65","316","0.67","0.67","316","0.59","0.59","316","0.69","0.69","316","0.63","0.63","316","0.68","0.68","316","0.8","0.8","316","0.63","0.63","316","0.73","0.73","316","0.8484848484848485","0.42105263157894735","316","0.8636363636363636","0.42857142857142855","316","0.7575757575757576","0.37593984962406013","316","0.8939393939393939","0.44360902255639095","316","0.9090909090909091","0.45112781954887216","316","0.8787878787878788","0.43609022556390975","316","0.696969696969697","0.3458646616541353","316","0.7575757575757576","0.37593984962406013","316","0.9545454545454546","0.47368421052631576","316","0.9242424242424242","0.45864661654135336","316","1.04","0.3466666666666667","316","0.88","0.29333333333333333","316","1","0.3333333333333333","316","0.82","0.2733333333333333","316","0.98","0.32666666666666666","316","0.78","0.26","316","1.3","0.43333333333333335","316","0.84","0.28","316","1.14","0.38","316","0.9","0.3","316","1.25","0.3125","316","1.025","0.25625"
,"317","0.71","0.71","317","0.76","0.76","317","0.66","0.66","317","0.61","0.61","317","0.68","0.68","317","0.56","0.56","317","0.64","0.64","317","0.67","0.67","317","0.65","0.65","317","0.82","0.82","317","0.7424242424242424","0.3684210526315789","317","0.803030303030303","0.39849624060150374","317","0.7272727272727273","0.3609022556390977","317","0.8333333333333334","0.41353383458646614","317","0.9696969696969697","0.48120300751879697","317","0.7878787878787878","0.39097744360902253","317","0.8181818181818182","0.40601503759398494","317","0.7272727272727273","0.3609022556390977","317","0.9242424242424242","0.45864661654135336","317","0.8484848484848485","0.42105263157894735","317","0.86","0.2866666666666667","317","0.8","0.26666666666666666","317","1","0.3333333333333333","317","1.1","0.36666666666666664","317","1.18","0.3933333333333333","317","0.88","0.29333333333333333","317","1.02","0.34","317","0.86","0.2866666666666667","317","0.74","0.24666666666666667","317","0.84","0.28","317","1.125","0.28125","317","0.975","0.24375"
,"318","0.66","0.66","318","0.6","0.6","318","0.7","0.7","318","0.77","0.77","318","0.58","0.58","318","0.63","0.63","318","0.66","0.66","318","0.62","0.62","318","0.66","0.66","318","0.62","0.62","318","0.6515151515151515","0.3233082706766917","318","0.7272727272727273","0.3609022556390977","318","0.9848484848484849","0.48872180451127817","318","0.8484848484848485","0.42105263157894735","318","0.8181818181818182","0.40601503759398494","318","0.9393939393939394","0.46616541353383456","318","1.0303030303030303","0.5112781954887218","318","0.7272727272727273","0.3609022556390977","318","1.0757575757575757","0.5338345864661654","318","0.9090909090909091","0.45112781954887216","318","1.2","0.4","318","0.88","0.29333333333333333","318","0.72","0.24","318","0.94","0.31333333333333335","318","1","0.3333333333333333","318","0.88","0.29333333333333333","318","1.06","0.35333333333333333","318","0.72","0.24","318","0.9","0.3","318","0.82","0.2733333333333333","318","0.7","0.175","318","1.1","0.275"
,"319","0.76","0.76","319","0.75","0.75","319","0.61","0.61","319","0.61","0.61","319","0.58","0.58","319","0.59","0.59","319","0.66","0.66","319","0.69","0.69","319","0.75","0.75","319","0.76","0.76","319","0.8636363636363636","0.42857142857142855","319","0.6060606060606061","0.3007518796992481","319","0.8333333333333334","0.41353383458646614","319","0.6818181818181818","0.3383458646616541","319","0.803030303030303","0.39849624060150374","319","0.8939393939393939","0.44360902255639095","319","0.9696969696969697","0.48120300751879697","319","0.8333333333333334","0.41353383458646614","319","0.9090909090909091","0.45112781954887216","319","1.0151515151515151","0.5037593984962406","319","0.94","0.31333333333333335","319","0.84","0.28","319","1","0.3333333333333333","319","1.04","0.3466666666666667","319","0.92","0.30666666666666664","319","0.78","0.26","319","0.88","0.29333333333333333","319","0.82","0.2733333333333333","319","0.86","0.2866666666666667","319","0.96","0.32","319","1.075","0.26875","319","1","0.25"
,"320","0.66","0.66","320","0.69","0.69","320","0.69","0.69","320","0.6","0.6","320","0.73","0.73","320","0.53","0.53","320","0.64","0.64","320","0.61","0.61","320","0.62","0.62","320","0.63","0.63","320","0.8787878787878788","0.43609022556390975","320","0.6515151515151515","0.3233082706766917","320","0.8484848484848485","0.42105263157894735","320","0.696969696969697","0.3458646616541353","320","0.7727272727272727","0.38345864661654133","320","0.6212121212121212","0.3082706766917293","320","0.7272727272727273","0.3609022556390977","320","0.9848484848484849","0.48872180451127817","320","0.9545454545454546","0.47368421052631576","320","1.0151515151515151","0.5037593984962406","320","1.12","0.37333333333333335","320","0.96","0.32","320","0.9","0.3","320","1.1","0.36666666666666664","320","0.96","0.32","320","0.96","0.32","320","0.98","0.32666666666666666","320","0.98","0.32666666666666666","320","0.86","0.2866666666666667","320","0.9","0.3","320","1.275","0.31875","320","1.25","0.3125"
,"321","0.73","0.73","321","0.73","0.73","321","0.54","0.54","321","0.68","0.68","321","0.73","0.73","321","0.52","0.52","321","0.58","0.58","321","0.63","0.63","321","0.6","0.6","321","0.56","0.56","321","0.7878787878787878","0.39097744360902253","321","0.6212121212121212","0.3082706766917293","321","0.8939393939393939","0.44360902255639095","321","0.7121212121212122","0.3533834586466165","321","0.8787878787878788","0.43609022556390975","321","0.696969696969697","0.3458646616541353","321","0.7272727272727273","0.3609022556390977","321","0.8636363636363636","0.42857142857142855","321","0.8787878787878788","0.43609022556390975","321","0.9242424242424242","0.45864661654135336","321","1.08","0.36","321","1.04","0.3466666666666667","321","0.9","0.3","321","1.1","0.36666666666666664","321","1.08","0.36","321","0.98","0.32666666666666666","321","0.92","0.30666666666666664","321","1","0.3333333333333333","321","0.8","0.26666666666666666","321","1.02","0.34","321","1","0.25","321","1.15","0.2875"
,"322","0.68","0.68","322","0.69","0.69","322","0.52","0.52","322","0.66","0.66","322","0.55","0.55","322","0.71","0.71","322","0.61","0.61","322","0.66","0.66","322","0.67","0.67","322","0.61","0.61","322","0.803030303030303","0.39849624060150374","322","0.696969696969697","0.3458646616541353","322","0.8333333333333334","0.41353383458646614","322","1.0151515151515151","0.5037593984962406","322","0.7878787878787878","0.39097744360902253","322","0.6515151515151515","0.3233082706766917","322","0.6363636363636364","0.3157894736842105","322","0.9848484848484849","0.48872180451127817","322","0.9242424242424242","0.45864661654135336","322","0.7424242424242424","0.3684210526315789","322","1.28","0.4266666666666667","322","0.92","0.30666666666666664","322","0.82","0.2733333333333333","322","0.88","0.29333333333333333","322","0.94","0.31333333333333335","322","1.06","0.35333333333333333","322","1.2","0.4","322","1.06","0.35333333333333333","322","0.9","0.3","322","1.1","0.36666666666666664","322","1.05","0.2625","322","0.925","0.23125"
,"323","0.67","0.67","323","0.64","0.64","323","0.65","0.65","323","0.6","0.6","323","0.58","0.58","323","0.7","0.7","323","0.58","0.58","323","0.58","0.58","323","0.63","0.63","323","0.62","0.62","323","0.9090909090909091","0.45112781954887216","323","0.696969696969697","0.3458646616541353","323","0.8939393939393939","0.44360902255639095","323","1.0454545454545454","0.518796992481203","323","0.9393939393939394","0.46616541353383456","323","0.8636363636363636","0.42857142857142855","323","0.7424242424242424","0.3684210526315789","323","1.0151515151515151","0.5037593984962406","323","0.7424242424242424","0.3684210526315789","323","0.7575757575757576","0.37593984962406013","323","1.24","0.41333333333333333","323","0.74","0.24666666666666667","323","1","0.3333333333333333","323","0.82","0.2733333333333333","323","0.74","0.24666666666666667","323","1.14","0.38","323","0.96","0.32","323","0.76","0.25333333333333335","323","1.06","0.35333333333333333","323","0.98","0.32666666666666666","323","0.95","0.2375","323","1.175","0.29375"
,"324","0.78","0.78","324","0.6","0.6","324","0.62","0.62","324","0.61","0.61","324","0.57","0.57","324","0.69","0.69","324","0.6","0.6","324","0.6","0.6","324","0.45","0.45","324","0.65","0.65","324","0.7575757575757576","0.37593984962406013","324","0.6666666666666666","0.3308270676691729","324","0.7121212121212122","0.3533834586466165","324","0.8787878787878788","0.43609022556390975","324","0.8484848484848485","0.42105263157894735","324","0.8181818181818182","0.40601503759398494","324","0.9545454545454546","0.47368421052631576","324","0.8484848484848485","0.42105263157894735","324","0.8333333333333334","0.41353383458646614","324","0.8787878787878788","0.43609022556390975","324","1.18","0.3933333333333333","324","0.86","0.2866666666666667","324","1.02","0.34","324","0.84","0.28","324","0.84","0.28","324","1.06","0.35333333333333333","324","1.24","0.41333333333333333","324","0.92","0.30666666666666664","324","1.12","0.37333333333333335","324","1.3","0.43333333333333335","324","1.125","0.28125","324","0.825","0.20625"
,"325","0.68","0.68","325","0.6","0.6","325","0.59","0.59","325","0.58","0.58","325","0.6","0.6","325","0.65","0.65","325","0.62","0.62","325","0.59","0.59","325","0.64","0.64","325","0.72","0.72","325","0.8636363636363636","0.42857142857142855","325","0.7727272727272727","0.38345864661654133","325","0.8787878787878788","0.43609022556390975","325","0.8181818181818182","0.40601503759398494","325","0.7272727272727273","0.3609022556390977","325","0.9242424242424242","0.45864661654135336","325","0.8333333333333334","0.41353383458646614","325","0.9090909090909091","0.45112781954887216","325","0.9696969696969697","0.48120300751879697","325","0.7878787878787878","0.39097744360902253","325","1.12","0.37333333333333335","325","0.76","0.25333333333333335","325","0.9","0.3","325","1.1","0.36666666666666664","325","1.26","0.42","325","1.04","0.3466666666666667","325","1.1","0.36666666666666664","325","1","0.3333333333333333","325","1.02","0.34","325","0.92","0.30666666666666664","325","1.15","0.2875","325","1.025","0.25625"
,"326","0.63","0.63","326","0.58","0.58","326","0.57","0.57","326","0.59","0.59","326","0.57","0.57","326","0.65","0.65","326","0.47","0.47","326","0.63","0.63","326","0.75","0.75","326","0.69","0.69","326","0.696969696969697","0.3458646616541353","326","0.7424242424242424","0.3684210526315789","326","0.9242424242424242","0.45864661654135336","326","0.8484848484848485","0.42105263157894735","326","0.7727272727272727","0.38345864661654133","326","0.7424242424242424","0.3684210526315789","326","0.8636363636363636","0.42857142857142855","326","0.8333333333333334","0.41353383458646614","326","0.803030303030303","0.39849624060150374","326","0.9090909090909091","0.45112781954887216","326","1.1","0.36666666666666664","326","0.88","0.29333333333333333","326","0.8","0.26666666666666666","326","1.18","0.3933333333333333","326","1.16","0.38666666666666666","326","0.98","0.32666666666666666","326","0.96","0.32","326","0.92","0.30666666666666664","326","1","0.3333333333333333","326","0.74","0.24666666666666667","326","0.975","0.24375","326","1.275","0.31875"
,"327","0.58","0.58","327","0.61","0.61","327","0.7","0.7","327","0.59","0.59","327","0.67","0.67","327","0.65","0.65","327","0.67","0.67","327","0.65","0.65","327","0.59","0.59","327","0.77","0.77","327","0.9090909090909091","0.45112781954887216","327","0.8636363636363636","0.42857142857142855","327","0.8484848484848485","0.42105263157894735","327","0.6818181818181818","0.3383458646616541","327","0.8484848484848485","0.42105263157894735","327","0.7878787878787878","0.39097744360902253","327","0.7424242424242424","0.3684210526315789","327","0.9545454545454546","0.47368421052631576","327","0.8636363636363636","0.42857142857142855","327","0.8484848484848485","0.42105263157894735","327","1","0.3333333333333333","327","0.84","0.28","327","1","0.3333333333333333","327","1.12","0.37333333333333335","327","1.04","0.3466666666666667","327","1.22","0.4066666666666667","327","1.28","0.4266666666666667","327","0.98","0.32666666666666666","327","1.1","0.36666666666666664","327","0.94","0.31333333333333335","327","0.825","0.20625","327","1.2","0.3"
,"328","0.56","0.56","328","0.69","0.69","328","0.57","0.57","328","0.55","0.55","328","0.76","0.76","328","0.54","0.54","328","0.58","0.58","328","0.56","0.56","328","0.72","0.72","328","0.59","0.59","328","0.7727272727272727","0.38345864661654133","328","0.7727272727272727","0.38345864661654133","328","0.696969696969697","0.3458646616541353","328","0.803030303030303","0.39849624060150374","328","0.6818181818181818","0.3383458646616541","328","0.8939393939393939","0.44360902255639095","328","0.8181818181818182","0.40601503759398494","328","0.6818181818181818","0.3383458646616541","328","0.7575757575757576","0.37593984962406013","328","0.9090909090909091","0.45112781954887216","328","1.04","0.3466666666666667","328","1","0.3333333333333333","328","1.14","0.38","328","1.04","0.3466666666666667","328","1","0.3333333333333333","328","1.14","0.38","328","1.02","0.34","328","0.9","0.3","328","0.96","0.32","328","0.66","0.22","328","1","0.25","328","0.875","0.21875"
,"329","0.64","0.64","329","0.64","0.64","329","0.75","0.75","329","0.63","0.63","329","0.67","0.67","329","0.53","0.53","329","0.64","0.64","329","0.51","0.51","329","0.6","0.6","329","0.73","0.73","329","0.7878787878787878","0.39097744360902253","329","0.7121212121212122","0.3533834586466165","329","1.0151515151515151","0.5037593984962406","329","0.9545454545454546","0.47368421052631576","329","0.8787878787878788","0.43609022556390975","329","0.8939393939393939","0.44360902255639095","329","0.8636363636363636","0.42857142857142855","329","0.9545454545454546","0.47368421052631576","329","0.696969696969697","0.3458646616541353","329","0.8181818181818182","0.40601503759398494","329","0.9","0.3","329","1.02","0.34","329","1.22","0.4066666666666667","329","1.06","0.35333333333333333","329","1","0.3333333333333333","329","0.96","0.32","329","0.84","0.28","329","1.08","0.36","329","0.92","0.30666666666666664","329","0.98","0.32666666666666666","329","1","0.25","329","0.925","0.23125"
,"330","0.6","0.6","330","0.69","0.69","330","0.8","0.8","330","0.61","0.61","330","0.62","0.62","330","0.72","0.72","330","0.72","0.72","330","0.64","0.64","330","0.76","0.76","330","0.6","0.6","330","0.7121212121212122","0.3533834586466165","330","0.5909090909090909","0.2932330827067669","330","0.8333333333333334","0.41353383458646614","330","0.7272727272727273","0.3609022556390977","330","0.6363636363636364","0.3157894736842105","330","0.9393939393939394","0.46616541353383456","330","0.6666666666666666","0.3308270676691729","330","0.9090909090909091","0.45112781954887216","330","0.803030303030303","0.39849624060150374","330","0.9090909090909091","0.45112781954887216","330","1.02","0.34","330","1.06","0.35333333333333333","330","0.9","0.3","330","1.24","0.41333333333333333","330","1.06","0.35333333333333333","330","1.02","0.34","330","0.96","0.32","330","0.98","0.32666666666666666","330","1.08","0.36","330","0.76","0.25333333333333335","330","1.075","0.26875","330","0.925","0.23125"
,"331","0.57","0.57","331","0.59","0.59","331","0.74","0.74","331","0.65","0.65","331","0.66","0.66","331","0.63","0.63","331","0.64","0.64","331","0.7","0.7","331","0.65","0.65","331","0.52","0.52","331","0.6818181818181818","0.3383458646616541","331","0.7575757575757576","0.37593984962406013","331","0.8484848484848485","0.42105263157894735","331","0.7878787878787878","0.39097744360902253","331","0.6818181818181818","0.3383458646616541","331","0.9242424242424242","0.45864661654135336","331","0.9696969696969697","0.48120300751879697","331","0.803030303030303","0.39849624060150374","331","0.8636363636363636","0.42857142857142855","331","0.8787878787878788","0.43609022556390975","331","0.9","0.3","331","1.22","0.4066666666666667","331","0.96","0.32","331","1.2","0.4","331","1.08","0.36","331","1","0.3333333333333333","331","1.22","0.4066666666666667","331","1.08","0.36","331","1.16","0.38666666666666666","331","1","0.3333333333333333","331","0.975","0.24375","331","0.9","0.225"
,"332","0.58","0.58","332","0.6","0.6","332","0.65","0.65","332","0.67","0.67","332","0.68","0.68","332","0.58","0.58","332","0.62","0.62","332","0.61","0.61","332","0.59","0.59","332","0.72","0.72","332","0.8636363636363636","0.42857142857142855","332","0.7121212121212122","0.3533834586466165","332","0.9242424242424242","0.45864661654135336","332","0.8333333333333334","0.41353383458646614","332","0.7878787878787878","0.39097744360902253","332","0.9090909090909091","0.45112781954887216","332","0.7727272727272727","0.38345864661654133","332","0.9090909090909091","0.45112781954887216","332","0.8787878787878788","0.43609022556390975","332","0.8333333333333334","0.41353383458646614","332","1.08","0.36","332","0.92","0.30666666666666664","332","1.08","0.36","332","0.88","0.29333333333333333","332","1.1","0.36666666666666664","332","1.04","0.3466666666666667","332","0.98","0.32666666666666666","332","1.14","0.38","332","0.92","0.30666666666666664","332","0.84","0.28","332","0.925","0.23125","332","1.075","0.26875"
,"333","0.59","0.59","333","0.52","0.52","333","0.69","0.69","333","0.68","0.68","333","0.67","0.67","333","0.61","0.61","333","0.7","0.7","333","0.6","0.6","333","0.63","0.63","333","0.7","0.7","333","0.8484848484848485","0.42105263157894735","333","0.8787878787878788","0.43609022556390975","333","0.7575757575757576","0.37593984962406013","333","0.7575757575757576","0.37593984962406013","333","0.8333333333333334","0.41353383458646614","333","0.9242424242424242","0.45864661654135336","333","0.8181818181818182","0.40601503759398494","333","0.8636363636363636","0.42857142857142855","333","1.0151515151515151","0.5037593984962406","333","0.9242424242424242","0.45864661654135336","333","1.36","0.4533333333333333","333","1.06","0.35333333333333333","333","1.06","0.35333333333333333","333","0.9","0.3","333","0.88","0.29333333333333333","333","1.04","0.3466666666666667","333","0.9","0.3","333","1.06","0.35333333333333333","333","0.72","0.24","333","0.92","0.30666666666666664","333","0.975","0.24375","333","1.2","0.3"
,"334","0.63","0.63","334","0.52","0.52","334","0.77","0.77","334","0.76","0.76","334","0.57","0.57","334","0.65","0.65","334","0.73","0.73","334","0.5","0.5","334","0.57","0.57","334","0.83","0.83","334","0.8939393939393939","0.44360902255639095","334","0.9090909090909091","0.45112781954887216","334","0.7121212121212122","0.3533834586466165","334","0.8636363636363636","0.42857142857142855","334","0.9242424242424242","0.45864661654135336","334","0.9242424242424242","0.45864661654135336","334","0.696969696969697","0.3458646616541353","334","0.9242424242424242","0.45864661654135336","334","0.8636363636363636","0.42857142857142855","334","1.0757575757575757","0.5338345864661654","334","1.14","0.38","334","0.88","0.29333333333333333","334","0.9","0.3","334","0.92","0.30666666666666664","334","0.88","0.29333333333333333","334","1.04","0.3466666666666667","334","1.08","0.36","334","1","0.3333333333333333","334","0.82","0.2733333333333333","334","0.88","0.29333333333333333","334","1","0.25","334","0.65","0.1625"
,"335","0.56","0.56","335","0.59","0.59","335","0.67","0.67","335","0.68","0.68","335","0.58","0.58","335","0.58","0.58","335","0.73","0.73","335","0.6","0.6","335","0.66","0.66","335","0.64","0.64","335","0.7424242424242424","0.3684210526315789","335","0.8636363636363636","0.42857142857142855","335","0.8939393939393939","0.44360902255639095","335","0.803030303030303","0.39849624060150374","335","0.7272727272727273","0.3609022556390977","335","0.9242424242424242","0.45864661654135336","335","0.8484848484848485","0.42105263157894735","335","0.8636363636363636","0.42857142857142855","335","1.0151515151515151","0.5037593984962406","335","0.8333333333333334","0.41353383458646614","335","1.04","0.3466666666666667","335","0.84","0.28","335","1.06","0.35333333333333333","335","1.02","0.34","335","0.86","0.2866666666666667","335","0.78","0.26","335","1.18","0.3933333333333333","335","1","0.3333333333333333","335","0.66","0.22","335","0.82","0.2733333333333333","335","1.125","0.28125","335","0.8","0.2"
,"336","0.69","0.69","336","0.57","0.57","336","0.8","0.8","336","0.67","0.67","336","0.69","0.69","336","0.59","0.59","336","0.65","0.65","336","0.59","0.59","336","0.59","0.59","336","0.63","0.63","336","0.8484848484848485","0.42105263157894735","336","0.8939393939393939","0.44360902255639095","336","0.7575757575757576","0.37593984962406013","336","0.8333333333333334","0.41353383458646614","336","1.0454545454545454","0.518796992481203","336","0.9242424242424242","0.45864661654135336","336","0.7424242424242424","0.3684210526315789","336","0.7424242424242424","0.3684210526315789","336","0.9696969696969697","0.48120300751879697","336","0.9696969696969697","0.48120300751879697","336","0.86","0.2866666666666667","336","0.9","0.3","336","1.1","0.36666666666666664","336","0.84","0.28","336","0.84","0.28","336","0.7","0.23333333333333334","336","1.06","0.35333333333333333","336","0.92","0.30666666666666664","336","0.72","0.24","336","1.08","0.36","336","1.125","0.28125","336","0.85","0.2125"
,"337","0.71","0.71","337","0.67","0.67","337","0.74","0.74","337","0.62","0.62","337","0.6","0.6","337","0.67","0.67","337","0.66","0.66","337","0.76","0.76","337","0.62","0.62","337","0.62","0.62","337","0.7878787878787878","0.39097744360902253","337","0.8333333333333334","0.41353383458646614","337","0.7878787878787878","0.39097744360902253","337","1","0.49624060150375937","337","0.8939393939393939","0.44360902255639095","337","0.9545454545454546","0.47368421052631576","337","0.7878787878787878","0.39097744360902253","337","0.8181818181818182","0.40601503759398494","337","0.8181818181818182","0.40601503759398494","337","0.9696969696969697","0.48120300751879697","337","0.9","0.3","337","0.78","0.26","337","1.12","0.37333333333333335","337","0.7","0.23333333333333334","337","0.92","0.30666666666666664","337","1","0.3333333333333333","337","1.1","0.36666666666666664","337","0.96","0.32","337","0.7","0.23333333333333334","337","1.14","0.38","337","0.975","0.24375","337","0.975","0.24375"
,"338","0.69","0.69","338","0.64","0.64","338","0.68","0.68","338","0.64","0.64","338","0.56","0.56","338","0.57","0.57","338","0.54","0.54","338","0.52","0.52","338","0.56","0.56","338","0.59","0.59","338","0.9242424242424242","0.45864661654135336","338","0.9696969696969697","0.48120300751879697","338","0.7575757575757576","0.37593984962406013","338","0.7272727272727273","0.3609022556390977","338","0.8787878787878788","0.43609022556390975","338","0.9242424242424242","0.45864661654135336","338","0.7727272727272727","0.38345864661654133","338","0.8181818181818182","0.40601503759398494","338","0.9242424242424242","0.45864661654135336","338","0.9696969696969697","0.48120300751879697","338","0.86","0.2866666666666667","338","0.86","0.2866666666666667","338","0.96","0.32","338","0.92","0.30666666666666664","338","0.82","0.2733333333333333","338","0.96","0.32","338","1.02","0.34","338","0.92","0.30666666666666664","338","0.74","0.24666666666666667","338","0.96","0.32","338","1.075","0.26875","338","1.225","0.30625"
,"339","0.67","0.67","339","0.67","0.67","339","0.63","0.63","339","0.66","0.66","339","0.79","0.79","339","0.54","0.54","339","0.61","0.61","339","0.73","0.73","339","0.61","0.61","339","0.66","0.66","339","0.7575757575757576","0.37593984962406013","339","0.9545454545454546","0.47368421052631576","339","0.7727272727272727","0.38345864661654133","339","0.7727272727272727","0.38345864661654133","339","0.9545454545454546","0.47368421052631576","339","0.8484848484848485","0.42105263157894735","339","0.9242424242424242","0.45864661654135336","339","0.803030303030303","0.39849624060150374","339","0.9545454545454546","0.47368421052631576","339","0.9393939393939394","0.46616541353383456","339","0.9","0.3","339","0.84","0.28","339","0.92","0.30666666666666664","339","0.88","0.29333333333333333","339","0.88","0.29333333333333333","339","0.9","0.3","339","1.08","0.36","339","1.16","0.38666666666666666","339","0.58","0.19333333333333333","339","0.98","0.32666666666666666","339","1.225","0.30625","339","0.725","0.18125"
,"340","0.68","0.68","340","0.67","0.67","340","0.57","0.57","340","0.48","0.48","340","0.57","0.57","340","0.62","0.62","340","0.7","0.7","340","0.72","0.72","340","0.62","0.62","340","0.66","0.66","340","0.9090909090909091","0.45112781954887216","340","0.9090909090909091","0.45112781954887216","340","0.8181818181818182","0.40601503759398494","340","0.7424242424242424","0.3684210526315789","340","0.7121212121212122","0.3533834586466165","340","0.9393939393939394","0.46616541353383456","340","0.7575757575757576","0.37593984962406013","340","0.8939393939393939","0.44360902255639095","340","0.8636363636363636","0.42857142857142855","340","0.7424242424242424","0.3684210526315789","340","0.76","0.25333333333333335","340","0.92","0.30666666666666664","340","1.04","0.3466666666666667","340","1.16","0.38666666666666666","340","1.1","0.36666666666666664","340","0.66","0.22","340","1.26","0.42","340","1.08","0.36","340","0.96","0.32","340","1.08","0.36","340","0.875","0.21875","340","1.1","0.275"
,"341","0.72","0.72","341","0.63","0.63","341","0.62","0.62","341","0.54","0.54","341","0.68","0.68","341","0.67","0.67","341","0.7","0.7","341","0.69","0.69","341","0.56","0.56","341","0.62","0.62","341","0.7878787878787878","0.39097744360902253","341","0.7272727272727273","0.3609022556390977","341","0.7727272727272727","0.38345864661654133","341","0.9090909090909091","0.45112781954887216","341","0.9393939393939394","0.46616541353383456","341","0.8333333333333334","0.41353383458646614","341","0.7424242424242424","0.3684210526315789","341","0.8636363636363636","0.42857142857142855","341","0.8939393939393939","0.44360902255639095","341","0.8787878787878788","0.43609022556390975","341","0.72","0.24","341","0.88","0.29333333333333333","341","1.04","0.3466666666666667","341","1.16","0.38666666666666666","341","1.08","0.36","341","0.7","0.23333333333333334","341","0.96","0.32","341","0.9","0.3","341","1.02","0.34","341","1.08","0.36","341","0.9","0.225","341","0.9","0.225"
,"342","0.66","0.66","342","0.7","0.7","342","0.62","0.62","342","0.65","0.65","342","0.59","0.59","342","0.55","0.55","342","0.59","0.59","342","0.74","0.74","342","0.67","0.67","342","0.59","0.59","342","0.9848484848484849","0.48872180451127817","342","0.9090909090909091","0.45112781954887216","342","0.7121212121212122","0.3533834586466165","342","0.9090909090909091","0.45112781954887216","342","0.9393939393939394","0.46616541353383456","342","0.9848484848484849","0.48872180451127817","342","0.9393939393939394","0.46616541353383456","342","0.8181818181818182","0.40601503759398494","342","0.8181818181818182","0.40601503759398494","342","0.696969696969697","0.3458646616541353","342","0.96","0.32","342","1.08","0.36","342","1.18","0.3933333333333333","342","1.14","0.38","342","0.92","0.30666666666666664","342","0.84","0.28","342","1.1","0.36666666666666664","342","0.9","0.3","342","0.92","0.30666666666666664","342","1.04","0.3466666666666667","342","1.075","0.26875","342","0.975","0.24375"
,"343","0.66","0.66","343","0.63","0.63","343","0.6","0.6","343","0.54","0.54","343","0.59","0.59","343","0.64","0.64","343","0.57","0.57","343","0.71","0.71","343","0.58","0.58","343","0.61","0.61","343","0.9545454545454546","0.47368421052631576","343","0.9545454545454546","0.47368421052631576","343","0.9545454545454546","0.47368421052631576","343","0.9696969696969697","0.48120300751879697","343","1.0151515151515151","0.5037593984962406","343","1.0303030303030303","0.5112781954887218","343","0.8939393939393939","0.44360902255639095","343","0.8484848484848485","0.42105263157894735","343","0.9090909090909091","0.45112781954887216","343","0.8787878787878788","0.43609022556390975","343","0.88","0.29333333333333333","343","1.02","0.34","343","0.98","0.32666666666666666","343","1.24","0.41333333333333333","343","0.86","0.2866666666666667","343","0.86","0.2866666666666667","343","1.22","0.4066666666666667","343","1.14","0.38","343","1","0.3333333333333333","343","1.2","0.4","343","1.175","0.29375","343","0.875","0.21875"
,"344","0.67","0.67","344","0.75","0.75","344","0.62","0.62","344","0.56","0.56","344","0.49","0.49","344","0.59","0.59","344","0.72","0.72","344","0.63","0.63","344","0.64","0.64","344","0.71","0.71","344","0.9090909090909091","0.45112781954887216","344","0.7878787878787878","0.39097744360902253","344","0.8181818181818182","0.40601503759398494","344","0.9848484848484849","0.48872180451127817","344","0.8787878787878788","0.43609022556390975","344","0.8939393939393939","0.44360902255639095","344","0.8939393939393939","0.44360902255639095","344","0.8787878787878788","0.43609022556390975","344","0.9696969696969697","0.48120300751879697","344","0.9848484848484849","0.48872180451127817","344","0.94","0.31333333333333335","344","0.9","0.3","344","0.82","0.2733333333333333","344","1.14","0.38","344","0.74","0.24666666666666667","344","1","0.3333333333333333","344","0.92","0.30666666666666664","344","0.82","0.2733333333333333","344","1","0.3333333333333333","344","1","0.3333333333333333","344","1.025","0.25625","344","1.05","0.2625"
,"345","0.81","0.81","345","0.7","0.7","345","0.75","0.75","345","0.59","0.59","345","0.59","0.59","345","0.61","0.61","345","0.67","0.67","345","0.57","0.57","345","0.71","0.71","345","0.76","0.76","345","1.0151515151515151","0.5037593984962406","345","0.803030303030303","0.39849624060150374","345","0.9696969696969697","0.48120300751879697","345","0.9242424242424242","0.45864661654135336","345","0.803030303030303","0.39849624060150374","345","0.8636363636363636","0.42857142857142855","345","1.0606060606060606","0.5263157894736842","345","0.7424242424242424","0.3684210526315789","345","0.9545454545454546","0.47368421052631576","345","0.7575757575757576","0.37593984962406013","345","1.06","0.35333333333333333","345","1.04","0.3466666666666667","345","0.92","0.30666666666666664","345","1","0.3333333333333333","345","0.78","0.26","345","1","0.3333333333333333","345","0.94","0.31333333333333335","345","0.92","0.30666666666666664","345","1.06","0.35333333333333333","345","1.08","0.36","345","1.175","0.29375","345","0.85","0.2125"
,"346","0.77","0.77","346","0.6","0.6","346","0.68","0.68","346","0.55","0.55","346","0.67","0.67","346","0.57","0.57","346","0.73","0.73","346","0.58","0.58","346","0.66","0.66","346","0.61","0.61","346","0.9545454545454546","0.47368421052631576","346","0.9242424242424242","0.45864661654135336","346","0.9090909090909091","0.45112781954887216","346","0.9696969696969697","0.48120300751879697","346","0.9393939393939394","0.46616541353383456","346","0.8181818181818182","0.40601503759398494","346","0.9393939393939394","0.46616541353383456","346","0.8333333333333334","0.41353383458646614","346","0.8787878787878788","0.43609022556390975","346","0.7878787878787878","0.39097744360902253","346","1.12","0.37333333333333335","346","1","0.3333333333333333","346","0.9","0.3","346","0.88","0.29333333333333333","346","1.08","0.36","346","1.08","0.36","346","1","0.3333333333333333","346","1.04","0.3466666666666667","346","0.9","0.3","346","1.18","0.3933333333333333","346","1.025","0.25625","346","0.825","0.20625"
,"347","0.59","0.59","347","0.71","0.71","347","0.76","0.76","347","0.51","0.51","347","0.55","0.55","347","0.62","0.62","347","0.69","0.69","347","0.59","0.59","347","0.64","0.64","347","0.64","0.64","347","0.9696969696969697","0.48120300751879697","347","0.9242424242424242","0.45864661654135336","347","1.0151515151515151","0.5037593984962406","347","0.7727272727272727","0.38345864661654133","347","0.8636363636363636","0.42857142857142855","347","0.7575757575757576","0.37593984962406013","347","0.7575757575757576","0.37593984962406013","347","0.9090909090909091","0.45112781954887216","347","0.9393939393939394","0.46616541353383456","347","1.0303030303030303","0.5112781954887218","347","0.88","0.29333333333333333","347","0.92","0.30666666666666664","347","0.86","0.2866666666666667","347","1","0.3333333333333333","347","0.86","0.2866666666666667","347","1","0.3333333333333333","347","1.24","0.41333333333333333","347","1.08","0.36","347","1.14","0.38","347","1.08","0.36","347","0.975","0.24375","347","0.85","0.2125"
,"348","0.68","0.68","348","0.6","0.6","348","0.67","0.67","348","0.6","0.6","348","0.61","0.61","348","0.64","0.64","348","0.73","0.73","348","0.67","0.67","348","0.74","0.74","348","0.67","0.67","348","0.7272727272727273","0.3609022556390977","348","1.0151515151515151","0.5037593984962406","348","0.9090909090909091","0.45112781954887216","348","0.8939393939393939","0.44360902255639095","348","0.7121212121212122","0.3533834586466165","348","0.7878787878787878","0.39097744360902253","348","0.7424242424242424","0.3684210526315789","348","0.7575757575757576","0.37593984962406013","348","0.9393939393939394","0.46616541353383456","348","0.7727272727272727","0.38345864661654133","348","0.92","0.30666666666666664","348","0.94","0.31333333333333335","348","0.92","0.30666666666666664","348","1","0.3333333333333333","348","1.06","0.35333333333333333","348","1.06","0.35333333333333333","348","1.04","0.3466666666666667","348","1.06","0.35333333333333333","348","1","0.3333333333333333","348","0.98","0.32666666666666666","348","0.775","0.19375","348","1","0.25"
,"349","0.71","0.71","349","0.63","0.63","349","0.71","0.71","349","0.59","0.59","349","0.72","0.72","349","0.65","0.65","349","0.67","0.67","349","0.63","0.63","349","0.67","0.67","349","0.49","0.49","349","0.9696969696969697","0.48120300751879697","349","0.9848484848484849","0.48872180451127817","349","0.9696969696969697","0.48120300751879697","349","1.0151515151515151","0.5037593984962406","349","0.7575757575757576","0.37593984962406013","349","0.9090909090909091","0.45112781954887216","349","0.8939393939393939","0.44360902255639095","349","0.7424242424242424","0.3684210526315789","349","1.0151515151515151","0.5037593984962406","349","0.9242424242424242","0.45864661654135336","349","1","0.3333333333333333","349","0.92","0.30666666666666664","349","0.96","0.32","349","0.84","0.28","349","1.04","0.3466666666666667","349","1.04","0.3466666666666667","349","1","0.3333333333333333","349","1.24","0.41333333333333333","349","0.9","0.3","349","1.1","0.36666666666666664","349","0.8","0.2","349","1.3","0.325"
,"350","0.72","0.72","350","0.57","0.57","350","0.57","0.57","350","0.61","0.61","350","0.54","0.54","350","0.68","0.68","350","0.71","0.71","350","0.68","0.68","350","0.73","0.73","350","0.67","0.67","350","1.0303030303030303","0.5112781954887218","350","1.0454545454545454","0.518796992481203","350","0.8787878787878788","0.43609022556390975","350","0.8787878787878788","0.43609022556390975","350","0.7878787878787878","0.39097744360902253","350","1.0151515151515151","0.5037593984962406","350","0.8333333333333334","0.41353383458646614","350","0.8939393939393939","0.44360902255639095","350","0.8636363636363636","0.42857142857142855","350","0.8636363636363636","0.42857142857142855","350","1.28","0.4266666666666667","350","0.86","0.2866666666666667","350","1.04","0.3466666666666667","350","0.92","0.30666666666666664","350","1","0.3333333333333333","350","0.84","0.28","350","0.92","0.30666666666666664","350","0.82","0.2733333333333333","350","0.9","0.3","350","1","0.3333333333333333","350","0.825","0.20625","350","1.1","0.275"
,"351","0.74","0.74","351","0.69","0.69","351","0.55","0.55","351","0.57","0.57","351","0.78","0.78","351","0.58","0.58","351","0.72","0.72","351","0.62","0.62","351","0.62","0.62","351","0.53","0.53","351","0.7575757575757576","0.37593984962406013","351","0.8787878787878788","0.43609022556390975","351","0.803030303030303","0.39849624060150374","351","0.8636363636363636","0.42857142857142855","351","0.9848484848484849","0.48872180451127817","351","0.9696969696969697","0.48120300751879697","351","0.8333333333333334","0.41353383458646614","351","0.7575757575757576","0.37593984962406013","351","0.8787878787878788","0.43609022556390975","351","0.7121212121212122","0.3533834586466165","351","1.08","0.36","351","1.18","0.3933333333333333","351","0.98","0.32666666666666666","351","1.04","0.3466666666666667","351","0.86","0.2866666666666667","351","0.92","0.30666666666666664","351","0.86","0.2866666666666667","351","1.04","0.3466666666666667","351","0.94","0.31333333333333335","351","0.82","0.2733333333333333","351","0.975","0.24375","351","1","0.25"
,"352","0.65","0.65","352","0.69","0.69","352","0.59","0.59","352","0.44","0.44","352","0.63","0.63","352","0.62","0.62","352","0.61","0.61","352","0.73","0.73","352","0.77","0.77","352","0.64","0.64","352","0.803030303030303","0.39849624060150374","352","0.9848484848484849","0.48872180451127817","352","0.8181818181818182","0.40601503759398494","352","0.803030303030303","0.39849624060150374","352","0.9545454545454546","0.47368421052631576","352","0.8484848484848485","0.42105263157894735","352","0.7727272727272727","0.38345864661654133","352","0.6515151515151515","0.3233082706766917","352","0.8939393939393939","0.44360902255639095","352","0.8484848484848485","0.42105263157894735","352","1","0.3333333333333333","352","1.04","0.3466666666666667","352","0.86","0.2866666666666667","352","0.88","0.29333333333333333","352","1.02","0.34","352","1.18","0.3933333333333333","352","0.84","0.28","352","1.06","0.35333333333333333","352","0.94","0.31333333333333335","352","0.94","0.31333333333333335","352","1.05","0.2625","352","1.025","0.25625"
,"353","0.75","0.75","353","0.69","0.69","353","0.62","0.62","353","0.57","0.57","353","0.62","0.62","353","0.69","0.69","353","0.69","0.69","353","0.64","0.64","353","0.65","0.65","353","0.6","0.6","353","0.8181818181818182","0.40601503759398494","353","1","0.49624060150375937","353","0.9393939393939394","0.46616541353383456","353","0.7424242424242424","0.3684210526315789","353","0.9393939393939394","0.46616541353383456","353","1","0.49624060150375937","353","1.0151515151515151","0.5037593984962406","353","0.7272727272727273","0.3609022556390977","353","0.9696969696969697","0.48120300751879697","353","0.8939393939393939","0.44360902255639095","353","1.12","0.37333333333333335","353","1.04","0.3466666666666667","353","0.8","0.26666666666666666","353","0.88","0.29333333333333333","353","0.98","0.32666666666666666","353","1.08","0.36","353","0.98","0.32666666666666666","353","0.96","0.32","353","0.94","0.31333333333333335","353","0.98","0.32666666666666666","353","0.95","0.2375","353","1.15","0.2875"
,"354","0.71","0.71","354","0.62","0.62","354","0.71","0.71","354","0.6","0.6","354","0.69","0.69","354","0.69","0.69","354","0.63","0.63","354","0.74","0.74","354","0.57","0.57","354","0.6","0.6","354","0.9393939393939394","0.46616541353383456","354","1.0151515151515151","0.5037593984962406","354","0.9090909090909091","0.45112781954887216","354","0.8181818181818182","0.40601503759398494","354","0.9393939393939394","0.46616541353383456","354","0.8787878787878788","0.43609022556390975","354","0.8636363636363636","0.42857142857142855","354","0.7727272727272727","0.38345864661654133","354","1.0303030303030303","0.5112781954887218","354","0.8787878787878788","0.43609022556390975","354","0.92","0.30666666666666664","354","1.06","0.35333333333333333","354","1.06","0.35333333333333333","354","0.98","0.32666666666666666","354","0.96","0.32","354","1.06","0.35333333333333333","354","0.88","0.29333333333333333","354","1.02","0.34","354","1.22","0.4066666666666667","354","0.88","0.29333333333333333","354","0.825","0.20625","354","1.125","0.28125"
,"355","0.6","0.6","355","0.6","0.6","355","0.66","0.66","355","0.56","0.56","355","0.71","0.71","355","0.64","0.64","355","0.63","0.63","355","0.64","0.64","355","0.65","0.65","355","0.66","0.66","355","0.8333333333333334","0.41353383458646614","355","0.9090909090909091","0.45112781954887216","355","0.7878787878787878","0.39097744360902253","355","0.8333333333333334","0.41353383458646614","355","0.8181818181818182","0.40601503759398494","355","0.8181818181818182","0.40601503759398494","355","0.6666666666666666","0.3308270676691729","355","0.6212121212121212","0.3082706766917293","355","0.8181818181818182","0.40601503759398494","355","0.9090909090909091","0.45112781954887216","355","0.84","0.28","355","1.02","0.34","355","0.88","0.29333333333333333","355","0.84","0.28","355","1.04","0.3466666666666667","355","1.02","0.34","355","0.8","0.26666666666666666","355","0.94","0.31333333333333335","355","0.88","0.29333333333333333","355","0.94","0.31333333333333335","355","0.675","0.16875","355","0.9","0.225"
,"356","0.65","0.65","356","0.64","0.64","356","0.62","0.62","356","0.73","0.73","356","0.6","0.6","356","0.63","0.63","356","0.67","0.67","356","0.68","0.68","356","0.63","0.63","356","0.56","0.56","356","0.9545454545454546","0.47368421052631576","356","0.8636363636363636","0.42857142857142855","356","0.803030303030303","0.39849624060150374","356","0.803030303030303","0.39849624060150374","356","0.9242424242424242","0.45864661654135336","356","0.6666666666666666","0.3308270676691729","356","0.7575757575757576","0.37593984962406013","356","0.8181818181818182","0.40601503759398494","356","0.7878787878787878","0.39097744360902253","356","0.9242424242424242","0.45864661654135336","356","0.72","0.24","356","0.94","0.31333333333333335","356","1.02","0.34","356","0.96","0.32","356","1.06","0.35333333333333333","356","1.1","0.36666666666666664","356","1.02","0.34","356","1.04","0.3466666666666667","356","0.86","0.2866666666666667","356","0.88","0.29333333333333333","356","1","0.25","356","1.15","0.2875"
,"357","0.6","0.6","357","0.61","0.61","357","0.64","0.64","357","0.59","0.59","357","0.64","0.64","357","0.72","0.72","357","0.6","0.6","357","0.54","0.54","357","0.54","0.54","357","0.65","0.65","357","0.9090909090909091","0.45112781954887216","357","0.9545454545454546","0.47368421052631576","357","0.9545454545454546","0.47368421052631576","357","0.9696969696969697","0.48120300751879697","357","0.8939393939393939","0.44360902255639095","357","0.7727272727272727","0.38345864661654133","357","0.7727272727272727","0.38345864661654133","357","0.7272727272727273","0.3609022556390977","357","0.7878787878787878","0.39097744360902253","357","0.9696969696969697","0.48120300751879697","357","1","0.3333333333333333","357","0.92","0.30666666666666664","357","0.92","0.30666666666666664","357","1.16","0.38666666666666666","357","0.96","0.32","357","1.1","0.36666666666666664","357","1","0.3333333333333333","357","0.98","0.32666666666666666","357","0.84","0.28","357","0.9","0.3","357","1.25","0.3125","357","0.975","0.24375"
,"358","0.55","0.55","358","0.74","0.74","358","0.52","0.52","358","0.69","0.69","358","0.65","0.65","358","0.61","0.61","358","0.71","0.71","358","0.53","0.53","358","0.62","0.62","358","0.71","0.71","358","0.8181818181818182","0.40601503759398494","358","0.9696969696969697","0.48120300751879697","358","0.9545454545454546","0.47368421052631576","358","1.0151515151515151","0.5037593984962406","358","0.6666666666666666","0.3308270676691729","358","0.7727272727272727","0.38345864661654133","358","0.8333333333333334","0.41353383458646614","358","0.8636363636363636","0.42857142857142855","358","0.8484848484848485","0.42105263157894735","358","0.9545454545454546","0.47368421052631576","358","0.9","0.3","358","0.7","0.23333333333333334","358","0.98","0.32666666666666666","358","0.86","0.2866666666666667","358","0.96","0.32","358","1.06","0.35333333333333333","358","0.92","0.30666666666666664","358","1.32","0.44","358","1.02","0.34","358","0.8","0.26666666666666666","358","1.025","0.25625","358","0.875","0.21875"
,"359","0.73","0.73","359","0.83","0.83","359","0.57","0.57","359","0.84","0.84","359","0.65","0.65","359","0.53","0.53","359","0.57","0.57","359","0.59","0.59","359","0.69","0.69","359","0.68","0.68","359","0.8939393939393939","0.44360902255639095","359","0.803030303030303","0.39849624060150374","359","0.9242424242424242","0.45864661654135336","359","0.9242424242424242","0.45864661654135336","359","0.9848484848484849","0.48872180451127817","359","0.803030303030303","0.39849624060150374","359","0.803030303030303","0.39849624060150374","359","0.8484848484848485","0.42105263157894735","359","0.8484848484848485","0.42105263157894735","359","0.7575757575757576","0.37593984962406013","359","1.12","0.37333333333333335","359","0.8","0.26666666666666666","359","0.96","0.32","359","0.94","0.31333333333333335","359","0.72","0.24","359","1.08","0.36","359","0.94","0.31333333333333335","359","0.98","0.32666666666666666","359","1.16","0.38666666666666666","359","0.78","0.26","359","1.1","0.275","359","1.025","0.25625"
,"360","0.68","0.68","360","0.63","0.63","360","0.66","0.66","360","0.7","0.7","360","0.63","0.63","360","0.54","0.54","360","0.57","0.57","360","0.53","0.53","360","0.72","0.72","360","0.69","0.69","360","0.8484848484848485","0.42105263157894735","360","0.6818181818181818","0.3383458646616541","360","0.7424242424242424","0.3684210526315789","360","0.9848484848484849","0.48872180451127817","360","0.9696969696969697","0.48120300751879697","360","0.8636363636363636","0.42857142857142855","360","0.9696969696969697","0.48120300751879697","360","0.7424242424242424","0.3684210526315789","360","0.9696969696969697","0.48120300751879697","360","0.8484848484848485","0.42105263157894735","360","0.84","0.28","360","0.92","0.30666666666666664","360","0.96","0.32","360","1.02","0.34","360","0.86","0.2866666666666667","360","1.12","0.37333333333333335","360","0.96","0.32","360","0.96","0.32","360","1.04","0.3466666666666667","360","0.92","0.30666666666666664","360","1.2","0.3","360","0.825","0.20625"
,"361","0.67","0.67","361","0.62","0.62","361","0.61","0.61","361","0.73","0.73","361","0.68","0.68","361","0.59","0.59","361","0.64","0.64","361","0.61","0.61","361","0.62","0.62","361","0.48","0.48","361","1.0454545454545454","0.518796992481203","361","0.7878787878787878","0.39097744360902253","361","0.9393939393939394","0.46616541353383456","361","0.8484848484848485","0.42105263157894735","361","0.8636363636363636","0.42857142857142855","361","0.7727272727272727","0.38345864661654133","361","0.7727272727272727","0.38345864661654133","361","0.8181818181818182","0.40601503759398494","361","0.9242424242424242","0.45864661654135336","361","0.7424242424242424","0.3684210526315789","361","0.94","0.31333333333333335","361","0.98","0.32666666666666666","361","0.88","0.29333333333333333","361","1.14","0.38","361","0.82","0.2733333333333333","361","1.18","0.3933333333333333","361","0.96","0.32","361","1.06","0.35333333333333333","361","0.92","0.30666666666666664","361","1.02","0.34","361","1.075","0.26875","361","0.925","0.23125"
,"362","0.68","0.68","362","0.69","0.69","362","0.62","0.62","362","0.58","0.58","362","0.62","0.62","362","0.64","0.64","362","0.52","0.52","362","0.62","0.62","362","0.67","0.67","362","0.59","0.59","362","0.9242424242424242","0.45864661654135336","362","0.8787878787878788","0.43609022556390975","362","0.9848484848484849","0.48872180451127817","362","0.9242424242424242","0.45864661654135336","362","0.6212121212121212","0.3082706766917293","362","0.9545454545454546","0.47368421052631576","362","0.9393939393939394","0.46616541353383456","362","0.803030303030303","0.39849624060150374","362","0.803030303030303","0.39849624060150374","362","0.9393939393939394","0.46616541353383456","362","0.82","0.2733333333333333","362","1.04","0.3466666666666667","362","1.02","0.34","362","1.02","0.34","362","0.94","0.31333333333333335","362","1.02","0.34","362","1.4","0.4666666666666667","362","1.18","0.3933333333333333","362","0.86","0.2866666666666667","362","1.06","0.35333333333333333","362","1.075","0.26875","362","1","0.25"
,"363","0.6","0.6","363","0.68","0.68","363","0.7","0.7","363","0.62","0.62","363","0.61","0.61","363","0.55","0.55","363","0.73","0.73","363","0.69","0.69","363","0.69","0.69","363","0.68","0.68","363","0.9696969696969697","0.48120300751879697","363","0.803030303030303","0.39849624060150374","363","0.8636363636363636","0.42857142857142855","363","0.7878787878787878","0.39097744360902253","363","0.7575757575757576","0.37593984962406013","363","0.8636363636363636","0.42857142857142855","363","0.9545454545454546","0.47368421052631576","363","0.8787878787878788","0.43609022556390975","363","0.7575757575757576","0.37593984962406013","363","0.7575757575757576","0.37593984962406013","363","1","0.3333333333333333","363","0.98","0.32666666666666666","363","1.06","0.35333333333333333","363","1.12","0.37333333333333335","363","1.18","0.3933333333333333","363","0.88","0.29333333333333333","363","0.94","0.31333333333333335","363","1.2","0.4","363","0.92","0.30666666666666664","363","0.9","0.3","363","1","0.25","363","0.7","0.175"
,"364","0.65","0.65","364","0.7","0.7","364","0.61","0.61","364","0.6","0.6","364","0.64","0.64","364","0.65","0.65","364","0.61","0.61","364","0.54","0.54","364","0.63","0.63","364","0.72","0.72","364","1.0606060606060606","0.5263157894736842","364","0.8636363636363636","0.42857142857142855","364","0.9242424242424242","0.45864661654135336","364","0.8181818181818182","0.40601503759398494","364","0.8181818181818182","0.40601503759398494","364","0.8333333333333334","0.41353383458646614","364","0.7424242424242424","0.3684210526315789","364","0.9545454545454546","0.47368421052631576","364","0.7121212121212122","0.3533834586466165","364","0.9696969696969697","0.48120300751879697","364","1.08","0.36","364","0.98","0.32666666666666666","364","0.78","0.26","364","1.1","0.36666666666666664","364","1.28","0.4266666666666667","364","0.92","0.30666666666666664","364","0.9","0.3","364","1.1","0.36666666666666664","364","1.02","0.34","364","1.08","0.36","364","1","0.25","364","0.85","0.2125"
,"365","0.72","0.72","365","0.67","0.67","365","0.64","0.64","365","0.57","0.57","365","0.64","0.64","365","0.59","0.59","365","0.67","0.67","365","0.53","0.53","365","0.67","0.67","365","0.67","0.67","365","0.8939393939393939","0.44360902255639095","365","0.9696969696969697","0.48120300751879697","365","0.8181818181818182","0.40601503759398494","365","0.9393939393939394","0.46616541353383456","365","0.7575757575757576","0.37593984962406013","365","0.9090909090909091","0.45112781954887216","365","0.7878787878787878","0.39097744360902253","365","0.8939393939393939","0.44360902255639095","365","1","0.49624060150375937","365","0.9242424242424242","0.45864661654135336","365","1.06","0.35333333333333333","365","1.02","0.34","365","0.92","0.30666666666666664","365","1.24","0.41333333333333333","365","1.2","0.4","365","1.12","0.37333333333333335","365","1.02","0.34","365","0.94","0.31333333333333335","365","1.14","0.38","365","0.98","0.32666666666666666","365","1","0.25","365","1.425","0.35625"
,"366","0.66","0.66","366","0.54","0.54","366","0.58","0.58","366","0.69","0.69","366","0.61","0.61","366","0.63","0.63","366","0.66","0.66","366","0.53","0.53","366","0.71","0.71","366","0.67","0.67","366","1.0303030303030303","0.5112781954887218","366","0.8636363636363636","0.42857142857142855","366","0.8939393939393939","0.44360902255639095","366","0.8484848484848485","0.42105263157894735","366","0.7878787878787878","0.39097744360902253","366","1","0.49624060150375937","366","0.8636363636363636","0.42857142857142855","366","0.8787878787878788","0.43609022556390975","366","1","0.49624060150375937","366","0.7575757575757576","0.37593984962406013","366","0.88","0.29333333333333333","366","0.92","0.30666666666666664","366","0.98","0.32666666666666666","366","1.12","0.37333333333333335","366","0.9","0.3","366","1.08","0.36","366","0.98","0.32666666666666666","366","1.06","0.35333333333333333","366","1.02","0.34","366","0.98","0.32666666666666666","366","0.95","0.2375","366","0.95","0.2375"
,"367","0.62","0.62","367","0.54","0.54","367","0.68","0.68","367","0.62","0.62","367","0.51","0.51","367","0.73","0.73","367","0.54","0.54","367","0.55","0.55","367","0.67","0.67","367","0.6","0.6","367","0.8787878787878788","0.43609022556390975","367","0.9090909090909091","0.45112781954887216","367","0.8333333333333334","0.41353383458646614","367","0.803030303030303","0.39849624060150374","367","0.7727272727272727","0.38345864661654133","367","0.7272727272727273","0.3609022556390977","367","0.8484848484848485","0.42105263157894735","367","0.7575757575757576","0.37593984962406013","367","1.106060606060606","0.5488721804511278","367","0.7878787878787878","0.39097744360902253","367","1.04","0.3466666666666667","367","0.98","0.32666666666666666","367","0.88","0.29333333333333333","367","1.1","0.36666666666666664","367","0.94","0.31333333333333335","367","1.1","0.36666666666666664","367","0.92","0.30666666666666664","367","0.98","0.32666666666666666","367","0.98","0.32666666666666666","367","0.92","0.30666666666666664","367","0.875","0.21875","367","0.975","0.24375"
,"368","0.58","0.58","368","0.58","0.58","368","0.67","0.67","368","0.61","0.61","368","0.48","0.48","368","0.66","0.66","368","0.6","0.6","368","0.61","0.61","368","0.7","0.7","368","0.63","0.63","368","0.8939393939393939","0.44360902255639095","368","0.9545454545454546","0.47368421052631576","368","0.7424242424242424","0.3684210526315789","368","0.8636363636363636","0.42857142857142855","368","0.9393939393939394","0.46616541353383456","368","0.9393939393939394","0.46616541353383456","368","0.9545454545454546","0.47368421052631576","368","0.9090909090909091","0.45112781954887216","368","0.9242424242424242","0.45864661654135336","368","0.7424242424242424","0.3684210526315789","368","1.06","0.35333333333333333","368","0.98","0.32666666666666666","368","0.9","0.3","368","0.98","0.32666666666666666","368","1.08","0.36","368","0.84","0.28","368","1.12","0.37333333333333335","368","0.96","0.32","368","1.02","0.34","368","0.9","0.3","368","0.975","0.24375","368","1.025","0.25625"
,"369","0.54","0.54","369","0.69","0.69","369","0.64","0.64","369","0.58","0.58","369","0.63","0.63","369","0.56","0.56","369","0.56","0.56","369","0.52","0.52","369","0.64","0.64","369","0.62","0.62","369","0.9242424242424242","0.45864661654135336","369","0.7272727272727273","0.3609022556390977","369","0.7272727272727273","0.3609022556390977","369","0.8939393939393939","0.44360902255639095","369","0.7575757575757576","0.37593984962406013","369","0.8636363636363636","0.42857142857142855","369","0.8333333333333334","0.41353383458646614","369","0.8636363636363636","0.42857142857142855","369","0.8484848484848485","0.42105263157894735","369","0.7727272727272727","0.38345864661654133","369","0.94","0.31333333333333335","369","0.98","0.32666666666666666","369","0.9","0.3","369","0.8","0.26666666666666666","369","1.18","0.3933333333333333","369","0.72","0.24","369","1.04","0.3466666666666667","369","0.84","0.28","369","0.98","0.32666666666666666","369","0.92","0.30666666666666664","369","1.175","0.29375","369","0.975","0.24375"
,"370","0.57","0.57","370","0.68","0.68","370","0.57","0.57","370","0.52","0.52","370","0.67","0.67","370","0.63","0.63","370","0.67","0.67","370","0.55","0.55","370","0.63","0.63","370","0.6","0.6","370","0.8484848484848485","0.42105263157894735","370","0.8787878787878788","0.43609022556390975","370","0.7878787878787878","0.39097744360902253","370","0.8939393939393939","0.44360902255639095","370","0.8484848484848485","0.42105263157894735","370","0.9545454545454546","0.47368421052631576","370","1.0454545454545454","0.518796992481203","370","0.9242424242424242","0.45864661654135336","370","0.7878787878787878","0.39097744360902253","370","0.803030303030303","0.39849624060150374","370","0.9","0.3","370","1.06","0.35333333333333333","370","1.02","0.34","370","1","0.3333333333333333","370","0.78","0.26","370","0.98","0.32666666666666666","370","1.12","0.37333333333333335","370","0.98","0.32666666666666666","370","1.06","0.35333333333333333","370","0.88","0.29333333333333333","370","1.025","0.25625","370","1.075","0.26875"
,"371","0.6","0.6","371","0.59","0.59","371","0.56","0.56","371","0.61","0.61","371","0.65","0.65","371","0.61","0.61","371","0.64","0.64","371","0.63","0.63","371","0.66","0.66","371","0.61","0.61","371","0.8939393939393939","0.44360902255639095","371","0.8333333333333334","0.41353383458646614","371","0.8636363636363636","0.42857142857142855","371","0.9848484848484849","0.48872180451127817","371","0.8787878787878788","0.43609022556390975","371","0.8636363636363636","0.42857142857142855","371","0.9545454545454546","0.47368421052631576","371","0.8636363636363636","0.42857142857142855","371","0.7272727272727273","0.3609022556390977","371","0.8787878787878788","0.43609022556390975","371","0.98","0.32666666666666666","371","1.12","0.37333333333333335","371","0.9","0.3","371","0.94","0.31333333333333335","371","0.72","0.24","371","0.9","0.3","371","1.34","0.44666666666666666","371","1.12","0.37333333333333335","371","1.12","0.37333333333333335","371","0.96","0.32","371","1.05","0.2625","371","1","0.25"
,"372","0.62","0.62","372","0.64","0.64","372","0.63","0.63","372","0.64","0.64","372","0.54","0.54","372","0.6","0.6","372","0.55","0.55","372","0.64","0.64","372","0.69","0.69","372","0.62","0.62","372","0.9393939393939394","0.46616541353383456","372","0.803030303030303","0.39849624060150374","372","0.6666666666666666","0.3308270676691729","372","0.803030303030303","0.39849624060150374","372","0.7878787878787878","0.39097744360902253","372","0.8636363636363636","0.42857142857142855","372","0.8636363636363636","0.42857142857142855","372","0.9242424242424242","0.45864661654135336","372","0.7575757575757576","0.37593984962406013","372","0.8787878787878788","0.43609022556390975","372","0.96","0.32","372","1","0.3333333333333333","372","0.92","0.30666666666666664","372","1.12","0.37333333333333335","372","0.88","0.29333333333333333","372","0.94","0.31333333333333335","372","0.96","0.32","372","1.04","0.3466666666666667","372","0.94","0.31333333333333335","372","1.16","0.38666666666666666","372","0.75","0.1875","372","1.175","0.29375"
,"373","0.66","0.66","373","0.68","0.68","373","0.75","0.75","373","0.59","0.59","373","0.69","0.69","373","0.52","0.52","373","0.65","0.65","373","0.65","0.65","373","0.63","0.63","373","0.66","0.66","373","0.9393939393939394","0.46616541353383456","373","0.8333333333333334","0.41353383458646614","373","0.6666666666666666","0.3308270676691729","373","0.696969696969697","0.3458646616541353","373","0.8636363636363636","0.42857142857142855","373","1.0151515151515151","0.5037593984962406","373","0.8636363636363636","0.42857142857142855","373","0.8787878787878788","0.43609022556390975","373","0.803030303030303","0.39849624060150374","373","0.8333333333333334","0.41353383458646614","373","1.06","0.35333333333333333","373","1.14","0.38","373","0.96","0.32","373","1.24","0.41333333333333333","373","1.02","0.34","373","0.76","0.25333333333333335","373","0.96","0.32","373","0.8","0.26666666666666666","373","1.14","0.38","373","1.22","0.4066666666666667","373","1.05","0.2625","373","1","0.25"
,"374","0.66","0.66","374","0.61","0.61","374","0.71","0.71","374","0.64","0.64","374","0.69","0.69","374","0.63","0.63","374","0.65","0.65","374","0.57","0.57","374","0.54","0.54","374","0.63","0.63","374","0.8484848484848485","0.42105263157894735","374","0.8484848484848485","0.42105263157894735","374","0.803030303030303","0.39849624060150374","374","0.7272727272727273","0.3609022556390977","374","0.7727272727272727","0.38345864661654133","374","0.8787878787878788","0.43609022556390975","374","0.8333333333333334","0.41353383458646614","374","1.0303030303030303","0.5112781954887218","374","0.696969696969697","0.3458646616541353","374","0.7575757575757576","0.37593984962406013","374","1.02","0.34","374","0.96","0.32","374","0.86","0.2866666666666667","374","1.12","0.37333333333333335","374","0.68","0.22666666666666666","374","1.08","0.36","374","0.98","0.32666666666666666","374","0.8","0.26666666666666666","374","1.06","0.35333333333333333","374","1.16","0.38666666666666666","374","1.05","0.2625","374","1.1","0.275"
,"375","0.61","0.61","375","0.57","0.57","375","0.67","0.67","375","0.67","0.67","375","0.58","0.58","375","0.75","0.75","375","0.6","0.6","375","0.6","0.6","375","0.59","0.59","375","0.68","0.68","375","1.0303030303030303","0.5112781954887218","375","0.7272727272727273","0.3609022556390977","375","0.8181818181818182","0.40601503759398494","375","0.8787878787878788","0.43609022556390975","375","0.7727272727272727","0.38345864661654133","375","0.8939393939393939","0.44360902255639095","375","0.8484848484848485","0.42105263157894735","375","0.8787878787878788","0.43609022556390975","375","0.696969696969697","0.3458646616541353","375","0.6060606060606061","0.3007518796992481","375","1.06","0.35333333333333333","375","1.12","0.37333333333333335","375","0.92","0.30666666666666664","375","1.3","0.43333333333333335","375","0.84","0.28","375","1.08","0.36","375","1.06","0.35333333333333333","375","1","0.3333333333333333","375","1.12","0.37333333333333335","375","1.1","0.36666666666666664","375","0.925","0.23125","375","1.2","0.3"
,"376","0.79","0.79","376","0.6","0.6","376","0.69","0.69","376","0.57","0.57","376","0.63","0.63","376","0.72","0.72","376","0.67","0.67","376","0.6","0.6","376","0.63","0.63","376","0.66","0.66","376","0.8484848484848485","0.42105263157894735","376","0.6212121212121212","0.3082706766917293","376","0.803030303030303","0.39849624060150374","376","0.6212121212121212","0.3082706766917293","376","0.7121212121212122","0.3533834586466165","376","0.8939393939393939","0.44360902255639095","376","0.7575757575757576","0.37593984962406013","376","1","0.49624060150375937","376","0.8181818181818182","0.40601503759398494","376","0.7424242424242424","0.3684210526315789","376","1.08","0.36","376","1.28","0.4266666666666667","376","0.88","0.29333333333333333","376","0.96","0.32","376","0.8","0.26666666666666666","376","1.1","0.36666666666666664","376","0.98","0.32666666666666666","376","1.08","0.36","376","1","0.3333333333333333","376","1.08","0.36","376","0.95","0.2375","376","1.15","0.2875"
,"377","0.61","0.61","377","0.5","0.5","377","0.73","0.73","377","0.74","0.74","377","0.6","0.6","377","0.68","0.68","377","0.76","0.76","377","0.58","0.58","377","0.68","0.68","377","0.69","0.69","377","0.803030303030303","0.39849624060150374","377","0.8333333333333334","0.41353383458646614","377","0.8636363636363636","0.42857142857142855","377","0.6515151515151515","0.3233082706766917","377","0.8484848484848485","0.42105263157894735","377","0.8181818181818182","0.40601503759398494","377","0.7727272727272727","0.38345864661654133","377","1","0.49624060150375937","377","0.7727272727272727","0.38345864661654133","377","0.7424242424242424","0.3684210526315789","377","1.12","0.37333333333333335","377","1.16","0.38666666666666666","377","0.92","0.30666666666666664","377","1.08","0.36","377","0.86","0.2866666666666667","377","0.76","0.25333333333333335","377","1","0.3333333333333333","377","1.08","0.36","377","1.08","0.36","377","1.06","0.35333333333333333","377","1.075","0.26875","377","1.3","0.325"
,"378","0.66","0.66","378","0.56","0.56","378","0.69","0.69","378","0.64","0.64","378","0.51","0.51","378","0.65","0.65","378","0.7","0.7","378","0.64","0.64","378","0.68","0.68","378","0.54","0.54","378","0.9393939393939394","0.46616541353383456","378","0.9545454545454546","0.47368421052631576","378","0.8787878787878788","0.43609022556390975","378","0.6666666666666666","0.3308270676691729","378","0.9848484848484849","0.48872180451127817","378","0.8787878787878788","0.43609022556390975","378","0.8939393939393939","0.44360902255639095","378","0.8787878787878788","0.43609022556390975","378","0.696969696969697","0.3458646616541353","378","0.9393939393939394","0.46616541353383456","378","0.98","0.32666666666666666","378","0.94","0.31333333333333335","378","0.94","0.31333333333333335","378","1.16","0.38666666666666666","378","0.78","0.26","378","0.96","0.32","378","1.18","0.3933333333333333","378","1","0.3333333333333333","378","1.02","0.34","378","1.1","0.36666666666666664","378","1.05","0.2625","378","1.525","0.38125"
,"379","0.64","0.64","379","0.75","0.75","379","0.63","0.63","379","0.68","0.68","379","0.69","0.69","379","0.55","0.55","379","0.67","0.67","379","0.67","0.67","379","0.59","0.59","379","0.58","0.58","379","0.8939393939393939","0.44360902255639095","379","0.9242424242424242","0.45864661654135336","379","0.6515151515151515","0.3233082706766917","379","0.6212121212121212","0.3082706766917293","379","0.8181818181818182","0.40601503759398494","379","0.9848484848484849","0.48872180451127817","379","0.8939393939393939","0.44360902255639095","379","1.0757575757575757","0.5338345864661654","379","0.803030303030303","0.39849624060150374","379","0.8636363636363636","0.42857142857142855","379","0.9","0.3","379","0.86","0.2866666666666667","379","0.92","0.30666666666666664","379","1.3","0.43333333333333335","379","0.96","0.32","379","0.88","0.29333333333333333","379","1.12","0.37333333333333335","379","1.14","0.38","379","0.92","0.30666666666666664","379","0.98","0.32666666666666666","379","0.825","0.20625","379","1.1","0.275"
,"380","0.63","0.63","380","0.67","0.67","380","0.69","0.69","380","0.6","0.6","380","0.57","0.57","380","0.68","0.68","380","0.66","0.66","380","0.66","0.66","380","0.67","0.67","380","0.61","0.61","380","0.8181818181818182","0.40601503759398494","380","0.9545454545454546","0.47368421052631576","380","0.696969696969697","0.3458646616541353","380","0.7272727272727273","0.3609022556390977","380","0.7424242424242424","0.3684210526315789","380","0.8333333333333334","0.41353383458646614","380","0.8939393939393939","0.44360902255639095","380","0.9545454545454546","0.47368421052631576","380","0.9090909090909091","0.45112781954887216","380","0.696969696969697","0.3458646616541353","380","0.92","0.30666666666666664","380","0.84","0.28","380","0.86","0.2866666666666667","380","0.86","0.2866666666666667","380","0.98","0.32666666666666666","380","0.92","0.30666666666666664","380","1.06","0.35333333333333333","380","0.74","0.24666666666666667","380","0.98","0.32666666666666666","380","0.9","0.3","380","1","0.25","380","1.025","0.25625"
,"381","0.61","0.61","381","0.65","0.65","381","0.77","0.77","381","0.7","0.7","381","0.66","0.66","381","0.6","0.6","381","0.69","0.69","381","0.66","0.66","381","0.7","0.7","381","0.72","0.72","381","0.7575757575757576","0.37593984962406013","381","0.9242424242424242","0.45864661654135336","381","0.7727272727272727","0.38345864661654133","381","0.6515151515151515","0.3233082706766917","381","0.8333333333333334","0.41353383458646614","381","0.8484848484848485","0.42105263157894735","381","0.8787878787878788","0.43609022556390975","381","0.8484848484848485","0.42105263157894735","381","0.8939393939393939","0.44360902255639095","381","0.6818181818181818","0.3383458646616541","381","1.06","0.35333333333333333","381","1.04","0.3466666666666667","381","0.98","0.32666666666666666","381","1.06","0.35333333333333333","381","0.94","0.31333333333333335","381","0.94","0.31333333333333335","381","1.14","0.38","381","0.88","0.29333333333333333","381","0.78","0.26","381","1.14","0.38","381","0.9","0.225","381","0.925","0.23125"
,"382","0.61","0.61","382","0.56","0.56","382","0.65","0.65","382","0.6","0.6","382","0.6","0.6","382","0.65","0.65","382","0.65","0.65","382","0.77","0.77","382","0.63","0.63","382","0.59","0.59","382","0.8333333333333334","0.41353383458646614","382","0.9545454545454546","0.47368421052631576","382","0.803030303030303","0.39849624060150374","382","0.6515151515151515","0.3233082706766917","382","0.7878787878787878","0.39097744360902253","382","0.8333333333333334","0.41353383458646614","382","0.8181818181818182","0.40601503759398494","382","0.8333333333333334","0.41353383458646614","382","0.803030303030303","0.39849624060150374","382","0.8484848484848485","0.42105263157894735","382","0.8","0.26666666666666666","382","1","0.3333333333333333","382","1","0.3333333333333333","382","0.88","0.29333333333333333","382","0.78","0.26","382","1.04","0.3466666666666667","382","1.06","0.35333333333333333","382","0.78","0.26","382","0.68","0.22666666666666666","382","0.96","0.32","382","0.975","0.24375","382","1.075","0.26875"
,"383","0.7","0.7","383","0.56","0.56","383","0.72","0.72","383","0.55","0.55","383","0.61","0.61","383","0.56","0.56","383","0.72","0.72","383","0.65","0.65","383","0.63","0.63","383","0.6","0.6","383","0.9242424242424242","0.45864661654135336","383","1.0303030303030303","0.5112781954887218","383","0.8484848484848485","0.42105263157894735","383","0.7575757575757576","0.37593984962406013","383","0.9545454545454546","0.47368421052631576","383","0.6363636363636364","0.3157894736842105","383","0.8787878787878788","0.43609022556390975","383","0.5909090909090909","0.2932330827067669","383","0.803030303030303","0.39849624060150374","383","0.803030303030303","0.39849624060150374","383","1.18","0.3933333333333333","383","0.96","0.32","383","1.26","0.42","383","0.92","0.30666666666666664","383","0.96","0.32","383","0.9","0.3","383","1.12","0.37333333333333335","383","0.94","0.31333333333333335","383","0.7","0.23333333333333334","383","0.86","0.2866666666666667","383","0.85","0.2125","383","1","0.25"
,"384","0.81","0.81","384","0.56","0.56","384","0.55","0.55","384","0.65","0.65","384","0.59","0.59","384","0.61","0.61","384","0.72","0.72","384","0.76","0.76","384","0.7","0.7","384","0.58","0.58","384","0.7575757575757576","0.37593984962406013","384","0.7878787878787878","0.39097744360902253","384","0.8484848484848485","0.42105263157894735","384","0.7121212121212122","0.3533834586466165","384","0.8787878787878788","0.43609022556390975","384","0.803030303030303","0.39849624060150374","384","0.9848484848484849","0.48872180451127817","384","0.8484848484848485","0.42105263157894735","384","0.9393939393939394","0.46616541353383456","384","0.7727272727272727","0.38345864661654133","384","0.96","0.32","384","1","0.3333333333333333","384","0.92","0.30666666666666664","384","1.12","0.37333333333333335","384","1.04","0.3466666666666667","384","0.86","0.2866666666666667","384","1.08","0.36","384","1.06","0.35333333333333333","384","1.06","0.35333333333333333","384","1.04","0.3466666666666667","384","1.025","0.25625","384","1.225","0.30625"
,"385","0.57","0.57","385","0.7","0.7","385","0.58","0.58","385","0.51","0.51","385","0.72","0.72","385","0.55","0.55","385","0.7","0.7","385","0.71","0.71","385","0.73","0.73","385","0.61","0.61","385","0.8333333333333334","0.41353383458646614","385","0.7878787878787878","0.39097744360902253","385","0.9393939393939394","0.46616541353383456","385","0.7878787878787878","0.39097744360902253","385","0.9848484848484849","0.48872180451127817","385","0.6818181818181818","0.3383458646616541","385","0.8939393939393939","0.44360902255639095","385","0.7878787878787878","0.39097744360902253","385","0.6515151515151515","0.3233082706766917","385","0.8636363636363636","0.42857142857142855","385","0.88","0.29333333333333333","385","0.98","0.32666666666666666","385","1.1","0.36666666666666664","385","1.1","0.36666666666666664","385","0.86","0.2866666666666667","385","0.78","0.26","385","0.84","0.28","385","1.14","0.38","385","0.88","0.29333333333333333","385","1.04","0.3466666666666667","385","0.925","0.23125","385","1.325","0.33125"
,"386","0.61","0.61","386","0.72","0.72","386","0.65","0.65","386","0.47","0.47","386","0.79","0.79","386","0.68","0.68","386","0.62","0.62","386","0.64","0.64","386","0.67","0.67","386","0.64","0.64","386","0.7424242424242424","0.3684210526315789","386","0.8181818181818182","0.40601503759398494","386","0.9242424242424242","0.45864661654135336","386","0.8333333333333334","0.41353383458646614","386","0.7424242424242424","0.3684210526315789","386","0.8333333333333334","0.41353383458646614","386","0.9848484848484849","0.48872180451127817","386","0.7424242424242424","0.3684210526315789","386","0.7727272727272727","0.38345864661654133","386","0.8939393939393939","0.44360902255639095","386","0.82","0.2733333333333333","386","0.96","0.32","386","1.16","0.38666666666666666","386","1.02","0.34","386","1.02","0.34","386","1.16","0.38666666666666666","386","0.94","0.31333333333333335","386","1.28","0.4266666666666667","386","1","0.3333333333333333","386","1","0.3333333333333333","386","0.775","0.19375","386","1.2","0.3"
,"387","0.79","0.79","387","0.64","0.64","387","0.75","0.75","387","0.57","0.57","387","0.64","0.64","387","0.76","0.76","387","0.58","0.58","387","0.67","0.67","387","0.55","0.55","387","0.62","0.62","387","0.8181818181818182","0.40601503759398494","387","0.8636363636363636","0.42857142857142855","387","0.8636363636363636","0.42857142857142855","387","0.9242424242424242","0.45864661654135336","387","0.9545454545454546","0.47368421052631576","387","1.1363636363636365","0.5639097744360902","387","0.9393939393939394","0.46616541353383456","387","0.7727272727272727","0.38345864661654133","387","0.7424242424242424","0.3684210526315789","387","0.803030303030303","0.39849624060150374","387","0.82","0.2733333333333333","387","1.04","0.3466666666666667","387","1","0.3333333333333333","387","1.18","0.3933333333333333","387","0.8","0.26666666666666666","387","1.1","0.36666666666666664","387","1.14","0.38","387","0.92","0.30666666666666664","387","0.86","0.2866666666666667","387","1.02","0.34","387","1.25","0.3125","387","1.1","0.275"
,"388","0.58","0.58","388","0.61","0.61","388","0.81","0.81","388","0.61","0.61","388","0.68","0.68","388","0.7","0.7","388","0.74","0.74","388","0.71","0.71","388","0.56","0.56","388","0.64","0.64","388","0.8636363636363636","0.42857142857142855","388","0.8181818181818182","0.40601503759398494","388","0.6818181818181818","0.3383458646616541","388","0.9696969696969697","0.48120300751879697","388","0.9242424242424242","0.45864661654135336","388","0.9696969696969697","0.48120300751879697","388","0.8484848484848485","0.42105263157894735","388","0.803030303030303","0.39849624060150374","388","0.7727272727272727","0.38345864661654133","388","0.6818181818181818","0.3383458646616541","388","0.92","0.30666666666666664","388","1.2","0.4","388","0.94","0.31333333333333335","388","1.08","0.36","388","0.94","0.31333333333333335","388","0.82","0.2733333333333333","388","1.02","0.34","388","0.88","0.29333333333333333","388","0.96","0.32","388","1.14","0.38","388","1.075","0.26875","388","1.425","0.35625"
,"389","0.65","0.65","389","0.68","0.68","389","0.65","0.65","389","0.6","0.6","389","0.69","0.69","389","0.68","0.68","389","0.69","0.69","389","0.64","0.64","389","0.59","0.59","389","0.71","0.71","389","0.696969696969697","0.3458646616541353","389","0.8181818181818182","0.40601503759398494","389","0.8181818181818182","0.40601503759398494","389","0.7727272727272727","0.38345864661654133","389","0.8787878787878788","0.43609022556390975","389","0.7727272727272727","0.38345864661654133","389","0.9393939393939394","0.46616541353383456","389","0.7424242424242424","0.3684210526315789","389","0.7727272727272727","0.38345864661654133","389","0.8484848484848485","0.42105263157894735","389","1.08","0.36","389","0.98","0.32666666666666666","389","1.06","0.35333333333333333","389","1.12","0.37333333333333335","389","1.06","0.35333333333333333","389","1.06","0.35333333333333333","389","0.96","0.32","389","1","0.3333333333333333","389","1","0.3333333333333333","389","1","0.3333333333333333","389","0.975","0.24375","389","0.95","0.2375"
,"390","0.7","0.7","390","0.7","0.7","390","0.58","0.58","390","0.64","0.64","390","0.73","0.73","390","0.68","0.68","390","0.54","0.54","390","0.6","0.6","390","0.6","0.6","390","0.63","0.63","390","0.8484848484848485","0.42105263157894735","390","0.9242424242424242","0.45864661654135336","390","0.7878787878787878","0.39097744360902253","390","0.9242424242424242","0.45864661654135336","390","0.7878787878787878","0.39097744360902253","390","0.8787878787878788","0.43609022556390975","390","0.8636363636363636","0.42857142857142855","390","0.8181818181818182","0.40601503759398494","390","0.8484848484848485","0.42105263157894735","390","0.7575757575757576","0.37593984962406013","390","1.1","0.36666666666666664","390","0.84","0.28","390","0.96","0.32","390","0.86","0.2866666666666667","390","0.92","0.30666666666666664","390","1.04","0.3466666666666667","390","0.96","0.32","390","0.9","0.3","390","1.08","0.36","390","0.9","0.3","390","0.925","0.23125","390","1.225","0.30625"
,"391","0.6","0.6","391","0.62","0.62","391","0.56","0.56","391","0.73","0.73","391","0.73","0.73","391","0.75","0.75","391","0.65","0.65","391","0.67","0.67","391","0.62","0.62","391","0.53","0.53","391","0.6515151515151515","0.3233082706766917","391","1.1363636363636365","0.5639097744360902","391","0.7121212121212122","0.3533834586466165","391","0.9545454545454546","0.47368421052631576","391","0.6212121212121212","0.3082706766917293","391","1.0757575757575757","0.5338345864661654","391","0.8787878787878788","0.43609022556390975","391","0.696969696969697","0.3458646616541353","391","0.7424242424242424","0.3684210526315789","391","0.8636363636363636","0.42857142857142855","391","0.98","0.32666666666666666","391","1.02","0.34","391","1.04","0.3466666666666667","391","0.74","0.24666666666666667","391","0.92","0.30666666666666664","391","1.04","0.3466666666666667","391","1.04","0.3466666666666667","391","0.84","0.28","391","0.98","0.32666666666666666","391","1.02","0.34","391","1.1","0.275","391","1.2","0.3"
,"392","0.73","0.73","392","0.62","0.62","392","0.54","0.54","392","0.66","0.66","392","0.75","0.75","392","0.68","0.68","392","0.68","0.68","392","0.57","0.57","392","0.68","0.68","392","0.71","0.71","392","0.696969696969697","0.3458646616541353","392","0.9393939393939394","0.46616541353383456","392","0.803030303030303","0.39849624060150374","392","0.7575757575757576","0.37593984962406013","392","0.8181818181818182","0.40601503759398494","392","0.8181818181818182","0.40601503759398494","392","0.8939393939393939","0.44360902255639095","392","0.9090909090909091","0.45112781954887216","392","0.7727272727272727","0.38345864661654133","392","0.8333333333333334","0.41353383458646614","392","1.12","0.37333333333333335","392","0.82","0.2733333333333333","392","1.02","0.34","392","1.08","0.36","392","0.98","0.32666666666666666","392","0.82","0.2733333333333333","392","1","0.3333333333333333","392","0.9","0.3","392","0.8","0.26666666666666666","392","0.9","0.3","392","1","0.25","392","1.2","0.3"
,"393","0.63","0.63","393","0.73","0.73","393","0.59","0.59","393","0.7","0.7","393","0.81","0.81","393","0.6","0.6","393","0.59","0.59","393","0.66","0.66","393","0.68","0.68","393","0.65","0.65","393","0.803030303030303","0.39849624060150374","393","1.1666666666666667","0.5789473684210527","393","0.7424242424242424","0.3684210526315789","393","0.8333333333333334","0.41353383458646614","393","0.9090909090909091","0.45112781954887216","393","0.9393939393939394","0.46616541353383456","393","1.1363636363636365","0.5639097744360902","393","1","0.49624060150375937","393","0.7575757575757576","0.37593984962406013","393","0.803030303030303","0.39849624060150374","393","1.06","0.35333333333333333","393","0.6","0.2","393","0.9","0.3","393","1.26","0.42","393","1.06","0.35333333333333333","393","0.98","0.32666666666666666","393","1.14","0.38","393","0.9","0.3","393","1.02","0.34","393","0.76","0.25333333333333335","393","0.925","0.23125","393","0.85","0.2125"
,"394","0.77","0.77","394","0.66","0.66","394","0.61","0.61","394","0.68","0.68","394","0.65","0.65","394","0.63","0.63","394","0.61","0.61","394","0.57","0.57","394","0.56","0.56","394","0.62","0.62","394","0.8484848484848485","0.42105263157894735","394","0.9848484848484849","0.48872180451127817","394","0.803030303030303","0.39849624060150374","394","0.7424242424242424","0.3684210526315789","394","0.7575757575757576","0.37593984962406013","394","0.8181818181818182","0.40601503759398494","394","1.0151515151515151","0.5037593984962406","394","0.7878787878787878","0.39097744360902253","394","0.9393939393939394","0.46616541353383456","394","0.8787878787878788","0.43609022556390975","394","1.06","0.35333333333333333","394","0.88","0.29333333333333333","394","1.02","0.34","394","1.02","0.34","394","1","0.3333333333333333","394","1.1","0.36666666666666664","394","0.98","0.32666666666666666","394","0.96","0.32","394","1","0.3333333333333333","394","0.96","0.32","394","0.8","0.2","394","1.125","0.28125"
,"395","0.53","0.53","395","0.65","0.65","395","0.72","0.72","395","0.68","0.68","395","0.72","0.72","395","0.65","0.65","395","0.67","0.67","395","0.67","0.67","395","0.62","0.62","395","0.7","0.7","395","0.7878787878787878","0.39097744360902253","395","0.9242424242424242","0.45864661654135336","395","0.8787878787878788","0.43609022556390975","395","0.696969696969697","0.3458646616541353","395","0.7727272727272727","0.38345864661654133","395","0.9090909090909091","0.45112781954887216","395","0.8939393939393939","0.44360902255639095","395","0.8181818181818182","0.40601503759398494","395","0.9242424242424242","0.45864661654135336","395","0.7424242424242424","0.3684210526315789","395","1.1","0.36666666666666664","395","0.82","0.2733333333333333","395","0.84","0.28","395","0.94","0.31333333333333335","395","0.94","0.31333333333333335","395","1.06","0.35333333333333333","395","1.02","0.34","395","0.8","0.26666666666666666","395","0.88","0.29333333333333333","395","1.08","0.36","395","0.95","0.2375","395","1.1","0.275"
,"396","0.65","0.65","396","0.67","0.67","396","0.6","0.6","396","0.66","0.66","396","0.68","0.68","396","0.66","0.66","396","0.65","0.65","396","0.59","0.59","396","0.65","0.65","396","0.72","0.72","396","0.9242424242424242","0.45864661654135336","396","1","0.49624060150375937","396","0.9090909090909091","0.45112781954887216","396","0.803030303030303","0.39849624060150374","396","0.7272727272727273","0.3609022556390977","396","0.7878787878787878","0.39097744360902253","396","0.9393939393939394","0.46616541353383456","396","1.0303030303030303","0.5112781954887218","396","0.8333333333333334","0.41353383458646614","396","0.803030303030303","0.39849624060150374","396","0.9","0.3","396","0.96","0.32","396","0.72","0.24","396","1.14","0.38","396","1.1","0.36666666666666664","396","1.08","0.36","396","1","0.3333333333333333","396","0.84","0.28","396","0.82","0.2733333333333333","396","0.9","0.3","396","1","0.25","396","1.05","0.2625"
,"397","0.63","0.63","397","0.6","0.6","397","0.59","0.59","397","0.64","0.64","397","0.69","0.69","397","0.7","0.7","397","0.65","0.65","397","0.67","0.67","397","0.62","0.62","397","0.69","0.69","397","0.8939393939393939","0.44360902255639095","397","1.0757575757575757","0.5338345864661654","397","0.9242424242424242","0.45864661654135336","397","0.8636363636363636","0.42857142857142855","397","0.7121212121212122","0.3533834586466165","397","0.8636363636363636","0.42857142857142855","397","0.9393939393939394","0.46616541353383456","397","0.9090909090909091","0.45112781954887216","397","0.6363636363636364","0.3157894736842105","397","0.6212121212121212","0.3082706766917293","397","0.92","0.30666666666666664","397","0.88","0.29333333333333333","397","1.06","0.35333333333333333","397","0.88","0.29333333333333333","397","1.04","0.3466666666666667","397","1.24","0.41333333333333333","397","1.12","0.37333333333333335","397","1","0.3333333333333333","397","0.84","0.28","397","0.78","0.26","397","1.025","0.25625","397","1.1","0.275"
,"398","0.67","0.67","398","0.7","0.7","398","0.64","0.64","398","0.7","0.7","398","0.76","0.76","398","0.65","0.65","398","0.68","0.68","398","0.7","0.7","398","0.67","0.67","398","0.75","0.75","398","0.6515151515151515","0.3233082706766917","398","0.8636363636363636","0.42857142857142855","398","0.8636363636363636","0.42857142857142855","398","0.9545454545454546","0.47368421052631576","398","0.7575757575757576","0.37593984962406013","398","1","0.49624060150375937","398","0.9393939393939394","0.46616541353383456","398","0.8333333333333334","0.41353383458646614","398","0.8181818181818182","0.40601503759398494","398","0.8181818181818182","0.40601503759398494","398","0.82","0.2733333333333333","398","0.88","0.29333333333333333","398","0.92","0.30666666666666664","398","0.9","0.3","398","0.92","0.30666666666666664","398","1","0.3333333333333333","398","0.9","0.3","398","1.04","0.3466666666666667","398","0.78","0.26","398","0.88","0.29333333333333333","398","1","0.25","398","1.025","0.25625"
,"399","0.73","0.73","399","0.71","0.71","399","0.61","0.61","399","0.65","0.65","399","0.79","0.79","399","0.57","0.57","399","0.61","0.61","399","0.56","0.56","399","0.64","0.64","399","0.65","0.65","399","0.9545454545454546","0.47368421052631576","399","0.9242424242424242","0.45864661654135336","399","0.8939393939393939","0.44360902255639095","399","0.9242424242424242","0.45864661654135336","399","0.9545454545454546","0.47368421052631576","399","1","0.49624060150375937","399","1.0303030303030303","0.5112781954887218","399","0.8484848484848485","0.42105263157894735","399","0.8333333333333334","0.41353383458646614","399","0.8484848484848485","0.42105263157894735","399","0.8","0.26666666666666666","399","0.74","0.24666666666666667","399","0.72","0.24","399","0.86","0.2866666666666667","399","0.88","0.29333333333333333","399","1.1","0.36666666666666664","399","0.92","0.30666666666666664","399","0.94","0.31333333333333335","399","0.82","0.2733333333333333","399","0.92","0.30666666666666664","399","1.125","0.28125","399","0.875","0.21875"
,"400","0.72","0.72","400","0.66","0.66","400","0.67","0.67","400","0.73","0.73","400","0.65","0.65","400","0.67","0.67","400","0.73","0.73","400","0.68","0.68","400","0.63","0.63","400","0.66","0.66","400","1","0.49624060150375937","400","0.8181818181818182","0.40601503759398494","400","0.8333333333333334","0.41353383458646614","400","0.8484848484848485","0.42105263157894735","400","1.0151515151515151","0.5037593984962406","400","0.7727272727272727","0.38345864661654133","400","0.9545454545454546","0.47368421052631576","400","1.0909090909090908","0.5413533834586466","400","0.6818181818181818","0.3383458646616541","400","0.8787878787878788","0.43609022556390975","400","0.58","0.19333333333333333","400","0.64","0.21333333333333335","400","0.8","0.26666666666666666","400","0.98","0.32666666666666666","400","0.98","0.32666666666666666","400","1.14","0.38","400","1.14","0.38","400","1.04","0.3466666666666667","400","1.04","0.3466666666666667","400","1.1","0.36666666666666664","400","1.175","0.29375","400","1.075","0.26875"
,"401","0.62","0.62","401","0.69","0.69","401","0.71","0.71","401","0.8","0.8","401","0.71","0.71","401","0.67","0.67","401","0.76","0.76","401","0.69","0.69","401","0.68","0.68","401","0.67","0.67","401","0.9090909090909091","0.45112781954887216","401","0.8333333333333334","0.41353383458646614","401","0.7272727272727273","0.3609022556390977","401","0.7878787878787878","0.39097744360902253","401","0.7727272727272727","0.38345864661654133","401","0.7727272727272727","0.38345864661654133","401","1.0303030303030303","0.5112781954887218","401","0.9090909090909091","0.45112781954887216","401","0.9242424242424242","0.45864661654135336","401","0.9242424242424242","0.45864661654135336","401","0.92","0.30666666666666664","401","0.94","0.31333333333333335","401","0.74","0.24666666666666667","401","0.92","0.30666666666666664","401","0.76","0.25333333333333335","401","1.16","0.38666666666666666","401","1.04","0.3466666666666667","401","1.02","0.34","401","1","0.3333333333333333","401","1.04","0.3466666666666667","401","1.175","0.29375","401","1.05","0.2625"
,"402","0.67","0.67","402","0.66","0.66","402","0.58","0.58","402","0.7","0.7","402","0.61","0.61","402","0.73","0.73","402","0.6","0.6","402","0.75","0.75","402","0.68","0.68","402","0.65","0.65","402","1.0303030303030303","0.5112781954887218","402","0.803030303030303","0.39849624060150374","402","0.7878787878787878","0.39097744360902253","402","0.7878787878787878","0.39097744360902253","402","0.696969696969697","0.3458646616541353","402","0.803030303030303","0.39849624060150374","402","0.8939393939393939","0.44360902255639095","402","0.8787878787878788","0.43609022556390975","402","0.7727272727272727","0.38345864661654133","402","0.7424242424242424","0.3684210526315789","402","1","0.3333333333333333","402","0.82","0.2733333333333333","402","0.96","0.32","402","1.12","0.37333333333333335","402","0.88","0.29333333333333333","402","0.84","0.28","402","1.04","0.3466666666666667","402","1.04","0.3466666666666667","402","1.14","0.38","402","1.08","0.36","402","1.1","0.275","402","1.125","0.28125"
,"403","0.69","0.69","403","0.66","0.66","403","0.73","0.73","403","0.71","0.71","403","0.64","0.64","403","0.73","0.73","403","0.65","0.65","403","0.66","0.66","403","0.63","0.63","403","0.62","0.62","403","0.8787878787878788","0.43609022556390975","403","0.6212121212121212","0.3082706766917293","403","0.8333333333333334","0.41353383458646614","403","0.803030303030303","0.39849624060150374","403","0.803030303030303","0.39849624060150374","403","0.9848484848484849","0.48872180451127817","403","0.8939393939393939","0.44360902255639095","403","1","0.49624060150375937","403","0.8939393939393939","0.44360902255639095","403","0.803030303030303","0.39849624060150374","403","0.98","0.32666666666666666","403","0.84","0.28","403","1.06","0.35333333333333333","403","0.86","0.2866666666666667","403","0.8","0.26666666666666666","403","1.02","0.34","403","1.12","0.37333333333333335","403","0.88","0.29333333333333333","403","1.1","0.36666666666666664","403","1.12","0.37333333333333335","403","0.7","0.175","403","1.15","0.2875"
,"404","0.59","0.59","404","0.7","0.7","404","0.7","0.7","404","0.66","0.66","404","0.56","0.56","404","0.64","0.64","404","0.65","0.65","404","0.63","0.63","404","0.66","0.66","404","0.65","0.65","404","0.7878787878787878","0.39097744360902253","404","0.7727272727272727","0.38345864661654133","404","0.7272727272727273","0.3609022556390977","404","0.8333333333333334","0.41353383458646614","404","0.8333333333333334","0.41353383458646614","404","0.9848484848484849","0.48872180451127817","404","0.8333333333333334","0.41353383458646614","404","0.8939393939393939","0.44360902255639095","404","0.7575757575757576","0.37593984962406013","404","0.7575757575757576","0.37593984962406013","404","1.06","0.35333333333333333","404","0.88","0.29333333333333333","404","0.9","0.3","404","1.02","0.34","404","0.8","0.26666666666666666","404","1.18","0.3933333333333333","404","1.04","0.3466666666666667","404","0.84","0.28","404","1.18","0.3933333333333333","404","1.2","0.4","404","0.825","0.20625","404","1.125","0.28125"
,"405","0.62","0.62","405","0.66","0.66","405","0.74","0.74","405","0.62","0.62","405","0.66","0.66","405","0.76","0.76","405","0.65","0.65","405","0.67","0.67","405","0.69","0.69","405","0.62","0.62","405","0.9696969696969697","0.48120300751879697","405","0.803030303030303","0.39849624060150374","405","0.7272727272727273","0.3609022556390977","405","0.7575757575757576","0.37593984962406013","405","0.8181818181818182","0.40601503759398494","405","0.8636363636363636","0.42857142857142855","405","0.7575757575757576","0.37593984962406013","405","0.7575757575757576","0.37593984962406013","405","0.7121212121212122","0.3533834586466165","405","0.7878787878787878","0.39097744360902253","405","0.9","0.3","405","0.74","0.24666666666666667","405","0.74","0.24666666666666667","405","1.16","0.38666666666666666","405","0.82","0.2733333333333333","405","0.86","0.2866666666666667","405","1.2","0.4","405","0.86","0.2866666666666667","405","0.92","0.30666666666666664","405","1.02","0.34","405","1.05","0.2625","405","1.1","0.275"
,"406","0.75","0.75","406","0.59","0.59","406","0.55","0.55","406","0.66","0.66","406","0.66","0.66","406","0.76","0.76","406","0.65","0.65","406","0.67","0.67","406","0.66","0.66","406","0.56","0.56","406","1.0606060606060606","0.5263157894736842","406","1.0151515151515151","0.5037593984962406","406","0.803030303030303","0.39849624060150374","406","0.8333333333333334","0.41353383458646614","406","0.7272727272727273","0.3609022556390977","406","1.0606060606060606","0.5263157894736842","406","0.8636363636363636","0.42857142857142855","406","0.6818181818181818","0.3383458646616541","406","0.7878787878787878","0.39097744360902253","406","0.6212121212121212","0.3082706766917293","406","0.94","0.31333333333333335","406","0.66","0.22","406","0.82","0.2733333333333333","406","0.88","0.29333333333333333","406","1.02","0.34","406","0.82","0.2733333333333333","406","1.1","0.36666666666666664","406","0.82","0.2733333333333333","406","0.94","0.31333333333333335","406","0.96","0.32","406","1.2","0.3","406","1.025","0.25625"
,"407","0.75","0.75","407","0.53","0.53","407","0.74","0.74","407","0.61","0.61","407","0.64","0.64","407","0.69","0.69","407","0.6","0.6","407","0.66","0.66","407","0.68","0.68","407","0.52","0.52","407","1.0303030303030303","0.5112781954887218","407","0.9393939393939394","0.46616541353383456","407","0.9393939393939394","0.46616541353383456","407","0.8939393939393939","0.44360902255639095","407","0.8333333333333334","0.41353383458646614","407","0.803030303030303","0.39849624060150374","407","0.803030303030303","0.39849624060150374","407","0.6212121212121212","0.3082706766917293","407","0.803030303030303","0.39849624060150374","407","0.7575757575757576","0.37593984962406013","407","1.02","0.34","407","0.92","0.30666666666666664","407","0.68","0.22666666666666666","407","1.02","0.34","407","1.1","0.36666666666666664","407","0.88","0.29333333333333333","407","0.98","0.32666666666666666","407","1.04","0.3466666666666667","407","1.1","0.36666666666666664","407","0.96","0.32","407","1.075","0.26875","407","1.1","0.275"
,"408","0.69","0.69","408","0.67","0.67","408","0.68","0.68","408","0.65","0.65","408","0.54","0.54","408","0.72","0.72","408","0.64","0.64","408","0.68","0.68","408","0.72","0.72","408","0.59","0.59","408","0.8484848484848485","0.42105263157894735","408","0.9696969696969697","0.48120300751879697","408","0.9545454545454546","0.47368421052631576","408","0.7878787878787878","0.39097744360902253","408","0.9545454545454546","0.47368421052631576","408","0.9242424242424242","0.45864661654135336","408","0.8484848484848485","0.42105263157894735","408","0.7575757575757576","0.37593984962406013","408","0.6212121212121212","0.3082706766917293","408","0.8333333333333334","0.41353383458646614","408","1.18","0.3933333333333333","408","0.92","0.30666666666666664","408","0.78","0.26","408","0.9","0.3","408","0.74","0.24666666666666667","408","0.88","0.29333333333333333","408","0.82","0.2733333333333333","408","1.02","0.34","408","1.1","0.36666666666666664","408","0.92","0.30666666666666664","408","0.9","0.225","408","1.15","0.2875"
,"409","0.64","0.64","409","0.66","0.66","409","0.71","0.71","409","0.6","0.6","409","0.62","0.62","409","0.66","0.66","409","0.68","0.68","409","0.61","0.61","409","0.61","0.61","409","0.61","0.61","409","0.8787878787878788","0.43609022556390975","409","0.9848484848484849","0.48872180451127817","409","0.803030303030303","0.39849624060150374","409","0.8636363636363636","0.42857142857142855","409","0.803030303030303","0.39849624060150374","409","0.6363636363636364","0.3157894736842105","409","0.9545454545454546","0.47368421052631576","409","0.8181818181818182","0.40601503759398494","409","0.5151515151515151","0.2556390977443609","409","0.7272727272727273","0.3609022556390977","409","1.1","0.36666666666666664","409","0.82","0.2733333333333333","409","0.8","0.26666666666666666","409","1.02","0.34","409","0.88","0.29333333333333333","409","1.16","0.38666666666666666","409","1.12","0.37333333333333335","409","1","0.3333333333333333","409","1.06","0.35333333333333333","409","0.9","0.3","409","1.225","0.30625","409","1.2","0.3"
,"410","0.74","0.74","410","0.71","0.71","410","0.78","0.78","410","0.62","0.62","410","0.69","0.69","410","0.65","0.65","410","0.72","0.72","410","0.63","0.63","410","0.72","0.72","410","0.67","0.67","410","0.6818181818181818","0.3383458646616541","410","0.8939393939393939","0.44360902255639095","410","0.7727272727272727","0.38345864661654133","410","0.9090909090909091","0.45112781954887216","410","0.803030303030303","0.39849624060150374","410","0.803030303030303","0.39849624060150374","410","1.0606060606060606","0.5263157894736842","410","0.7272727272727273","0.3609022556390977","410","0.8333333333333334","0.41353383458646614","410","0.8484848484848485","0.42105263157894735","410","0.88","0.29333333333333333","410","1.06","0.35333333333333333","410","0.74","0.24666666666666667","410","0.78","0.26","410","0.86","0.2866666666666667","410","1.34","0.44666666666666666","410","0.86","0.2866666666666667","410","0.94","0.31333333333333335","410","1.2","0.4","410","0.96","0.32","410","0.925","0.23125","410","1.3","0.325"
,"411","0.61","0.61","411","0.66","0.66","411","0.55","0.55","411","0.59","0.59","411","0.58","0.58","411","0.68","0.68","411","0.63","0.63","411","0.53","0.53","411","0.61","0.61","411","0.66","0.66","411","0.8484848484848485","0.42105263157894735","411","0.7878787878787878","0.39097744360902253","411","0.7878787878787878","0.39097744360902253","411","0.7424242424242424","0.3684210526315789","411","0.7121212121212122","0.3533834586466165","411","0.8636363636363636","0.42857142857142855","411","0.7878787878787878","0.39097744360902253","411","0.7121212121212122","0.3533834586466165","411","0.8636363636363636","0.42857142857142855","411","0.7878787878787878","0.39097744360902253","411","1","0.3333333333333333","411","1.22","0.4066666666666667","411","0.78","0.26","411","1.1","0.36666666666666664","411","0.96","0.32","411","1.04","0.3466666666666667","411","0.82","0.2733333333333333","411","0.96","0.32","411","1.18","0.3933333333333333","411","0.94","0.31333333333333335","411","0.825","0.20625","411","1.175","0.29375"
,"412","0.67","0.67","412","0.62","0.62","412","0.7","0.7","412","0.75","0.75","412","0.73","0.73","412","0.55","0.55","412","0.56","0.56","412","0.63","0.63","412","0.55","0.55","412","0.6","0.6","412","0.8333333333333334","0.41353383458646614","412","0.8939393939393939","0.44360902255639095","412","0.803030303030303","0.39849624060150374","412","0.8333333333333334","0.41353383458646614","412","0.8939393939393939","0.44360902255639095","412","0.8636363636363636","0.42857142857142855","412","0.8333333333333334","0.41353383458646614","412","0.9242424242424242","0.45864661654135336","412","0.8484848484848485","0.42105263157894735","412","0.9393939393939394","0.46616541353383456","412","0.94","0.31333333333333335","412","1.2","0.4","412","1.04","0.3466666666666667","412","0.94","0.31333333333333335","412","0.86","0.2866666666666667","412","0.88","0.29333333333333333","412","0.94","0.31333333333333335","412","0.98","0.32666666666666666","412","0.98","0.32666666666666666","412","0.66","0.22","412","1.05","0.2625","412","1.075","0.26875"
,"413","0.49","0.49","413","0.61","0.61","413","0.63","0.63","413","0.63","0.63","413","0.76","0.76","413","0.59","0.59","413","0.63","0.63","413","0.61","0.61","413","0.72","0.72","413","0.65","0.65","413","0.9848484848484849","0.48872180451127817","413","0.7727272727272727","0.38345864661654133","413","0.6818181818181818","0.3383458646616541","413","0.9545454545454546","0.47368421052631576","413","0.8484848484848485","0.42105263157894735","413","0.7424242424242424","0.3684210526315789","413","0.7878787878787878","0.39097744360902253","413","0.8787878787878788","0.43609022556390975","413","0.9242424242424242","0.45864661654135336","413","0.8484848484848485","0.42105263157894735","413","0.92","0.30666666666666664","413","1.14","0.38","413","0.84","0.28","413","1.14","0.38","413","0.98","0.32666666666666666","413","0.92","0.30666666666666664","413","0.98","0.32666666666666666","413","1.02","0.34","413","0.92","0.30666666666666664","413","0.96","0.32","413","0.9","0.225","413","1.075","0.26875"
,"414","0.62","0.62","414","0.53","0.53","414","0.64","0.64","414","0.61","0.61","414","0.69","0.69","414","0.61","0.61","414","0.63","0.63","414","0.7","0.7","414","0.75","0.75","414","0.66","0.66","414","1.0757575757575757","0.5338345864661654","414","0.9545454545454546","0.47368421052631576","414","0.7424242424242424","0.3684210526315789","414","0.8333333333333334","0.41353383458646614","414","0.9848484848484849","0.48872180451127817","414","0.6515151515151515","0.3233082706766917","414","0.7878787878787878","0.39097744360902253","414","0.9545454545454546","0.47368421052631576","414","0.8636363636363636","0.42857142857142855","414","0.9393939393939394","0.46616541353383456","414","0.86","0.2866666666666667","414","1.06","0.35333333333333333","414","0.92","0.30666666666666664","414","1","0.3333333333333333","414","1.06","0.35333333333333333","414","1.02","0.34","414","1.12","0.37333333333333335","414","0.94","0.31333333333333335","414","1.06","0.35333333333333333","414","1.1","0.36666666666666664","414","0.9","0.225","414","1.225","0.30625"
,"415","0.65","0.65","415","0.56","0.56","415","0.69","0.69","415","0.52","0.52","415","0.73","0.73","415","0.65","0.65","415","0.64","0.64","415","0.66","0.66","415","0.6","0.6","415","0.59","0.59","415","0.9242424242424242","0.45864661654135336","415","0.9696969696969697","0.48120300751879697","415","0.6515151515151515","0.3233082706766917","415","0.9090909090909091","0.45112781954887216","415","0.6060606060606061","0.3007518796992481","415","0.7424242424242424","0.3684210526315789","415","0.8636363636363636","0.42857142857142855","415","0.696969696969697","0.3458646616541353","415","0.7424242424242424","0.3684210526315789","415","0.7575757575757576","0.37593984962406013","415","1.16","0.38666666666666666","415","0.86","0.2866666666666667","415","0.9","0.3","415","0.98","0.32666666666666666","415","1.02","0.34","415","0.94","0.31333333333333335","415","1.08","0.36","415","0.8","0.26666666666666666","415","1.06","0.35333333333333333","415","1.14","0.38","415","1","0.25","415","1.275","0.31875"
,"416","0.59","0.59","416","0.56","0.56","416","0.56","0.56","416","0.57","0.57","416","0.69","0.69","416","0.62","0.62","416","0.6","0.6","416","0.7","0.7","416","0.7","0.7","416","0.63","0.63","416","0.803030303030303","0.39849624060150374","416","1.0151515151515151","0.5037593984962406","416","0.5151515151515151","0.2556390977443609","416","0.8484848484848485","0.42105263157894735","416","0.7272727272727273","0.3609022556390977","416","0.7424242424242424","0.3684210526315789","416","0.9545454545454546","0.47368421052631576","416","0.9242424242424242","0.45864661654135336","416","0.7272727272727273","0.3609022556390977","416","0.9696969696969697","0.48120300751879697","416","1","0.3333333333333333","416","1.04","0.3466666666666667","416","0.96","0.32","416","1.08","0.36","416","0.96","0.32","416","1","0.3333333333333333","416","1.04","0.3466666666666667","416","0.92","0.30666666666666664","416","0.96","0.32","416","0.82","0.2733333333333333","416","1.025","0.25625","416","1.125","0.28125"
,"417","0.49","0.49","417","0.59","0.59","417","0.61","0.61","417","0.58","0.58","417","0.72","0.72","417","0.73","0.73","417","0.68","0.68","417","0.72","0.72","417","0.57","0.57","417","0.66","0.66","417","0.8939393939393939","0.44360902255639095","417","1.0454545454545454","0.518796992481203","417","0.7727272727272727","0.38345864661654133","417","0.7727272727272727","0.38345864661654133","417","0.8636363636363636","0.42857142857142855","417","0.8787878787878788","0.43609022556390975","417","0.7272727272727273","0.3609022556390977","417","0.9393939393939394","0.46616541353383456","417","0.8333333333333334","0.41353383458646614","417","0.803030303030303","0.39849624060150374","417","0.9","0.3","417","1.04","0.3466666666666667","417","0.9","0.3","417","0.88","0.29333333333333333","417","0.86","0.2866666666666667","417","1.12","0.37333333333333335","417","0.96","0.32","417","0.96","0.32","417","0.84","0.28","417","0.92","0.30666666666666664","417","0.95","0.2375","417","1.075","0.26875"
,"418","0.64","0.64","418","0.63","0.63","418","0.72","0.72","418","0.75","0.75","418","0.79","0.79","418","0.6","0.6","418","0.58","0.58","418","0.6","0.6","418","0.65","0.65","418","0.62","0.62","418","0.7878787878787878","0.39097744360902253","418","1.0606060606060606","0.5263157894736842","418","0.6818181818181818","0.3383458646616541","418","0.7575757575757576","0.37593984962406013","418","0.8787878787878788","0.43609022556390975","418","0.8787878787878788","0.43609022556390975","418","0.7121212121212122","0.3533834586466165","418","1.0454545454545454","0.518796992481203","418","0.8484848484848485","0.42105263157894735","418","0.8333333333333334","0.41353383458646614","418","1","0.3333333333333333","418","1","0.3333333333333333","418","0.7","0.23333333333333334","418","0.94","0.31333333333333335","418","1","0.3333333333333333","418","0.72","0.24","418","0.88","0.29333333333333333","418","1.02","0.34","418","1.1","0.36666666666666664","418","0.88","0.29333333333333333","418","0.9","0.225","418","1","0.25"
,"419","0.54","0.54","419","0.6","0.6","419","0.7","0.7","419","0.67","0.67","419","0.69","0.69","419","0.69","0.69","419","0.68","0.68","419","0.65","0.65","419","0.65","0.65","419","0.63","0.63","419","1.0454545454545454","0.518796992481203","419","0.8333333333333334","0.41353383458646614","419","0.7272727272727273","0.3609022556390977","419","0.6212121212121212","0.3082706766917293","419","0.8636363636363636","0.42857142857142855","419","1","0.49624060150375937","419","0.9242424242424242","0.45864661654135336","419","0.9242424242424242","0.45864661654135336","419","0.8484848484848485","0.42105263157894735","419","0.8333333333333334","0.41353383458646614","419","0.86","0.2866666666666667","419","1.14","0.38","419","0.9","0.3","419","0.74","0.24666666666666667","419","1.12","0.37333333333333335","419","0.94","0.31333333333333335","419","0.92","0.30666666666666664","419","0.74","0.24666666666666667","419","0.98","0.32666666666666666","419","0.88","0.29333333333333333","419","1.05","0.2625","419","1.175","0.29375"
,"420","0.58","0.58","420","0.63","0.63","420","0.67","0.67","420","0.7","0.7","420","0.59","0.59","420","0.6","0.6","420","0.71","0.71","420","0.8","0.8","420","0.59","0.59","420","0.46","0.46","420","0.7121212121212122","0.3533834586466165","420","0.8787878787878788","0.43609022556390975","420","0.7121212121212122","0.3533834586466165","420","0.9090909090909091","0.45112781954887216","420","0.9696969696969697","0.48120300751879697","420","0.9545454545454546","0.47368421052631576","420","0.7878787878787878","0.39097744360902253","420","0.8939393939393939","0.44360902255639095","420","1.0606060606060606","0.5263157894736842","420","0.7878787878787878","0.39097744360902253","420","1.16","0.38666666666666666","420","0.96","0.32","420","0.9","0.3","420","0.94","0.31333333333333335","420","0.98","0.32666666666666666","420","1.02","0.34","420","0.9","0.3","420","1.04","0.3466666666666667","420","0.84","0.28","420","1.14","0.38","420","0.775","0.19375","420","1.275","0.31875"
,"421","0.65","0.65","421","0.65","0.65","421","0.62","0.62","421","0.68","0.68","421","0.54","0.54","421","0.75","0.75","421","0.73","0.73","421","0.7","0.7","421","0.69","0.69","421","0.57","0.57","421","0.7878787878787878","0.39097744360902253","421","0.8939393939393939","0.44360902255639095","421","0.8484848484848485","0.42105263157894735","421","0.8787878787878788","0.43609022556390975","421","0.7878787878787878","0.39097744360902253","421","1.0303030303030303","0.5112781954887218","421","0.8484848484848485","0.42105263157894735","421","0.8484848484848485","0.42105263157894735","421","1","0.49624060150375937","421","0.7121212121212122","0.3533834586466165","421","0.74","0.24666666666666667","421","0.94","0.31333333333333335","421","0.98","0.32666666666666666","421","0.96","0.32","421","0.96","0.32","421","0.94","0.31333333333333335","421","1.04","0.3466666666666667","421","0.8","0.26666666666666666","421","0.84","0.28","421","1.1","0.36666666666666664","421","0.775","0.19375","421","0.925","0.23125"
,"422","0.69","0.69","422","0.66","0.66","422","0.74","0.74","422","0.67","0.67","422","0.66","0.66","422","0.71","0.71","422","0.67","0.67","422","0.62","0.62","422","0.74","0.74","422","0.72","0.72","422","0.8333333333333334","0.41353383458646614","422","0.9090909090909091","0.45112781954887216","422","0.6818181818181818","0.3383458646616541","422","0.8939393939393939","0.44360902255639095","422","0.9696969696969697","0.48120300751879697","422","0.9545454545454546","0.47368421052631576","422","0.8181818181818182","0.40601503759398494","422","1","0.49624060150375937","422","0.8484848484848485","0.42105263157894735","422","0.7878787878787878","0.39097744360902253","422","0.7","0.23333333333333334","422","0.82","0.2733333333333333","422","1.12","0.37333333333333335","422","0.96","0.32","422","0.9","0.3","422","1","0.3333333333333333","422","0.94","0.31333333333333335","422","1","0.3333333333333333","422","0.98","0.32666666666666666","422","1.02","0.34","422","0.75","0.1875","422","0.9","0.225"
,"423","0.8","0.8","423","0.72","0.72","423","0.54","0.54","423","0.58","0.58","423","0.73","0.73","423","0.81","0.81","423","0.74","0.74","423","0.6","0.6","423","0.73","0.73","423","0.67","0.67","423","0.8636363636363636","0.42857142857142855","423","0.803030303030303","0.39849624060150374","423","0.6515151515151515","0.3233082706766917","423","0.8484848484848485","0.42105263157894735","423","1.0606060606060606","0.5263157894736842","423","0.9545454545454546","0.47368421052631576","423","1.0303030303030303","0.5112781954887218","423","0.8636363636363636","0.42857142857142855","423","0.8484848484848485","0.42105263157894735","423","0.803030303030303","0.39849624060150374","423","0.72","0.24","423","1.02","0.34","423","0.94","0.31333333333333335","423","0.84","0.28","423","0.94","0.31333333333333335","423","0.86","0.2866666666666667","423","0.84","0.28","423","0.92","0.30666666666666664","423","1.04","0.3466666666666667","423","1.04","0.3466666666666667","423","0.95","0.2375","423","0.975","0.24375"
,"424","0.81","0.81","424","0.74","0.74","424","0.65","0.65","424","0.6","0.6","424","0.68","0.68","424","0.86","0.86","424","0.72","0.72","424","0.62","0.62","424","0.63","0.63","424","0.54","0.54","424","0.803030303030303","0.39849624060150374","424","0.8787878787878788","0.43609022556390975","424","0.6818181818181818","0.3383458646616541","424","0.803030303030303","0.39849624060150374","424","0.8939393939393939","0.44360902255639095","424","0.9242424242424242","0.45864661654135336","424","0.8787878787878788","0.43609022556390975","424","0.9696969696969697","0.48120300751879697","424","0.8484848484848485","0.42105263157894735","424","0.8939393939393939","0.44360902255639095","424","0.9","0.3","424","1.04","0.3466666666666667","424","0.86","0.2866666666666667","424","0.82","0.2733333333333333","424","1","0.3333333333333333","424","0.78","0.26","424","0.96","0.32","424","0.94","0.31333333333333335","424","0.78","0.26","424","1.08","0.36","424","1","0.25","424","1.2","0.3"
,"425","0.69","0.69","425","0.71","0.71","425","0.81","0.81","425","0.57","0.57","425","0.8","0.8","425","0.72","0.72","425","0.64","0.64","425","0.58","0.58","425","0.61","0.61","425","0.63","0.63","425","0.7878787878787878","0.39097744360902253","425","0.9242424242424242","0.45864661654135336","425","0.6515151515151515","0.3233082706766917","425","0.696969696969697","0.3458646616541353","425","0.9545454545454546","0.47368421052631576","425","0.9848484848484849","0.48872180451127817","425","0.8636363636363636","0.42857142857142855","425","0.7727272727272727","0.38345864661654133","425","0.9393939393939394","0.46616541353383456","425","0.6818181818181818","0.3383458646616541","425","1","0.3333333333333333","425","0.86","0.2866666666666667","425","1","0.3333333333333333","425","1","0.3333333333333333","425","0.9","0.3","425","1.04","0.3466666666666667","425","1.04","0.3466666666666667","425","0.84","0.28","425","0.88","0.29333333333333333","425","0.98","0.32666666666666666","425","0.775","0.19375","425","0.975","0.24375"
,"426","0.67","0.67","426","0.73","0.73","426","0.63","0.63","426","0.7","0.7","426","0.74","0.74","426","0.77","0.77","426","0.6","0.6","426","0.54","0.54","426","0.61","0.61","426","0.58","0.58","426","0.803030303030303","0.39849624060150374","426","0.7424242424242424","0.3684210526315789","426","0.6212121212121212","0.3082706766917293","426","0.6515151515151515","0.3233082706766917","426","0.8939393939393939","0.44360902255639095","426","0.7272727272727273","0.3609022556390977","426","0.8787878787878788","0.43609022556390975","426","0.803030303030303","0.39849624060150374","426","0.696969696969697","0.3458646616541353","426","1.106060606060606","0.5488721804511278","426","0.9","0.3","426","1.04","0.3466666666666667","426","1","0.3333333333333333","426","0.76","0.25333333333333335","426","0.98","0.32666666666666666","426","0.74","0.24666666666666667","426","0.82","0.2733333333333333","426","1.02","0.34","426","0.72","0.24","426","1.04","0.3466666666666667","426","0.875","0.21875","426","0.85","0.2125"
,"427","0.76","0.76","427","0.68","0.68","427","0.69","0.69","427","0.57","0.57","427","0.71","0.71","427","0.72","0.72","427","0.6","0.6","427","0.58","0.58","427","0.69","0.69","427","0.78","0.78","427","0.7878787878787878","0.39097744360902253","427","0.7727272727272727","0.38345864661654133","427","0.7272727272727273","0.3609022556390977","427","0.9696969696969697","0.48120300751879697","427","0.9242424242424242","0.45864661654135336","427","0.8787878787878788","0.43609022556390975","427","0.8787878787878788","0.43609022556390975","427","0.7424242424242424","0.3684210526315789","427","0.7424242424242424","0.3684210526315789","427","0.7272727272727273","0.3609022556390977","427","0.86","0.2866666666666667","427","1.04","0.3466666666666667","427","1.06","0.35333333333333333","427","1.1","0.36666666666666664","427","0.98","0.32666666666666666","427","0.86","0.2866666666666667","427","0.98","0.32666666666666666","427","1.14","0.38","427","0.92","0.30666666666666664","427","0.94","0.31333333333333335","427","1.1","0.275","427","0.85","0.2125"
,"428","0.68","0.68","428","0.59","0.59","428","0.76","0.76","428","0.51","0.51","428","0.71","0.71","428","0.63","0.63","428","0.58","0.58","428","0.61","0.61","428","0.72","0.72","428","0.74","0.74","428","0.7575757575757576","0.37593984962406013","428","0.9393939393939394","0.46616541353383456","428","0.8484848484848485","0.42105263157894735","428","0.7727272727272727","0.38345864661654133","428","0.7575757575757576","0.37593984962406013","428","1.0151515151515151","0.5037593984962406","428","0.9393939393939394","0.46616541353383456","428","1.0303030303030303","0.5112781954887218","428","0.6060606060606061","0.3007518796992481","428","0.7575757575757576","0.37593984962406013","428","0.96","0.32","428","1.12","0.37333333333333335","428","1.08","0.36","428","0.94","0.31333333333333335","428","1.08","0.36","428","0.9","0.3","428","1.02","0.34","428","1.06","0.35333333333333333","428","0.86","0.2866666666666667","428","1","0.3333333333333333","428","0.95","0.2375","428","1","0.25"
,"429","0.71","0.71","429","0.61","0.61","429","0.61","0.61","429","0.5","0.5","429","0.59","0.59","429","0.6","0.6","429","0.69","0.69","429","0.61","0.61","429","0.54","0.54","429","0.62","0.62","429","0.803030303030303","0.39849624060150374","429","0.8939393939393939","0.44360902255639095","429","0.7727272727272727","0.38345864661654133","429","0.7272727272727273","0.3609022556390977","429","0.7272727272727273","0.3609022556390977","429","0.8939393939393939","0.44360902255639095","429","0.7727272727272727","0.38345864661654133","429","0.8939393939393939","0.44360902255639095","429","0.7727272727272727","0.38345864661654133","429","0.8939393939393939","0.44360902255639095","429","0.98","0.32666666666666666","429","0.9","0.3","429","1.24","0.41333333333333333","429","1.16","0.38666666666666666","429","1.08","0.36","429","1.18","0.3933333333333333","429","0.9","0.3","429","0.8","0.26666666666666666","429","0.84","0.28","429","1.1","0.36666666666666664","429","0.925","0.23125","429","1.05","0.2625"
,"430","0.6","0.6","430","0.73","0.73","430","0.66","0.66","430","0.56","0.56","430","0.67","0.67","430","0.69","0.69","430","0.62","0.62","430","0.59","0.59","430","0.62","0.62","430","0.64","0.64","430","0.9696969696969697","0.48120300751879697","430","0.8787878787878788","0.43609022556390975","430","0.7424242424242424","0.3684210526315789","430","0.8333333333333334","0.41353383458646614","430","0.9393939393939394","0.46616541353383456","430","0.9696969696969697","0.48120300751879697","430","0.7727272727272727","0.38345864661654133","430","0.9090909090909091","0.45112781954887216","430","0.8484848484848485","0.42105263157894735","430","1.0606060606060606","0.5263157894736842","430","1.02","0.34","430","0.78","0.26","430","1.08","0.36","430","1","0.3333333333333333","430","1.12","0.37333333333333335","430","0.96","0.32","430","0.98","0.32666666666666666","430","0.98","0.32666666666666666","430","0.82","0.2733333333333333","430","1.14","0.38","430","0.9","0.225","430","0.8","0.2"
,"431","0.65","0.65","431","0.66","0.66","431","0.57","0.57","431","0.57","0.57","431","0.69","0.69","431","0.68","0.68","431","0.6","0.6","431","0.73","0.73","431","0.64","0.64","431","0.6","0.6","431","0.7272727272727273","0.3609022556390977","431","0.8181818181818182","0.40601503759398494","431","0.8636363636363636","0.42857142857142855","431","0.7727272727272727","0.38345864661654133","431","0.7878787878787878","0.39097744360902253","431","0.8939393939393939","0.44360902255639095","431","0.9090909090909091","0.45112781954887216","431","0.9090909090909091","0.45112781954887216","431","0.8636363636363636","0.42857142857142855","431","0.9242424242424242","0.45864661654135336","431","1.12","0.37333333333333335","431","0.78","0.26","431","0.9","0.3","431","1.14","0.38","431","1.08","0.36","431","1.08","0.36","431","1","0.3333333333333333","431","0.96","0.32","431","0.96","0.32","431","1.22","0.4066666666666667","431","0.85","0.2125","431","1.025","0.25625"
,"432","0.64","0.64","432","0.67","0.67","432","0.63","0.63","432","0.68","0.68","432","0.69","0.69","432","0.62","0.62","432","0.66","0.66","432","0.62","0.62","432","0.66","0.66","432","0.49","0.49","432","0.7727272727272727","0.38345864661654133","432","0.8787878787878788","0.43609022556390975","432","0.7878787878787878","0.39097744360902253","432","0.7878787878787878","0.39097744360902253","432","0.8181818181818182","0.40601503759398494","432","0.9545454545454546","0.47368421052631576","432","0.8787878787878788","0.43609022556390975","432","0.6212121212121212","0.3082706766917293","432","0.9696969696969697","0.48120300751879697","432","0.6363636363636364","0.3157894736842105","432","1.06","0.35333333333333333","432","0.86","0.2866666666666667","432","0.84","0.28","432","0.92","0.30666666666666664","432","0.84","0.28","432","0.92","0.30666666666666664","432","0.86","0.2866666666666667","432","0.98","0.32666666666666666","432","1.06","0.35333333333333333","432","1.12","0.37333333333333335","432","0.825","0.20625","432","1.025","0.25625"
,"433","0.67","0.67","433","0.66","0.66","433","0.67","0.67","433","0.63","0.63","433","0.68","0.68","433","0.66","0.66","433","0.61","0.61","433","0.62","0.62","433","0.76","0.76","433","0.57","0.57","433","0.7121212121212122","0.3533834586466165","433","0.9696969696969697","0.48120300751879697","433","0.8636363636363636","0.42857142857142855","433","0.7727272727272727","0.38345864661654133","433","0.9696969696969697","0.48120300751879697","433","0.7878787878787878","0.39097744360902253","433","0.7424242424242424","0.3684210526315789","433","0.8333333333333334","0.41353383458646614","433","0.7424242424242424","0.3684210526315789","433","0.9090909090909091","0.45112781954887216","433","1.02","0.34","433","0.88","0.29333333333333333","433","1.12","0.37333333333333335","433","0.98","0.32666666666666666","433","0.88","0.29333333333333333","433","1.06","0.35333333333333333","433","0.98","0.32666666666666666","433","0.94","0.31333333333333335","433","1.22","0.4066666666666667","433","1.1","0.36666666666666664","433","0.725","0.18125","433","1.05","0.2625"
,"434","0.62","0.62","434","0.62","0.62","434","0.57","0.57","434","0.69","0.69","434","0.75","0.75","434","0.61","0.61","434","0.61","0.61","434","0.6","0.6","434","0.9","0.9","434","0.65","0.65","434","1.0606060606060606","0.5263157894736842","434","0.9545454545454546","0.47368421052631576","434","0.6666666666666666","0.3308270676691729","434","0.6818181818181818","0.3383458646616541","434","0.9393939393939394","0.46616541353383456","434","0.8787878787878788","0.43609022556390975","434","1.0757575757575757","0.5338345864661654","434","0.7727272727272727","0.38345864661654133","434","0.8787878787878788","0.43609022556390975","434","0.9090909090909091","0.45112781954887216","434","1","0.3333333333333333","434","1","0.3333333333333333","434","1.06","0.35333333333333333","434","0.9","0.3","434","1.04","0.3466666666666667","434","0.86","0.2866666666666667","434","0.94","0.31333333333333335","434","0.88","0.29333333333333333","434","1.06","0.35333333333333333","434","1.14","0.38","434","1.2","0.3","434","0.925","0.23125"
,"435","0.6","0.6","435","0.57","0.57","435","0.66","0.66","435","0.6","0.6","435","0.63","0.63","435","0.71","0.71","435","0.6","0.6","435","0.56","0.56","435","0.76","0.76","435","0.57","0.57","435","0.9696969696969697","0.48120300751879697","435","1.121212121212121","0.556390977443609","435","0.8333333333333334","0.41353383458646614","435","0.7424242424242424","0.3684210526315789","435","0.8939393939393939","0.44360902255639095","435","0.8484848484848485","0.42105263157894735","435","0.9545454545454546","0.47368421052631576","435","0.7575757575757576","0.37593984962406013","435","0.7272727272727273","0.3609022556390977","435","0.8181818181818182","0.40601503759398494","435","0.86","0.2866666666666667","435","0.96","0.32","435","1.06","0.35333333333333333","435","0.96","0.32","435","1.12","0.37333333333333335","435","1","0.3333333333333333","435","0.94","0.31333333333333335","435","1.04","0.3466666666666667","435","0.88","0.29333333333333333","435","0.94","0.31333333333333335","435","1.075","0.26875","435","1.1","0.275"
,"436","0.61","0.61","436","0.57","0.57","436","0.7","0.7","436","0.63","0.63","436","0.62","0.62","436","0.69","0.69","436","0.61","0.61","436","0.7","0.7","436","0.71","0.71","436","0.67","0.67","436","0.9090909090909091","0.45112781954887216","436","0.9393939393939394","0.46616541353383456","436","0.8484848484848485","0.42105263157894735","436","0.803030303030303","0.39849624060150374","436","0.7727272727272727","0.38345864661654133","436","0.7121212121212122","0.3533834586466165","436","0.8636363636363636","0.42857142857142855","436","0.7121212121212122","0.3533834586466165","436","0.7878787878787878","0.39097744360902253","436","0.9242424242424242","0.45864661654135336","436","1.02","0.34","436","0.7","0.23333333333333334","436","1.02","0.34","436","0.86","0.2866666666666667","436","1.02","0.34","436","0.84","0.28","436","1.12","0.37333333333333335","436","0.66","0.22","436","1.1","0.36666666666666664","436","0.84","0.28","436","1.1","0.275","436","1.15","0.2875"
,"437","0.59","0.59","437","0.53","0.53","437","0.65","0.65","437","0.56","0.56","437","0.7","0.7","437","0.65","0.65","437","0.63","0.63","437","0.68","0.68","437","0.63","0.63","437","0.66","0.66","437","0.6666666666666666","0.3308270676691729","437","0.8939393939393939","0.44360902255639095","437","0.6060606060606061","0.3007518796992481","437","0.8333333333333334","0.41353383458646614","437","0.8787878787878788","0.43609022556390975","437","0.8939393939393939","0.44360902255639095","437","0.803030303030303","0.39849624060150374","437","0.8787878787878788","0.43609022556390975","437","0.8181818181818182","0.40601503759398494","437","0.8787878787878788","0.43609022556390975","437","1.02","0.34","437","0.84","0.28","437","0.92","0.30666666666666664","437","1.12","0.37333333333333335","437","1","0.3333333333333333","437","0.76","0.25333333333333335","437","1.04","0.3466666666666667","437","0.86","0.2866666666666667","437","0.86","0.2866666666666667","437","0.92","0.30666666666666664","437","0.9","0.225","437","1.1","0.275"
,"438","0.66","0.66","438","0.78","0.78","438","0.72","0.72","438","0.65","0.65","438","0.7","0.7","438","0.57","0.57","438","0.6","0.6","438","0.58","0.58","438","0.61","0.61","438","0.64","0.64","438","0.8181818181818182","0.40601503759398494","438","0.8333333333333334","0.41353383458646614","438","0.9545454545454546","0.47368421052631576","438","0.7575757575757576","0.37593984962406013","438","0.9393939393939394","0.46616541353383456","438","0.8484848484848485","0.42105263157894735","438","0.9090909090909091","0.45112781954887216","438","0.8939393939393939","0.44360902255639095","438","0.7424242424242424","0.3684210526315789","438","0.803030303030303","0.39849624060150374","438","0.94","0.31333333333333335","438","0.84","0.28","438","1.08","0.36","438","0.84","0.28","438","0.92","0.30666666666666664","438","0.8","0.26666666666666666","438","0.96","0.32","438","0.94","0.31333333333333335","438","1.14","0.38","438","1","0.3333333333333333","438","1.15","0.2875","438","0.8","0.2"
,"439","0.65","0.65","439","0.6","0.6","439","0.54","0.54","439","0.6","0.6","439","0.62","0.62","439","0.64","0.64","439","0.75","0.75","439","0.57","0.57","439","0.62","0.62","439","0.59","0.59","439","0.9696969696969697","0.48120300751879697","439","0.7424242424242424","0.3684210526315789","439","0.6818181818181818","0.3383458646616541","439","0.8787878787878788","0.43609022556390975","439","0.8939393939393939","0.44360902255639095","439","0.8939393939393939","0.44360902255639095","439","0.8636363636363636","0.42857142857142855","439","0.8181818181818182","0.40601503759398494","439","0.7878787878787878","0.39097744360902253","439","1.0151515151515151","0.5037593984962406","439","0.92","0.30666666666666664","439","1.02","0.34","439","0.9","0.3","439","0.92","0.30666666666666664","439","1.28","0.4266666666666667","439","0.88","0.29333333333333333","439","1.14","0.38","439","0.86","0.2866666666666667","439","1.22","0.4066666666666667","439","1.1","0.36666666666666664","439","1.05","0.2625","439","1.175","0.29375"
,"440","0.61","0.61","440","0.7","0.7","440","0.67","0.67","440","0.54","0.54","440","0.71","0.71","440","0.58","0.58","440","0.61","0.61","440","0.66","0.66","440","0.61","0.61","440","0.64","0.64","440","0.9090909090909091","0.45112781954887216","440","0.7727272727272727","0.38345864661654133","440","0.8939393939393939","0.44360902255639095","440","0.6060606060606061","0.3007518796992481","440","0.9393939393939394","0.46616541353383456","440","1.0303030303030303","0.5112781954887218","440","0.8333333333333334","0.41353383458646614","440","0.9393939393939394","0.46616541353383456","440","0.7424242424242424","0.3684210526315789","440","1.0303030303030303","0.5112781954887218","440","0.8","0.26666666666666666","440","0.8","0.26666666666666666","440","1.04","0.3466666666666667","440","1","0.3333333333333333","440","1.16","0.38666666666666666","440","0.96","0.32","440","1.12","0.37333333333333335","440","0.8","0.26666666666666666","440","0.92","0.30666666666666664","440","1.2","0.4","440","1.325","0.33125","440","1.05","0.2625"
,"441","0.66","0.66","441","0.56","0.56","441","0.7","0.7","441","0.71","0.71","441","0.66","0.66","441","0.59","0.59","441","0.67","0.67","441","0.69","0.69","441","0.55","0.55","441","0.63","0.63","441","0.9545454545454546","0.47368421052631576","441","0.8787878787878788","0.43609022556390975","441","0.8181818181818182","0.40601503759398494","441","0.7575757575757576","0.37593984962406013","441","0.7424242424242424","0.3684210526315789","441","0.7575757575757576","0.37593984962406013","441","1.0606060606060606","0.5263157894736842","441","0.7878787878787878","0.39097744360902253","441","0.7727272727272727","0.38345864661654133","441","0.9696969696969697","0.48120300751879697","441","1","0.3333333333333333","441","0.82","0.2733333333333333","441","0.96","0.32","441","0.82","0.2733333333333333","441","0.94","0.31333333333333335","441","0.92","0.30666666666666664","441","0.88","0.29333333333333333","441","1.06","0.35333333333333333","441","0.82","0.2733333333333333","441","1.06","0.35333333333333333","441","1.025","0.25625","441","1.075","0.26875"
,"442","0.75","0.75","442","0.71","0.71","442","0.69","0.69","442","0.7","0.7","442","0.73","0.73","442","0.69","0.69","442","0.68","0.68","442","0.6","0.6","442","0.66","0.66","442","0.64","0.64","442","1.0606060606060606","0.5263157894736842","442","0.8181818181818182","0.40601503759398494","442","0.7727272727272727","0.38345864661654133","442","0.7727272727272727","0.38345864661654133","442","0.803030303030303","0.39849624060150374","442","0.8333333333333334","0.41353383458646614","442","0.8939393939393939","0.44360902255639095","442","0.8484848484848485","0.42105263157894735","442","0.7878787878787878","0.39097744360902253","442","0.8181818181818182","0.40601503759398494","442","0.78","0.26","442","1.04","0.3466666666666667","442","0.86","0.2866666666666667","442","1.02","0.34","442","0.76","0.25333333333333335","442","0.8","0.26666666666666666","442","0.82","0.2733333333333333","442","0.76","0.25333333333333335","442","0.9","0.3","442","1.02","0.34","442","1","0.25","442","1.075","0.26875"
,"443","0.71","0.71","443","0.67","0.67","443","0.65","0.65","443","0.61","0.61","443","0.74","0.74","443","0.67","0.67","443","0.55","0.55","443","0.62","0.62","443","0.63","0.63","443","0.57","0.57","443","1.0454545454545454","0.518796992481203","443","0.9393939393939394","0.46616541353383456","443","0.7878787878787878","0.39097744360902253","443","0.7878787878787878","0.39097744360902253","443","0.8484848484848485","0.42105263157894735","443","0.7121212121212122","0.3533834586466165","443","0.7727272727272727","0.38345864661654133","443","0.8333333333333334","0.41353383458646614","443","0.8333333333333334","0.41353383458646614","443","0.8181818181818182","0.40601503759398494","443","0.86","0.2866666666666667","443","1.12","0.37333333333333335","443","0.94","0.31333333333333335","443","0.98","0.32666666666666666","443","0.96","0.32","443","0.88","0.29333333333333333","443","0.78","0.26","443","0.98","0.32666666666666666","443","0.84","0.28","443","0.86","0.2866666666666667","443","1","0.25","443","0.975","0.24375"
,"444","0.69","0.69","444","0.77","0.77","444","0.79","0.79","444","0.65","0.65","444","0.62","0.62","444","0.65","0.65","444","0.57","0.57","444","0.69","0.69","444","0.57","0.57","444","0.63","0.63","444","1","0.49624060150375937","444","0.8484848484848485","0.42105263157894735","444","0.803030303030303","0.39849624060150374","444","0.7878787878787878","0.39097744360902253","444","0.9393939393939394","0.46616541353383456","444","0.6060606060606061","0.3007518796992481","444","1.0909090909090908","0.5413533834586466","444","0.9242424242424242","0.45864661654135336","444","0.7878787878787878","0.39097744360902253","444","0.9393939393939394","0.46616541353383456","444","0.92","0.30666666666666664","444","0.82","0.2733333333333333","444","0.86","0.2866666666666667","444","0.76","0.25333333333333335","444","1.04","0.3466666666666667","444","0.76","0.25333333333333335","444","0.74","0.24666666666666667","444","0.8","0.26666666666666666","444","0.92","0.30666666666666664","444","0.94","0.31333333333333335","444","1.05","0.2625","444","1.1","0.275"
,"445","0.71","0.71","445","0.68","0.68","445","0.79","0.79","445","0.64","0.64","445","0.67","0.67","445","0.63","0.63","445","0.59","0.59","445","0.73","0.73","445","0.46","0.46","445","0.63","0.63","445","1.0303030303030303","0.5112781954887218","445","0.8787878787878788","0.43609022556390975","445","0.7878787878787878","0.39097744360902253","445","0.8333333333333334","0.41353383458646614","445","0.6818181818181818","0.3383458646616541","445","0.6212121212121212","0.3082706766917293","445","0.7727272727272727","0.38345864661654133","445","0.8939393939393939","0.44360902255639095","445","0.7575757575757576","0.37593984962406013","445","0.8333333333333334","0.41353383458646614","445","0.72","0.24","445","1.02","0.34","445","0.74","0.24666666666666667","445","1","0.3333333333333333","445","1.12","0.37333333333333335","445","0.8","0.26666666666666666","445","0.9","0.3","445","1.12","0.37333333333333335","445","1.02","0.34","445","0.88","0.29333333333333333","445","0.9","0.225","445","1.075","0.26875"
,"446","0.68","0.68","446","0.68","0.68","446","0.6","0.6","446","0.6","0.6","446","0.62","0.62","446","0.55","0.55","446","0.64","0.64","446","0.66","0.66","446","0.64","0.64","446","0.61","0.61","446","0.7121212121212122","0.3533834586466165","446","1","0.49624060150375937","446","0.7424242424242424","0.3684210526315789","446","0.6818181818181818","0.3383458646616541","446","0.9393939393939394","0.46616541353383456","446","0.7575757575757576","0.37593984962406013","446","0.7424242424242424","0.3684210526315789","446","0.803030303030303","0.39849624060150374","446","0.7121212121212122","0.3533834586466165","446","0.7575757575757576","0.37593984962406013","446","0.74","0.24666666666666667","446","1.06","0.35333333333333333","446","0.94","0.31333333333333335","446","0.72","0.24","446","1.1","0.36666666666666664","446","0.68","0.22666666666666666","446","0.88","0.29333333333333333","446","0.72","0.24","446","1.08","0.36","446","1.08","0.36","446","0.85","0.2125","446","0.725","0.18125"
,"447","0.63","0.63","447","0.69","0.69","447","0.63","0.63","447","0.66","0.66","447","0.73","0.73","447","0.65","0.65","447","0.65","0.65","447","0.77","0.77","447","0.68","0.68","447","0.68","0.68","447","0.8636363636363636","0.42857142857142855","447","0.8939393939393939","0.44360902255639095","447","0.8181818181818182","0.40601503759398494","447","0.7121212121212122","0.3533834586466165","447","0.7272727272727273","0.3609022556390977","447","0.7121212121212122","0.3533834586466165","447","0.9393939393939394","0.46616541353383456","447","0.8181818181818182","0.40601503759398494","447","0.6666666666666666","0.3308270676691729","447","0.8333333333333334","0.41353383458646614","447","0.82","0.2733333333333333","447","0.9","0.3","447","0.88","0.29333333333333333","447","0.96","0.32","447","1","0.3333333333333333","447","1","0.3333333333333333","447","1.06","0.35333333333333333","447","1.04","0.3466666666666667","447","0.9","0.3","447","1.08","0.36","447","0.875","0.21875","447","0.8","0.2"
,"448","0.71","0.71","448","0.61","0.61","448","0.57","0.57","448","0.61","0.61","448","0.66","0.66","448","0.71","0.71","448","0.56","0.56","448","0.67","0.67","448","0.74","0.74","448","0.49","0.49","448","0.8333333333333334","0.41353383458646614","448","0.8787878787878788","0.43609022556390975","448","0.9242424242424242","0.45864661654135336","448","0.8939393939393939","0.44360902255639095","448","0.696969696969697","0.3458646616541353","448","0.8484848484848485","0.42105263157894735","448","0.9090909090909091","0.45112781954887216","448","0.803030303030303","0.39849624060150374","448","0.8484848484848485","0.42105263157894735","448","0.803030303030303","0.39849624060150374","448","0.86","0.2866666666666667","448","1.04","0.3466666666666667","448","1.02","0.34","448","1.04","0.3466666666666667","448","0.94","0.31333333333333335","448","1.06","0.35333333333333333","448","1","0.3333333333333333","448","0.98","0.32666666666666666","448","1.16","0.38666666666666666","448","1.16","0.38666666666666666","448","1.025","0.25625","448","0.8","0.2"
,"449","0.63","0.63","449","0.56","0.56","449","0.67","0.67","449","0.6","0.6","449","0.65","0.65","449","0.7","0.7","449","0.64","0.64","449","0.69","0.69","449","0.73","0.73","449","0.62","0.62","449","0.7878787878787878","0.39097744360902253","449","0.8333333333333334","0.41353383458646614","449","0.9393939393939394","0.46616541353383456","449","0.8787878787878788","0.43609022556390975","449","0.6212121212121212","0.3082706766917293","449","0.8333333333333334","0.41353383458646614","449","1.0606060606060606","0.5263157894736842","449","0.6515151515151515","0.3233082706766917","449","0.7878787878787878","0.39097744360902253","449","0.803030303030303","0.39849624060150374","449","1.02","0.34","449","0.92","0.30666666666666664","449","1","0.3333333333333333","449","0.98","0.32666666666666666","449","1.18","0.3933333333333333","449","0.78","0.26","449","1.02","0.34","449","0.76","0.25333333333333335","449","1.14","0.38","449","0.96","0.32","449","0.875","0.21875","449","0.95","0.2375"
,"450","0.6","0.6","450","0.67","0.67","450","0.64","0.64","450","0.49","0.49","450","0.71","0.71","450","0.67","0.67","450","0.6","0.6","450","0.65","0.65","450","0.66","0.66","450","0.55","0.55","450","0.7121212121212122","0.3533834586466165","450","0.8333333333333334","0.41353383458646614","450","0.8787878787878788","0.43609022556390975","450","0.8333333333333334","0.41353383458646614","450","0.5757575757575758","0.2857142857142857","450","0.9696969696969697","0.48120300751879697","450","0.7878787878787878","0.39097744360902253","450","0.8484848484848485","0.42105263157894735","450","0.9242424242424242","0.45864661654135336","450","0.8787878787878788","0.43609022556390975","450","1","0.3333333333333333","450","0.76","0.25333333333333335","450","0.98","0.32666666666666666","450","1","0.3333333333333333","450","1.1","0.36666666666666664","450","0.94","0.31333333333333335","450","0.86","0.2866666666666667","450","0.98","0.32666666666666666","450","0.88","0.29333333333333333","450","1","0.3333333333333333","450","0.825","0.20625","450","0.875","0.21875"
,"451","0.71","0.71","451","0.54","0.54","451","0.64","0.64","451","0.59","0.59","451","0.65","0.65","451","0.63","0.63","451","0.7","0.7","451","0.67","0.67","451","0.69","0.69","451","0.48","0.48","451","0.8636363636363636","0.42857142857142855","451","0.8787878787878788","0.43609022556390975","451","0.7878787878787878","0.39097744360902253","451","0.7727272727272727","0.38345864661654133","451","0.7272727272727273","0.3609022556390977","451","0.8333333333333334","0.41353383458646614","451","0.9696969696969697","0.48120300751879697","451","0.8333333333333334","0.41353383458646614","451","0.8787878787878788","0.43609022556390975","451","0.9090909090909091","0.45112781954887216","451","1.08","0.36","451","0.72","0.24","451","1.24","0.41333333333333333","451","0.88","0.29333333333333333","451","0.88","0.29333333333333333","451","1.04","0.3466666666666667","451","0.88","0.29333333333333333","451","1.12","0.37333333333333335","451","0.9","0.3","451","0.94","0.31333333333333335","451","0.625","0.15625","451","1.05","0.2625"
,"452","0.77","0.77","452","0.57","0.57","452","0.66","0.66","452","0.55","0.55","452","0.6","0.6","452","0.69","0.69","452","0.66","0.66","452","0.74","0.74","452","0.72","0.72","452","0.58","0.58","452","0.7272727272727273","0.3609022556390977","452","0.8181818181818182","0.40601503759398494","452","0.8333333333333334","0.41353383458646614","452","0.7878787878787878","0.39097744360902253","452","0.7575757575757576","0.37593984962406013","452","1.0454545454545454","0.518796992481203","452","0.9696969696969697","0.48120300751879697","452","0.8181818181818182","0.40601503759398494","452","0.7727272727272727","0.38345864661654133","452","0.696969696969697","0.3458646616541353","452","0.94","0.31333333333333335","452","0.94","0.31333333333333335","452","1.2","0.4","452","1.08","0.36","452","0.98","0.32666666666666666","452","0.98","0.32666666666666666","452","0.76","0.25333333333333335","452","1.08","0.36","452","1.08","0.36","452","0.92","0.30666666666666664","452","0.85","0.2125","452","0.975","0.24375"
,"453","0.82","0.82","453","0.63","0.63","453","0.55","0.55","453","0.66","0.66","453","0.66","0.66","453","0.67","0.67","453","0.69","0.69","453","0.66","0.66","453","0.7","0.7","453","0.61","0.61","453","0.8484848484848485","0.42105263157894735","453","0.7272727272727273","0.3609022556390977","453","0.9696969696969697","0.48120300751879697","453","0.696969696969697","0.3458646616541353","453","0.8484848484848485","0.42105263157894735","453","0.7272727272727273","0.3609022556390977","453","1.1363636363636365","0.5639097744360902","453","0.8787878787878788","0.43609022556390975","453","0.9545454545454546","0.47368421052631576","453","0.8181818181818182","0.40601503759398494","453","1","0.3333333333333333","453","0.9","0.3","453","1.02","0.34","453","0.86","0.2866666666666667","453","1.12","0.37333333333333335","453","0.8","0.26666666666666666","453","0.84","0.28","453","0.88","0.29333333333333333","453","0.9","0.3","453","0.72","0.24","453","1.15","0.2875","453","0.975","0.24375"
,"454","0.73","0.73","454","0.61","0.61","454","0.51","0.51","454","0.58","0.58","454","0.62","0.62","454","0.63","0.63","454","0.57","0.57","454","0.62","0.62","454","0.72","0.72","454","0.62","0.62","454","0.8484848484848485","0.42105263157894735","454","0.7575757575757576","0.37593984962406013","454","0.8939393939393939","0.44360902255639095","454","0.9090909090909091","0.45112781954887216","454","0.7575757575757576","0.37593984962406013","454","0.8333333333333334","0.41353383458646614","454","0.8939393939393939","0.44360902255639095","454","0.8939393939393939","0.44360902255639095","454","0.7878787878787878","0.39097744360902253","454","0.8636363636363636","0.42857142857142855","454","1.14","0.38","454","0.9","0.3","454","1.08","0.36","454","0.94","0.31333333333333335","454","0.9","0.3","454","0.76","0.25333333333333335","454","0.88","0.29333333333333333","454","0.86","0.2866666666666667","454","1.04","0.3466666666666667","454","0.84","0.28","454","0.8","0.2","454","0.975","0.24375"
,"455","0.69","0.69","455","0.72","0.72","455","0.63","0.63","455","0.59","0.59","455","0.7","0.7","455","0.61","0.61","455","0.61","0.61","455","0.68","0.68","455","0.73","0.73","455","0.6","0.6","455","0.8333333333333334","0.41353383458646614","455","0.8787878787878788","0.43609022556390975","455","0.8787878787878788","0.43609022556390975","455","1.0151515151515151","0.5037593984962406","455","0.8484848484848485","0.42105263157894735","455","0.9090909090909091","0.45112781954887216","455","0.6666666666666666","0.3308270676691729","455","1.1363636363636365","0.5639097744360902","455","0.6363636363636364","0.3157894736842105","455","0.9242424242424242","0.45864661654135336","455","1.02","0.34","455","0.82","0.2733333333333333","455","0.92","0.30666666666666664","455","0.94","0.31333333333333335","455","1","0.3333333333333333","455","0.6","0.2","455","0.66","0.22","455","0.98","0.32666666666666666","455","0.86","0.2866666666666667","455","1.16","0.38666666666666666","455","0.9","0.225","455","1","0.25"
,"456","0.69","0.69","456","0.66","0.66","456","0.66","0.66","456","0.68","0.68","456","0.59","0.59","456","0.74","0.74","456","0.61","0.61","456","0.71","0.71","456","0.64","0.64","456","0.66","0.66","456","0.8636363636363636","0.42857142857142855","456","0.8333333333333334","0.41353383458646614","456","0.8939393939393939","0.44360902255639095","456","0.8333333333333334","0.41353383458646614","456","0.8181818181818182","0.40601503759398494","456","0.9242424242424242","0.45864661654135336","456","0.8333333333333334","0.41353383458646614","456","0.9393939393939394","0.46616541353383456","456","0.7878787878787878","0.39097744360902253","456","0.8181818181818182","0.40601503759398494","456","0.92","0.30666666666666664","456","0.82","0.2733333333333333","456","1.1","0.36666666666666664","456","0.86","0.2866666666666667","456","0.8","0.26666666666666666","456","0.82","0.2733333333333333","456","0.68","0.22666666666666666","456","1.06","0.35333333333333333","456","0.84","0.28","456","0.84","0.28","456","1.1","0.275","456","0.9","0.225"
,"457","0.73","0.73","457","0.59","0.59","457","0.67","0.67","457","0.55","0.55","457","0.57","0.57","457","0.64","0.64","457","0.57","0.57","457","0.82","0.82","457","0.66","0.66","457","0.59","0.59","457","0.696969696969697","0.3458646616541353","457","0.8333333333333334","0.41353383458646614","457","0.7121212121212122","0.3533834586466165","457","0.8636363636363636","0.42857142857142855","457","0.7575757575757576","0.37593984962406013","457","0.8939393939393939","0.44360902255639095","457","0.696969696969697","0.3458646616541353","457","0.9242424242424242","0.45864661654135336","457","0.803030303030303","0.39849624060150374","457","0.8484848484848485","0.42105263157894735","457","1.06","0.35333333333333333","457","1.06","0.35333333333333333","457","1.08","0.36","457","1.14","0.38","457","0.84","0.28","457","0.92","0.30666666666666664","457","0.98","0.32666666666666666","457","1.08","0.36","457","0.94","0.31333333333333335","457","1.02","0.34","457","0.7","0.175","457","0.975","0.24375"
,"458","0.71","0.71","458","0.67","0.67","458","0.73","0.73","458","0.6","0.6","458","0.55","0.55","458","0.5","0.5","458","0.66","0.66","458","0.72","0.72","458","0.71","0.71","458","0.69","0.69","458","0.6212121212121212","0.3082706766917293","458","0.8787878787878788","0.43609022556390975","458","0.9090909090909091","0.45112781954887216","458","0.8333333333333334","0.41353383458646614","458","0.9393939393939394","0.46616541353383456","458","0.9242424242424242","0.45864661654135336","458","0.9393939393939394","0.46616541353383456","458","0.8636363636363636","0.42857142857142855","458","0.8636363636363636","0.42857142857142855","458","0.8484848484848485","0.42105263157894735","458","0.94","0.31333333333333335","458","1.04","0.3466666666666667","458","0.94","0.31333333333333335","458","0.8","0.26666666666666666","458","0.8","0.26666666666666666","458","0.84","0.28","458","0.96","0.32","458","0.96","0.32","458","0.88","0.29333333333333333","458","1.02","0.34","458","1.175","0.29375","458","1.05","0.2625"
,"459","0.59","0.59","459","0.56","0.56","459","0.62","0.62","459","0.5","0.5","459","0.55","0.55","459","0.6","0.6","459","0.67","0.67","459","0.8","0.8","459","0.61","0.61","459","0.57","0.57","459","0.6363636363636364","0.3157894736842105","459","0.7121212121212122","0.3533834586466165","459","0.8333333333333334","0.41353383458646614","459","0.8484848484848485","0.42105263157894735","459","0.8787878787878788","0.43609022556390975","459","0.9090909090909091","0.45112781954887216","459","0.8636363636363636","0.42857142857142855","459","0.8939393939393939","0.44360902255639095","459","0.8181818181818182","0.40601503759398494","459","0.7878787878787878","0.39097744360902253","459","0.86","0.2866666666666667","459","0.88","0.29333333333333333","459","0.84","0.28","459","0.94","0.31333333333333335","459","0.88","0.29333333333333333","459","0.9","0.3","459","0.9","0.3","459","1.12","0.37333333333333335","459","0.86","0.2866666666666667","459","0.94","0.31333333333333335","459","1.025","0.25625","459","1.2","0.3"
,"460","0.65","0.65","460","0.63","0.63","460","0.61","0.61","460","0.63","0.63","460","0.6","0.6","460","0.67","0.67","460","0.66","0.66","460","0.7","0.7","460","0.75","0.75","460","0.58","0.58","460","0.6515151515151515","0.3233082706766917","460","0.8333333333333334","0.41353383458646614","460","0.7121212121212122","0.3533834586466165","460","0.9848484848484849","0.48872180451127817","460","0.9545454545454546","0.47368421052631576","460","0.9393939393939394","0.46616541353383456","460","0.9242424242424242","0.45864661654135336","460","1.121212121212121","0.556390977443609","460","0.7575757575757576","0.37593984962406013","460","0.8939393939393939","0.44360902255639095","460","0.98","0.32666666666666666","460","0.88","0.29333333333333333","460","1.1","0.36666666666666664","460","0.98","0.32666666666666666","460","0.98","0.32666666666666666","460","1","0.3333333333333333","460","0.9","0.3","460","1.2","0.4","460","1.14","0.38","460","1.18","0.3933333333333333","460","1.125","0.28125","460","1.2","0.3"
,"461","0.57","0.57","461","0.55","0.55","461","0.51","0.51","461","0.58","0.58","461","0.7","0.7","461","0.71","0.71","461","0.67","0.67","461","0.69","0.69","461","0.72","0.72","461","0.54","0.54","461","0.9545454545454546","0.47368421052631576","461","0.9090909090909091","0.45112781954887216","461","0.6818181818181818","0.3383458646616541","461","0.9393939393939394","0.46616541353383456","461","0.7878787878787878","0.39097744360902253","461","0.8181818181818182","0.40601503759398494","461","0.9696969696969697","0.48120300751879697","461","1","0.49624060150375937","461","0.7727272727272727","0.38345864661654133","461","0.9242424242424242","0.45864661654135336","461","0.9","0.3","461","0.84","0.28","461","1.08","0.36","461","1.02","0.34","461","1.14","0.38","461","0.74","0.24666666666666667","461","0.96","0.32","461","0.9","0.3","461","0.94","0.31333333333333335","461","0.98","0.32666666666666666","461","1.1","0.275","461","1.1","0.275"
,"462","0.53","0.53","462","0.48","0.48","462","0.64","0.64","462","0.54","0.54","462","0.64","0.64","462","0.59","0.59","462","0.63","0.63","462","0.61","0.61","462","0.74","0.74","462","0.69","0.69","462","0.7878787878787878","0.39097744360902253","462","0.803030303030303","0.39849624060150374","462","0.7272727272727273","0.3609022556390977","462","0.9848484848484849","0.48872180451127817","462","0.8636363636363636","0.42857142857142855","462","0.9090909090909091","0.45112781954887216","462","0.7272727272727273","0.3609022556390977","462","0.8333333333333334","0.41353383458646614","462","0.7575757575757576","0.37593984962406013","462","0.7424242424242424","0.3684210526315789","462","0.82","0.2733333333333333","462","0.84","0.28","462","0.96","0.32","462","1.02","0.34","462","0.84","0.28","462","0.92","0.30666666666666664","462","0.86","0.2866666666666667","462","1.14","0.38","462","1.14","0.38","462","0.9","0.3","462","1.125","0.28125","462","1.275","0.31875"
,"463","0.68","0.68","463","0.53","0.53","463","0.66","0.66","463","0.61","0.61","463","0.68","0.68","463","0.54","0.54","463","0.62","0.62","463","0.62","0.62","463","0.55","0.55","463","0.66","0.66","463","0.8333333333333334","0.41353383458646614","463","0.8787878787878788","0.43609022556390975","463","0.5909090909090909","0.2932330827067669","463","0.8181818181818182","0.40601503759398494","463","0.8484848484848485","0.42105263157894735","463","0.8181818181818182","0.40601503759398494","463","0.9090909090909091","0.45112781954887216","463","0.9545454545454546","0.47368421052631576","463","0.7424242424242424","0.3684210526315789","463","0.9090909090909091","0.45112781954887216","463","0.8","0.26666666666666666","463","0.98","0.32666666666666666","463","0.92","0.30666666666666664","463","1.04","0.3466666666666667","463","0.98","0.32666666666666666","463","1.06","0.35333333333333333","463","1.08","0.36","463","0.98","0.32666666666666666","463","0.98","0.32666666666666666","463","1","0.3333333333333333","463","1.325","0.33125","463","0.95","0.2375"
,"464","0.74","0.74","464","0.58","0.58","464","0.65","0.65","464","0.58","0.58","464","0.65","0.65","464","0.58","0.58","464","0.64","0.64","464","0.86","0.86","464","0.68","0.68","464","0.61","0.61","464","0.8636363636363636","0.42857142857142855","464","0.7727272727272727","0.38345864661654133","464","0.8636363636363636","0.42857142857142855","464","0.9696969696969697","0.48120300751879697","464","0.8939393939393939","0.44360902255639095","464","0.9242424242424242","0.45864661654135336","464","0.9393939393939394","0.46616541353383456","464","0.9545454545454546","0.47368421052631576","464","0.8181818181818182","0.40601503759398494","464","0.8333333333333334","0.41353383458646614","464","1.08","0.36","464","0.9","0.3","464","0.84","0.28","464","1","0.3333333333333333","464","0.84","0.28","464","0.86","0.2866666666666667","464","0.92","0.30666666666666664","464","1","0.3333333333333333","464","0.94","0.31333333333333335","464","0.84","0.28","464","1.05","0.2625","464","0.975","0.24375"
,"465","0.62","0.62","465","0.46","0.46","465","0.73","0.73","465","0.69","0.69","465","0.75","0.75","465","0.54","0.54","465","0.76","0.76","465","0.75","0.75","465","0.68","0.68","465","0.57","0.57","465","0.9242424242424242","0.45864661654135336","465","0.7272727272727273","0.3609022556390977","465","0.803030303030303","0.39849624060150374","465","0.8787878787878788","0.43609022556390975","465","0.7878787878787878","0.39097744360902253","465","0.8484848484848485","0.42105263157894735","465","0.9090909090909091","0.45112781954887216","465","0.6818181818181818","0.3383458646616541","465","0.7727272727272727","0.38345864661654133","465","0.9848484848484849","0.48872180451127817","465","1.06","0.35333333333333333","465","0.92","0.30666666666666664","465","0.96","0.32","465","1.04","0.3466666666666667","465","0.88","0.29333333333333333","465","0.96","0.32","465","0.86","0.2866666666666667","465","0.7","0.23333333333333334","465","0.96","0.32","465","1","0.3333333333333333","465","1.275","0.31875","465","0.975","0.24375"
,"466","0.65","0.65","466","0.58","0.58","466","0.66","0.66","466","0.73","0.73","466","0.62","0.62","466","0.53","0.53","466","0.61","0.61","466","0.73","0.73","466","0.77","0.77","466","0.7","0.7","466","0.8636363636363636","0.42857142857142855","466","1.0151515151515151","0.5037593984962406","466","0.9242424242424242","0.45864661654135336","466","0.8333333333333334","0.41353383458646614","466","0.8636363636363636","0.42857142857142855","466","0.9545454545454546","0.47368421052631576","466","1.106060606060606","0.5488721804511278","466","0.9393939393939394","0.46616541353383456","466","0.7575757575757576","0.37593984962406013","466","0.803030303030303","0.39849624060150374","466","1.02","0.34","466","0.84","0.28","466","0.92","0.30666666666666664","466","1.1","0.36666666666666664","466","0.98","0.32666666666666666","466","1.28","0.4266666666666667","466","0.82","0.2733333333333333","466","0.96","0.32","466","0.74","0.24666666666666667","466","1.14","0.38","466","0.95","0.2375","466","1.3","0.325"
,"467","0.49","0.49","467","0.58","0.58","467","0.55","0.55","467","0.79","0.79","467","0.61","0.61","467","0.61","0.61","467","0.63","0.63","467","0.62","0.62","467","0.7","0.7","467","0.65","0.65","467","0.8484848484848485","0.42105263157894735","467","0.8636363636363636","0.42857142857142855","467","0.8787878787878788","0.43609022556390975","467","0.7575757575757576","0.37593984962406013","467","0.8181818181818182","0.40601503759398494","467","0.8484848484848485","0.42105263157894735","467","0.803030303030303","0.39849624060150374","467","0.8787878787878788","0.43609022556390975","467","0.8636363636363636","0.42857142857142855","467","0.8181818181818182","0.40601503759398494","467","0.96","0.32","467","1","0.3333333333333333","467","0.86","0.2866666666666667","467","1.04","0.3466666666666667","467","1.06","0.35333333333333333","467","1.04","0.3466666666666667","467","1","0.3333333333333333","467","0.7","0.23333333333333334","467","0.8","0.26666666666666666","467","1","0.3333333333333333","467","1.05","0.2625","467","1.2","0.3"
,"468","0.47","0.47","468","0.49","0.49","468","0.6","0.6","468","0.72","0.72","468","0.56","0.56","468","0.63","0.63","468","0.47","0.47","468","0.63","0.63","468","0.7","0.7","468","0.64","0.64","468","0.8787878787878788","0.43609022556390975","468","0.8333333333333334","0.41353383458646614","468","0.9696969696969697","0.48120300751879697","468","0.6212121212121212","0.3082706766917293","468","0.8181818181818182","0.40601503759398494","468","0.8484848484848485","0.42105263157894735","468","0.8787878787878788","0.43609022556390975","468","1.0303030303030303","0.5112781954887218","468","1.0151515151515151","0.5037593984962406","468","1.0606060606060606","0.5263157894736842","468","0.96","0.32","468","1.08","0.36","468","0.96","0.32","468","1.12","0.37333333333333335","468","1.04","0.3466666666666667","468","1.02","0.34","468","1","0.3333333333333333","468","0.8","0.26666666666666666","468","0.96","0.32","468","1","0.3333333333333333","468","0.875","0.21875","468","0.85","0.2125"
,"469","0.62","0.62","469","0.71","0.71","469","0.64","0.64","469","0.73","0.73","469","0.62","0.62","469","0.62","0.62","469","0.59","0.59","469","0.68","0.68","469","0.59","0.59","469","0.72","0.72","469","0.9090909090909091","0.45112781954887216","469","0.7727272727272727","0.38345864661654133","469","0.6666666666666666","0.3308270676691729","469","0.803030303030303","0.39849624060150374","469","0.7121212121212122","0.3533834586466165","469","0.9242424242424242","0.45864661654135336","469","0.7575757575757576","0.37593984962406013","469","0.9393939393939394","0.46616541353383456","469","0.7121212121212122","0.3533834586466165","469","0.9090909090909091","0.45112781954887216","469","1.04","0.3466666666666667","469","0.9","0.3","469","0.88","0.29333333333333333","469","0.92","0.30666666666666664","469","0.92","0.30666666666666664","469","1.04","0.3466666666666667","469","1.02","0.34","469","0.84","0.28","469","1.06","0.35333333333333333","469","0.9","0.3","469","1.125","0.28125","469","1.125","0.28125"
,"470","0.52","0.52","470","0.61","0.61","470","0.64","0.64","470","0.67","0.67","470","0.69","0.69","470","0.59","0.59","470","0.68","0.68","470","0.66","0.66","470","0.72","0.72","470","0.7","0.7","470","0.8333333333333334","0.41353383458646614","470","0.6818181818181818","0.3383458646616541","470","0.9242424242424242","0.45864661654135336","470","1.0606060606060606","0.5263157894736842","470","0.9696969696969697","0.48120300751879697","470","0.803030303030303","0.39849624060150374","470","0.6818181818181818","0.3383458646616541","470","0.8939393939393939","0.44360902255639095","470","0.6060606060606061","0.3007518796992481","470","0.8181818181818182","0.40601503759398494","470","0.92","0.30666666666666664","470","1","0.3333333333333333","470","0.92","0.30666666666666664","470","1.04","0.3466666666666667","470","1.1","0.36666666666666664","470","1.14","0.38","470","0.96","0.32","470","1.08","0.36","470","0.92","0.30666666666666664","470","0.96","0.32","470","1.125","0.28125","470","1.05","0.2625"
,"471","0.71","0.71","471","0.73","0.73","471","0.63","0.63","471","0.59","0.59","471","0.72","0.72","471","0.68","0.68","471","0.54","0.54","471","0.59","0.59","471","0.64","0.64","471","0.57","0.57","471","0.9393939393939394","0.46616541353383456","471","0.8939393939393939","0.44360902255639095","471","0.8939393939393939","0.44360902255639095","471","0.7878787878787878","0.39097744360902253","471","0.8636363636363636","0.42857142857142855","471","0.7727272727272727","0.38345864661654133","471","0.9242424242424242","0.45864661654135336","471","0.7575757575757576","0.37593984962406013","471","0.8787878787878788","0.43609022556390975","471","1.0757575757575757","0.5338345864661654","471","0.96","0.32","471","1.08","0.36","471","0.96","0.32","471","1.3","0.43333333333333335","471","1.02","0.34","471","1.24","0.41333333333333333","471","0.96","0.32","471","0.8","0.26666666666666666","471","1.1","0.36666666666666664","471","0.88","0.29333333333333333","471","1.1","0.275","471","1.15","0.2875"
,"472","0.66","0.66","472","0.73","0.73","472","0.59","0.59","472","0.67","0.67","472","0.72","0.72","472","0.63","0.63","472","0.71","0.71","472","0.64","0.64","472","0.58","0.58","472","0.64","0.64","472","0.9242424242424242","0.45864661654135336","472","0.7272727272727273","0.3609022556390977","472","0.9848484848484849","0.48872180451127817","472","0.7424242424242424","0.3684210526315789","472","0.8787878787878788","0.43609022556390975","472","0.9090909090909091","0.45112781954887216","472","0.8484848484848485","0.42105263157894735","472","0.8333333333333334","0.41353383458646614","472","0.7121212121212122","0.3533834586466165","472","0.8636363636363636","0.42857142857142855","472","0.84","0.28","472","0.92","0.30666666666666664","472","0.98","0.32666666666666666","472","1.14","0.38","472","0.92","0.30666666666666664","472","1.1","0.36666666666666664","472","0.82","0.2733333333333333","472","0.92","0.30666666666666664","472","1.06","0.35333333333333333","472","0.86","0.2866666666666667","472","1","0.25","472","1.075","0.26875"
,"473","0.6","0.6","473","0.62","0.62","473","0.75","0.75","473","0.82","0.82","473","0.76","0.76","473","0.65","0.65","473","0.63","0.63","473","0.63","0.63","473","0.57","0.57","473","0.68","0.68","473","0.8484848484848485","0.42105263157894735","473","0.7575757575757576","0.37593984962406013","473","0.8484848484848485","0.42105263157894735","473","0.803030303030303","0.39849624060150374","473","0.7878787878787878","0.39097744360902253","473","1.0454545454545454","0.518796992481203","473","0.7727272727272727","0.38345864661654133","473","0.7727272727272727","0.38345864661654133","473","0.6212121212121212","0.3082706766917293","473","1","0.49624060150375937","473","1.32","0.44","473","1.04","0.3466666666666667","473","0.96","0.32","473","0.92","0.30666666666666664","473","0.92","0.30666666666666664","473","1.18","0.3933333333333333","473","1.02","0.34","473","0.88","0.29333333333333333","473","1.02","0.34","473","0.8","0.26666666666666666","473","1.025","0.25625","473","1.125","0.28125"
,"474","0.72","0.72","474","0.58","0.58","474","0.72","0.72","474","0.73","0.73","474","0.76","0.76","474","0.69","0.69","474","0.65","0.65","474","0.67","0.67","474","0.61","0.61","474","0.58","0.58","474","0.9848484848484849","0.48872180451127817","474","0.9242424242424242","0.45864661654135336","474","1.0151515151515151","0.5037593984962406","474","0.9545454545454546","0.47368421052631576","474","0.8333333333333334","0.41353383458646614","474","0.7575757575757576","0.37593984962406013","474","0.7727272727272727","0.38345864661654133","474","0.8181818181818182","0.40601503759398494","474","0.7727272727272727","0.38345864661654133","474","0.9545454545454546","0.47368421052631576","474","1.12","0.37333333333333335","474","0.98","0.32666666666666666","474","1","0.3333333333333333","474","0.92","0.30666666666666664","474","1.1","0.36666666666666664","474","1.14","0.38","474","0.96","0.32","474","0.98","0.32666666666666666","474","1.08","0.36","474","0.94","0.31333333333333335","474","1","0.25","474","1","0.25"
,"475","0.65","0.65","475","0.57","0.57","475","0.61","0.61","475","0.69","0.69","475","0.59","0.59","475","0.56","0.56","475","0.6","0.6","475","0.65","0.65","475","0.72","0.72","475","0.65","0.65","475","0.9696969696969697","0.48120300751879697","475","1","0.49624060150375937","475","0.7878787878787878","0.39097744360902253","475","1.0757575757575757","0.5338345864661654","475","0.9090909090909091","0.45112781954887216","475","0.7575757575757576","0.37593984962406013","475","0.803030303030303","0.39849624060150374","475","0.7575757575757576","0.37593984962406013","475","0.8636363636363636","0.42857142857142855","475","0.7727272727272727","0.38345864661654133","475","1.14","0.38","475","0.88","0.29333333333333333","475","0.7","0.23333333333333334","475","0.96","0.32","475","1.02","0.34","475","1.16","0.38666666666666666","475","0.86","0.2866666666666667","475","0.96","0.32","475","1.06","0.35333333333333333","475","0.92","0.30666666666666664","475","0.925","0.23125","475","1.025","0.25625"
,"476","0.64","0.64","476","0.66","0.66","476","0.61","0.61","476","0.72","0.72","476","0.65","0.65","476","0.48","0.48","476","0.61","0.61","476","0.61","0.61","476","0.69","0.69","476","0.68","0.68","476","1.0151515151515151","0.5037593984962406","476","0.803030303030303","0.39849624060150374","476","0.9393939393939394","0.46616541353383456","476","0.9393939393939394","0.46616541353383456","476","0.8181818181818182","0.40601503759398494","476","0.7121212121212122","0.3533834586466165","476","0.8787878787878788","0.43609022556390975","476","0.7878787878787878","0.39097744360902253","476","1.0454545454545454","0.518796992481203","476","0.7575757575757576","0.37593984962406013","476","1.02","0.34","476","1.04","0.3466666666666667","476","1.02","0.34","476","1.12","0.37333333333333335","476","0.88","0.29333333333333333","476","0.98","0.32666666666666666","476","0.84","0.28","476","0.88","0.29333333333333333","476","1.16","0.38666666666666666","476","0.88","0.29333333333333333","476","0.875","0.21875","476","0.95","0.2375"
,"477","0.74","0.74","477","0.65","0.65","477","0.55","0.55","477","0.75","0.75","477","0.71","0.71","477","0.61","0.61","477","0.66","0.66","477","0.66","0.66","477","0.71","0.71","477","0.61","0.61","477","1.0303030303030303","0.5112781954887218","477","0.9242424242424242","0.45864661654135336","477","0.7878787878787878","0.39097744360902253","477","0.8636363636363636","0.42857142857142855","477","0.696969696969697","0.3458646616541353","477","1.0757575757575757","0.5338345864661654","477","0.7575757575757576","0.37593984962406013","477","0.8484848484848485","0.42105263157894735","477","0.9545454545454546","0.47368421052631576","477","0.8333333333333334","0.41353383458646614","477","1.1","0.36666666666666664","477","1.08","0.36","477","0.96","0.32","477","0.94","0.31333333333333335","477","1.08","0.36","477","0.98","0.32666666666666666","477","0.98","0.32666666666666666","477","1.04","0.3466666666666667","477","0.96","0.32","477","0.88","0.29333333333333333","477","0.975","0.24375","477","0.8","0.2"
,"478","0.64","0.64","478","0.51","0.51","478","0.64","0.64","478","0.63","0.63","478","0.67","0.67","478","0.6","0.6","478","0.61","0.61","478","0.72","0.72","478","0.67","0.67","478","0.65","0.65","478","0.9545454545454546","0.47368421052631576","478","0.7727272727272727","0.38345864661654133","478","0.7424242424242424","0.3684210526315789","478","0.9090909090909091","0.45112781954887216","478","0.7575757575757576","0.37593984962406013","478","0.7424242424242424","0.3684210526315789","478","0.7424242424242424","0.3684210526315789","478","0.9545454545454546","0.47368421052631576","478","0.9696969696969697","0.48120300751879697","478","0.9242424242424242","0.45864661654135336","478","1.16","0.38666666666666666","478","1.2","0.4","478","0.86","0.2866666666666667","478","1.02","0.34","478","1.06","0.35333333333333333","478","1.04","0.3466666666666667","478","0.94","0.31333333333333335","478","0.92","0.30666666666666664","478","1.06","0.35333333333333333","478","0.9","0.3","478","1.025","0.25625","478","1.125","0.28125"
,"479","0.57","0.57","479","0.61","0.61","479","0.66","0.66","479","0.68","0.68","479","0.6","0.6","479","0.6","0.6","479","0.58","0.58","479","0.67","0.67","479","0.78","0.78","479","0.63","0.63","479","0.8484848484848485","0.42105263157894735","479","0.9848484848484849","0.48872180451127817","479","0.7424242424242424","0.3684210526315789","479","0.8181818181818182","0.40601503759398494","479","0.6212121212121212","0.3082706766917293","479","0.7878787878787878","0.39097744360902253","479","1.0303030303030303","0.5112781954887218","479","0.7424242424242424","0.3684210526315789","479","0.8333333333333334","0.41353383458646614","479","0.7878787878787878","0.39097744360902253","479","1","0.3333333333333333","479","1.24","0.41333333333333333","479","0.94","0.31333333333333335","479","0.96","0.32","479","1.08","0.36","479","1","0.3333333333333333","479","0.94","0.31333333333333335","479","1.06","0.35333333333333333","479","0.72","0.24","479","0.66","0.22","479","1.05","0.2625","479","1.05","0.2625"
,"480","0.65","0.65","480","0.56","0.56","480","0.72","0.72","480","0.72","0.72","480","0.71","0.71","480","0.54","0.54","480","0.47","0.47","480","0.66","0.66","480","0.63","0.63","480","0.64","0.64","480","0.9696969696969697","0.48120300751879697","480","0.6666666666666666","0.3308270676691729","480","0.7121212121212122","0.3533834586466165","480","0.8636363636363636","0.42857142857142855","480","0.7727272727272727","0.38345864661654133","480","0.7424242424242424","0.3684210526315789","480","0.7424242424242424","0.3684210526315789","480","0.8484848484848485","0.42105263157894735","480","0.9848484848484849","0.48872180451127817","480","0.7121212121212122","0.3533834586466165","480","0.78","0.26","480","1.24","0.41333333333333333","480","1.1","0.36666666666666664","480","1.02","0.34","480","0.9","0.3","480","0.94","0.31333333333333335","480","0.98","0.32666666666666666","480","0.84","0.28","480","0.84","0.28","480","0.7","0.23333333333333334","480","1.05","0.2625","480","1.1","0.275"
,"481","0.67","0.67","481","0.65","0.65","481","0.68","0.68","481","0.72","0.72","481","0.75","0.75","481","0.53","0.53","481","0.54","0.54","481","0.65","0.65","481","0.68","0.68","481","0.71","0.71","481","0.8181818181818182","0.40601503759398494","481","0.8636363636363636","0.42857142857142855","481","0.8636363636363636","0.42857142857142855","481","0.9090909090909091","0.45112781954887216","481","0.9242424242424242","0.45864661654135336","481","0.8484848484848485","0.42105263157894735","481","0.8181818181818182","0.40601503759398494","481","0.9393939393939394","0.46616541353383456","481","0.9393939393939394","0.46616541353383456","481","0.8484848484848485","0.42105263157894735","481","1.18","0.3933333333333333","481","0.8","0.26666666666666666","481","1.06","0.35333333333333333","481","0.9","0.3","481","0.72","0.24","481","0.82","0.2733333333333333","481","1.04","0.3466666666666667","481","0.82","0.2733333333333333","481","0.98","0.32666666666666666","481","1.06","0.35333333333333333","481","0.925","0.23125","481","0.875","0.21875"
,"482","0.63","0.63","482","0.7","0.7","482","0.54","0.54","482","0.75","0.75","482","0.62","0.62","482","0.6","0.6","482","0.59","0.59","482","0.61","0.61","482","0.66","0.66","482","0.54","0.54","482","1.1666666666666667","0.5789473684210527","482","0.8787878787878788","0.43609022556390975","482","0.803030303030303","0.39849624060150374","482","0.8484848484848485","0.42105263157894735","482","0.8939393939393939","0.44360902255639095","482","0.7575757575757576","0.37593984962406013","482","0.8484848484848485","0.42105263157894735","482","0.8484848484848485","0.42105263157894735","482","0.8636363636363636","0.42857142857142855","482","0.8484848484848485","0.42105263157894735","482","1.02","0.34","482","0.88","0.29333333333333333","482","1","0.3333333333333333","482","1","0.3333333333333333","482","0.92","0.30666666666666664","482","1.06","0.35333333333333333","482","1","0.3333333333333333","482","0.8","0.26666666666666666","482","1.08","0.36","482","0.78","0.26","482","1.1","0.275","482","1.1","0.275"
,"483","0.61","0.61","483","0.56","0.56","483","0.59","0.59","483","0.56","0.56","483","0.65","0.65","483","0.54","0.54","483","0.51","0.51","483","0.54","0.54","483","0.61","0.61","483","0.62","0.62","483","0.9393939393939394","0.46616541353383456","483","0.8636363636363636","0.42857142857142855","483","0.7272727272727273","0.3609022556390977","483","0.8181818181818182","0.40601503759398494","483","1.0757575757575757","0.5338345864661654","483","0.7424242424242424","0.3684210526315789","483","0.8787878787878788","0.43609022556390975","483","0.8636363636363636","0.42857142857142855","483","0.9393939393939394","0.46616541353383456","483","1.1515151515151516","0.5714285714285714","483","0.84","0.28","483","1.06","0.35333333333333333","483","1","0.3333333333333333","483","1.02","0.34","483","1","0.3333333333333333","483","0.98","0.32666666666666666","483","0.88","0.29333333333333333","483","0.8","0.26666666666666666","483","0.84","0.28","483","0.92","0.30666666666666664","483","0.95","0.2375","483","0.825","0.20625"
,"484","0.6","0.6","484","0.61","0.61","484","0.59","0.59","484","0.66","0.66","484","0.64","0.64","484","0.53","0.53","484","0.71","0.71","484","0.68","0.68","484","0.73","0.73","484","0.6","0.6","484","0.8181818181818182","0.40601503759398494","484","0.803030303030303","0.39849624060150374","484","0.7575757575757576","0.37593984962406013","484","0.8939393939393939","0.44360902255639095","484","0.7878787878787878","0.39097744360902253","484","0.8484848484848485","0.42105263157894735","484","0.9393939393939394","0.46616541353383456","484","0.9545454545454546","0.47368421052631576","484","0.9393939393939394","0.46616541353383456","484","0.8787878787878788","0.43609022556390975","484","1","0.3333333333333333","484","0.96","0.32","484","1.02","0.34","484","1.02","0.34","484","0.82","0.2733333333333333","484","1.12","0.37333333333333335","484","0.88","0.29333333333333333","484","0.98","0.32666666666666666","484","1","0.3333333333333333","484","0.88","0.29333333333333333","484","1.025","0.25625","484","1.15","0.2875"
,"485","0.67","0.67","485","0.65","0.65","485","0.7","0.7","485","0.68","0.68","485","0.67","0.67","485","0.58","0.58","485","0.66","0.66","485","0.64","0.64","485","0.68","0.68","485","0.64","0.64","485","1.0151515151515151","0.5037593984962406","485","0.8636363636363636","0.42857142857142855","485","0.7878787878787878","0.39097744360902253","485","0.8484848484848485","0.42105263157894735","485","0.6363636363636364","0.3157894736842105","485","0.8333333333333334","0.41353383458646614","485","0.8787878787878788","0.43609022556390975","485","0.7575757575757576","0.37593984962406013","485","0.9545454545454546","0.47368421052631576","485","0.8787878787878788","0.43609022556390975","485","0.78","0.26","485","0.86","0.2866666666666667","485","1.02","0.34","485","1.08","0.36","485","0.88","0.29333333333333333","485","0.86","0.2866666666666667","485","0.98","0.32666666666666666","485","0.78","0.26","485","0.9","0.3","485","0.96","0.32","485","1.4","0.35","485","1.05","0.2625"
,"486","0.58","0.58","486","0.71","0.71","486","0.71","0.71","486","0.58","0.58","486","0.71","0.71","486","0.64","0.64","486","0.68","0.68","486","0.66","0.66","486","0.59","0.59","486","0.68","0.68","486","0.8333333333333334","0.41353383458646614","486","1","0.49624060150375937","486","1.0454545454545454","0.518796992481203","486","0.7575757575757576","0.37593984962406013","486","0.8484848484848485","0.42105263157894735","486","0.7727272727272727","0.38345864661654133","486","0.7727272727272727","0.38345864661654133","486","0.803030303030303","0.39849624060150374","486","0.9696969696969697","0.48120300751879697","486","0.9393939393939394","0.46616541353383456","486","0.96","0.32","486","0.88","0.29333333333333333","486","1","0.3333333333333333","486","1.1","0.36666666666666664","486","1.02","0.34","486","1.08","0.36","486","0.96","0.32","486","1.02","0.34","486","1.02","0.34","486","0.9","0.3","486","0.975","0.24375","486","1.325","0.33125"
,"487","0.72","0.72","487","0.72","0.72","487","0.65","0.65","487","0.72","0.72","487","0.63","0.63","487","0.64","0.64","487","0.48","0.48","487","0.58","0.58","487","0.66","0.66","487","0.69","0.69","487","0.8181818181818182","0.40601503759398494","487","0.6818181818181818","0.3383458646616541","487","0.9696969696969697","0.48120300751879697","487","0.8484848484848485","0.42105263157894735","487","0.8939393939393939","0.44360902255639095","487","0.803030303030303","0.39849624060150374","487","0.6818181818181818","0.3383458646616541","487","0.9090909090909091","0.45112781954887216","487","0.9393939393939394","0.46616541353383456","487","1.0303030303030303","0.5112781954887218","487","1.02","0.34","487","0.9","0.3","487","1.04","0.3466666666666667","487","1.22","0.4066666666666667","487","0.86","0.2866666666666667","487","1.12","0.37333333333333335","487","0.96","0.32","487","1.24","0.41333333333333333","487","1.06","0.35333333333333333","487","0.84","0.28","487","0.975","0.24375","487","1.05","0.2625"
,"488","0.71","0.71","488","0.69","0.69","488","0.63","0.63","488","0.71","0.71","488","0.67","0.67","488","0.69","0.69","488","0.66","0.66","488","0.72","0.72","488","0.64","0.64","488","0.61","0.61","488","0.8636363636363636","0.42857142857142855","488","0.5909090909090909","0.2932330827067669","488","0.8939393939393939","0.44360902255639095","488","0.7121212121212122","0.3533834586466165","488","0.8484848484848485","0.42105263157894735","488","0.8939393939393939","0.44360902255639095","488","0.9242424242424242","0.45864661654135336","488","0.8484848484848485","0.42105263157894735","488","0.9393939393939394","0.46616541353383456","488","0.9242424242424242","0.45864661654135336","488","1","0.3333333333333333","488","0.86","0.2866666666666667","488","1.12","0.37333333333333335","488","1.06","0.35333333333333333","488","1","0.3333333333333333","488","1.18","0.3933333333333333","488","0.9","0.3","488","1.14","0.38","488","1.06","0.35333333333333333","488","0.86","0.2866666666666667","488","0.75","0.1875","488","0.975","0.24375"
,"489","0.71","0.71","489","0.71","0.71","489","0.61","0.61","489","0.67","0.67","489","0.68","0.68","489","0.59","0.59","489","0.69","0.69","489","0.78","0.78","489","0.75","0.75","489","0.71","0.71","489","0.6666666666666666","0.3308270676691729","489","0.7121212121212122","0.3533834586466165","489","0.7878787878787878","0.39097744360902253","489","0.8636363636363636","0.42857142857142855","489","1","0.49624060150375937","489","1","0.49624060150375937","489","0.7272727272727273","0.3609022556390977","489","0.9090909090909091","0.45112781954887216","489","1.0606060606060606","0.5263157894736842","489","0.9090909090909091","0.45112781954887216","489","1.06","0.35333333333333333","489","0.94","0.31333333333333335","489","1.14","0.38","489","1.08","0.36","489","0.86","0.2866666666666667","489","1.02","0.34","489","1.1","0.36666666666666664","489","0.86","0.2866666666666667","489","1.08","0.36","489","0.92","0.30666666666666664","489","1.1","0.275","489","1.025","0.25625"
,"490","0.73","0.73","490","0.71","0.71","490","0.65","0.65","490","0.6","0.6","490","0.63","0.63","490","0.61","0.61","490","0.61","0.61","490","0.63","0.63","490","0.61","0.61","490","0.63","0.63","490","0.9242424242424242","0.45864661654135336","490","0.8181818181818182","0.40601503759398494","490","0.8939393939393939","0.44360902255639095","490","0.7121212121212122","0.3533834586466165","490","0.7575757575757576","0.37593984962406013","490","0.9242424242424242","0.45864661654135336","490","0.8333333333333334","0.41353383458646614","490","0.7878787878787878","0.39097744360902253","490","0.9696969696969697","0.48120300751879697","490","0.8333333333333334","0.41353383458646614","490","0.94","0.31333333333333335","490","0.9","0.3","490","1.2","0.4","490","1.02","0.34","490","1.06","0.35333333333333333","490","1","0.3333333333333333","490","0.92","0.30666666666666664","490","0.88","0.29333333333333333","490","0.9","0.3","490","0.98","0.32666666666666666","490","1.025","0.25625","490","0.85","0.2125"
,"491","0.7","0.7","491","0.74","0.74","491","0.64","0.64","491","0.62","0.62","491","0.71","0.71","491","0.5","0.5","491","0.6","0.6","491","0.59","0.59","491","0.66","0.66","491","0.74","0.74","491","1","0.49624060150375937","491","0.8333333333333334","0.41353383458646614","491","0.6818181818181818","0.3383458646616541","491","0.7878787878787878","0.39097744360902253","491","0.9393939393939394","0.46616541353383456","491","0.7878787878787878","0.39097744360902253","491","0.8181818181818182","0.40601503759398494","491","0.7575757575757576","0.37593984962406013","491","0.9242424242424242","0.45864661654135336","491","0.9848484848484849","0.48872180451127817","491","1.08","0.36","491","1.04","0.3466666666666667","491","1.04","0.3466666666666667","491","1.02","0.34","491","0.78","0.26","491","1.02","0.34","491","1.1","0.36666666666666664","491","0.98","0.32666666666666666","491","0.92","0.30666666666666664","491","0.88","0.29333333333333333","491","1.05","0.2625","491","0.925","0.23125"
,"492","0.7","0.7","492","0.8","0.8","492","0.61","0.61","492","0.57","0.57","492","0.68","0.68","492","0.64","0.64","492","0.68","0.68","492","0.79","0.79","492","0.68","0.68","492","0.54","0.54","492","1.0303030303030303","0.5112781954887218","492","0.8181818181818182","0.40601503759398494","492","0.8636363636363636","0.42857142857142855","492","0.5757575757575758","0.2857142857142857","492","0.9393939393939394","0.46616541353383456","492","0.9545454545454546","0.47368421052631576","492","0.8939393939393939","0.44360902255639095","492","0.803030303030303","0.39849624060150374","492","0.8939393939393939","0.44360902255639095","492","0.9848484848484849","0.48872180451127817","492","0.9","0.3","492","0.9","0.3","492","0.98","0.32666666666666666","492","0.98","0.32666666666666666","492","0.86","0.2866666666666667","492","1.06","0.35333333333333333","492","1.1","0.36666666666666664","492","0.96","0.32","492","1","0.3333333333333333","492","1.06","0.35333333333333333","492","0.8","0.2","492","0.925","0.23125"
,"493","0.74","0.74","493","0.8","0.8","493","0.67","0.67","493","0.49","0.49","493","0.58","0.58","493","0.62","0.62","493","0.59","0.59","493","0.57","0.57","493","0.82","0.82","493","0.61","0.61","493","0.8636363636363636","0.42857142857142855","493","0.8484848484848485","0.42105263157894735","493","0.8787878787878788","0.43609022556390975","493","0.7272727272727273","0.3609022556390977","493","0.7727272727272727","0.38345864661654133","493","1.0454545454545454","0.518796992481203","493","0.8484848484848485","0.42105263157894735","493","0.8181818181818182","0.40601503759398494","493","0.803030303030303","0.39849624060150374","493","1","0.49624060150375937","493","0.98","0.32666666666666666","493","1.04","0.3466666666666667","493","1.06","0.35333333333333333","493","0.92","0.30666666666666664","493","0.86","0.2866666666666667","493","0.96","0.32","493","0.7","0.23333333333333334","493","1.18","0.3933333333333333","493","1.06","0.35333333333333333","493","0.94","0.31333333333333335","493","0.875","0.21875","493","0.7","0.175"
,"494","0.73","0.73","494","0.68","0.68","494","0.66","0.66","494","0.6","0.6","494","0.69","0.69","494","0.7","0.7","494","0.59","0.59","494","0.56","0.56","494","0.58","0.58","494","0.61","0.61","494","1.0454545454545454","0.518796992481203","494","0.7878787878787878","0.39097744360902253","494","0.803030303030303","0.39849624060150374","494","1","0.49624060150375937","494","0.8484848484848485","0.42105263157894735","494","1.0151515151515151","0.5037593984962406","494","0.8636363636363636","0.42857142857142855","494","0.9090909090909091","0.45112781954887216","494","0.696969696969697","0.3458646616541353","494","0.9696969696969697","0.48120300751879697","494","1.18","0.3933333333333333","494","1","0.3333333333333333","494","0.9","0.3","494","0.8","0.26666666666666666","494","0.86","0.2866666666666667","494","0.94","0.31333333333333335","494","0.92","0.30666666666666664","494","0.98","0.32666666666666666","494","0.9","0.3","494","0.98","0.32666666666666666","494","1.05","0.2625","494","0.975","0.24375"
,"495","0.62","0.62","495","0.66","0.66","495","0.62","0.62","495","0.6","0.6","495","0.83","0.83","495","0.61","0.61","495","0.47","0.47","495","0.61","0.61","495","0.82","0.82","495","0.65","0.65","495","0.8484848484848485","0.42105263157894735","495","0.8333333333333334","0.41353383458646614","495","0.6666666666666666","0.3308270676691729","495","0.803030303030303","0.39849624060150374","495","0.8939393939393939","0.44360902255639095","495","1.0454545454545454","0.518796992481203","495","0.8939393939393939","0.44360902255639095","495","0.8636363636363636","0.42857142857142855","495","0.7878787878787878","0.39097744360902253","495","1.0909090909090908","0.5413533834586466","495","0.9","0.3","495","0.86","0.2866666666666667","495","0.86","0.2866666666666667","495","0.84","0.28","495","1","0.3333333333333333","495","1","0.3333333333333333","495","1.04","0.3466666666666667","495","0.78","0.26","495","0.86","0.2866666666666667","495","1.06","0.35333333333333333","495","0.8","0.2","495","0.825","0.20625"
,"496","0.67","0.67","496","0.68","0.68","496","0.58","0.58","496","0.56","0.56","496","0.78","0.78","496","0.66","0.66","496","0.6","0.6","496","0.61","0.61","496","0.78","0.78","496","0.64","0.64","496","0.8484848484848485","0.42105263157894735","496","0.803030303030303","0.39849624060150374","496","0.6060606060606061","0.3007518796992481","496","0.7575757575757576","0.37593984962406013","496","0.6818181818181818","0.3383458646616541","496","0.9242424242424242","0.45864661654135336","496","0.7272727272727273","0.3609022556390977","496","0.803030303030303","0.39849624060150374","496","0.8181818181818182","0.40601503759398494","496","0.9090909090909091","0.45112781954887216","496","1.06","0.35333333333333333","496","0.84","0.28","496","0.96","0.32","496","0.8","0.26666666666666666","496","0.98","0.32666666666666666","496","0.8","0.26666666666666666","496","0.86","0.2866666666666667","496","1.02","0.34","496","0.74","0.24666666666666667","496","1.06","0.35333333333333333","496","1.125","0.28125","496","1.175","0.29375"
,"497","0.75","0.75","497","0.63","0.63","497","0.63","0.63","497","0.67","0.67","497","0.71","0.71","497","0.65","0.65","497","0.54","0.54","497","0.65","0.65","497","0.79","0.79","497","0.69","0.69","497","0.8181818181818182","0.40601503759398494","497","0.6666666666666666","0.3308270676691729","497","0.8181818181818182","0.40601503759398494","497","0.8939393939393939","0.44360902255639095","497","0.7272727272727273","0.3609022556390977","497","0.9393939393939394","0.46616541353383456","497","0.803030303030303","0.39849624060150374","497","0.9848484848484849","0.48872180451127817","497","0.8484848484848485","0.42105263157894735","497","1.0303030303030303","0.5112781954887218","497","1.02","0.34","497","0.98","0.32666666666666666","497","1","0.3333333333333333","497","0.84","0.28","497","1.08","0.36","497","1.08","0.36","497","1.04","0.3466666666666667","497","0.78","0.26","497","0.88","0.29333333333333333","497","1.08","0.36","497","0.775","0.19375","497","1.1","0.275"
,"498","0.78","0.78","498","0.76","0.76","498","0.58","0.58","498","0.68","0.68","498","0.71","0.71","498","0.61","0.61","498","0.69","0.69","498","0.62","0.62","498","0.71","0.71","498","0.58","0.58","498","0.7575757575757576","0.37593984962406013","498","0.8181818181818182","0.40601503759398494","498","0.7121212121212122","0.3533834586466165","498","0.8181818181818182","0.40601503759398494","498","0.9545454545454546","0.47368421052631576","498","0.8787878787878788","0.43609022556390975","498","0.7575757575757576","0.37593984962406013","498","1.0303030303030303","0.5112781954887218","498","0.7575757575757576","0.37593984962406013","498","0.9545454545454546","0.47368421052631576","498","1.06","0.35333333333333333","498","0.96","0.32","498","0.86","0.2866666666666667","498","1.04","0.3466666666666667","498","0.96","0.32","498","0.96","0.32","498","1.12","0.37333333333333335","498","1.02","0.34","498","0.86","0.2866666666666667","498","1.04","0.3466666666666667","498","1.025","0.25625","498","1.15","0.2875"
,"499","0.59","0.59","499","0.56","0.56","499","0.65","0.65","499","0.7","0.7","499","0.74","0.74","499","0.59","0.59","499","0.59","0.59","499","0.67","0.67","499","0.68","0.68","499","0.65","0.65","499","0.8636363636363636","0.42857142857142855","499","0.7272727272727273","0.3609022556390977","499","0.9393939393939394","0.46616541353383456","499","0.8636363636363636","0.42857142857142855","499","0.6818181818181818","0.3383458646616541","499","0.8484848484848485","0.42105263157894735","499","0.9090909090909091","0.45112781954887216","499","0.8181818181818182","0.40601503759398494","499","0.8181818181818182","0.40601503759398494","499","1.0757575757575757","0.5338345864661654","499","1","0.3333333333333333","499","0.94","0.31333333333333335","499","0.84","0.28","499","1.04","0.3466666666666667","499","1.16","0.38666666666666666","499","1.04","0.3466666666666667","499","0.88","0.29333333333333333","499","1.08","0.36","499","1.08","0.36","499","1.02","0.34","499","1.1","0.275","499","1","0.25"
,"500","0.62","0.62","500","0.61","0.61","500","0.62","0.62","500","0.6","0.6","500","0.77","0.77","500","0.53","0.53","500","0.55","0.55","500","0.65","0.65","500","0.61","0.61","500","0.59","0.59","500","0.9090909090909091","0.45112781954887216","500","0.7575757575757576","0.37593984962406013","500","0.696969696969697","0.3458646616541353","500","1","0.49624060150375937","500","0.6363636363636364","0.3157894736842105","500","0.8939393939393939","0.44360902255639095","500","0.8787878787878788","0.43609022556390975","500","1","0.49624060150375937","500","0.8181818181818182","0.40601503759398494","500","0.8787878787878788","0.43609022556390975","500","1.08","0.36","500","0.96","0.32","500","0.96","0.32","500","0.94","0.31333333333333335","500","1.2","0.4","500","1.16","0.38666666666666666","500","0.9","0.3","500","1.04","0.3466666666666667","500","0.92","0.30666666666666664","500","1.06","0.35333333333333333","500","1.075","0.26875","500","0.975","0.24375"
