"BehaviorSpace results (NetLogo 6.4.0)","Table version 2.0"
"NS_Model - CAR T Cells (2).nlogo"
"t-c-ratio_interactions"
"01/13/2026 05:33:04:614 -0500"
"min-pxcor","max-pxcor","min-pycor","max-pycor"
"-16","16","-16","16"
"[run number]","total-cells","t-ratio","c-ratio","[step]","mean [interaction-count-cs] of ts","mean [interaction-count-ts] of cs"
"4","200","1","1","0","0","0"
"3","200","1","1","0","0","0"
"5","200","1","1","0","0","0"
"2","200","1","1","0","0","0"
"6","200","1","1","0","0","0"
"2","200","1","1","1","0.64","0.64"
"5","200","1","1","1","0.68","0.68"
"3","200","1","1","1","0.5","0.5"
"4","200","1","1","1","0.81","0.81"
"2","200","1","1","2","0.63","0.63"
"3","200","1","1","2","0.58","0.58"
"6","200","1","1","1","0.61","0.61"
"5","200","1","1","2","0.63","0.63"
"4","200","1","1","2","0.72","0.72"
"2","200","1","1","3","0.58","0.58"
"3","200","1","1","3","0.56","0.56"
"5","200","1","1","3","0.59","0.59"
"6","200","1","1","2","0.58","0.58"
"4","200","1","1","3","0.65","0.65"
"2","200","1","1","4","0.68","0.68"
"5","200","1","1","4","0.58","0.58"
"3","200","1","1","4","0.68","0.68"
"4","200","1","1","4","0.67","0.67"
"2","200","1","1","5","0.64","0.64"
"4","200","1","1","5","0.57","0.57"
"5","200","1","1","5","0.52","0.52"
"1","200","1","1","0","0","0"
"2","200","1","1","6","0.56","0.56"
"5","200","1","1","6","0.56","0.56"
"4","200","1","1","6","0.59","0.59"
"6","200","1","1","3","0.62","0.62"
"1","200","1","1","1","0.75","0.75"
"3","200","1","1","5","0.63","0.63"
"6","200","1","1","4","0.57","0.57"
"1","200","1","1","2","0.76","0.76"
"6","200","1","1","5","0.67","0.67"
"3","200","1","1","6","0.71","0.71"
"6","200","1","1","6","0.71","0.71"
"3","200","1","1","7","0.66","0.66"
"6","200","1","1","7","0.6","0.6"
"1","200","1","1","3","0.75","0.75"
"3","200","1","1","8","0.48","0.48"
"4","200","1","1","7","0.59","0.59"
"6","200","1","1","8","0.66","0.66"
"3","200","1","1","9","0.61","0.61"
"5","200","1","1","7","0.69","0.69"
"4","200","1","1","8","0.59","0.59"
"2","200","1","1","7","0.57","0.57"
"3","200","1","1","10","0.64","0.64"
"6","200","1","1","9","0.74","0.74"
"4","200","1","1","9","0.69","0.69"
"3","200","1","1","11","0.61","0.61"
"2","200","1","1","8","0.69","0.69"
"1","200","1","1","4","0.69","0.69"
"6","200","1","1","10","0.66","0.66"
"5","200","1","1","8","0.6","0.6"
"1","200","1","1","5","0.63","0.63"
"4","200","1","1","10","0.7","0.7"
"2","200","1","1","9","0.7","0.7"
"5","200","1","1","9","0.6","0.6"
"4","200","1","1","11","0.75","0.75"
"1","200","1","1","6","0.67","0.67"
"2","200","1","1","10","0.61","0.61"
"5","200","1","1","10","0.73","0.73"
"3","200","1","1","12","0.62","0.62"
"4","200","1","1","12","0.68","0.68"
"1","200","1","1","7","0.66","0.66"
"2","200","1","1","11","0.62","0.62"
"5","200","1","1","11","0.62","0.62"
"3","200","1","1","13","0.57","0.57"
"6","200","1","1","11","0.56","0.56"
"3","200","1","1","14","0.51","0.51"
"4","200","1","1","13","0.7","0.7"
"3","200","1","1","15","0.55","0.55"
"6","200","1","1","12","0.68","0.68"
"2","200","1","1","12","0.61","0.61"
"5","200","1","1","12","0.6","0.6"
"1","200","1","1","8","0.75","0.75"
"3","200","1","1","16","0.65","0.65"
"6","200","1","1","13","0.7","0.7"
"4","200","1","1","14","0.55","0.55"
"2","200","1","1","13","0.62","0.62"
"5","200","1","1","13","0.81","0.81"
"3","200","1","1","17","0.61","0.61"
"6","200","1","1","14","0.68","0.68"
"1","200","1","1","9","0.7","0.7"
"4","200","1","1","15","0.71","0.71"
"2","200","1","1","14","0.52","0.52"
"5","200","1","1","14","0.66","0.66"
"4","200","1","1","16","0.65","0.65"
"1","200","1","1","10","0.65","0.65"
"2","200","1","1","15","0.71","0.71"
"5","200","1","1","15","0.7","0.7"
"4","200","1","1","17","0.69","0.69"
"1","200","1","1","11","0.64","0.64"
"3","200","1","1","18","0.59","0.59"
"6","200","1","1","15","0.65","0.65"
"2","200","1","1","16","0.7","0.7"
"4","200","1","1","18","0.6","0.6"
"5","200","1","1","16","0.6","0.6"
"1","200","1","1","12","0.6","0.6"
"5","200","1","1","17","0.73","0.73"
"4","200","1","1","19","0.57","0.57"
"2","200","1","1","17","0.73","0.73"
"3","200","1","1","19","0.63","0.63"
"6","200","1","1","16","0.62","0.62"
"3","200","1","1","20","0.55","0.55"
"5","200","1","1","18","0.74","0.74"
"1","200","1","1","13","0.67","0.67"
"6","200","1","1","17","0.63","0.63"
"3","200","1","1","21","0.6","0.6"
"4","200","1","1","20","0.61","0.61"
"2","200","1","1","18","0.53","0.53"
"3","200","1","1","22","0.69","0.69"
"6","200","1","1","18","0.63","0.63"
"5","200","1","1","19","0.73","0.73"
"3","200","1","1","23","0.59","0.59"
"1","200","1","1","14","0.78","0.78"
"6","200","1","1","19","0.64","0.64"
"4","200","1","1","21","0.59","0.59"
"3","200","1","1","24","0.62","0.62"
"2","200","1","1","19","0.72","0.72"
"6","200","1","1","20","0.54","0.54"
"3","200","1","1","25","0.64","0.64"
"1","200","1","1","15","0.64","0.64"
"5","200","1","1","20","0.52","0.52"
"3","200","1","1","26","0.65","0.65"
"6","200","1","1","21","0.71","0.71"
"4","200","1","1","22","0.73","0.73"
"2","200","1","1","20","0.59","0.59"
"5","200","1","1","21","0.75","0.75"
"1","200","1","1","16","0.77","0.77"
"4","200","1","1","23","0.77","0.77"
"2","200","1","1","21","0.57","0.57"
"5","200","1","1","22","0.58","0.58"
"6","200","1","1","22","0.71","0.71"
"1","200","1","1","17","0.76","0.76"
"4","200","1","1","24","0.52","0.52"
"3","200","1","1","27","0.74","0.74"
"2","200","1","1","22","0.59","0.59"
"5","200","1","1","23","0.72","0.72"
"1","200","1","1","18","0.73","0.73"
"4","200","1","1","25","0.62","0.62"
"2","200","1","1","23","0.52","0.52"
"5","200","1","1","24","0.6","0.6"
"4","200","1","1","26","0.65","0.65"
"1","200","1","1","19","0.68","0.68"
"5","200","1","1","25","0.59","0.59"
"2","200","1","1","24","0.64","0.64"
"6","200","1","1","23","0.74","0.74"
"4","200","1","1","27","0.61","0.61"
"1","200","1","1","20","0.77","0.77"
"5","200","1","1","26","0.6","0.6"
"2","200","1","1","25","0.61","0.61"
"6","200","1","1","24","0.62","0.62"
"4","200","1","1","28","0.59","0.59"
"5","200","1","1","27","0.63","0.63"
"2","200","1","1","26","0.58","0.58"
"3","200","1","1","28","0.47","0.47"
"1","200","1","1","21","0.71","0.71"
"6","200","1","1","25","0.62","0.62"
"3","200","1","1","29","0.54","0.54"
"2","200","1","1","27","0.64","0.64"
"4","200","1","1","29","0.6","0.6"
"5","200","1","1","28","0.65","0.65"
"3","200","1","1","30","0.62","0.62"
"6","200","1","1","26","0.58","0.58"
"1","200","1","1","22","0.58","0.58"
"3","200","1","1","31","0.59","0.59"
"5","200","1","1","29","0.62","0.62"
"2","200","1","1","28","0.59","0.59"
"4","200","1","1","30","0.67","0.67"
"6","200","1","1","27","0.59","0.59"
"3","200","1","1","32","0.6","0.6"
"1","200","1","1","23","0.66","0.66"
"6","200","1","1","28","0.53","0.53"
"5","200","1","1","30","0.57","0.57"
"2","200","1","1","29","0.52","0.52"
"4","200","1","1","31","0.67","0.67"
"3","200","1","1","33","0.69","0.69"
"6","200","1","1","29","0.59","0.59"
"1","200","1","1","24","0.56","0.56"
"2","200","1","1","30","0.64","0.64"
"3","200","1","1","34","0.57","0.57"
"5","200","1","1","31","0.67","0.67"
"4","200","1","1","32","0.66","0.66"
"6","200","1","1","30","0.61","0.61"
"3","200","1","1","35","0.51","0.51"
"2","200","1","1","31","0.53","0.53"
"4","200","1","1","33","0.58","0.58"
"1","200","1","1","25","0.5","0.5"
"5","200","1","1","32","0.58","0.58"
"6","200","1","1","31","0.63","0.63"
"3","200","1","1","36","0.61","0.61"
"5","200","1","1","33","0.76","0.76"
"4","200","1","1","34","0.58","0.58"
"2","200","1","1","32","0.73","0.73"
"6","200","1","1","32","0.62","0.62"
"3","200","1","1","37","0.65","0.65"
"1","200","1","1","26","0.67","0.67"
"5","200","1","1","34","0.63","0.63"
"2","200","1","1","33","0.68","0.68"
"6","200","1","1","33","0.57","0.57"
"3","200","1","1","38","0.7","0.7"
"4","200","1","1","35","0.62","0.62"
"5","200","1","1","35","0.62","0.62"
"1","200","1","1","27","0.66","0.66"
"6","200","1","1","34","0.59","0.59"
"2","200","1","1","34","0.6","0.6"
"4","200","1","1","36","0.73","0.73"
"3","200","1","1","39","0.7","0.7"
"5","200","1","1","36","0.61","0.61"
"6","200","1","1","35","0.52","0.52"
"1","200","1","1","28","0.68","0.68"
"4","200","1","1","37","0.61","0.61"
"2","200","1","1","35","0.6","0.6"
"3","200","1","1","40","0.76","0.76"
"5","200","1","1","37","0.63","0.63"
"6","200","1","1","36","0.63","0.63"
"4","200","1","1","38","0.61","0.61"
"1","200","1","1","29","0.65","0.65"
"2","200","1","1","36","0.59","0.59"
"3","200","1","1","41","0.69","0.69"
"5","200","1","1","38","0.67","0.67"
"4","200","1","1","39","0.66","0.66"
"6","200","1","1","37","0.71","0.71"
"5","200","1","1","39","0.7","0.7"
"3","200","1","1","42","0.66","0.66"
"2","200","1","1","37","0.65","0.65"
"1","200","1","1","30","0.75","0.75"
"4","200","1","1","40","0.64","0.64"
"2","200","1","1","38","0.59","0.59"
"5","200","1","1","40","0.52","0.52"
"6","200","1","1","38","0.76","0.76"
"3","200","1","1","43","0.65","0.65"
"4","200","1","1","41","0.65","0.65"
"1","200","1","1","31","0.64","0.64"
"2","200","1","1","39","0.63","0.63"
"6","200","1","1","39","0.72","0.72"
"4","200","1","1","42","0.61","0.61"
"5","200","1","1","41","0.57","0.57"
"3","200","1","1","44","0.59","0.59"
"1","200","1","1","32","0.6","0.6"
"6","200","1","1","40","0.71","0.71"
"4","200","1","1","43","0.58","0.58"
"5","200","1","1","42","0.61","0.61"
"2","200","1","1","40","0.6","0.6"
"1","200","1","1","33","0.63","0.63"
"3","200","1","1","45","0.81","0.81"
"6","200","1","1","41","0.59","0.59"
"4","200","1","1","44","0.62","0.62"
"5","200","1","1","43","0.64","0.64"
"1","200","1","1","34","0.65","0.65"
"2","200","1","1","41","0.67","0.67"
"3","200","1","1","46","0.67","0.67"
"4","200","1","1","45","0.68","0.68"
"5","200","1","1","44","0.55","0.55"
"6","200","1","1","42","0.67","0.67"
"2","200","1","1","42","0.55","0.55"
"3","200","1","1","47","0.61","0.61"
"1","200","1","1","35","0.65","0.65"
"4","200","1","1","46","0.58","0.58"
"5","200","1","1","45","0.56","0.56"
"6","200","1","1","43","0.6","0.6"
"2","200","1","1","43","0.62","0.62"
"3","200","1","1","48","0.7","0.7"
"4","200","1","1","47","0.5","0.5"
"1","200","1","1","36","0.64","0.64"
"4","200","1","1","48","0.7","0.7"
"5","200","1","1","46","0.52","0.52"
"6","200","1","1","44","0.68","0.68"
"2","200","1","1","44","0.71","0.71"
"3","200","1","1","49","0.66","0.66"
"2","200","1","1","45","0.8","0.8"
"6","200","1","1","45","0.51","0.51"
"5","200","1","1","47","0.54","0.54"
"4","200","1","1","49","0.56","0.56"
"3","200","1","1","50","0.66","0.66"
"1","200","1","1","37","0.59","0.59"
"5","200","1","1","48","0.62","0.62"
"2","200","1","1","46","0.87","0.87"
"6","200","1","1","46","0.69","0.69"
"4","200","1","1","50","0.49","0.49"
"3","200","1","1","51","0.63","0.63"
"5","200","1","1","49","0.65","0.65"
"1","200","1","1","38","0.5","0.5"
"2","200","1","1","47","0.65","0.65"
"4","200","1","1","51","0.64","0.64"
"5","200","1","1","50","0.76","0.76"
"6","200","1","1","47","0.62","0.62"
"3","200","1","1","52","0.75","0.75"
"1","200","1","1","39","0.64","0.64"
"2","200","1","1","48","0.77","0.77"
"4","200","1","1","52","0.61","0.61"
"5","200","1","1","51","0.82","0.82"
"6","200","1","1","48","0.73","0.73"
"3","200","1","1","53","0.6","0.6"
"2","200","1","1","49","0.59","0.59"
"1","200","1","1","40","0.58","0.58"
"4","200","1","1","53","0.61","0.61"
"5","200","1","1","52","0.6","0.6"
"6","200","1","1","49","0.66","0.66"
"3","200","1","1","54","0.64","0.64"
"2","200","1","1","50","0.61","0.61"
"1","200","1","1","41","0.57","0.57"
"6","200","1","1","50","0.46","0.46"
"5","200","1","1","53","0.63","0.63"
"4","200","1","1","54","0.66","0.66"
"3","200","1","1","55","0.68","0.68"
"2","200","1","1","51","0.59","0.59"
"6","200","1","1","51","0.59","0.59"
"5","200","1","1","54","0.67","0.67"
"1","200","1","1","42","0.56","0.56"
"4","200","1","1","55","0.64","0.64"
"3","200","1","1","56","0.54","0.54"
"1","200","1","1","43","0.69","0.69"
"4","200","1","1","56","0.55","0.55"
"2","200","1","1","52","0.68","0.68"
"6","200","1","1","52","0.58","0.58"
"5","200","1","1","55","0.65","0.65"
"3","200","1","1","57","0.73","0.73"
"4","200","1","1","57","0.59","0.59"
"1","200","1","1","44","0.58","0.58"
"6","200","1","1","53","0.58","0.58"
"2","200","1","1","53","0.78","0.78"
"5","200","1","1","56","0.66","0.66"
"3","200","1","1","58","0.78","0.78"
"4","200","1","1","58","0.61","0.61"
"2","200","1","1","54","0.78","0.78"
"6","200","1","1","54","0.56","0.56"
"5","200","1","1","57","0.73","0.73"
"1","200","1","1","45","0.66","0.66"
"4","200","1","1","59","0.56","0.56"
"2","200","1","1","55","0.67","0.67"
"3","200","1","1","59","0.72","0.72"
"6","200","1","1","55","0.53","0.53"
"5","200","1","1","58","0.75","0.75"
"1","200","1","1","46","0.65","0.65"
"3","200","1","1","60","0.57","0.57"
"4","200","1","1","60","0.64","0.64"
"2","200","1","1","56","0.65","0.65"
"6","200","1","1","56","0.59","0.59"
"4","200","1","1","61","0.67","0.67"
"5","200","1","1","59","0.6","0.6"
"2","200","1","1","57","0.7","0.7"
"1","200","1","1","47","0.65","0.65"
"3","200","1","1","61","0.62","0.62"
"6","200","1","1","57","0.53","0.53"
"3","200","1","1","62","0.64","0.64"
"4","200","1","1","62","0.61","0.61"
"5","200","1","1","60","0.52","0.52"
"2","200","1","1","58","0.73","0.73"
"1","200","1","1","48","0.63","0.63"
"6","200","1","1","58","0.53","0.53"
"5","200","1","1","61","0.58","0.58"
"2","200","1","1","59","0.61","0.61"
"3","200","1","1","63","0.71","0.71"
"4","200","1","1","63","0.62","0.62"
"6","200","1","1","59","0.66","0.66"
"1","200","1","1","49","0.83","0.83"
"5","200","1","1","62","0.58","0.58"
"2","200","1","1","60","0.66","0.66"
"3","200","1","1","64","0.62","0.62"
"4","200","1","1","64","0.67","0.67"
"6","200","1","1","60","0.61","0.61"
"1","200","1","1","50","0.67","0.67"
"5","200","1","1","63","0.52","0.52"
"2","200","1","1","61","0.79","0.79"
"4","200","1","1","65","0.72","0.72"
"6","200","1","1","61","0.62","0.62"
"3","200","1","1","65","0.66","0.66"
"5","200","1","1","64","0.54","0.54"
"1","200","1","1","51","0.8","0.8"
"2","200","1","1","62","0.81","0.81"
"4","200","1","1","66","0.63","0.63"
"5","200","1","1","65","0.68","0.68"
"6","200","1","1","62","0.5","0.5"
"3","200","1","1","66","0.74","0.74"
"4","200","1","1","67","0.68","0.68"
"1","200","1","1","52","0.81","0.81"
"5","200","1","1","66","0.62","0.62"
"2","200","1","1","63","0.59","0.59"
"5","200","1","1","67","0.72","0.72"
"3","200","1","1","67","0.67","0.67"
"6","200","1","1","63","0.55","0.55"
"4","200","1","1","68","0.57","0.57"
"3","200","1","1","68","0.62","0.62"
"6","200","1","1","64","0.57","0.57"
"2","200","1","1","64","0.63","0.63"
"5","200","1","1","68","0.72","0.72"
"3","200","1","1","69","0.56","0.56"
"4","200","1","1","69","0.51","0.51"
"6","200","1","1","65","0.65","0.65"
"1","200","1","1","53","0.78","0.78"
"2","200","1","1","65","0.51","0.51"
"5","200","1","1","69","0.56","0.56"
"3","200","1","1","70","0.59","0.59"
"4","200","1","1","70","0.62","0.62"
"1","200","1","1","54","0.66","0.66"
"6","200","1","1","66","0.55","0.55"
"2","200","1","1","66","0.74","0.74"
"5","200","1","1","70","0.77","0.77"
"3","200","1","1","71","0.58","0.58"
"4","200","1","1","71","0.67","0.67"
"1","200","1","1","55","0.61","0.61"
"6","200","1","1","67","0.63","0.63"
"5","200","1","1","71","0.64","0.64"
"2","200","1","1","67","0.56","0.56"
"4","200","1","1","72","0.65","0.65"
"1","200","1","1","56","0.69","0.69"
"3","200","1","1","72","0.62","0.62"
"6","200","1","1","68","0.68","0.68"
"2","200","1","1","68","0.64","0.64"
"5","200","1","1","72","0.71","0.71"
"4","200","1","1","73","0.59","0.59"
"1","200","1","1","57","0.59","0.59"
"3","200","1","1","73","0.61","0.61"
"6","200","1","1","69","0.63","0.63"
"2","200","1","1","69","0.61","0.61"
"5","200","1","1","73","0.61","0.61"
"4","200","1","1","74","0.62","0.62"
"6","200","1","1","70","0.61","0.61"
"2","200","1","1","70","0.66","0.66"
"3","200","1","1","74","0.51","0.51"
"5","200","1","1","74","0.62","0.62"
"1","200","1","1","58","0.61","0.61"
"4","200","1","1","75","0.65","0.65"
"6","200","1","1","71","0.77","0.77"
"2","200","1","1","71","0.59","0.59"
"5","200","1","1","75","0.62","0.62"
"3","200","1","1","75","0.55","0.55"
"4","200","1","1","76","0.63","0.63"
"2","200","1","1","72","0.6","0.6"
"1","200","1","1","59","0.6","0.6"
"6","200","1","1","72","0.59","0.59"
"5","200","1","1","76","0.65","0.65"
"2","200","1","1","73","0.73","0.73"
"4","200","1","1","77","0.61","0.61"
"3","200","1","1","76","0.6","0.6"
"6","200","1","1","73","0.59","0.59"
"2","200","1","1","74","0.7","0.7"
"1","200","1","1","60","0.63","0.63"
"5","200","1","1","77","0.71","0.71"
"4","200","1","1","78","0.69","0.69"
"3","200","1","1","77","0.63","0.63"
"6","200","1","1","74","0.62","0.62"
"5","200","1","1","78","0.66","0.66"
"1","200","1","1","61","0.77","0.77"
"2","200","1","1","75","0.62","0.62"
"4","200","1","1","79","0.65","0.65"
"3","200","1","1","78","0.63","0.63"
"5","200","1","1","79","0.75","0.75"
"6","200","1","1","75","0.77","0.77"
"2","200","1","1","76","0.71","0.71"
"1","200","1","1","62","0.71","0.71"
"4","200","1","1","80","0.71","0.71"
"3","200","1","1","79","0.56","0.56"
"5","200","1","1","80","0.82","0.82"
"4","200","1","1","81","0.62","0.62"
"2","200","1","1","77","0.77","0.77"
"1","200","1","1","63","0.62","0.62"
"5","200","1","1","81","0.64","0.64"
"3","200","1","1","80","0.62","0.62"
"4","200","1","1","82","0.64","0.64"
"6","200","1","1","76","0.68","0.68"
"5","200","1","1","82","0.82","0.82"
"1","200","1","1","64","0.68","0.68"
"2","200","1","1","78","0.7","0.7"
"4","200","1","1","83","0.56","0.56"
"3","200","1","1","81","0.57","0.57"
"3","200","1","1","82","0.55","0.55"
"1","200","1","1","65","0.62","0.62"
"5","200","1","1","83","0.73","0.73"
"6","200","1","1","77","0.61","0.61"
"4","200","1","1","84","0.63","0.63"
"2","200","1","1","79","0.75","0.75"
"4","200","1","1","85","0.66","0.66"
"3","200","1","1","83","0.53","0.53"
"1","200","1","1","66","0.62","0.62"
"5","200","1","1","84","0.7","0.7"
"6","200","1","1","78","0.56","0.56"
"2","200","1","1","80","0.71","0.71"
"4","200","1","1","86","0.57","0.57"
"3","200","1","1","84","0.6","0.6"
"1","200","1","1","67","0.52","0.52"
"6","200","1","1","79","0.62","0.62"
"5","200","1","1","85","0.6","0.6"
"4","200","1","1","87","0.64","0.64"
"2","200","1","1","81","0.62","0.62"
"3","200","1","1","85","0.49","0.49"
"1","200","1","1","68","0.49","0.49"
"6","200","1","1","80","0.71","0.71"
"4","200","1","1","88","0.66","0.66"
"2","200","1","1","82","0.64","0.64"
"5","200","1","1","86","0.61","0.61"
"3","200","1","1","86","0.58","0.58"
"1","200","1","1","69","0.74","0.74"
"4","200","1","1","89","0.73","0.73"
"2","200","1","1","83","0.61","0.61"
"6","200","1","1","81","0.62","0.62"
"5","200","1","1","87","0.71","0.71"
"3","200","1","1","87","0.6","0.6"
"4","200","1","1","90","0.78","0.78"
"6","200","1","1","82","0.6","0.6"
"2","200","1","1","84","0.61","0.61"
"1","200","1","1","70","0.57","0.57"
"5","200","1","1","88","0.67","0.67"
"3","200","1","1","88","0.68","0.68"
"4","200","1","1","91","0.72","0.72"
"6","200","1","1","83","0.63","0.63"
"2","200","1","1","85","0.61","0.61"
"5","200","1","1","89","0.62","0.62"
"1","200","1","1","71","0.61","0.61"
"4","200","1","1","92","0.68","0.68"
"3","200","1","1","89","0.59","0.59"
"2","200","1","1","86","0.66","0.66"
"6","200","1","1","84","0.61","0.61"
"4","200","1","1","93","0.58","0.58"
"1","200","1","1","72","0.69","0.69"
"5","200","1","1","90","0.78","0.78"
"3","200","1","1","90","0.67","0.67"
"2","200","1","1","87","0.65","0.65"
"6","200","1","1","85","0.67","0.67"
"4","200","1","1","94","0.65","0.65"
"1","200","1","1","73","0.61","0.61"
"3","200","1","1","91","0.67","0.67"
"6","200","1","1","86","0.59","0.59"
"2","200","1","1","88","0.62","0.62"
"5","200","1","1","91","0.72","0.72"
"4","200","1","1","95","0.59","0.59"
"1","200","1","1","74","0.69","0.69"
"6","200","1","1","87","0.59","0.59"
"5","200","1","1","92","0.76","0.76"
"3","200","1","1","92","0.7","0.7"
"2","200","1","1","89","0.62","0.62"
"4","200","1","1","96","0.65","0.65"
"1","200","1","1","75","0.61","0.61"
"5","200","1","1","93","0.62","0.62"
"3","200","1","1","93","0.61","0.61"
"4","200","1","1","97","0.74","0.74"
"2","200","1","1","90","0.71","0.71"
"6","200","1","1","88","0.55","0.55"
"1","200","1","1","76","0.68","0.68"
"5","200","1","1","94","0.58","0.58"
"4","200","1","1","98","0.65","0.65"
"3","200","1","1","94","0.65","0.65"
"2","200","1","1","91","0.68","0.68"
"6","200","1","1","89","0.63","0.63"
"4","200","1","1","99","0.67","0.67"
"1","200","1","1","77","0.69","0.69"
"5","200","1","1","95","0.76","0.76"
"2","200","1","1","92","0.59","0.59"
"3","200","1","1","95","0.71","0.71"
"6","200","1","1","90","0.57","0.57"
"4","200","1","1","100","0.65","0.65"
"5","200","1","1","96","0.61","0.61"
"1","200","1","1","78","0.67","0.67"
"2","200","1","1","93","0.52","0.52"
"3","200","1","1","96","0.76","0.76"
"4","200","1","1","101","0.8","0.8"
"6","200","1","1","91","0.63","0.63"
"1","200","1","1","79","0.71","0.71"
"5","200","1","1","97","0.63","0.63"
"2","200","1","1","94","0.61","0.61"
"4","200","1","1","102","0.77","0.77"
"6","200","1","1","92","0.62","0.62"
"3","200","1","1","97","0.73","0.73"
"1","200","1","1","80","0.65","0.65"
"5","200","1","1","98","0.61","0.61"
"2","200","1","1","95","0.7","0.7"
"4","200","1","1","103","0.68","0.68"
"6","200","1","1","93","0.7","0.7"
"3","200","1","1","98","0.78","0.78"
"1","200","1","1","81","0.58","0.58"
"5","200","1","1","99","0.63","0.63"
"2","200","1","1","96","0.66","0.66"
"4","200","1","1","104","0.67","0.67"
"6","200","1","1","94","0.68","0.68"
"3","200","1","1","99","0.63","0.63"
"5","200","1","1","100","0.53","0.53"
"2","200","1","1","97","0.66","0.66"
"1","200","1","1","82","0.84","0.84"
"6","200","1","1","95","0.61","0.61"
"4","200","1","1","105","0.76","0.76"
"5","200","1","1","101","0.49","0.49"
"3","200","1","1","100","0.74","0.74"
"2","200","1","1","98","0.7","0.7"
"5","200","1","1","102","0.59","0.59"
"4","200","1","1","106","0.69","0.69"
"1","200","1","1","83","0.79","0.79"
"3","200","1","1","101","0.7","0.7"
"6","200","1","1","96","0.55","0.55"
"2","200","1","1","99","0.73","0.73"
"5","200","1","1","103","0.55","0.55"
"4","200","1","1","107","0.68","0.68"
"6","200","1","1","97","0.59","0.59"
"5","200","1","1","104","0.54","0.54"
"3","200","1","1","102","0.58","0.58"
"1","200","1","1","84","0.73","0.73"
"2","200","1","1","100","0.7","0.7"
"4","200","1","1","108","0.62","0.62"
"5","200","1","1","105","0.63","0.63"
"6","200","1","1","98","0.64","0.64"
"3","200","1","1","103","0.66","0.66"
"2","200","1","1","101","0.67","0.67"
"4","200","1","1","109","0.67","0.67"
"1","200","1","1","85","0.64","0.64"
"5","200","1","1","106","0.6","0.6"
"4","200","1","1","110","0.68","0.68"
"3","200","1","1","104","0.61","0.61"
"6","200","1","1","99","0.48","0.48"
"2","200","1","1","102","0.73","0.73"
"5","200","1","1","107","0.67","0.67"
"4","200","1","1","111","0.71","0.71"
"3","200","1","1","105","0.48","0.48"
"1","200","1","1","86","0.57","0.57"
"2","200","1","1","103","0.63","0.63"
"6","200","1","1","100","0.6","0.6"
"5","200","1","1","108","0.86","0.86"
"4","200","1","1","112","0.66","0.66"
"1","200","1","1","87","0.57","0.57"
"3","200","1","1","106","0.66","0.66"
"4","200","1","1","113","0.66","0.66"
"1","200","1","1","88","0.67","0.67"
"6","200","1","1","101","0.6","0.6"
"3","200","1","1","107","0.62","0.62"
"2","200","1","1","104","0.74","0.74"
"5","200","1","1","109","0.65","0.65"
"1","200","1","1","89","0.58","0.58"
"4","200","1","1","114","0.47","0.47"
"3","200","1","1","108","0.55","0.55"
"2","200","1","1","105","0.79","0.79"
"1","200","1","1","90","0.57","0.57"
"5","200","1","1","110","0.59","0.59"
"6","200","1","1","102","0.58","0.58"
"4","200","1","1","115","0.67","0.67"
"3","200","1","1","109","0.6","0.6"
"2","200","1","1","106","0.67","0.67"
"5","200","1","1","111","0.56","0.56"
"6","200","1","1","103","0.53","0.53"
"3","200","1","1","110","0.74","0.74"
"4","200","1","1","116","0.56","0.56"
"1","200","1","1","91","0.63","0.63"
"5","200","1","1","112","0.6","0.6"
"6","200","1","1","104","0.56","0.56"
"4","200","1","1","117","0.58","0.58"
"2","200","1","1","107","0.77","0.77"
"3","200","1","1","111","0.72","0.72"
"1","200","1","1","92","0.61","0.61"
"5","200","1","1","113","0.74","0.74"
"4","200","1","1","118","0.58","0.58"
"3","200","1","1","112","0.65","0.65"
"2","200","1","1","108","0.62","0.62"
"6","200","1","1","105","0.65","0.65"
"1","200","1","1","93","0.62","0.62"
"4","200","1","1","119","0.72","0.72"
"5","200","1","1","114","0.74","0.74"
"6","200","1","1","106","0.65","0.65"
"2","200","1","1","109","0.79","0.79"
"1","200","1","1","94","0.55","0.55"
"3","200","1","1","113","0.68","0.68"
"4","200","1","1","120","0.72","0.72"
"6","200","1","1","107","0.63","0.63"
"5","200","1","1","115","0.67","0.67"
"2","200","1","1","110","0.72","0.72"
"3","200","1","1","114","0.65","0.65"
"4","200","1","1","121","0.57","0.57"
"1","200","1","1","95","0.64","0.64"
"5","200","1","1","116","0.78","0.78"
"6","200","1","1","108","0.51","0.51"
"1","200","1","1","96","0.63","0.63"
"4","200","1","1","122","0.61","0.61"
"3","200","1","1","115","0.47","0.47"
"2","200","1","1","111","0.66","0.66"
"5","200","1","1","117","0.75","0.75"
"6","200","1","1","109","0.59","0.59"
"4","200","1","1","123","0.65","0.65"
"3","200","1","1","116","0.67","0.67"
"5","200","1","1","118","0.7","0.7"
"2","200","1","1","112","0.61","0.61"
"1","200","1","1","97","0.58","0.58"
"6","200","1","1","110","0.57","0.57"
"5","200","1","1","119","0.61","0.61"
"4","200","1","1","124","0.63","0.63"
"2","200","1","1","113","0.66","0.66"
"6","200","1","1","111","0.6","0.6"
"3","200","1","1","117","0.65","0.65"
"1","200","1","1","98","0.64","0.64"
"4","200","1","1","125","0.56","0.56"
"5","200","1","1","120","0.55","0.55"
"2","200","1","1","114","0.7","0.7"
"6","200","1","1","112","0.73","0.73"
"3","200","1","1","118","0.64","0.64"
"1","200","1","1","99","0.73","0.73"
"4","200","1","1","126","0.63","0.63"
"2","200","1","1","115","0.65","0.65"
"5","200","1","1","121","0.71","0.71"
"3","200","1","1","119","0.67","0.67"
"4","200","1","1","127","0.67","0.67"
"1","200","1","1","100","0.65","0.65"
"6","200","1","1","113","0.64","0.64"
"2","200","1","1","116","0.73","0.73"
"4","200","1","1","128","0.53","0.53"
"5","200","1","1","122","0.52","0.52"
"6","200","1","1","114","0.53","0.53"
"1","200","1","1","101","0.7","0.7"
"3","200","1","1","120","0.78","0.78"
"5","200","1","1","123","0.54","0.54"
"2","200","1","1","117","0.55","0.55"
"4","200","1","1","129","0.6","0.6"
"6","200","1","1","115","0.72","0.72"
"1","200","1","1","102","0.57","0.57"
"3","200","1","1","121","0.72","0.72"
"5","200","1","1","124","0.59","0.59"
"2","200","1","1","118","0.73","0.73"
"4","200","1","1","130","0.71","0.71"
"6","200","1","1","116","0.54","0.54"
"1","200","1","1","103","0.73","0.73"
"4","200","1","1","131","0.6","0.6"
"5","200","1","1","125","0.62","0.62"
"2","200","1","1","119","0.53","0.53"
"3","200","1","1","122","0.63","0.63"
"6","200","1","1","117","0.62","0.62"
"1","200","1","1","104","0.68","0.68"
"4","200","1","1","132","0.57","0.57"
"5","200","1","1","126","0.61","0.61"
"2","200","1","1","120","0.62","0.62"
"3","200","1","1","123","0.59","0.59"
"6","200","1","1","118","0.53","0.53"
"4","200","1","1","133","0.7","0.7"
"5","200","1","1","127","0.67","0.67"
"2","200","1","1","121","0.6","0.6"
"1","200","1","1","105","0.69","0.69"
"3","200","1","1","124","0.67","0.67"
"6","200","1","1","119","0.75","0.75"
"4","200","1","1","134","0.63","0.63"
"5","200","1","1","128","0.62","0.62"
"2","200","1","1","122","0.65","0.65"
"1","200","1","1","106","0.83","0.83"
"3","200","1","1","125","0.62","0.62"
"6","200","1","1","120","0.61","0.61"
"4","200","1","1","135","0.59","0.59"
"5","200","1","1","129","0.53","0.53"
"4","200","1","1","136","0.72","0.72"
"1","200","1","1","107","0.67","0.67"
"3","200","1","1","126","0.67","0.67"
"2","200","1","1","123","0.61","0.61"
"6","200","1","1","121","0.73","0.73"
"5","200","1","1","130","0.59","0.59"
"1","200","1","1","108","0.63","0.63"
"4","200","1","1","137","0.68","0.68"
"3","200","1","1","127","0.58","0.58"
"5","200","1","1","131","0.61","0.61"
"2","200","1","1","124","0.77","0.77"
"6","200","1","1","122","0.66","0.66"
"4","200","1","1","138","0.62","0.62"
"3","200","1","1","128","0.62","0.62"
"5","200","1","1","132","0.68","0.68"
"6","200","1","1","123","0.75","0.75"
"2","200","1","1","125","0.61","0.61"
"1","200","1","1","109","0.66","0.66"
"4","200","1","1","139","0.69","0.69"
"2","200","1","1","126","0.66","0.66"
"5","200","1","1","133","0.7","0.7"
"6","200","1","1","124","0.63","0.63"
"3","200","1","1","129","0.57","0.57"
"1","200","1","1","110","0.71","0.71"
"4","200","1","1","140","0.72","0.72"
"1","200","1","1","111","0.66","0.66"
"5","200","1","1","134","0.61","0.61"
"3","200","1","1","130","0.64","0.64"
"2","200","1","1","127","0.68","0.68"
"6","200","1","1","125","0.68","0.68"
"5","200","1","1","135","0.54","0.54"
"4","200","1","1","141","0.7","0.7"
"3","200","1","1","131","0.73","0.73"
"1","200","1","1","112","0.68","0.68"
"6","200","1","1","126","0.68","0.68"
"2","200","1","1","128","0.7","0.7"
"3","200","1","1","132","0.75","0.75"
"4","200","1","1","142","0.68","0.68"
"1","200","1","1","113","0.68","0.68"
"6","200","1","1","127","0.6","0.6"
"2","200","1","1","129","0.57","0.57"
"5","200","1","1","136","0.65","0.65"
"3","200","1","1","133","0.67","0.67"
"4","200","1","1","143","0.78","0.78"
"1","200","1","1","114","0.68","0.68"
"2","200","1","1","130","0.61","0.61"
"6","200","1","1","128","0.66","0.66"
"3","200","1","1","134","0.54","0.54"
"4","200","1","1","144","0.7","0.7"
"5","200","1","1","137","0.55","0.55"
"1","200","1","1","115","0.54","0.54"
"2","200","1","1","131","0.51","0.51"
"6","200","1","1","129","0.71","0.71"
"3","200","1","1","135","0.68","0.68"
"4","200","1","1","145","0.78","0.78"
"5","200","1","1","138","0.63","0.63"
"2","200","1","1","132","0.58","0.58"
"1","200","1","1","116","0.76","0.76"
"6","200","1","1","130","0.73","0.73"
"3","200","1","1","136","0.55","0.55"
"4","200","1","1","146","0.64","0.64"
"2","200","1","1","133","0.47","0.47"
"5","200","1","1","139","0.61","0.61"
"1","200","1","1","117","0.62","0.62"
"3","200","1","1","137","0.57","0.57"
"6","200","1","1","131","0.76","0.76"
"4","200","1","1","147","0.69","0.69"
"5","200","1","1","140","0.73","0.73"
"2","200","1","1","134","0.62","0.62"
"1","200","1","1","118","0.61","0.61"
"3","200","1","1","138","0.67","0.67"
"6","200","1","1","132","0.69","0.69"
"5","200","1","1","141","0.71","0.71"
"4","200","1","1","148","0.81","0.81"
"2","200","1","1","135","0.58","0.58"
"3","200","1","1","139","0.67","0.67"
"1","200","1","1","119","0.64","0.64"
"5","200","1","1","142","0.68","0.68"
"6","200","1","1","133","0.55","0.55"
"4","200","1","1","149","0.68","0.68"
"2","200","1","1","136","0.59","0.59"
"3","200","1","1","140","0.75","0.75"
"5","200","1","1","143","0.6","0.6"
"1","200","1","1","120","0.67","0.67"
"3","200","1","1","141","0.69","0.69"
"6","200","1","1","134","0.66","0.66"
"2","200","1","1","137","0.64","0.64"
"4","200","1","1","150","0.68","0.68"
"5","200","1","1","144","0.7","0.7"
"3","200","1","1","142","0.59","0.59"
"4","200","1","1","151","0.7","0.7"
"1","200","1","1","121","0.63","0.63"
"6","200","1","1","135","0.72","0.72"
"2","200","1","1","138","0.66","0.66"
"5","200","1","1","145","0.63","0.63"
"3","200","1","1","143","0.68","0.68"
"4","200","1","1","152","0.68","0.68"
"1","200","1","1","122","0.61","0.61"
"5","200","1","1","146","0.64","0.64"
"6","200","1","1","136","0.69","0.69"
"2","200","1","1","139","0.72","0.72"
"4","200","1","1","153","0.7","0.7"
"5","200","1","1","147","0.68","0.68"
"1","200","1","1","123","0.68","0.68"
"6","200","1","1","137","0.64","0.64"
"3","200","1","1","144","0.58","0.58"
"2","200","1","1","140","0.65","0.65"
"4","200","1","1","154","0.62","0.62"
"5","200","1","1","148","0.68","0.68"
"1","200","1","1","124","0.64","0.64"
"3","200","1","1","145","0.67","0.67"
"6","200","1","1","138","0.63","0.63"
"2","200","1","1","141","0.61","0.61"
"4","200","1","1","155","0.73","0.73"
"5","200","1","1","149","0.67","0.67"
"3","200","1","1","146","0.61","0.61"
"1","200","1","1","125","0.57","0.57"
"2","200","1","1","142","0.72","0.72"
"4","200","1","1","156","0.65","0.65"
"6","200","1","1","139","0.49","0.49"
"5","200","1","1","150","0.7","0.7"
"3","200","1","1","147","0.56","0.56"
"1","200","1","1","126","0.57","0.57"
"4","200","1","1","157","0.65","0.65"
"2","200","1","1","143","0.57","0.57"
"3","200","1","1","148","0.59","0.59"
"6","200","1","1","140","0.63","0.63"
"5","200","1","1","151","0.71","0.71"
"1","200","1","1","127","0.59","0.59"
"4","200","1","1","158","0.73","0.73"
"2","200","1","1","144","0.56","0.56"
"3","200","1","1","149","0.55","0.55"
"5","200","1","1","152","0.68","0.68"
"6","200","1","1","141","0.63","0.63"
"1","200","1","1","128","0.59","0.59"
"4","200","1","1","159","0.65","0.65"
"2","200","1","1","145","0.56","0.56"
"3","200","1","1","150","0.69","0.69"
"5","200","1","1","153","0.68","0.68"
"4","200","1","1","160","0.7","0.7"
"6","200","1","1","142","0.61","0.61"
"3","200","1","1","151","0.72","0.72"
"5","200","1","1","154","0.75","0.75"
"2","200","1","1","146","0.48","0.48"
"1","200","1","1","129","0.62","0.62"
"4","200","1","1","161","0.65","0.65"
"3","200","1","1","152","0.62","0.62"
"6","200","1","1","143","0.69","0.69"
"5","200","1","1","155","0.62","0.62"
"2","200","1","1","147","0.64","0.64"
"1","200","1","1","130","0.76","0.76"
"5","200","1","1","156","0.5","0.5"
"6","200","1","1","144","0.67","0.67"
"3","200","1","1","153","0.56","0.56"
"4","200","1","1","162","0.68","0.68"
"2","200","1","1","148","0.56","0.56"
"1","200","1","1","131","0.69","0.69"
"5","200","1","1","157","0.65","0.65"
"3","200","1","1","154","0.63","0.63"
"6","200","1","1","145","0.7","0.7"
"4","200","1","1","163","0.74","0.74"
"2","200","1","1","149","0.78","0.78"
"1","200","1","1","132","0.72","0.72"
"3","200","1","1","155","0.46","0.46"
"4","200","1","1","164","0.62","0.62"
"6","200","1","1","146","0.65","0.65"
"5","200","1","1","158","0.64","0.64"
"2","200","1","1","150","0.67","0.67"
"1","200","1","1","133","0.69","0.69"
"5","200","1","1","159","0.61","0.61"
"6","200","1","1","147","0.63","0.63"
"4","200","1","1","165","0.67","0.67"
"2","200","1","1","151","0.62","0.62"
"1","200","1","1","134","0.69","0.69"
"5","200","1","1","160","0.68","0.68"
"4","200","1","1","166","0.72","0.72"
"6","200","1","1","148","0.58","0.58"
"1","200","1","1","135","0.51","0.51"
"5","200","1","1","161","0.57","0.57"
"6","200","1","1","149","0.6","0.6"
"2","200","1","1","152","0.68","0.68"
"4","200","1","1","167","0.68","0.68"
"5","200","1","1","162","0.6","0.6"
"1","200","1","1","136","0.77","0.77"
"6","200","1","1","150","0.62","0.62"
"2","200","1","1","153","0.75","0.75"
"4","200","1","1","168","0.6","0.6"
"5","200","1","1","163","0.69","0.69"
"1","200","1","1","137","0.66","0.66"
"3","200","1","1","156","0.68","0.68"
"6","200","1","1","151","0.66","0.66"
"2","200","1","1","154","0.71","0.71"
"4","200","1","1","169","0.69","0.69"
"1","200","1","1","138","0.72","0.72"
"2","200","1","1","155","0.64","0.64"
"6","200","1","1","152","0.7","0.7"
"5","200","1","1","164","0.59","0.59"
"1","200","1","1","139","0.55","0.55"
"2","200","1","1","156","0.57","0.57"
"5","200","1","1","165","0.71","0.71"
"6","200","1","1","153","0.69","0.69"
"4","200","1","1","170","0.75","0.75"
"2","200","1","1","157","0.61","0.61"
"6","200","1","1","154","0.72","0.72"
"5","200","1","1","166","0.78","0.78"
"4","200","1","1","171","0.61","0.61"
"1","200","1","1","140","0.7","0.7"
"2","200","1","1","158","0.64","0.64"
"6","200","1","1","155","0.63","0.63"
"5","200","1","1","167","0.58","0.58"
"4","200","1","1","172","0.74","0.74"
"1","200","1","1","141","0.74","0.74"
"2","200","1","1","159","0.64","0.64"
"6","200","1","1","156","0.66","0.66"
"5","200","1","1","168","0.54","0.54"
"2","200","1","1","160","0.61","0.61"
"3","200","1","1","157","0.62","0.62"
"1","200","1","1","142","0.73","0.73"
"4","200","1","1","173","0.73","0.73"
"5","200","1","1","169","0.59","0.59"
"6","200","1","1","157","0.58","0.58"
"2","200","1","1","161","0.66","0.66"
"3","200","1","1","158","0.72","0.72"
"4","200","1","1","174","0.76","0.76"
"1","200","1","1","143","0.65","0.65"
"5","200","1","1","170","0.62","0.62"
"2","200","1","1","162","0.65","0.65"
"6","200","1","1","158","0.65","0.65"
"4","200","1","1","175","0.83","0.83"
"5","200","1","1","171","0.72","0.72"
"2","200","1","1","163","0.71","0.71"
"1","200","1","1","144","0.68","0.68"
"6","200","1","1","159","0.56","0.56"
"4","200","1","1","176","0.73","0.73"
"5","200","1","1","172","0.7","0.7"
"2","200","1","1","164","0.69","0.69"
"3","200","1","1","159","0.64","0.64"
"1","200","1","1","145","0.61","0.61"
"6","200","1","1","160","0.64","0.64"
"4","200","1","1","177","0.78","0.78"
"5","200","1","1","173","0.72","0.72"
"2","200","1","1","165","0.77","0.77"
"1","200","1","1","146","0.56","0.56"
"4","200","1","1","178","0.64","0.64"
"5","200","1","1","174","0.52","0.52"
"6","200","1","1","161","0.7","0.7"
"2","200","1","1","166","0.74","0.74"
"1","200","1","1","147","0.66","0.66"
"4","200","1","1","179","0.78","0.78"
"5","200","1","1","175","0.62","0.62"
"3","200","1","1","160","0.63","0.63"
"2","200","1","1","167","0.68","0.68"
"6","200","1","1","162","0.6","0.6"
"4","200","1","1","180","0.73","0.73"
"1","200","1","1","148","0.7","0.7"
"5","200","1","1","176","0.67","0.67"
"2","200","1","1","168","0.55","0.55"
"3","200","1","1","161","0.63","0.63"
"4","200","1","1","181","0.63","0.63"
"6","200","1","1","163","0.57","0.57"
"5","200","1","1","177","0.77","0.77"
"1","200","1","1","149","0.57","0.57"
"2","200","1","1","169","0.68","0.68"
"3","200","1","1","162","0.6","0.6"
"4","200","1","1","182","0.52","0.52"
"6","200","1","1","164","0.64","0.64"
"5","200","1","1","178","0.66","0.66"
"1","200","1","1","150","0.61","0.61"
"2","200","1","1","170","0.6","0.6"
"3","200","1","1","163","0.63","0.63"
"4","200","1","1","183","0.54","0.54"
"6","200","1","1","165","0.63","0.63"
"5","200","1","1","179","0.68","0.68"
"1","200","1","1","151","0.6","0.6"
"4","200","1","1","184","0.62","0.62"
"3","200","1","1","164","0.63","0.63"
"2","200","1","1","171","0.56","0.56"
"5","200","1","1","180","0.56","0.56"
"4","200","1","1","185","0.61","0.61"
"2","200","1","1","172","0.65","0.65"
"3","200","1","1","165","0.71","0.71"
"6","200","1","1","166","0.59","0.59"
"1","200","1","1","152","0.73","0.73"
"5","200","1","1","181","0.57","0.57"
"4","200","1","1","186","0.6","0.6"
"2","200","1","1","173","0.66","0.66"
"6","200","1","1","167","0.64","0.64"
"2","200","1","1","174","0.48","0.48"
"3","200","1","1","166","0.64","0.64"
"1","200","1","1","153","0.74","0.74"
"4","200","1","1","187","0.64","0.64"
"5","200","1","1","182","0.51","0.51"
"3","200","1","1","167","0.75","0.75"
"2","200","1","1","175","0.49","0.49"
"6","200","1","1","168","0.6","0.6"
"4","200","1","1","188","0.76","0.76"
"5","200","1","1","183","0.49","0.49"
"1","200","1","1","154","0.8","0.8"
"2","200","1","1","176","0.57","0.57"
"4","200","1","1","189","0.59","0.59"
"5","200","1","1","184","0.68","0.68"
"6","200","1","1","169","0.58","0.58"
"3","200","1","1","168","0.77","0.77"
"1","200","1","1","155","0.77","0.77"
"5","200","1","1","185","0.62","0.62"
"2","200","1","1","177","0.53","0.53"
"4","200","1","1","190","0.59","0.59"
"6","200","1","1","170","0.61","0.61"
"3","200","1","1","169","0.85","0.85"
"1","200","1","1","156","0.65","0.65"
"2","200","1","1","178","0.64","0.64"
"5","200","1","1","186","0.65","0.65"
"4","200","1","1","191","0.64","0.64"
"3","200","1","1","170","0.78","0.78"
"6","200","1","1","171","0.67","0.67"
"5","200","1","1","187","0.64","0.64"
"2","200","1","1","179","0.48","0.48"
"4","200","1","1","192","0.72","0.72"
"3","200","1","1","171","0.7","0.7"
"1","200","1","1","157","0.63","0.63"
"6","200","1","1","172","0.69","0.69"
"2","200","1","1","180","0.51","0.51"
"5","200","1","1","188","0.66","0.66"
"4","200","1","1","193","0.65","0.65"
"3","200","1","1","172","0.67","0.67"
"5","200","1","1","189","0.64","0.64"
"2","200","1","1","181","0.62","0.62"
"6","200","1","1","173","0.71","0.71"
"1","200","1","1","158","0.67","0.67"
"4","200","1","1","194","0.6","0.6"
"3","200","1","1","173","0.8","0.8"
"5","200","1","1","190","0.53","0.53"
"6","200","1","1","174","0.61","0.61"
"2","200","1","1","182","0.57","0.57"
"4","200","1","1","195","0.68","0.68"
"1","200","1","1","159","0.73","0.73"
"3","200","1","1","174","0.72","0.72"
"5","200","1","1","191","0.54","0.54"
"6","200","1","1","175","0.65","0.65"
"4","200","1","1","196","0.69","0.69"
"2","200","1","1","183","0.54","0.54"
"3","200","1","1","175","0.78","0.78"
"1","200","1","1","160","0.75","0.75"
"4","200","1","1","197","0.64","0.64"
"5","200","1","1","192","0.6","0.6"
"6","200","1","1","176","0.66","0.66"
"3","200","1","1","176","0.84","0.84"
"1","200","1","1","161","0.65","0.65"
"2","200","1","1","184","0.64","0.64"
"5","200","1","1","193","0.69","0.69"
"6","200","1","1","177","0.75","0.75"
"4","200","1","1","198","0.72","0.72"
"3","200","1","1","177","0.67","0.67"
"1","200","1","1","162","0.73","0.73"
"2","200","1","1","185","0.66","0.66"
"5","200","1","1","194","0.67","0.67"
"6","200","1","1","178","0.72","0.72"
"4","200","1","1","199","0.63","0.63"
"3","200","1","1","178","0.74","0.74"
"1","200","1","1","163","0.72","0.72"
"2","200","1","1","186","0.57","0.57"
"6","200","1","1","179","0.83","0.83"
"5","200","1","1","195","0.68","0.68"
"4","200","1","1","200","0.62","0.62"
"2","200","1","1","187","0.6","0.6"
"6","200","1","1","180","0.7","0.7"
"3","200","1","1","179","0.74","0.74"
"4","200","1","1","201","0.75","0.75"
"1","200","1","1","164","0.67","0.67"
"5","200","1","1","196","0.73","0.73"
"2","200","1","1","188","0.64","0.64"
"3","200","1","1","180","0.74","0.74"
"4","200","1","1","202","0.59","0.59"
"5","200","1","1","197","0.61","0.61"
"6","200","1","1","181","0.71","0.71"
"1","200","1","1","165","0.65","0.65"
"6","200","1","1","182","0.65","0.65"
"2","200","1","1","189","0.59","0.59"
"4","200","1","1","203","0.67","0.67"
"5","200","1","1","198","0.62","0.62"
"3","200","1","1","181","0.64","0.64"
"1","200","1","1","166","0.78","0.78"
"6","200","1","1","183","0.67","0.67"
"4","200","1","1","204","0.66","0.66"
"3","200","1","1","182","0.67","0.67"
"2","200","1","1","190","0.61","0.61"
"5","200","1","1","199","0.66","0.66"
"1","200","1","1","167","0.61","0.61"
"6","200","1","1","184","0.73","0.73"
"5","200","1","1","200","0.63","0.63"
"4","200","1","1","205","0.63","0.63"
"2","200","1","1","191","0.54","0.54"
"3","200","1","1","183","0.69","0.69"
"1","200","1","1","168","0.64","0.64"
"4","200","1","1","206","0.58","0.58"
"5","200","1","1","201","0.57","0.57"
"2","200","1","1","192","0.57","0.57"
"3","200","1","1","184","0.63","0.63"
"6","200","1","1","185","0.65","0.65"
"1","200","1","1","169","0.65","0.65"
"4","200","1","1","207","0.54","0.54"
"5","200","1","1","202","0.66","0.66"
"6","200","1","1","186","0.73","0.73"
"3","200","1","1","185","0.64","0.64"
"2","200","1","1","193","0.47","0.47"
"1","200","1","1","170","0.79","0.79"
"5","200","1","1","203","0.62","0.62"
"2","200","1","1","194","0.63","0.63"
"4","200","1","1","208","0.66","0.66"
"6","200","1","1","187","0.66","0.66"
"3","200","1","1","186","0.64","0.64"
"1","200","1","1","171","0.84","0.84"
"3","200","1","1","187","0.57","0.57"
"5","200","1","1","204","0.67","0.67"
"2","200","1","1","195","0.64","0.64"
"6","200","1","1","188","0.68","0.68"
"3","200","1","1","188","0.65","0.65"
"5","200","1","1","205","0.61","0.61"
"4","200","1","1","209","0.8","0.8"
"2","200","1","1","196","0.7","0.7"
"1","200","1","1","172","0.76","0.76"
"3","200","1","1","189","0.72","0.72"
"6","200","1","1","189","0.6","0.6"
"4","200","1","1","210","0.57","0.57"
"5","200","1","1","206","0.74","0.74"
"3","200","1","1","190","0.64","0.64"
"1","200","1","1","173","0.57","0.57"
"2","200","1","1","197","0.59","0.59"
"6","200","1","1","190","0.68","0.68"
"4","200","1","1","211","0.66","0.66"
"1","200","1","1","174","0.54","0.54"
"3","200","1","1","191","0.51","0.51"
"5","200","1","1","207","0.65","0.65"
"2","200","1","1","198","0.74","0.74"
"6","200","1","1","191","0.58","0.58"
"4","200","1","1","212","0.6","0.6"
"3","200","1","1","192","0.59","0.59"
"5","200","1","1","208","0.7","0.7"
"2","200","1","1","199","0.71","0.71"
"3","200","1","1","193","0.67","0.67"
"1","200","1","1","175","0.6","0.6"
"5","200","1","1","209","0.54","0.54"
"4","200","1","1","213","0.55","0.55"
"6","200","1","1","192","0.54","0.54"
"3","200","1","1","194","0.47","0.47"
"2","200","1","1","200","0.65","0.65"
"5","200","1","1","210","0.59","0.59"
"3","200","1","1","195","0.6","0.6"
"6","200","1","1","193","0.57","0.57"
"4","200","1","1","214","0.72","0.72"
"2","200","1","1","201","0.63","0.63"
"1","200","1","1","176","0.59","0.59"
"3","200","1","1","196","0.73","0.73"
"5","200","1","1","211","0.51","0.51"
"6","200","1","1","194","0.63","0.63"
"3","200","1","1","197","0.68","0.68"
"1","200","1","1","177","0.69","0.69"
"4","200","1","1","215","0.62","0.62"
"2","200","1","1","202","0.72","0.72"
"5","200","1","1","212","0.61","0.61"
"3","200","1","1","198","0.48","0.48"
"6","200","1","1","195","0.73","0.73"
"1","200","1","1","178","0.77","0.77"
"4","200","1","1","216","0.62","0.62"
"2","200","1","1","203","0.77","0.77"
"5","200","1","1","213","0.48","0.48"
"3","200","1","1","199","0.57","0.57"
"6","200","1","1","196","0.63","0.63"
"1","200","1","1","179","0.75","0.75"
"4","200","1","1","217","0.78","0.78"
"3","200","1","1","200","0.63","0.63"
"5","200","1","1","214","0.62","0.62"
"2","200","1","1","204","0.62","0.62"
"6","200","1","1","197","0.62","0.62"
"3","200","1","1","201","0.68","0.68"
"5","200","1","1","215","0.53","0.53"
"1","200","1","1","180","0.69","0.69"
"4","200","1","1","218","0.64","0.64"
"3","200","1","1","202","0.71","0.71"
"2","200","1","1","205","0.77","0.77"
"6","200","1","1","198","0.75","0.75"
"5","200","1","1","216","0.65","0.65"
"4","200","1","1","219","0.76","0.76"
"1","200","1","1","181","0.63","0.63"
"3","200","1","1","203","0.55","0.55"
"2","200","1","1","206","0.69","0.69"
"5","200","1","1","217","0.66","0.66"
"6","200","1","1","199","0.71","0.71"
"4","200","1","1","220","0.73","0.73"
"1","200","1","1","182","0.64","0.64"
"3","200","1","1","204","0.7","0.7"
"2","200","1","1","207","0.72","0.72"
"5","200","1","1","218","0.51","0.51"
"6","200","1","1","200","0.76","0.76"
"1","200","1","1","183","0.68","0.68"
"4","200","1","1","221","0.71","0.71"
"3","200","1","1","205","0.65","0.65"
"5","200","1","1","219","0.56","0.56"
"2","200","1","1","208","0.7","0.7"
"6","200","1","1","201","0.74","0.74"
"3","200","1","1","206","0.73","0.73"
"1","200","1","1","184","0.69","0.69"
"2","200","1","1","209","0.75","0.75"
"4","200","1","1","222","0.82","0.82"
"5","200","1","1","220","0.56","0.56"
"6","200","1","1","202","0.74","0.74"
"3","200","1","1","207","0.64","0.64"
"4","200","1","1","223","0.65","0.65"
"1","200","1","1","185","0.66","0.66"
"2","200","1","1","210","0.73","0.73"
"5","200","1","1","221","0.62","0.62"
"6","200","1","1","203","0.64","0.64"
"3","200","1","1","208","0.76","0.76"
"4","200","1","1","224","0.61","0.61"
"1","200","1","1","186","0.72","0.72"
"2","200","1","1","211","0.72","0.72"
"5","200","1","1","222","0.64","0.64"
"6","200","1","1","204","0.64","0.64"
"3","200","1","1","209","0.67","0.67"
"4","200","1","1","225","0.76","0.76"
"1","200","1","1","187","0.77","0.77"
"2","200","1","1","212","0.64","0.64"
"5","200","1","1","223","0.65","0.65"
"6","200","1","1","205","0.75","0.75"
"3","200","1","1","210","0.63","0.63"
"4","200","1","1","226","0.65","0.65"
"1","200","1","1","188","0.59","0.59"
"2","200","1","1","213","0.6","0.6"
"5","200","1","1","224","0.63","0.63"
"6","200","1","1","206","0.79","0.79"
"3","200","1","1","211","0.67","0.67"
"1","200","1","1","189","0.66","0.66"
"2","200","1","1","214","0.76","0.76"
"4","200","1","1","227","0.74","0.74"
"3","200","1","1","212","0.58","0.58"
"6","200","1","1","207","0.74","0.74"
"5","200","1","1","225","0.62","0.62"
"1","200","1","1","190","0.56","0.56"
"4","200","1","1","228","0.73","0.73"
"5","200","1","1","226","0.54","0.54"
"2","200","1","1","215","0.64","0.64"
"3","200","1","1","213","0.64","0.64"
"6","200","1","1","208","0.67","0.67"
"1","200","1","1","191","0.51","0.51"
"4","200","1","1","229","0.71","0.71"
"5","200","1","1","227","0.55","0.55"
"2","200","1","1","216","0.68","0.68"
"3","200","1","1","214","0.62","0.62"
"6","200","1","1","209","0.67","0.67"
"2","200","1","1","217","0.58","0.58"
"4","200","1","1","230","0.65","0.65"
"1","200","1","1","192","0.66","0.66"
"5","200","1","1","228","0.59","0.59"
"6","200","1","1","210","0.72","0.72"
"4","200","1","1","231","0.66","0.66"
"3","200","1","1","215","0.65","0.65"
"6","200","1","1","211","0.71","0.71"
"4","200","1","1","232","0.63","0.63"
"1","200","1","1","193","0.62","0.62"
"2","200","1","1","218","0.79","0.79"
"6","200","1","1","212","0.63","0.63"
"3","200","1","1","216","0.67","0.67"
"4","200","1","1","233","0.65","0.65"
"5","200","1","1","229","0.67","0.67"
"1","200","1","1","194","0.65","0.65"
"2","200","1","1","219","0.67","0.67"
"6","200","1","1","213","0.55","0.55"
"4","200","1","1","234","0.68","0.68"
"3","200","1","1","217","0.6","0.6"
"6","200","1","1","214","0.62","0.62"
"4","200","1","1","235","0.67","0.67"
"5","200","1","1","230","0.71","0.71"
"2","200","1","1","220","0.62","0.62"
"4","200","1","1","236","0.67","0.67"
"3","200","1","1","218","0.82","0.82"
"1","200","1","1","195","0.59","0.59"
"5","200","1","1","231","0.54","0.54"
"4","200","1","1","237","0.72","0.72"
"6","200","1","1","215","0.65","0.65"
"1","200","1","1","196","0.57","0.57"
"2","200","1","1","221","0.7","0.7"
"3","200","1","1","219","0.7","0.7"
"4","200","1","1","238","0.71","0.71"
"6","200","1","1","216","0.67","0.67"
"5","200","1","1","232","0.56","0.56"
"1","200","1","1","197","0.66","0.66"
"4","200","1","1","239","0.63","0.63"
"2","200","1","1","222","0.76","0.76"
"3","200","1","1","220","0.73","0.73"
"5","200","1","1","233","0.62","0.62"
"4","200","1","1","240","0.64","0.64"
"6","200","1","1","217","0.68","0.68"
"3","200","1","1","221","0.62","0.62"
"2","200","1","1","223","0.83","0.83"
"1","200","1","1","198","0.78","0.78"
"5","200","1","1","234","0.68","0.68"
"6","200","1","1","218","0.65","0.65"
"4","200","1","1","241","0.73","0.73"
"2","200","1","1","224","0.81","0.81"
"1","200","1","1","199","0.6","0.6"
"3","200","1","1","222","0.71","0.71"
"4","200","1","1","242","0.69","0.69"
"6","200","1","1","219","0.63","0.63"
"5","200","1","1","235","0.7","0.7"
"2","200","1","1","225","0.72","0.72"
"1","200","1","1","200","0.82","0.82"
"3","200","1","1","223","0.63","0.63"
"4","200","1","1","243","0.63","0.63"
"5","200","1","1","236","0.67","0.67"
"2","200","1","1","226","0.67","0.67"
"6","200","1","1","220","0.75","0.75"
"4","200","1","1","244","0.51","0.51"
"1","200","1","1","201","0.76","0.76"
"3","200","1","1","224","0.52","0.52"
"5","200","1","1","237","0.61","0.61"
"4","200","1","1","245","0.56","0.56"
"2","200","1","1","227","0.82","0.82"
"4","200","1","1","246","0.66","0.66"
"6","200","1","1","221","0.69","0.69"
"1","200","1","1","202","0.66","0.66"
"5","200","1","1","238","0.57","0.57"
"2","200","1","1","228","0.77","0.77"
"4","200","1","1","247","0.58","0.58"
"3","200","1","1","225","0.5","0.5"
"1","200","1","1","203","0.7","0.7"
"6","200","1","1","222","0.6","0.6"
"5","200","1","1","239","0.58","0.58"
"3","200","1","1","226","0.61","0.61"
"4","200","1","1","248","0.54","0.54"
"2","200","1","1","229","0.8","0.8"
"5","200","1","1","240","0.6","0.6"
"6","200","1","1","223","0.73","0.73"
"4","200","1","1","249","0.49","0.49"
"1","200","1","1","204","0.64","0.64"
"3","200","1","1","227","0.55","0.55"
"2","200","1","1","230","0.67","0.67"
"6","200","1","1","224","0.61","0.61"
"5","200","1","1","241","0.67","0.67"
"4","200","1","1","250","0.63","0.63"
"1","200","1","1","205","0.57","0.57"
"3","200","1","1","228","0.62","0.62"
"6","200","1","1","225","0.66","0.66"
"5","200","1","1","242","0.69","0.69"
"2","200","1","1","231","0.58","0.58"
"4","200","1","1","251","0.64","0.64"
"1","200","1","1","206","0.54","0.54"
"3","200","1","1","229","0.75","0.75"
"2","200","1","1","232","0.5","0.5"
"5","200","1","1","243","0.61","0.61"
"4","200","1","1","252","0.62","0.62"
"6","200","1","1","226","0.62","0.62"
"1","200","1","1","207","0.61","0.61"
"4","200","1","1","253","0.57","0.57"
"2","200","1","1","233","0.64","0.64"
"3","200","1","1","230","0.63","0.63"
"6","200","1","1","227","0.65","0.65"
"5","200","1","1","244","0.64","0.64"
"4","200","1","1","254","0.54","0.54"
"1","200","1","1","208","0.61","0.61"
"2","200","1","1","234","0.71","0.71"
"3","200","1","1","231","0.6","0.6"
"5","200","1","1","245","0.51","0.51"
"6","200","1","1","228","0.63","0.63"
"1","200","1","1","209","0.63","0.63"
"6","200","1","1","229","0.66","0.66"
"2","200","1","1","235","0.8","0.8"
"3","200","1","1","232","0.64","0.64"
"5","200","1","1","246","0.6","0.6"
"6","200","1","1","230","0.67","0.67"
"1","200","1","1","210","0.64","0.64"
"2","200","1","1","236","0.66","0.66"
"3","200","1","1","233","0.67","0.67"
"6","200","1","1","231","0.67","0.67"
"1","200","1","1","211","0.55","0.55"
"5","200","1","1","247","0.65","0.65"
"3","200","1","1","234","0.59","0.59"
"2","200","1","1","237","0.48","0.48"
"1","200","1","1","212","0.57","0.57"
"6","200","1","1","232","0.57","0.57"
"3","200","1","1","235","0.76","0.76"
"5","200","1","1","248","0.74","0.74"
"2","200","1","1","238","0.73","0.73"
"6","200","1","1","233","0.71","0.71"
"1","200","1","1","213","0.67","0.67"
"3","200","1","1","236","0.71","0.71"
"5","200","1","1","249","0.68","0.68"
"6","200","1","1","234","0.69","0.69"
"1","200","1","1","214","0.76","0.76"
"3","200","1","1","237","0.64","0.64"
"5","200","1","1","250","0.56","0.56"
"2","200","1","1","239","0.66","0.66"
"6","200","1","1","235","0.7","0.7"
"5","200","1","1","251","0.6","0.6"
"3","200","1","1","238","0.66","0.66"
"1","200","1","1","215","0.81","0.81"
"2","200","1","1","240","0.76","0.76"
"6","200","1","1","236","0.53","0.53"
"3","200","1","1","239","0.58","0.58"
"5","200","1","1","252","0.54","0.54"
"2","200","1","1","241","0.84","0.84"
"4","200","1","1","255","0.57","0.57"
"3","200","1","1","240","0.56","0.56"
"5","200","1","1","253","0.69","0.69"
"1","200","1","1","216","0.72","0.72"
"6","200","1","1","237","0.65","0.65"
"2","200","1","1","242","0.68","0.68"
"3","200","1","1","241","0.61","0.61"
"6","200","1","1","238","0.63","0.63"
"1","200","1","1","217","0.63","0.63"
"5","200","1","1","254","0.48","0.48"
"3","200","1","1","242","0.51","0.51"
"4","200","1","1","256","0.52","0.52"
"6","200","1","1","239","0.63","0.63"
"2","200","1","1","243","0.8","0.8"
"1","200","1","1","218","0.73","0.73"
"5","200","1","1","255","0.61","0.61"
"2","200","1","1","244","0.77","0.77"
"6","200","1","1","240","0.61","0.61"
"5","200","1","1","256","0.62","0.62"
"1","200","1","1","219","0.63","0.63"
"2","200","1","1","245","0.66","0.66"
"6","200","1","1","241","0.69","0.69"
"4","200","1","1","257","0.57","0.57"
"5","200","1","1","257","0.6","0.6"
"1","200","1","1","220","0.71","0.71"
"6","200","1","1","242","0.65","0.65"
"5","200","1","1","258","0.6","0.6"
"4","200","1","1","258","0.62","0.62"
"1","200","1","1","221","0.73","0.73"
"6","200","1","1","243","0.74","0.74"
"5","200","1","1","259","0.64","0.64"
"4","200","1","1","259","0.61","0.61"
"6","200","1","1","244","0.67","0.67"
"5","200","1","1","260","0.75","0.75"
"2","200","1","1","246","0.72","0.72"
"3","200","1","1","243","0.56","0.56"
"5","200","1","1","261","0.69","0.69"
"4","200","1","1","260","0.6","0.6"
"6","200","1","1","245","0.72","0.72"
"5","200","1","1","262","0.56","0.56"
"4","200","1","1","261","0.68","0.68"
"3","200","1","1","244","0.65","0.65"
"2","200","1","1","247","0.71","0.71"
"1","200","1","1","222","0.77","0.77"
"4","200","1","1","262","0.63","0.63"
"3","200","1","1","245","0.59","0.59"
"2","200","1","1","248","0.59","0.59"
"4","200","1","1","263","0.57","0.57"
"1","200","1","1","223","0.63","0.63"
"2","200","1","1","249","0.54","0.54"
"4","200","1","1","264","0.7","0.7"
"1","200","1","1","224","0.72","0.72"
"3","200","1","1","246","0.76","0.76"
"2","200","1","1","250","0.76","0.76"
"4","200","1","1","265","0.69","0.69"
"1","200","1","1","225","0.5","0.5"
"4","200","1","1","266","0.58","0.58"
"2","200","1","1","251","0.68","0.68"
"5","200","1","1","263","0.74","0.74"
"3","200","1","1","247","0.65","0.65"
"1","200","1","1","226","0.63","0.63"
"4","200","1","1","267","0.64","0.64"
"2","200","1","1","252","0.62","0.62"
"3","200","1","1","248","0.6","0.6"
"5","200","1","1","264","0.74","0.74"
"1","200","1","1","227","0.59","0.59"
"4","200","1","1","268","0.67","0.67"
"6","200","1","1","246","0.62","0.62"
"2","200","1","1","253","0.47","0.47"
"3","200","1","1","249","0.55","0.55"
"5","200","1","1","265","0.59","0.59"
"1","200","1","1","228","0.45","0.45"
"4","200","1","1","269","0.7","0.7"
"2","200","1","1","254","0.6","0.6"
"3","200","1","1","250","0.65","0.65"
"1","200","1","1","229","0.52","0.52"
"4","200","1","1","270","0.8","0.8"
"5","200","1","1","266","0.62","0.62"
"2","200","1","1","255","0.57","0.57"
"3","200","1","1","251","0.65","0.65"
"6","200","1","1","247","0.63","0.63"
"1","200","1","1","230","0.67","0.67"
"4","200","1","1","271","0.78","0.78"
"5","200","1","1","267","0.68","0.68"
"3","200","1","1","252","0.74","0.74"
"2","200","1","1","256","0.62","0.62"
"1","200","1","1","231","0.67","0.67"
"4","200","1","1","272","0.69","0.69"
"5","200","1","1","268","0.51","0.51"
"3","200","1","1","253","0.6","0.6"
"2","200","1","1","257","0.61","0.61"
"4","200","1","1","273","0.64","0.64"
"6","200","1","1","248","0.56","0.56"
"3","200","1","1","254","0.63","0.63"
"5","200","1","1","269","0.61","0.61"
"1","200","1","1","232","0.49","0.49"
"2","200","1","1","258","0.7","0.7"
"4","200","1","1","274","0.72","0.72"
"3","200","1","1","255","0.63","0.63"
"5","200","1","1","270","0.56","0.56"
"1","200","1","1","233","0.61","0.61"
"2","200","1","1","259","0.6","0.6"
"3","200","1","1","256","0.66","0.66"
"4","200","1","1","275","0.52","0.52"
"5","200","1","1","271","0.64","0.64"
"2","200","1","1","260","0.61","0.61"
"3","200","1","1","257","0.77","0.77"
"4","200","1","1","276","0.58","0.58"
"1","200","1","1","234","0.68","0.68"
"5","200","1","1","272","0.68","0.68"
"2","200","1","1","261","0.75","0.75"
"4","200","1","1","277","0.62","0.62"
"3","200","1","1","258","0.67","0.67"
"1","200","1","1","235","0.67","0.67"
"2","200","1","1","262","0.67","0.67"
"4","200","1","1","278","0.64","0.64"
"6","200","1","1","249","0.47","0.47"
"5","200","1","1","273","0.72","0.72"
"3","200","1","1","259","0.73","0.73"
"1","200","1","1","236","0.64","0.64"
"4","200","1","1","279","0.6","0.6"
"6","200","1","1","250","0.51","0.51"
"2","200","1","1","263","0.77","0.77"
"5","200","1","1","274","0.71","0.71"
"3","200","1","1","260","0.63","0.63"
"4","200","1","1","280","0.7","0.7"
"1","200","1","1","237","0.63","0.63"
"2","200","1","1","264","0.62","0.62"
"4","200","1","1","281","0.57","0.57"
"3","200","1","1","261","0.67","0.67"
"2","200","1","1","265","0.64","0.64"
"1","200","1","1","238","0.69","0.69"
"4","200","1","1","282","0.56","0.56"
"3","200","1","1","262","0.69","0.69"
"2","200","1","1","266","0.7","0.7"
"4","200","1","1","283","0.52","0.52"
"1","200","1","1","239","0.52","0.52"
"3","200","1","1","263","0.57","0.57"
"4","200","1","1","284","0.61","0.61"
"2","200","1","1","267","0.58","0.58"
"1","200","1","1","240","0.59","0.59"
"3","200","1","1","264","0.7","0.7"
"4","200","1","1","285","0.53","0.53"
"2","200","1","1","268","0.61","0.61"
"1","200","1","1","241","0.6","0.6"
"4","200","1","1","286","0.63","0.63"
"3","200","1","1","265","0.72","0.72"
"1","200","1","1","242","0.69","0.69"
"5","200","1","1","275","0.86","0.86"
"4","200","1","1","287","0.56","0.56"
"3","200","1","1","266","0.77","0.77"
"1","200","1","1","243","0.76","0.76"
"4","200","1","1","288","0.62","0.62"
"6","200","1","1","251","0.62","0.62"
"2","200","1","1","269","0.57","0.57"
"5","200","1","1","276","0.71","0.71"
"3","200","1","1","267","0.69","0.69"
"1","200","1","1","244","0.71","0.71"
"4","200","1","1","289","0.65","0.65"
"6","200","1","1","252","0.67","0.67"
"2","200","1","1","270","0.81","0.81"
"5","200","1","1","277","0.62","0.62"
"3","200","1","1","268","0.68","0.68"
"6","200","1","1","253","0.72","0.72"
"4","200","1","1","290","0.69","0.69"
"2","200","1","1","271","0.61","0.61"
"5","200","1","1","278","0.66","0.66"
"3","200","1","1","269","0.55","0.55"
"2","200","1","1","272","0.7","0.7"
"6","200","1","1","254","0.77","0.77"
"4","200","1","1","291","0.65","0.65"
"5","200","1","1","279","0.76","0.76"
"3","200","1","1","270","0.77","0.77"
"2","200","1","1","273","0.74","0.74"
"4","200","1","1","292","0.57","0.57"
"6","200","1","1","255","0.79","0.79"
"5","200","1","1","280","0.64","0.64"
"3","200","1","1","271","0.66","0.66"
"4","200","1","1","293","0.66","0.66"
"5","200","1","1","281","0.62","0.62"
"2","200","1","1","274","0.66","0.66"
"6","200","1","1","256","0.66","0.66"
"3","200","1","1","272","0.61","0.61"
"5","200","1","1","282","0.62","0.62"
"4","200","1","1","294","0.63","0.63"
"2","200","1","1","275","0.69","0.69"
"3","200","1","1","273","0.53","0.53"
"6","200","1","1","257","0.73","0.73"
"5","200","1","1","283","0.64","0.64"
"4","200","1","1","295","0.65","0.65"
"1","200","1","1","245","0.74","0.74"
"3","200","1","1","274","0.59","0.59"
"6","200","1","1","258","0.64","0.64"
"2","200","1","1","276","0.69","0.69"
"5","200","1","1","284","0.64","0.64"
"4","200","1","1","296","0.65","0.65"
"6","200","1","1","259","0.61","0.61"
"3","200","1","1","275","0.68","0.68"
"1","200","1","1","246","0.61","0.61"
"2","200","1","1","277","0.61","0.61"
"5","200","1","1","285","0.67","0.67"
"4","200","1","1","297","0.56","0.56"
"3","200","1","1","276","0.58","0.58"
"1","200","1","1","247","0.69","0.69"
"4","200","1","1","298","0.64","0.64"
"2","200","1","1","278","0.64","0.64"
"6","200","1","1","260","0.61","0.61"
"5","200","1","1","286","0.63","0.63"
"3","200","1","1","277","0.55","0.55"
"5","200","1","1","287","0.64","0.64"
"6","200","1","1","261","0.71","0.71"
"4","200","1","1","299","0.47","0.47"
"1","200","1","1","248","0.69","0.69"
"2","200","1","1","279","0.76","0.76"
"4","200","1","1","300","0.5","0.5"
"5","200","1","1","288","0.61","0.61"
"3","200","1","1","278","0.65","0.65"
"1","200","1","1","249","0.61","0.61"
"2","200","1","1","280","0.74","0.74"
"6","200","1","1","262","0.64","0.64"
"5","200","1","1","289","0.76","0.76"
"4","200","1","1","301","0.51","0.51"
"1","200","1","1","250","0.54","0.54"
"3","200","1","1","279","0.67","0.67"
"2","200","1","1","281","0.72","0.72"
"6","200","1","1","263","0.69","0.69"
"5","200","1","1","290","0.58","0.58"
"2","200","1","1","282","0.53","0.53"
"4","200","1","1","302","0.64","0.64"
"3","200","1","1","280","0.66","0.66"
"6","200","1","1","264","0.47","0.47"
"1","200","1","1","251","0.5","0.5"
"5","200","1","1","291","0.61","0.61"
"2","200","1","1","283","0.64","0.64"
"3","200","1","1","281","0.63","0.63"
"4","200","1","1","303","0.66","0.66"
"6","200","1","1","265","0.61","0.61"
"2","200","1","1","284","0.72","0.72"
"5","200","1","1","292","0.65","0.65"
"1","200","1","1","252","0.71","0.71"
"4","200","1","1","304","0.56","0.56"
"6","200","1","1","266","0.62","0.62"
"5","200","1","1","293","0.64","0.64"
"3","200","1","1","282","0.55","0.55"
"6","200","1","1","267","0.64","0.64"
"1","200","1","1","253","0.55","0.55"
"2","200","1","1","285","0.59","0.59"
"5","200","1","1","294","0.62","0.62"
"4","200","1","1","305","0.52","0.52"
"6","200","1","1","268","0.64","0.64"
"3","200","1","1","283","0.71","0.71"
"5","200","1","1","295","0.69","0.69"
"2","200","1","1","286","0.66","0.66"
"6","200","1","1","269","0.7","0.7"
"6","200","1","1","270","0.76","0.76"
"5","200","1","1","296","0.58","0.58"
"6","200","1","1","271","0.6","0.6"
"5","200","1","1","297","0.6","0.6"
"6","200","1","1","272","0.6","0.6"
"3","200","1","1","284","0.65","0.65"
"1","200","1","1","254","0.64","0.64"
"2","200","1","1","287","0.62","0.62"
"5","200","1","1","298","0.64","0.64"
"6","200","1","1","273","0.61","0.61"
"3","200","1","1","285","0.66","0.66"
"6","200","1","1","274","0.57","0.57"
"2","200","1","1","288","0.55","0.55"
"5","200","1","1","299","0.69","0.69"
"1","200","1","1","255","0.61","0.61"
"6","200","1","1","275","0.55","0.55"
"3","200","1","1","286","0.57","0.57"
"5","200","1","1","300","0.59","0.59"
"1","200","1","1","256","0.62","0.62"
"6","200","1","1","276","0.6","0.6"
"2","200","1","1","289","0.62","0.62"
"3","200","1","1","287","0.69","0.69"
"5","200","1","1","301","0.69","0.69"
"6","200","1","1","277","0.6","0.6"
"1","200","1","1","257","0.64","0.64"
"5","200","1","1","302","0.61","0.61"
"6","200","1","1","278","0.73","0.73"
"3","200","1","1","288","0.59","0.59"
"2","200","1","1","290","0.59","0.59"
"5","200","1","1","303","0.61","0.61"
"1","200","1","1","258","0.65","0.65"
"6","200","1","1","279","0.6","0.6"
"4","200","1","1","306","0.5","0.5"
"3","200","1","1","289","0.57","0.57"
"2","200","1","1","291","0.64","0.64"
"5","200","1","1","304","0.69","0.69"
"6","200","1","1","280","0.74","0.74"
"1","200","1","1","259","0.69","0.69"
"3","200","1","1","290","0.62","0.62"
"5","200","1","1","305","0.79","0.79"
"2","200","1","1","292","0.75","0.75"
"6","200","1","1","281","0.71","0.71"
"4","200","1","1","307","0.55","0.55"
"1","200","1","1","260","0.78","0.78"
"5","200","1","1","306","0.72","0.72"
"3","200","1","1","291","0.52","0.52"
"6","200","1","1","282","0.55","0.55"
"2","200","1","1","293","0.67","0.67"
"4","200","1","1","308","0.46","0.46"
"5","200","1","1","307","0.71","0.71"
"1","200","1","1","261","0.67","0.67"
"6","200","1","1","283","0.74","0.74"
"3","200","1","1","292","0.66","0.66"
"2","200","1","1","294","0.57","0.57"
"5","200","1","1","308","0.54","0.54"
"6","200","1","1","284","0.66","0.66"
"2","200","1","1","295","0.65","0.65"
"1","200","1","1","262","0.62","0.62"
"3","200","1","1","293","0.65","0.65"
"5","200","1","1","309","0.64","0.64"
"6","200","1","1","285","0.66","0.66"
"4","200","1","1","309","0.55","0.55"
"2","200","1","1","296","0.63","0.63"
"1","200","1","1","263","0.67","0.67"
"5","200","1","1","310","0.65","0.65"
"6","200","1","1","286","0.78","0.78"
"3","200","1","1","294","0.63","0.63"
"4","200","1","1","310","0.6","0.6"
"6","200","1","1","287","0.61","0.61"
"5","200","1","1","311","0.78","0.78"
"2","200","1","1","297","0.56","0.56"
"3","200","1","1","295","0.69","0.69"
"6","200","1","1","288","0.57","0.57"
"5","200","1","1","312","0.77","0.77"
"4","200","1","1","311","0.54","0.54"
"5","200","1","1","313","0.68","0.68"
"2","200","1","1","298","0.55","0.55"
"6","200","1","1","289","0.52","0.52"
"3","200","1","1","296","0.75","0.75"
"4","200","1","1","312","0.66","0.66"
"5","200","1","1","314","0.73","0.73"
"2","200","1","1","299","0.63","0.63"
"3","200","1","1","297","0.53","0.53"
"4","200","1","1","313","0.61","0.61"
"6","200","1","1","290","0.51","0.51"
"1","200","1","1","264","0.53","0.53"
"3","200","1","1","298","0.65","0.65"
"2","200","1","1","300","0.71","0.71"
"5","200","1","1","315","0.63","0.63"
"6","200","1","1","291","0.57","0.57"
"4","200","1","1","314","0.76","0.76"
"3","200","1","1","299","0.67","0.67"
"2","200","1","1","301","0.65","0.65"
"5","200","1","1","316","0.69","0.69"
"1","200","1","1","265","0.69","0.69"
"4","200","1","1","315","0.67","0.67"
"6","200","1","1","292","0.7","0.7"
"3","200","1","1","300","0.63","0.63"
"1","200","1","1","266","0.75","0.75"
"2","200","1","1","302","0.76","0.76"
"4","200","1","1","316","0.59","0.59"
"5","200","1","1","317","0.68","0.68"
"6","200","1","1","293","0.53","0.53"
"3","200","1","1","301","0.59","0.59"
"2","200","1","1","303","0.67","0.67"
"5","200","1","1","318","0.58","0.58"
"1","200","1","1","267","0.58","0.58"
"6","200","1","1","294","0.53","0.53"
"4","200","1","1","317","0.61","0.61"
"2","200","1","1","304","0.68","0.68"
"3","200","1","1","302","0.6","0.6"
"5","200","1","1","319","0.58","0.58"
"1","200","1","1","268","0.68","0.68"
"6","200","1","1","295","0.67","0.67"
"3","200","1","1","303","0.59","0.59"
"2","200","1","1","305","0.65","0.65"
"4","200","1","1","318","0.77","0.77"
"5","200","1","1","320","0.73","0.73"
"1","200","1","1","269","0.62","0.62"
"6","200","1","1","296","0.64","0.64"
"3","200","1","1","304","0.77","0.77"
"4","200","1","1","319","0.61","0.61"
"2","200","1","1","306","0.62","0.62"
"1","200","1","1","270","0.73","0.73"
"5","200","1","1","321","0.73","0.73"
"6","200","1","1","297","0.64","0.64"
"4","200","1","1","320","0.6","0.6"
"3","200","1","1","305","0.73","0.73"
"2","200","1","1","307","0.61","0.61"
"5","200","1","1","322","0.55","0.55"
"6","200","1","1","298","0.61","0.61"
"4","200","1","1","321","0.68","0.68"
"1","200","1","1","271","0.54","0.54"
"3","200","1","1","306","0.73","0.73"
"2","200","1","1","308","0.63","0.63"
"4","200","1","1","322","0.66","0.66"
"5","200","1","1","323","0.58","0.58"
"6","200","1","1","299","0.65","0.65"
"3","200","1","1","307","0.73","0.73"
"2","200","1","1","309","0.6","0.6"
"5","200","1","1","324","0.57","0.57"
"4","200","1","1","323","0.6","0.6"
"1","200","1","1","272","0.73","0.73"
"2","200","1","1","310","0.7","0.7"
"3","200","1","1","308","0.63","0.63"
"6","200","1","1","300","0.65","0.65"
"4","200","1","1","324","0.61","0.61"
"5","200","1","1","325","0.6","0.6"
"6","200","1","1","301","0.68","0.68"
"4","200","1","1","325","0.58","0.58"
"3","200","1","1","309","0.65","0.65"
"2","200","1","1","311","0.67","0.67"
"5","200","1","1","326","0.57","0.57"
"3","200","1","1","310","0.68","0.68"
"4","200","1","1","326","0.59","0.59"
"6","200","1","1","302","0.55","0.55"
"2","200","1","1","312","0.55","0.55"
"5","200","1","1","327","0.67","0.67"
"3","200","1","1","311","0.7","0.7"
"6","200","1","1","303","0.52","0.52"
"4","200","1","1","327","0.59","0.59"
"5","200","1","1","328","0.76","0.76"
"2","200","1","1","313","0.62","0.62"
"3","200","1","1","312","0.59","0.59"
"6","200","1","1","304","0.59","0.59"
"5","200","1","1","329","0.67","0.67"
"4","200","1","1","328","0.55","0.55"
"2","200","1","1","314","0.72","0.72"
"1","200","1","1","273","0.66","0.66"
"6","200","1","1","305","0.71","0.71"
"4","200","1","1","329","0.63","0.63"
"3","200","1","1","313","0.65","0.65"
"5","200","1","1","330","0.62","0.62"
"2","200","1","1","315","0.71","0.71"
"6","200","1","1","306","0.58","0.58"
"1","200","1","1","274","0.68","0.68"
"3","200","1","1","314","0.73","0.73"
"4","200","1","1","330","0.61","0.61"
"5","200","1","1","331","0.66","0.66"
"2","200","1","1","316","0.65","0.65"
"1","200","1","1","275","0.65","0.65"
"6","200","1","1","307","0.61","0.61"
"3","200","1","1","315","0.77","0.77"
"4","200","1","1","331","0.65","0.65"
"2","200","1","1","317","0.76","0.76"
"6","200","1","1","308","0.63","0.63"
"3","200","1","1","316","0.67","0.67"
"4","200","1","1","332","0.67","0.67"
"5","200","1","1","332","0.68","0.68"
"1","200","1","1","276","0.48","0.48"
"5","200","1","1","333","0.67","0.67"
"4","200","1","1","333","0.68","0.68"
"2","200","1","1","318","0.6","0.6"
"3","200","1","1","317","0.66","0.66"
"6","200","1","1","309","0.55","0.55"
"1","200","1","1","277","0.67","0.67"
"4","200","1","1","334","0.76","0.76"
"5","200","1","1","334","0.57","0.57"
"2","200","1","1","319","0.75","0.75"
"3","200","1","1","318","0.7","0.7"
"1","200","1","1","278","0.65","0.65"
"6","200","1","1","310","0.7","0.7"
"5","200","1","1","335","0.58","0.58"
"2","200","1","1","320","0.69","0.69"
"4","200","1","1","335","0.68","0.68"
"3","200","1","1","319","0.61","0.61"
"1","200","1","1","279","0.64","0.64"
"6","200","1","1","311","0.68","0.68"
"4","200","1","1","336","0.67","0.67"
"5","200","1","1","336","0.69","0.69"
"3","200","1","1","320","0.69","0.69"
"2","200","1","1","321","0.73","0.73"
"1","200","1","1","280","0.64","0.64"
"6","200","1","1","312","0.83","0.83"
"5","200","1","1","337","0.6","0.6"
"3","200","1","1","321","0.54","0.54"
"4","200","1","1","337","0.62","0.62"
"2","200","1","1","322","0.69","0.69"
"1","200","1","1","281","0.76","0.76"
"6","200","1","1","313","0.73","0.73"
"5","200","1","1","338","0.56","0.56"
"4","200","1","1","338","0.64","0.64"
"3","200","1","1","322","0.52","0.52"
"6","200","1","1","314","0.67","0.67"
"2","200","1","1","323","0.64","0.64"
"1","200","1","1","282","0.76","0.76"
"5","200","1","1","339","0.79","0.79"
"4","200","1","1","339","0.66","0.66"
"6","200","1","1","315","0.72","0.72"
"3","200","1","1","323","0.65","0.65"
"2","200","1","1","324","0.6","0.6"
"5","200","1","1","340","0.57","0.57"
"4","200","1","1","340","0.48","0.48"
"3","200","1","1","324","0.62","0.62"
"6","200","1","1","316","0.63","0.63"
"2","200","1","1","325","0.6","0.6"
"1","200","1","1","283","0.73","0.73"
"5","200","1","1","341","0.68","0.68"
"6","200","1","1","317","0.56","0.56"
"4","200","1","1","341","0.54","0.54"
"2","200","1","1","326","0.58","0.58"
"3","200","1","1","325","0.59","0.59"
"1","200","1","1","284","0.7","0.7"
"5","200","1","1","342","0.59","0.59"
"4","200","1","1","342","0.65","0.65"
"6","200","1","1","318","0.63","0.63"
"2","200","1","1","327","0.61","0.61"
"3","200","1","1","326","0.57","0.57"
"1","200","1","1","285","0.74","0.74"
"5","200","1","1","343","0.59","0.59"
"4","200","1","1","343","0.54","0.54"
"6","200","1","1","319","0.59","0.59"
"2","200","1","1","328","0.69","0.69"
"3","200","1","1","327","0.7","0.7"
"6","200","1","1","320","0.53","0.53"
"1","200","1","1","286","0.68","0.68"
"5","200","1","1","344","0.49","0.49"
"4","200","1","1","344","0.56","0.56"
"3","200","1","1","328","0.57","0.57"
"2","200","1","1","329","0.64","0.64"
"6","200","1","1","321","0.52","0.52"
"1","200","1","1","287","0.68","0.68"
"5","200","1","1","345","0.59","0.59"
"4","200","1","1","345","0.59","0.59"
"1","200","1","1","288","0.65","0.65"
"6","200","1","1","322","0.71","0.71"
"3","200","1","1","329","0.75","0.75"
"5","200","1","1","346","0.67","0.67"
"4","200","1","1","346","0.55","0.55"
"2","200","1","1","330","0.69","0.69"
"3","200","1","1","330","0.8","0.8"
"5","200","1","1","347","0.55","0.55"
"6","200","1","1","323","0.7","0.7"
"1","200","1","1","289","0.7","0.7"
"4","200","1","1","347","0.51","0.51"
"2","200","1","1","331","0.59","0.59"
"3","200","1","1","331","0.74","0.74"
"5","200","1","1","348","0.61","0.61"
"6","200","1","1","324","0.69","0.69"
"1","200","1","1","290","0.7","0.7"
"4","200","1","1","348","0.6","0.6"
"2","200","1","1","332","0.6","0.6"
"3","200","1","1","332","0.65","0.65"
"6","200","1","1","325","0.65","0.65"
"5","200","1","1","349","0.72","0.72"
"4","200","1","1","349","0.59","0.59"
"1","200","1","1","291","0.59","0.59"
"5","200","1","1","350","0.54","0.54"
"2","200","1","1","333","0.52","0.52"
"6","200","1","1","326","0.65","0.65"
"4","200","1","1","350","0.61","0.61"
"3","200","1","1","333","0.69","0.69"
"1","200","1","1","292","0.67","0.67"
"5","200","1","1","351","0.78","0.78"
"6","200","1","1","327","0.65","0.65"
"4","200","1","1","351","0.57","0.57"
"2","200","1","1","334","0.52","0.52"
"1","200","1","1","293","0.55","0.55"
"3","200","1","1","334","0.77","0.77"
"5","200","1","1","352","0.63","0.63"
"4","200","1","1","352","0.44","0.44"
"6","200","1","1","328","0.54","0.54"
"2","200","1","1","335","0.59","0.59"
"1","200","1","1","294","0.68","0.68"
"4","200","1","1","353","0.57","0.57"
"3","200","1","1","335","0.67","0.67"
"6","200","1","1","329","0.53","0.53"
"5","200","1","1","353","0.62","0.62"
"2","200","1","1","336","0.57","0.57"
"4","200","1","1","354","0.6","0.6"
"6","200","1","1","330","0.72","0.72"
"5","200","1","1","354","0.69","0.69"
"3","200","1","1","336","0.8","0.8"
"4","200","1","1","355","0.56","0.56"
"2","200","1","1","337","0.67","0.67"
"6","200","1","1","331","0.63","0.63"
"1","200","1","1","295","0.68","0.68"
"4","200","1","1","356","0.73","0.73"
"5","200","1","1","355","0.71","0.71"
"6","200","1","1","332","0.58","0.58"
"3","200","1","1","337","0.74","0.74"
"4","200","1","1","357","0.59","0.59"
"2","200","1","1","338","0.64","0.64"
"1","200","1","1","296","0.59","0.59"
"6","200","1","1","333","0.61","0.61"
"3","200","1","1","338","0.68","0.68"
"4","200","1","1","358","0.69","0.69"
"5","200","1","1","356","0.6","0.6"
"4","200","1","1","359","0.84","0.84"
"3","200","1","1","339","0.63","0.63"
"2","200","1","1","339","0.67","0.67"
"1","200","1","1","297","0.53","0.53"
"6","200","1","1","334","0.65","0.65"
"4","200","1","1","360","0.7","0.7"
"5","200","1","1","357","0.64","0.64"
"3","200","1","1","340","0.57","0.57"
"2","200","1","1","340","0.67","0.67"
"1","200","1","1","298","0.56","0.56"
"4","200","1","1","361","0.73","0.73"
"6","200","1","1","335","0.58","0.58"
"3","200","1","1","341","0.62","0.62"
"4","200","1","1","362","0.58","0.58"
"5","200","1","1","358","0.65","0.65"
"6","200","1","1","336","0.59","0.59"
"2","200","1","1","341","0.63","0.63"
"1","200","1","1","299","0.6","0.6"
"5","200","1","1","359","0.65","0.65"
"4","200","1","1","363","0.62","0.62"
"3","200","1","1","342","0.62","0.62"
"6","200","1","1","337","0.67","0.67"
"2","200","1","1","342","0.7","0.7"
"4","200","1","1","364","0.6","0.6"
"1","200","1","1","300","0.76","0.76"
"3","200","1","1","343","0.6","0.6"
"5","200","1","1","360","0.63","0.63"
"6","200","1","1","338","0.57","0.57"
"4","200","1","1","365","0.57","0.57"
"2","200","1","1","343","0.63","0.63"
"1","200","1","1","301","0.71","0.71"
"3","200","1","1","344","0.62","0.62"
"5","200","1","1","361","0.68","0.68"
"6","200","1","1","339","0.54","0.54"
"4","200","1","1","366","0.69","0.69"
"2","200","1","1","344","0.75","0.75"
"3","200","1","1","345","0.75","0.75"
"1","200","1","1","302","0.62","0.62"
"5","200","1","1","362","0.62","0.62"
"6","200","1","1","340","0.62","0.62"
"4","200","1","1","367","0.62","0.62"
"3","200","1","1","346","0.68","0.68"
"2","200","1","1","345","0.7","0.7"
"5","200","1","1","363","0.61","0.61"
"1","200","1","1","303","0.79","0.79"
"6","200","1","1","341","0.67","0.67"
"4","200","1","1","368","0.61","0.61"
"3","200","1","1","347","0.76","0.76"
"2","200","1","1","346","0.6","0.6"
"5","200","1","1","364","0.64","0.64"
"4","200","1","1","369","0.58","0.58"
"1","200","1","1","304","0.71","0.71"
"6","200","1","1","342","0.55","0.55"
"3","200","1","1","348","0.67","0.67"
"2","200","1","1","347","0.71","0.71"
"5","200","1","1","365","0.64","0.64"
"4","200","1","1","370","0.52","0.52"
"1","200","1","1","305","0.73","0.73"
"6","200","1","1","343","0.64","0.64"
"3","200","1","1","349","0.71","0.71"
"2","200","1","1","348","0.6","0.6"
"5","200","1","1","366","0.61","0.61"
"4","200","1","1","371","0.61","0.61"
"1","200","1","1","306","0.67","0.67"
"3","200","1","1","350","0.57","0.57"
"4","200","1","1","372","0.64","0.64"
"6","200","1","1","344","0.59","0.59"
"2","200","1","1","349","0.63","0.63"
"5","200","1","1","367","0.51","0.51"
"1","200","1","1","307","0.73","0.73"
"3","200","1","1","351","0.55","0.55"
"4","200","1","1","373","0.59","0.59"
"6","200","1","1","345","0.61","0.61"
"2","200","1","1","350","0.57","0.57"
"5","200","1","1","368","0.48","0.48"
"4","200","1","1","374","0.64","0.64"
"6","200","1","1","346","0.57","0.57"
"3","200","1","1","352","0.59","0.59"
"1","200","1","1","308","0.59","0.59"
"2","200","1","1","351","0.69","0.69"
"5","200","1","1","369","0.63","0.63"
"4","200","1","1","375","0.67","0.67"
"3","200","1","1","353","0.62","0.62"
"6","200","1","1","347","0.62","0.62"
"1","200","1","1","309","0.59","0.59"
"2","200","1","1","352","0.69","0.69"
"5","200","1","1","370","0.67","0.67"
"4","200","1","1","376","0.57","0.57"
"3","200","1","1","354","0.71","0.71"
"6","200","1","1","348","0.64","0.64"
"4","200","1","1","377","0.74","0.74"
"5","200","1","1","371","0.65","0.65"
"2","200","1","1","353","0.69","0.69"
"1","200","1","1","310","0.55","0.55"
"3","200","1","1","355","0.66","0.66"
"6","200","1","1","349","0.65","0.65"
"4","200","1","1","378","0.64","0.64"
"5","200","1","1","372","0.54","0.54"
"2","200","1","1","354","0.62","0.62"
"1","200","1","1","311","0.55","0.55"
"3","200","1","1","356","0.62","0.62"
"6","200","1","1","350","0.68","0.68"
"4","200","1","1","379","0.68","0.68"
"5","200","1","1","373","0.69","0.69"
"2","200","1","1","355","0.6","0.6"
"3","200","1","1","357","0.64","0.64"
"1","200","1","1","312","0.61","0.61"
"4","200","1","1","380","0.6","0.6"
"6","200","1","1","351","0.58","0.58"
"5","200","1","1","374","0.69","0.69"
"3","200","1","1","358","0.52","0.52"
"4","200","1","1","381","0.7","0.7"
"1","200","1","1","313","0.69","0.69"
"2","200","1","1","356","0.64","0.64"
"5","200","1","1","375","0.58","0.58"
"6","200","1","1","352","0.62","0.62"
"3","200","1","1","359","0.57","0.57"
"4","200","1","1","382","0.6","0.6"
"1","200","1","1","314","0.59","0.59"
"2","200","1","1","357","0.61","0.61"
"5","200","1","1","376","0.63","0.63"
"6","200","1","1","353","0.69","0.69"
"3","200","1","1","360","0.66","0.66"
"2","200","1","1","358","0.74","0.74"
"1","200","1","1","315","0.72","0.72"
"4","200","1","1","383","0.55","0.55"
"5","200","1","1","377","0.6","0.6"
"6","200","1","1","354","0.69","0.69"
"3","200","1","1","361","0.61","0.61"
"5","200","1","1","378","0.51","0.51"
"2","200","1","1","359","0.83","0.83"
"1","200","1","1","316","0.65","0.65"
"4","200","1","1","384","0.65","0.65"
"6","200","1","1","355","0.64","0.64"
"3","200","1","1","362","0.62","0.62"
"5","200","1","1","379","0.69","0.69"
"2","200","1","1","360","0.63","0.63"
"1","200","1","1","317","0.71","0.71"
"6","200","1","1","356","0.63","0.63"
"4","200","1","1","385","0.51","0.51"
"3","200","1","1","363","0.7","0.7"
"5","200","1","1","380","0.57","0.57"
"1","200","1","1","318","0.66","0.66"
"2","200","1","1","361","0.62","0.62"
"6","200","1","1","357","0.72","0.72"
"4","200","1","1","386","0.47","0.47"
"3","200","1","1","364","0.61","0.61"
"5","200","1","1","381","0.66","0.66"
"1","200","1","1","319","0.76","0.76"
"2","200","1","1","362","0.69","0.69"
"6","200","1","1","358","0.61","0.61"
"4","200","1","1","387","0.57","0.57"
"3","200","1","1","365","0.64","0.64"
"5","200","1","1","382","0.6","0.6"
"1","200","1","1","320","0.66","0.66"
"2","200","1","1","363","0.68","0.68"
"6","200","1","1","359","0.53","0.53"
"3","200","1","1","366","0.58","0.58"
"5","200","1","1","383","0.61","0.61"
"4","200","1","1","388","0.61","0.61"
"2","200","1","1","364","0.7","0.7"
"1","200","1","1","321","0.73","0.73"
"6","200","1","1","360","0.54","0.54"
"5","200","1","1","384","0.59","0.59"
"1","200","1","1","322","0.68","0.68"
"2","200","1","1","365","0.67","0.67"
"3","200","1","1","367","0.68","0.68"
"4","200","1","1","389","0.6","0.6"
"6","200","1","1","361","0.59","0.59"
"1","200","1","1","323","0.67","0.67"
"5","200","1","1","385","0.72","0.72"
"2","200","1","1","366","0.54","0.54"
"3","200","1","1","368","0.67","0.67"
"6","200","1","1","362","0.64","0.64"
"4","200","1","1","390","0.64","0.64"
"5","200","1","1","386","0.79","0.79"
"1","200","1","1","324","0.78","0.78"
"2","200","1","1","367","0.54","0.54"
"3","200","1","1","369","0.64","0.64"
"6","200","1","1","363","0.55","0.55"
"4","200","1","1","391","0.73","0.73"
"5","200","1","1","387","0.64","0.64"
"1","200","1","1","325","0.68","0.68"
"2","200","1","1","368","0.58","0.58"
"3","200","1","1","370","0.57","0.57"
"6","200","1","1","364","0.65","0.65"
"5","200","1","1","388","0.68","0.68"
"4","200","1","1","392","0.66","0.66"
"1","200","1","1","326","0.63","0.63"
"2","200","1","1","369","0.69","0.69"
"6","200","1","1","365","0.59","0.59"
"3","200","1","1","371","0.56","0.56"
"5","200","1","1","389","0.69","0.69"
"4","200","1","1","393","0.7","0.7"
"1","200","1","1","327","0.58","0.58"
"2","200","1","1","370","0.68","0.68"
"6","200","1","1","366","0.63","0.63"
"5","200","1","1","390","0.73","0.73"
"3","200","1","1","372","0.63","0.63"
"4","200","1","1","394","0.68","0.68"
"2","200","1","1","371","0.59","0.59"
"1","200","1","1","328","0.56","0.56"
"6","200","1","1","367","0.73","0.73"
"5","200","1","1","391","0.73","0.73"
"2","200","1","1","372","0.64","0.64"
"3","200","1","1","373","0.75","0.75"
"6","200","1","1","368","0.66","0.66"
"5","200","1","1","392","0.75","0.75"
"1","200","1","1","329","0.64","0.64"
"2","200","1","1","373","0.68","0.68"
"3","200","1","1","374","0.71","0.71"
"4","200","1","1","395","0.68","0.68"
"5","200","1","1","393","0.81","0.81"
"6","200","1","1","369","0.56","0.56"
"2","200","1","1","374","0.61","0.61"
"1","200","1","1","330","0.6","0.6"
"4","200","1","1","396","0.66","0.66"
"3","200","1","1","375","0.67","0.67"
"5","200","1","1","394","0.65","0.65"
"2","200","1","1","375","0.57","0.57"
"1","200","1","1","331","0.57","0.57"
"6","200","1","1","370","0.63","0.63"
"3","200","1","1","376","0.69","0.69"
"2","200","1","1","376","0.6","0.6"
"1","200","1","1","332","0.58","0.58"
"5","200","1","1","395","0.72","0.72"
"4","200","1","1","397","0.64","0.64"
"6","200","1","1","371","0.61","0.61"
"3","200","1","1","377","0.73","0.73"
"2","200","1","1","377","0.5","0.5"
"5","200","1","1","396","0.68","0.68"
"1","200","1","1","333","0.59","0.59"
"4","200","1","1","398","0.7","0.7"
"6","200","1","1","372","0.6","0.6"
"3","200","1","1","378","0.69","0.69"
"2","200","1","1","378","0.56","0.56"
"1","200","1","1","334","0.63","0.63"
"5","200","1","1","397","0.69","0.69"
"3","200","1","1","379","0.63","0.63"
"1","200","1","1","335","0.56","0.56"
"2","200","1","1","379","0.75","0.75"
"6","200","1","1","373","0.52","0.52"
"4","200","1","1","399","0.65","0.65"
"5","200","1","1","398","0.76","0.76"
"3","200","1","1","380","0.69","0.69"
"2","200","1","1","380","0.67","0.67"
"6","200","1","1","374","0.63","0.63"
"1","200","1","1","336","0.69","0.69"
"5","200","1","1","399","0.79","0.79"
"4","200","1","1","400","0.73","0.73"
"3","200","1","1","381","0.77","0.77"
"2","200","1","1","381","0.65","0.65"
"6","200","1","1","375","0.75","0.75"
"4","200","1","1","401","0.8","0.8"
"3","200","1","1","382","0.65","0.65"
"1","200","1","1","337","0.71","0.71"
"5","200","1","1","400","0.65","0.65"
"4","200","1","1","402","0.7","0.7"
"2","200","1","1","382","0.56","0.56"
"1","200","1","1","338","0.69","0.69"
"3","200","1","1","383","0.72","0.72"
"6","200","1","1","376","0.72","0.72"
"5","200","1","1","401","0.71","0.71"
"2","200","1","1","383","0.56","0.56"
"4","200","1","1","403","0.71","0.71"
"3","200","1","1","384","0.55","0.55"
"1","200","1","1","339","0.67","0.67"
"6","200","1","1","377","0.68","0.68"
"4","200","1","1","404","0.66","0.66"
"2","200","1","1","384","0.56","0.56"
"5","200","1","1","402","0.61","0.61"
"3","200","1","1","385","0.58","0.58"
"1","200","1","1","340","0.68","0.68"
"2","200","1","1","385","0.7","0.7"
"6","200","1","1","378","0.65","0.65"
"5","200","1","1","403","0.64","0.64"
"4","200","1","1","405","0.62","0.62"
"3","200","1","1","386","0.65","0.65"
"1","200","1","1","341","0.72","0.72"
"6","200","1","1","379","0.55","0.55"
"2","200","1","1","386","0.72","0.72"
"5","200","1","1","404","0.56","0.56"
"4","200","1","1","406","0.66","0.66"
"3","200","1","1","387","0.75","0.75"
"1","200","1","1","342","0.66","0.66"
"6","200","1","1","380","0.68","0.68"
"5","200","1","1","405","0.66","0.66"
"2","200","1","1","387","0.64","0.64"
"4","200","1","1","407","0.61","0.61"
"3","200","1","1","388","0.81","0.81"
"4","200","1","1","408","0.65","0.65"
"6","200","1","1","381","0.6","0.6"
"1","200","1","1","343","0.66","0.66"
"2","200","1","1","388","0.61","0.61"
"5","200","1","1","406","0.66","0.66"
"3","200","1","1","389","0.65","0.65"
"4","200","1","1","409","0.6","0.6"
"6","200","1","1","382","0.65","0.65"
"5","200","1","1","407","0.64","0.64"
"1","200","1","1","344","0.67","0.67"
"3","200","1","1","390","0.58","0.58"
"2","200","1","1","389","0.68","0.68"
"1","200","1","1","345","0.81","0.81"
"5","200","1","1","408","0.54","0.54"
"6","200","1","1","383","0.56","0.56"
"3","200","1","1","391","0.56","0.56"
"4","200","1","1","410","0.62","0.62"
"2","200","1","1","390","0.7","0.7"
"1","200","1","1","346","0.77","0.77"
"3","200","1","1","392","0.54","0.54"
"6","200","1","1","384","0.61","0.61"
"4","200","1","1","411","0.59","0.59"
"5","200","1","1","409","0.62","0.62"
"2","200","1","1","391","0.62","0.62"
"6","200","1","1","385","0.55","0.55"
"3","200","1","1","393","0.59","0.59"
"5","200","1","1","410","0.69","0.69"
"4","200","1","1","412","0.75","0.75"
"2","200","1","1","392","0.62","0.62"
"5","200","1","1","411","0.58","0.58"
"1","200","1","1","347","0.59","0.59"
"4","200","1","1","413","0.63","0.63"
"3","200","1","1","394","0.61","0.61"
"2","200","1","1","393","0.73","0.73"
"6","200","1","1","386","0.68","0.68"
"4","200","1","1","414","0.61","0.61"
"5","200","1","1","412","0.73","0.73"
"3","200","1","1","395","0.72","0.72"
"2","200","1","1","394","0.66","0.66"
"1","200","1","1","348","0.68","0.68"
"3","200","1","1","396","0.6","0.6"
"5","200","1","1","413","0.76","0.76"
"6","200","1","1","387","0.76","0.76"
"4","200","1","1","415","0.52","0.52"
"2","200","1","1","395","0.65","0.65"
"1","200","1","1","349","0.71","0.71"
"6","200","1","1","388","0.7","0.7"
"3","200","1","1","397","0.59","0.59"
"5","200","1","1","414","0.69","0.69"
"4","200","1","1","416","0.57","0.57"
"2","200","1","1","396","0.67","0.67"
"5","200","1","1","415","0.73","0.73"
"3","200","1","1","398","0.64","0.64"
"1","200","1","1","350","0.72","0.72"
"4","200","1","1","417","0.58","0.58"
"6","200","1","1","389","0.68","0.68"
"4","200","1","1","418","0.75","0.75"
"5","200","1","1","416","0.69","0.69"
"2","200","1","1","397","0.6","0.6"
"3","200","1","1","399","0.61","0.61"
"1","200","1","1","351","0.74","0.74"
"6","200","1","1","390","0.68","0.68"
"4","200","1","1","419","0.67","0.67"
"2","200","1","1","398","0.7","0.7"
"1","200","1","1","352","0.65","0.65"
"6","200","1","1","391","0.75","0.75"
"3","200","1","1","400","0.67","0.67"
"5","200","1","1","417","0.72","0.72"
"4","200","1","1","420","0.7","0.7"
"2","200","1","1","399","0.71","0.71"
"5","200","1","1","418","0.79","0.79"
"1","200","1","1","353","0.75","0.75"
"6","200","1","1","392","0.68","0.68"
"3","200","1","1","401","0.71","0.71"
"4","200","1","1","421","0.68","0.68"
"5","200","1","1","419","0.69","0.69"
"2","200","1","1","400","0.66","0.66"
"1","200","1","1","354","0.71","0.71"
"3","200","1","1","402","0.58","0.58"
"6","200","1","1","393","0.6","0.6"
"5","200","1","1","420","0.59","0.59"
"4","200","1","1","422","0.67","0.67"
"3","200","1","1","403","0.73","0.73"
"1","200","1","1","355","0.6","0.6"
"2","200","1","1","401","0.69","0.69"
"6","200","1","1","394","0.63","0.63"
"2","200","1","1","402","0.66","0.66"
"3","200","1","1","404","0.7","0.7"
"5","200","1","1","421","0.54","0.54"
"4","200","1","1","423","0.58","0.58"
"6","200","1","1","395","0.65","0.65"
"1","200","1","1","356","0.65","0.65"
"4","200","1","1","424","0.6","0.6"
"5","200","1","1","422","0.66","0.66"
"3","200","1","1","405","0.74","0.74"
"2","200","1","1","403","0.66","0.66"
"6","200","1","1","396","0.66","0.66"
"1","200","1","1","357","0.6","0.6"
"3","200","1","1","406","0.55","0.55"
"4","200","1","1","425","0.57","0.57"
"5","200","1","1","423","0.73","0.73"
"1","200","1","1","358","0.55","0.55"
"2","200","1","1","404","0.7","0.7"
"6","200","1","1","397","0.7","0.7"
"3","200","1","1","407","0.74","0.74"
"5","200","1","1","424","0.68","0.68"
"4","200","1","1","426","0.7","0.7"
"6","200","1","1","398","0.65","0.65"
"1","200","1","1","359","0.73","0.73"
"2","200","1","1","405","0.66","0.66"
"3","200","1","1","408","0.68","0.68"
"5","200","1","1","425","0.8","0.8"
"4","200","1","1","427","0.57","0.57"
"6","200","1","1","399","0.57","0.57"
"3","200","1","1","409","0.71","0.71"
"2","200","1","1","406","0.59","0.59"
"1","200","1","1","360","0.68","0.68"
"5","200","1","1","426","0.74","0.74"
"4","200","1","1","428","0.51","0.51"
"3","200","1","1","410","0.78","0.78"
"1","200","1","1","361","0.67","0.67"
"5","200","1","1","427","0.71","0.71"
"2","200","1","1","407","0.53","0.53"
"6","200","1","1","400","0.67","0.67"
"4","200","1","1","429","0.5","0.5"
"3","200","1","1","411","0.55","0.55"
"6","200","1","1","401","0.67","0.67"
"2","200","1","1","408","0.67","0.67"
"1","200","1","1","362","0.68","0.68"
"4","200","1","1","430","0.56","0.56"
"5","200","1","1","428","0.71","0.71"
"3","200","1","1","412","0.7","0.7"
"5","200","1","1","429","0.59","0.59"
"4","200","1","1","431","0.57","0.57"
"1","200","1","1","363","0.6","0.6"
"6","200","1","1","402","0.73","0.73"
"2","200","1","1","409","0.66","0.66"
"5","200","1","1","430","0.67","0.67"
"3","200","1","1","413","0.63","0.63"
"4","200","1","1","432","0.68","0.68"
"2","200","1","1","410","0.71","0.71"
"6","200","1","1","403","0.73","0.73"
"1","200","1","1","364","0.65","0.65"
"5","200","1","1","431","0.69","0.69"
"2","200","1","1","411","0.66","0.66"
"3","200","1","1","414","0.64","0.64"
"4","200","1","1","433","0.63","0.63"
"6","200","1","1","404","0.64","0.64"
"3","200","1","1","415","0.69","0.69"
"6","200","1","1","405","0.76","0.76"
"5","200","1","1","432","0.69","0.69"
"2","200","1","1","412","0.62","0.62"
"4","200","1","1","434","0.69","0.69"
"1","200","1","1","365","0.72","0.72"
"3","200","1","1","416","0.56","0.56"
"5","200","1","1","433","0.68","0.68"
"6","200","1","1","406","0.76","0.76"
"2","200","1","1","413","0.61","0.61"
"4","200","1","1","435","0.6","0.6"
"1","200","1","1","366","0.66","0.66"
"5","200","1","1","434","0.75","0.75"
"6","200","1","1","407","0.69","0.69"
"2","200","1","1","414","0.53","0.53"
"3","200","1","1","417","0.61","0.61"
"4","200","1","1","436","0.63","0.63"
"1","200","1","1","367","0.62","0.62"
"5","200","1","1","435","0.63","0.63"
"2","200","1","1","415","0.56","0.56"
"3","200","1","1","418","0.72","0.72"
"6","200","1","1","408","0.72","0.72"
"4","200","1","1","437","0.56","0.56"
"5","200","1","1","436","0.62","0.62"
"1","200","1","1","368","0.58","0.58"
"3","200","1","1","419","0.7","0.7"
"6","200","1","1","409","0.66","0.66"
"2","200","1","1","416","0.56","0.56"
"4","200","1","1","438","0.65","0.65"
"5","200","1","1","437","0.7","0.7"
"3","200","1","1","420","0.67","0.67"
"1","200","1","1","369","0.54","0.54"
"2","200","1","1","417","0.59","0.59"
"4","200","1","1","439","0.6","0.6"
"6","200","1","1","410","0.65","0.65"
"3","200","1","1","421","0.62","0.62"
"4","200","1","1","440","0.54","0.54"
"5","200","1","1","438","0.7","0.7"
"1","200","1","1","370","0.57","0.57"
"6","200","1","1","411","0.68","0.68"
"2","200","1","1","418","0.63","0.63"
"4","200","1","1","441","0.71","0.71"
"3","200","1","1","422","0.74","0.74"
"2","200","1","1","419","0.6","0.6"
"5","200","1","1","439","0.62","0.62"
"6","200","1","1","412","0.55","0.55"
"1","200","1","1","371","0.6","0.6"
"2","200","1","1","420","0.63","0.63"
"5","200","1","1","440","0.71","0.71"
"1","200","1","1","372","0.62","0.62"
"3","200","1","1","423","0.54","0.54"
"4","200","1","1","442","0.7","0.7"
"6","200","1","1","413","0.59","0.59"
"2","200","1","1","421","0.65","0.65"
"5","200","1","1","441","0.66","0.66"
"1","200","1","1","373","0.66","0.66"
"4","200","1","1","443","0.61","0.61"
"3","200","1","1","424","0.65","0.65"
"6","200","1","1","414","0.61","0.61"
"5","200","1","1","442","0.73","0.73"
"2","200","1","1","422","0.66","0.66"
"1","200","1","1","374","0.66","0.66"
"3","200","1","1","425","0.81","0.81"
"4","200","1","1","444","0.65","0.65"
"5","200","1","1","443","0.74","0.74"
"2","200","1","1","423","0.72","0.72"
"1","200","1","1","375","0.61","0.61"
"3","200","1","1","426","0.63","0.63"
"6","200","1","1","415","0.65","0.65"
"4","200","1","1","445","0.64","0.64"
"5","200","1","1","444","0.62","0.62"
"2","200","1","1","424","0.74","0.74"
"1","200","1","1","376","0.79","0.79"
"3","200","1","1","427","0.69","0.69"
"6","200","1","1","416","0.62","0.62"
"4","200","1","1","446","0.6","0.6"
"5","200","1","1","445","0.67","0.67"
"2","200","1","1","425","0.71","0.71"
"1","200","1","1","377","0.61","0.61"
"3","200","1","1","428","0.76","0.76"
"6","200","1","1","417","0.73","0.73"
"4","200","1","1","447","0.66","0.66"
"1","200","1","1","378","0.66","0.66"
"5","200","1","1","446","0.62","0.62"
"2","200","1","1","426","0.73","0.73"
"6","200","1","1","418","0.6","0.6"
"3","200","1","1","429","0.61","0.61"
"4","200","1","1","448","0.61","0.61"
"2","200","1","1","427","0.68","0.68"
"5","200","1","1","447","0.73","0.73"
"3","200","1","1","430","0.66","0.66"
"6","200","1","1","419","0.69","0.69"
"1","200","1","1","379","0.64","0.64"
"6","200","1","1","420","0.6","0.6"
"4","200","1","1","449","0.6","0.6"
"3","200","1","1","431","0.57","0.57"
"5","200","1","1","448","0.66","0.66"
"2","200","1","1","428","0.59","0.59"
"3","200","1","1","432","0.63","0.63"
"5","200","1","1","449","0.65","0.65"
"1","200","1","1","380","0.63","0.63"
"2","200","1","1","429","0.61","0.61"
"4","200","1","1","450","0.49","0.49"
"6","200","1","1","421","0.75","0.75"
"5","200","1","1","450","0.71","0.71"
"2","200","1","1","430","0.73","0.73"
"3","200","1","1","433","0.67","0.67"
"4","200","1","1","451","0.59","0.59"
"1","200","1","1","381","0.61","0.61"
"6","200","1","1","422","0.71","0.71"
"5","200","1","1","451","0.65","0.65"
"3","200","1","1","434","0.57","0.57"
"2","200","1","1","431","0.66","0.66"
"4","200","1","1","452","0.55","0.55"
"1","200","1","1","382","0.61","0.61"
"6","200","1","1","423","0.81","0.81"
"3","200","1","1","435","0.66","0.66"
"5","200","1","1","452","0.6","0.6"
"2","200","1","1","432","0.67","0.67"
"4","200","1","1","453","0.66","0.66"
"1","200","1","1","383","0.7","0.7"
"3","200","1","1","436","0.7","0.7"
"6","200","1","1","424","0.86","0.86"
"5","200","1","1","453","0.66","0.66"
"2","200","1","1","433","0.66","0.66"
"4","200","1","1","454","0.58","0.58"
"1","200","1","1","384","0.81","0.81"
"3","200","1","1","437","0.65","0.65"
"5","200","1","1","454","0.62","0.62"
"2","200","1","1","434","0.62","0.62"
"4","200","1","1","455","0.59","0.59"
"6","200","1","1","425","0.72","0.72"
"1","200","1","1","385","0.57","0.57"
"3","200","1","1","438","0.72","0.72"
"2","200","1","1","435","0.57","0.57"
"4","200","1","1","456","0.68","0.68"
"5","200","1","1","455","0.7","0.7"
"1","200","1","1","386","0.61","0.61"
"6","200","1","1","426","0.77","0.77"
"3","200","1","1","439","0.54","0.54"
"2","200","1","1","436","0.57","0.57"
"5","200","1","1","456","0.59","0.59"
"4","200","1","1","457","0.55","0.55"
"1","200","1","1","387","0.79","0.79"
"6","200","1","1","427","0.72","0.72"
"3","200","1","1","440","0.67","0.67"
"5","200","1","1","457","0.57","0.57"
"2","200","1","1","437","0.53","0.53"
"4","200","1","1","458","0.6","0.6"
"3","200","1","1","441","0.7","0.7"
"1","200","1","1","388","0.58","0.58"
"5","200","1","1","458","0.55","0.55"
"2","200","1","1","438","0.78","0.78"
"6","200","1","1","428","0.63","0.63"
"4","200","1","1","459","0.5","0.5"
"5","200","1","1","459","0.55","0.55"
"6","200","1","1","429","0.6","0.6"
"2","200","1","1","439","0.6","0.6"
"1","200","1","1","389","0.65","0.65"
"3","200","1","1","442","0.69","0.69"
"4","200","1","1","460","0.63","0.63"
"3","200","1","1","443","0.65","0.65"
"2","200","1","1","440","0.7","0.7"
"6","200","1","1","430","0.69","0.69"
"5","200","1","1","460","0.6","0.6"
"1","200","1","1","390","0.7","0.7"
"4","200","1","1","461","0.58","0.58"
"3","200","1","1","444","0.79","0.79"
"6","200","1","1","431","0.68","0.68"
"5","200","1","1","461","0.7","0.7"
"2","200","1","1","441","0.56","0.56"
"1","200","1","1","391","0.6","0.6"
"4","200","1","1","462","0.54","0.54"
"3","200","1","1","445","0.79","0.79"
"6","200","1","1","432","0.62","0.62"
"5","200","1","1","462","0.64","0.64"
"2","200","1","1","442","0.71","0.71"
"1","200","1","1","392","0.73","0.73"
"4","200","1","1","463","0.61","0.61"
"3","200","1","1","446","0.6","0.6"
"5","200","1","1","463","0.68","0.68"
"6","200","1","1","433","0.66","0.66"
"2","200","1","1","443","0.67","0.67"
"4","200","1","1","464","0.58","0.58"
"6","200","1","1","434","0.61","0.61"
"2","200","1","1","444","0.77","0.77"
"3","200","1","1","447","0.63","0.63"
"1","200","1","1","393","0.63","0.63"
"5","200","1","1","464","0.65","0.65"
"4","200","1","1","465","0.69","0.69"
"6","200","1","1","435","0.71","0.71"
"2","200","1","1","445","0.68","0.68"
"3","200","1","1","448","0.57","0.57"
"1","200","1","1","394","0.77","0.77"
"4","200","1","1","466","0.73","0.73"
"5","200","1","1","465","0.75","0.75"
"3","200","1","1","449","0.67","0.67"
"2","200","1","1","446","0.68","0.68"
"6","200","1","1","436","0.69","0.69"
"4","200","1","1","467","0.79","0.79"
"1","200","1","1","395","0.53","0.53"
"3","200","1","1","450","0.64","0.64"
"5","200","1","1","466","0.62","0.62"
"6","200","1","1","437","0.65","0.65"
"2","200","1","1","447","0.69","0.69"
"4","200","1","1","468","0.72","0.72"
"6","200","1","1","438","0.57","0.57"
"1","200","1","1","396","0.65","0.65"
"5","200","1","1","467","0.61","0.61"
"3","200","1","1","451","0.64","0.64"
"2","200","1","1","448","0.61","0.61"
"4","200","1","1","469","0.73","0.73"
"6","200","1","1","439","0.64","0.64"
"3","200","1","1","452","0.66","0.66"
"5","200","1","1","468","0.56","0.56"
"2","200","1","1","449","0.56","0.56"
"1","200","1","1","397","0.63","0.63"
"4","200","1","1","470","0.67","0.67"
"6","200","1","1","440","0.58","0.58"
"3","200","1","1","453","0.55","0.55"
"2","200","1","1","450","0.67","0.67"
"5","200","1","1","469","0.62","0.62"
"1","200","1","1","398","0.67","0.67"
"4","200","1","1","471","0.59","0.59"
"2","200","1","1","451","0.54","0.54"
"6","200","1","1","441","0.59","0.59"
"5","200","1","1","470","0.69","0.69"
"3","200","1","1","454","0.51","0.51"
"1","200","1","1","399","0.73","0.73"
"2","200","1","1","452","0.57","0.57"
"4","200","1","1","472","0.67","0.67"
"5","200","1","1","471","0.72","0.72"
"6","200","1","1","442","0.69","0.69"
"1","200","1","1","400","0.72","0.72"
"3","200","1","1","455","0.63","0.63"
"2","200","1","1","453","0.63","0.63"
"5","200","1","1","472","0.72","0.72"
"6","200","1","1","443","0.67","0.67"
"4","200","1","1","473","0.82","0.82"
"1","200","1","1","401","0.62","0.62"
"3","200","1","1","456","0.66","0.66"
"6","200","1","1","444","0.65","0.65"
"5","200","1","1","473","0.76","0.76"
"2","200","1","1","454","0.61","0.61"
"4","200","1","1","474","0.73","0.73"
"1","200","1","1","402","0.67","0.67"
"3","200","1","1","457","0.67","0.67"
"5","200","1","1","474","0.76","0.76"
"6","200","1","1","445","0.63","0.63"
"1","200","1","1","403","0.69","0.69"
"4","200","1","1","475","0.69","0.69"
"3","200","1","1","458","0.73","0.73"
"2","200","1","1","455","0.72","0.72"
"4","200","1","1","476","0.72","0.72"
"6","200","1","1","446","0.55","0.55"
"5","200","1","1","475","0.59","0.59"
"1","200","1","1","404","0.59","0.59"
"3","200","1","1","459","0.62","0.62"
"2","200","1","1","456","0.66","0.66"
"3","200","1","1","460","0.61","0.61"
"6","200","1","1","447","0.65","0.65"
"5","200","1","1","476","0.65","0.65"
"4","200","1","1","477","0.75","0.75"
"2","200","1","1","457","0.59","0.59"
"1","200","1","1","405","0.62","0.62"
"3","200","1","1","461","0.51","0.51"
"6","200","1","1","448","0.71","0.71"
"5","200","1","1","477","0.71","0.71"
"4","200","1","1","478","0.63","0.63"
"2","200","1","1","458","0.67","0.67"
"1","200","1","1","406","0.75","0.75"
"6","200","1","1","449","0.7","0.7"
"5","200","1","1","478","0.67","0.67"
"3","200","1","1","462","0.64","0.64"
"4","200","1","1","479","0.68","0.68"
"2","200","1","1","459","0.56","0.56"
"1","200","1","1","407","0.75","0.75"
"3","200","1","1","463","0.66","0.66"
"5","200","1","1","479","0.6","0.6"
"6","200","1","1","450","0.67","0.67"
"4","200","1","1","480","0.72","0.72"
"2","200","1","1","460","0.63","0.63"
"1","200","1","1","408","0.69","0.69"
"3","200","1","1","464","0.65","0.65"
"5","200","1","1","480","0.71","0.71"
"4","200","1","1","481","0.72","0.72"
"6","200","1","1","451","0.63","0.63"
"2","200","1","1","461","0.55","0.55"
"1","200","1","1","409","0.64","0.64"
"3","200","1","1","465","0.73","0.73"
"5","200","1","1","481","0.75","0.75"
"4","200","1","1","482","0.75","0.75"
"2","200","1","1","462","0.48","0.48"
"6","200","1","1","452","0.69","0.69"
"3","200","1","1","466","0.66","0.66"
"5","200","1","1","482","0.62","0.62"
"4","200","1","1","483","0.56","0.56"
"6","200","1","1","453","0.67","0.67"
"1","200","1","1","410","0.74","0.74"
"2","200","1","1","463","0.53","0.53"
"3","200","1","1","467","0.55","0.55"
"4","200","1","1","484","0.66","0.66"
"5","200","1","1","483","0.65","0.65"
"6","200","1","1","454","0.63","0.63"
"2","200","1","1","464","0.58","0.58"
"3","200","1","1","468","0.6","0.6"
"1","200","1","1","411","0.61","0.61"
"5","200","1","1","484","0.64","0.64"
"6","200","1","1","455","0.61","0.61"
"4","200","1","1","485","0.68","0.68"
"2","200","1","1","465","0.46","0.46"
"3","200","1","1","469","0.64","0.64"
"5","200","1","1","485","0.67","0.67"
"6","200","1","1","456","0.74","0.74"
"4","200","1","1","486","0.58","0.58"
"1","200","1","1","412","0.67","0.67"
"2","200","1","1","466","0.58","0.58"
"5","200","1","1","486","0.71","0.71"
"3","200","1","1","470","0.64","0.64"
"4","200","1","1","487","0.72","0.72"
"1","200","1","1","413","0.49","0.49"
"6","200","1","1","457","0.64","0.64"
"5","200","1","1","487","0.63","0.63"
"2","200","1","1","467","0.58","0.58"
"3","200","1","1","471","0.63","0.63"
"1","200","1","1","414","0.62","0.62"
"4","200","1","1","488","0.71","0.71"
"6","200","1","1","458","0.5","0.5"
"2","200","1","1","468","0.49","0.49"
"5","200","1","1","488","0.67","0.67"
"3","200","1","1","472","0.59","0.59"
"1","200","1","1","415","0.65","0.65"
"4","200","1","1","489","0.67","0.67"
"5","200","1","1","489","0.68","0.68"
"6","200","1","1","459","0.6","0.6"
"2","200","1","1","469","0.71","0.71"
"4","200","1","1","490","0.6","0.6"
"3","200","1","1","473","0.75","0.75"
"5","200","1","1","490","0.63","0.63"
"2","200","1","1","470","0.61","0.61"
"1","200","1","1","416","0.59","0.59"
"3","200","1","1","474","0.72","0.72"
"6","200","1","1","460","0.67","0.67"
"4","200","1","1","491","0.62","0.62"
"5","200","1","1","491","0.71","0.71"
"2","200","1","1","471","0.73","0.73"
"1","200","1","1","417","0.49","0.49"
"6","200","1","1","461","0.71","0.71"
"3","200","1","1","475","0.61","0.61"
"4","200","1","1","492","0.57","0.57"
"2","200","1","1","472","0.73","0.73"
"5","200","1","1","492","0.68","0.68"
"3","200","1","1","476","0.61","0.61"
"1","200","1","1","418","0.64","0.64"
"6","200","1","1","462","0.59","0.59"
"5","200","1","1","493","0.58","0.58"
"2","200","1","1","473","0.62","0.62"
"4","200","1","1","493","0.49","0.49"
"6","200","1","1","463","0.54","0.54"
"3","200","1","1","477","0.55","0.55"
"5","200","1","1","494","0.69","0.69"
"2","200","1","1","474","0.58","0.58"
"4","200","1","1","494","0.6","0.6"
"1","200","1","1","419","0.54","0.54"
"3","200","1","1","478","0.64","0.64"
"6","200","1","1","464","0.58","0.58"
"2","200","1","1","475","0.57","0.57"
"5","200","1","1","495","0.83","0.83"
"1","200","1","1","420","0.58","0.58"
"4","200","1","1","495","0.6","0.6"
"3","200","1","1","479","0.66","0.66"
"6","200","1","1","465","0.54","0.54"
"5","200","1","1","496","0.78","0.78"
"2","200","1","1","476","0.66","0.66"
"1","200","1","1","421","0.65","0.65"
"4","200","1","1","496","0.56","0.56"
"3","200","1","1","480","0.72","0.72"
"6","200","1","1","466","0.53","0.53"
"2","200","1","1","477","0.65","0.65"
"5","200","1","1","497","0.71","0.71"
"1","200","1","1","422","0.69","0.69"
"4","200","1","1","497","0.67","0.67"
"3","200","1","1","481","0.68","0.68"
"1","200","1","1","423","0.8","0.8"
"5","200","1","1","498","0.71","0.71"
"2","200","1","1","478","0.51","0.51"
"6","200","1","1","467","0.61","0.61"
"4","200","1","1","498","0.68","0.68"
"5","200","1","1","499","0.74","0.74"
"3","200","1","1","482","0.54","0.54"
"4","200","1","1","499","0.7","0.7"
"2","200","1","1","479","0.61","0.61"
"6","200","1","1","468","0.63","0.63"
"1","200","1","1","424","0.81","0.81"
"5","200","1","1","500","0.77","0.77"
"2","200","1","1","480","0.56","0.56"
"4","200","1","1","500","0.6","0.6"
"6","200","1","1","469","0.62","0.62"
"3","200","1","1","483","0.59","0.59"
"6","200","1","1","470","0.59","0.59"
"2","200","1","1","481","0.65","0.65"
"1","200","1","1","425","0.69","0.69"
"3","200","1","1","484","0.59","0.59"
"6","200","1","1","471","0.68","0.68"
"2","200","1","1","482","0.7","0.7"
"1","200","1","1","426","0.67","0.67"
"3","200","1","1","485","0.7","0.7"
"6","200","1","1","472","0.63","0.63"
"2","200","1","1","483","0.56","0.56"
"1","200","1","1","427","0.76","0.76"
"6","200","1","1","473","0.65","0.65"
"3","200","1","1","486","0.71","0.71"
"2","200","1","1","484","0.61","0.61"
"2","200","1","1","485","0.65","0.65"
"3","200","1","1","487","0.65","0.65"
"1","200","1","1","428","0.68","0.68"
"6","200","1","1","474","0.69","0.69"
"2","200","1","1","486","0.71","0.71"
"3","200","1","1","488","0.63","0.63"
"1","200","1","1","429","0.71","0.71"
"6","200","1","1","475","0.56","0.56"
"2","200","1","1","487","0.72","0.72"
"3","200","1","1","489","0.61","0.61"
"8","200","1","1","0","0","0"
"7","200","1","1","0","0","0"
"6","200","1","1","476","0.48","0.48"
"1","200","1","1","430","0.6","0.6"
"8","200","1","1","1","0.73","0.73"
"2","200","1","1","488","0.69","0.69"
"7","200","1","1","1","0.61","0.61"
"8","200","1","1","2","0.74","0.74"
"3","200","1","1","490","0.65","0.65"
"7","200","1","1","2","0.66","0.66"
"6","200","1","1","477","0.61","0.61"
"1","200","1","1","431","0.65","0.65"
"8","200","1","1","3","0.62","0.62"
"2","200","1","1","489","0.71","0.71"
"7","200","1","1","3","0.69","0.69"
"8","200","1","1","4","0.54","0.54"
"3","200","1","1","491","0.64","0.64"
"7","200","1","1","4","0.72","0.72"
"6","200","1","1","478","0.6","0.6"
"1","200","1","1","432","0.64","0.64"
"2","200","1","1","490","0.71","0.71"
"8","200","1","1","5","0.74","0.74"
"7","200","1","1","5","0.63","0.63"
"3","200","1","1","492","0.61","0.61"
"7","200","1","1","6","0.6","0.6"
"8","200","1","1","6","0.71","0.71"
"6","200","1","1","479","0.6","0.6"
"1","200","1","1","433","0.67","0.67"
"2","200","1","1","491","0.74","0.74"
"7","200","1","1","7","0.63","0.63"
"3","200","1","1","493","0.67","0.67"
"8","200","1","1","7","0.65","0.65"
"7","200","1","1","8","0.59","0.59"
"6","200","1","1","480","0.54","0.54"
"8","200","1","1","8","0.5","0.5"
"1","200","1","1","434","0.62","0.62"
"7","200","1","1","9","0.62","0.62"
"8","200","1","1","9","0.62","0.62"
"2","200","1","1","492","0.8","0.8"
"3","200","1","1","494","0.66","0.66"
"7","200","1","1","10","0.6","0.6"
"6","200","1","1","481","0.53","0.53"
"1","200","1","1","435","0.6","0.6"
"8","200","1","1","10","0.53","0.53"
"7","200","1","1","11","0.67","0.67"
"2","200","1","1","493","0.8","0.8"
"8","200","1","1","11","0.66","0.66"
"3","200","1","1","495","0.62","0.62"
"6","200","1","1","482","0.6","0.6"
"1","200","1","1","436","0.61","0.61"
"7","200","1","1","12","0.67","0.67"
"8","200","1","1","12","0.63","0.63"
"2","200","1","1","494","0.68","0.68"
"7","200","1","1","13","0.73","0.73"
"8","200","1","1","13","0.69","0.69"
"3","200","1","1","496","0.58","0.58"
"6","200","1","1","483","0.54","0.54"
"1","200","1","1","437","0.59","0.59"
"8","200","1","1","14","0.7","0.7"
"7","200","1","1","14","0.77","0.77"
"8","200","1","1","15","0.55","0.55"
"7","200","1","1","15","0.69","0.69"
"2","200","1","1","495","0.66","0.66"
"6","200","1","1","484","0.53","0.53"
"3","200","1","1","497","0.63","0.63"
"1","200","1","1","438","0.66","0.66"
"8","200","1","1","16","0.69","0.69"
"7","200","1","1","16","0.74","0.74"
"2","200","1","1","496","0.68","0.68"
"8","200","1","1","17","0.5","0.5"
"7","200","1","1","17","0.7","0.7"
"6","200","1","1","485","0.58","0.58"
"1","200","1","1","439","0.65","0.65"
"3","200","1","1","498","0.58","0.58"
"8","200","1","1","18","0.63","0.63"
"7","200","1","1","18","0.77","0.77"
"2","200","1","1","497","0.63","0.63"
"8","200","1","1","19","0.52","0.52"
"7","200","1","1","19","0.57","0.57"
"3","200","1","1","499","0.65","0.65"
"1","200","1","1","440","0.61","0.61"
"6","200","1","1","486","0.64","0.64"
"7","200","1","1","20","0.52","0.52"
"8","200","1","1","20","0.56","0.56"
"2","200","1","1","498","0.76","0.76"
"3","200","1","1","500","0.62","0.62"
"8","200","1","1","21","0.62","0.62"
"7","200","1","1","21","0.62","0.62"
"6","200","1","1","487","0.64","0.64"
"1","200","1","1","441","0.66","0.66"
"7","200","1","1","22","0.52","0.52"
"8","200","1","1","22","0.62","0.62"
"2","200","1","1","499","0.56","0.56"
"7","200","1","1","23","0.58","0.58"
"8","200","1","1","23","0.68","0.68"
"6","200","1","1","488","0.69","0.69"
"9","200","1","1","0","0","0"
"7","200","1","1","24","0.7","0.7"
"8","200","1","1","24","0.68","0.68"
"1","200","1","1","442","0.75","0.75"
"2","200","1","1","500","0.61","0.61"
"6","200","1","1","489","0.59","0.59"
"7","200","1","1","25","0.62","0.62"
"8","200","1","1","25","0.71","0.71"
"9","200","1","1","1","0.61","0.61"
"8","200","1","1","26","0.68","0.68"
"7","200","1","1","26","0.58","0.58"
"1","200","1","1","443","0.71","0.71"
"9","200","1","1","2","0.62","0.62"
"6","200","1","1","490","0.61","0.61"
"7","200","1","1","27","0.68","0.68"
"8","200","1","1","27","0.68","0.68"
"10","200","1","1","0","0","0"
"9","200","1","1","3","0.63","0.63"
"7","200","1","1","28","0.62","0.62"
"8","200","1","1","28","0.64","0.64"
"1","200","1","1","444","0.69","0.69"
"9","200","1","1","4","0.56","0.56"
"10","200","1","1","1","0.73","0.73"
"6","200","1","1","491","0.5","0.5"
"7","200","1","1","29","0.73","0.73"
"9","200","1","1","5","0.64","0.64"
"8","200","1","1","29","0.74","0.74"
"10","200","1","1","2","0.75","0.75"
"7","200","1","1","30","0.67","0.67"
"8","200","1","1","30","0.64","0.64"
"1","200","1","1","445","0.71","0.71"
"9","200","1","1","6","0.67","0.67"
"10","200","1","1","3","0.69","0.69"
"6","200","1","1","492","0.64","0.64"
"7","200","1","1","31","0.61","0.61"
"8","200","1","1","31","0.66","0.66"
"9","200","1","1","7","0.64","0.64"
"10","200","1","1","4","0.67","0.67"
"7","200","1","1","32","0.6","0.6"
"8","200","1","1","32","0.55","0.55"
"9","200","1","1","8","0.61","0.61"
"1","200","1","1","446","0.68","0.68"
"7","200","1","1","33","0.68","0.68"
"10","200","1","1","5","0.54","0.54"
"6","200","1","1","493","0.62","0.62"
"9","200","1","1","9","0.65","0.65"
"8","200","1","1","33","0.72","0.72"
"10","200","1","1","6","0.53","0.53"
"9","200","1","1","10","0.66","0.66"
"7","200","1","1","34","0.67","0.67"
"8","200","1","1","34","0.6","0.6"
"1","200","1","1","447","0.63","0.63"
"10","200","1","1","7","0.65","0.65"
"9","200","1","1","11","0.53","0.53"
"7","200","1","1","35","0.75","0.75"
"6","200","1","1","494","0.7","0.7"
"8","200","1","1","35","0.73","0.73"
"10","200","1","1","8","0.6","0.6"
"7","200","1","1","36","0.58","0.58"
"9","200","1","1","12","0.61","0.61"
"1","200","1","1","448","0.71","0.71"
"8","200","1","1","36","0.58","0.58"
"6","200","1","1","495","0.61","0.61"
"10","200","1","1","9","0.63","0.63"
"9","200","1","1","13","0.69","0.69"
"7","200","1","1","37","0.67","0.67"
"8","200","1","1","37","0.56","0.56"
"10","200","1","1","10","0.67","0.67"
"9","200","1","1","14","0.72","0.72"
"7","200","1","1","38","0.5","0.5"
"1","200","1","1","449","0.63","0.63"
"9","200","1","1","15","0.59","0.59"
"10","200","1","1","11","0.57","0.57"
"6","200","1","1","496","0.66","0.66"
"8","200","1","1","38","0.61","0.61"
"7","200","1","1","39","0.62","0.62"
"9","200","1","1","16","0.7","0.7"
"8","200","1","1","39","0.51","0.51"
"10","200","1","1","12","0.64","0.64"
"7","200","1","1","40","0.6","0.6"
"9","200","1","1","17","0.68","0.68"
"1","200","1","1","450","0.6","0.6"
"8","200","1","1","40","0.54","0.54"
"10","200","1","1","13","0.73","0.73"
"6","200","1","1","497","0.65","0.65"
"7","200","1","1","41","0.65","0.65"
"9","200","1","1","18","0.59","0.59"
"8","200","1","1","41","0.64","0.64"
"10","200","1","1","14","0.65","0.65"
"7","200","1","1","42","0.71","0.71"
"1","200","1","1","451","0.71","0.71"
"8","200","1","1","42","0.65","0.65"
"9","200","1","1","19","0.7","0.7"
"10","200","1","1","15","0.65","0.65"
"6","200","1","1","498","0.61","0.61"
"7","200","1","1","43","0.57","0.57"
"10","200","1","1","16","0.58","0.58"
"7","200","1","1","44","0.68","0.68"
"9","200","1","1","20","0.66","0.66"
"8","200","1","1","43","0.74","0.74"
"1","200","1","1","452","0.77","0.77"
"6","200","1","1","499","0.59","0.59"
"10","200","1","1","17","0.75","0.75"
"7","200","1","1","45","0.53","0.53"
"9","200","1","1","21","0.57","0.57"
"8","200","1","1","44","0.6","0.6"
"9","200","1","1","22","0.61","0.61"
"10","200","1","1","18","0.62","0.62"
"7","200","1","1","46","0.7","0.7"
"1","200","1","1","453","0.82","0.82"
"8","200","1","1","45","0.67","0.67"
"6","200","1","1","500","0.53","0.53"
"9","200","1","1","23","0.65","0.65"
"10","200","1","1","19","0.64","0.64"
"7","200","1","1","47","0.58","0.58"
"8","200","1","1","46","0.67","0.67"
"10","200","1","1","20","0.62","0.62"
"7","200","1","1","48","0.67","0.67"
"9","200","1","1","24","0.57","0.57"
"1","200","1","1","454","0.73","0.73"
"10","200","1","1","21","0.65","0.65"
"8","200","1","1","47","0.62","0.62"
"7","200","1","1","49","0.63","0.63"
"9","200","1","1","25","0.65","0.65"
"11","200","1","2","0","0","0"
"9","200","1","1","26","0.62","0.62"
"7","200","1","1","50","0.65","0.65"
"11","200","1","2","1","0.9545454545454546","0.47368421052631576"
"1","200","1","1","455","0.69","0.69"
"10","200","1","1","22","0.61","0.61"
"8","200","1","1","48","0.57","0.57"
"9","200","1","1","27","0.56","0.56"
"11","200","1","2","2","1.0757575757575757","0.5338345864661654"
"7","200","1","1","51","0.5","0.5"
"8","200","1","1","49","0.62","0.62"
"10","200","1","1","23","0.67","0.67"
"9","200","1","1","28","0.6","0.6"
"11","200","1","2","3","1.0909090909090908","0.5413533834586466"
"7","200","1","1","52","0.53","0.53"
"10","200","1","1","24","0.68","0.68"
"8","200","1","1","50","0.58","0.58"
"9","200","1","1","29","0.6","0.6"
"11","200","1","2","4","0.803030303030303","0.39849624060150374"
"10","200","1","1","25","0.71","0.71"
"1","200","1","1","456","0.69","0.69"
"7","200","1","1","53","0.6","0.6"
"8","200","1","1","51","0.69","0.69"
"9","200","1","1","30","0.53","0.53"
"11","200","1","2","5","0.9696969696969697","0.48120300751879697"
"7","200","1","1","54","0.55","0.55"
"10","200","1","1","26","0.74","0.74"
"9","200","1","1","31","0.66","0.66"
"8","200","1","1","52","0.78","0.78"
"11","200","1","2","6","1.0606060606060606","0.5263157894736842"
"1","200","1","1","457","0.73","0.73"
"7","200","1","1","55","0.52","0.52"
"9","200","1","1","32","0.7","0.7"
"8","200","1","1","53","0.75","0.75"
"10","200","1","1","27","0.69","0.69"
"11","200","1","2","7","1.0151515151515151","0.5037593984962406"
"9","200","1","1","33","0.5","0.5"
"7","200","1","1","56","0.66","0.66"
"10","200","1","1","28","0.62","0.62"
"8","200","1","1","54","0.75","0.75"
"11","200","1","2","8","0.7878787878787878","0.39097744360902253"
"1","200","1","1","458","0.71","0.71"
"9","200","1","1","34","0.6","0.6"
"7","200","1","1","57","0.69","0.69"
"10","200","1","1","29","0.58","0.58"
"8","200","1","1","55","0.79","0.79"
"11","200","1","2","9","0.9393939393939394","0.46616541353383456"
"9","200","1","1","35","0.69","0.69"
"7","200","1","1","58","0.56","0.56"
"10","200","1","1","30","0.65","0.65"
"11","200","1","2","10","0.9696969696969697","0.48120300751879697"
"8","200","1","1","56","0.79","0.79"
"1","200","1","1","459","0.59","0.59"
"9","200","1","1","36","0.62","0.62"
"11","200","1","2","11","0.9848484848484849","0.48872180451127817"
"10","200","1","1","31","0.64","0.64"
"7","200","1","1","59","0.55","0.55"
"8","200","1","1","57","0.72","0.72"
"9","200","1","1","37","0.59","0.59"
"10","200","1","1","32","0.74","0.74"
"11","200","1","2","12","0.8484848484848485","0.42105263157894735"
"7","200","1","1","60","0.48","0.48"
"8","200","1","1","58","0.74","0.74"
"9","200","1","1","38","0.64","0.64"
"1","200","1","1","460","0.65","0.65"
"11","200","1","2","13","0.7878787878787878","0.39097744360902253"
"10","200","1","1","33","0.58","0.58"
"7","200","1","1","61","0.54","0.54"
"8","200","1","1","59","0.71","0.71"
"9","200","1","1","39","0.64","0.64"
"11","200","1","2","14","0.8636363636363636","0.42857142857142855"
"1","200","1","1","461","0.57","0.57"
"7","200","1","1","62","0.64","0.64"
"10","200","1","1","34","0.53","0.53"
"8","200","1","1","60","0.69","0.69"
"9","200","1","1","40","0.77","0.77"
"9","200","1","1","41","0.67","0.67"
"7","200","1","1","63","0.58","0.58"
"10","200","1","1","35","0.65","0.65"
"8","200","1","1","61","0.66","0.66"
"11","200","1","2","15","0.7878787878787878","0.39097744360902253"
"9","200","1","1","42","0.77","0.77"
"10","200","1","1","36","0.65","0.65"
"7","200","1","1","64","0.66","0.66"
"11","200","1","2","16","0.8333333333333334","0.41353383458646614"
"8","200","1","1","62","0.67","0.67"
"1","200","1","1","462","0.53","0.53"
"9","200","1","1","43","0.7","0.7"
"11","200","1","2","17","1.0303030303030303","0.5112781954887218"
"7","200","1","1","65","0.7","0.7"
"8","200","1","1","63","0.67","0.67"
"10","200","1","1","37","0.7","0.7"
"10","200","1","1","38","0.63","0.63"
"9","200","1","1","44","0.69","0.69"
"11","200","1","2","18","0.9393939393939394","0.46616541353383456"
"8","200","1","1","64","0.78","0.78"
"7","200","1","1","66","0.67","0.67"
"1","200","1","1","463","0.68","0.68"
"10","200","1","1","39","0.58","0.58"
"9","200","1","1","45","0.74","0.74"
"11","200","1","2","19","0.8484848484848485","0.42105263157894735"
"8","200","1","1","65","0.61","0.61"
"7","200","1","1","67","0.6","0.6"
"10","200","1","1","40","0.59","0.59"
"1","200","1","1","464","0.74","0.74"
"9","200","1","1","46","0.71","0.71"
"7","200","1","1","68","0.64","0.64"
"11","200","1","2","20","1.0606060606060606","0.5263157894736842"
"8","200","1","1","66","0.63","0.63"
"10","200","1","1","41","0.67","0.67"
"9","200","1","1","47","0.66","0.66"
"7","200","1","1","69","0.67","0.67"
"11","200","1","2","21","1","0.49624060150375937"
"1","200","1","1","465","0.62","0.62"
"8","200","1","1","67","0.66","0.66"
"9","200","1","1","48","0.6","0.6"
"10","200","1","1","42","0.65","0.65"
"7","200","1","1","70","0.66","0.66"
"11","200","1","2","22","0.9545454545454546","0.47368421052631576"
"8","200","1","1","68","0.53","0.53"
"10","200","1","1","43","0.53","0.53"
"9","200","1","1","49","0.63","0.63"
"7","200","1","1","71","0.76","0.76"
"1","200","1","1","466","0.65","0.65"
"11","200","1","2","23","0.8484848484848485","0.42105263157894735"
"8","200","1","1","69","0.56","0.56"
"9","200","1","1","50","0.7","0.7"
"10","200","1","1","44","0.79","0.79"
"7","200","1","1","72","0.69","0.69"
"8","200","1","1","70","0.63","0.63"
"11","200","1","2","24","0.8484848484848485","0.42105263157894735"
"10","200","1","1","45","0.67","0.67"
"9","200","1","1","51","0.6","0.6"
"1","200","1","1","467","0.49","0.49"
"11","200","1","2","25","0.7424242424242424","0.3684210526315789"
"8","200","1","1","71","0.62","0.62"
"7","200","1","1","73","0.67","0.67"
"10","200","1","1","46","0.67","0.67"
"9","200","1","1","52","0.78","0.78"
"8","200","1","1","72","0.53","0.53"
"9","200","1","1","53","0.6","0.6"
"10","200","1","1","47","0.58","0.58"
"7","200","1","1","74","0.54","0.54"
"11","200","1","2","26","0.8484848484848485","0.42105263157894735"
"1","200","1","1","468","0.47","0.47"
"8","200","1","1","73","0.74","0.74"
"9","200","1","1","54","0.65","0.65"
"7","200","1","1","75","0.48","0.48"
"10","200","1","1","48","0.63","0.63"
"11","200","1","2","27","0.9545454545454546","0.47368421052631576"
"10","200","1","1","49","0.51","0.51"
"8","200","1","1","74","0.66","0.66"
"9","200","1","1","55","0.65","0.65"
"7","200","1","1","76","0.65","0.65"
"11","200","1","2","28","0.9393939393939394","0.46616541353383456"
"10","200","1","1","50","0.56","0.56"
"1","200","1","1","469","0.62","0.62"
"8","200","1","1","75","0.62","0.62"
"9","200","1","1","56","0.76","0.76"
"7","200","1","1","77","0.55","0.55"
"11","200","1","2","29","1.0606060606060606","0.5263157894736842"
"10","200","1","1","51","0.64","0.64"
"9","200","1","1","57","0.75","0.75"
"8","200","1","1","76","0.55","0.55"
"7","200","1","1","78","0.63","0.63"
"8","200","1","1","77","0.66","0.66"
"11","200","1","2","30","1.0757575757575757","0.5338345864661654"
"1","200","1","1","470","0.52","0.52"
"10","200","1","1","52","0.64","0.64"
"9","200","1","1","58","0.72","0.72"
"7","200","1","1","79","0.54","0.54"
"11","200","1","2","31","0.9090909090909091","0.45112781954887216"
"9","200","1","1","59","0.68","0.68"
"8","200","1","1","78","0.58","0.58"
"10","200","1","1","53","0.62","0.62"
"7","200","1","1","80","0.59","0.59"
"11","200","1","2","32","0.8484848484848485","0.42105263157894735"
"9","200","1","1","60","0.74","0.74"
"8","200","1","1","79","0.56","0.56"
"1","200","1","1","471","0.71","0.71"
"10","200","1","1","54","0.6","0.6"
"11","200","1","2","33","0.9393939393939394","0.46616541353383456"
"7","200","1","1","81","0.57","0.57"
"9","200","1","1","61","0.64","0.64"
"10","200","1","1","55","0.75","0.75"
"8","200","1","1","80","0.71","0.71"
"11","200","1","2","34","0.7121212121212122","0.3533834586466165"
"7","200","1","1","82","0.56","0.56"
"9","200","1","1","62","0.69","0.69"
"10","200","1","1","56","0.75","0.75"
"8","200","1","1","81","0.75","0.75"
"11","200","1","2","35","0.8484848484848485","0.42105263157894735"
"7","200","1","1","83","0.56","0.56"
"9","200","1","1","63","0.63","0.63"
"10","200","1","1","57","0.63","0.63"
"8","200","1","1","82","0.68","0.68"
"1","200","1","1","472","0.66","0.66"
"11","200","1","2","36","0.7727272727272727","0.38345864661654133"
"9","200","1","1","64","0.65","0.65"
"7","200","1","1","84","0.61","0.61"
"10","200","1","1","58","0.73","0.73"
"8","200","1","1","83","0.72","0.72"
"11","200","1","2","37","0.7727272727272727","0.38345864661654133"
"9","200","1","1","65","0.69","0.69"
"7","200","1","1","85","0.65","0.65"
"10","200","1","1","59","0.68","0.68"
"8","200","1","1","84","0.69","0.69"
"1","200","1","1","473","0.6","0.6"
"10","200","1","1","60","0.72","0.72"
"9","200","1","1","66","0.69","0.69"
"7","200","1","1","86","0.5","0.5"
"11","200","1","2","38","0.9696969696969697","0.48120300751879697"
"8","200","1","1","85","0.75","0.75"
"7","200","1","1","87","0.58","0.58"
"10","200","1","1","61","0.73","0.73"
"9","200","1","1","67","0.51","0.51"
"11","200","1","2","39","0.8939393939393939","0.44360902255639095"
"1","200","1","1","474","0.72","0.72"
"8","200","1","1","86","0.67","0.67"
"7","200","1","1","88","0.67","0.67"
"10","200","1","1","62","0.62","0.62"
"11","200","1","2","40","0.7575757575757576","0.37593984962406013"
"7","200","1","1","89","0.59","0.59"
"9","200","1","1","68","0.53","0.53"
"8","200","1","1","87","0.76","0.76"
"1","200","1","1","475","0.65","0.65"
"8","200","1","1","88","0.6","0.6"
"10","200","1","1","63","0.66","0.66"
"11","200","1","2","41","0.8333333333333334","0.41353383458646614"
"9","200","1","1","69","0.6","0.6"
"7","200","1","1","90","0.63","0.63"
"8","200","1","1","89","0.72","0.72"
"10","200","1","1","64","0.63","0.63"
"9","200","1","1","70","0.64","0.64"
"7","200","1","1","91","0.54","0.54"
"11","200","1","2","42","0.9848484848484849","0.48872180451127817"
"1","200","1","1","476","0.64","0.64"
"9","200","1","1","71","0.59","0.59"
"8","200","1","1","90","0.63","0.63"
"10","200","1","1","65","0.6","0.6"
"7","200","1","1","92","0.65","0.65"
"11","200","1","2","43","0.9393939393939394","0.46616541353383456"
"8","200","1","1","91","0.67","0.67"
"9","200","1","1","72","0.65","0.65"
"10","200","1","1","66","0.64","0.64"
"11","200","1","2","44","0.8787878787878788","0.43609022556390975"
"7","200","1","1","93","0.69","0.69"
"1","200","1","1","477","0.74","0.74"
"9","200","1","1","73","0.62","0.62"
"8","200","1","1","92","0.66","0.66"
"10","200","1","1","67","0.61","0.61"
"11","200","1","2","45","0.7727272727272727","0.38345864661654133"
"9","200","1","1","74","0.66","0.66"
"8","200","1","1","93","0.61","0.61"
"7","200","1","1","94","0.61","0.61"
"10","200","1","1","68","0.66","0.66"
"11","200","1","2","46","0.803030303030303","0.39849624060150374"
"1","200","1","1","478","0.64","0.64"
"8","200","1","1","94","0.66","0.66"
"9","200","1","1","75","0.62","0.62"
"7","200","1","1","95","0.59","0.59"
"10","200","1","1","69","0.64","0.64"
"11","200","1","2","47","0.8484848484848485","0.42105263157894735"
"9","200","1","1","76","0.59","0.59"
"8","200","1","1","95","0.69","0.69"
"7","200","1","1","96","0.72","0.72"
"11","200","1","2","48","0.8939393939393939","0.44360902255639095"
"10","200","1","1","70","0.6","0.6"
"1","200","1","1","479","0.57","0.57"
"9","200","1","1","77","0.63","0.63"
"8","200","1","1","96","0.74","0.74"
"7","200","1","1","97","0.65","0.65"
"10","200","1","1","71","0.58","0.58"
"11","200","1","2","49","1","0.49624060150375937"
"9","200","1","1","78","0.74","0.74"
"8","200","1","1","97","0.71","0.71"
"7","200","1","1","98","0.76","0.76"
"11","200","1","2","50","0.7424242424242424","0.3684210526315789"
"1","200","1","1","480","0.65","0.65"
"9","200","1","1","79","0.58","0.58"
"10","200","1","1","72","0.68","0.68"
"8","200","1","1","98","0.58","0.58"
"7","200","1","1","99","0.73","0.73"
"11","200","1","2","51","0.9393939393939394","0.46616541353383456"
"10","200","1","1","73","0.63","0.63"
"9","200","1","1","80","0.69","0.69"
"8","200","1","1","99","0.6","0.6"
"7","200","1","1","100","0.61","0.61"
"1","200","1","1","481","0.67","0.67"
"10","200","1","1","74","0.68","0.68"
"11","200","1","2","52","0.8787878787878788","0.43609022556390975"
"9","200","1","1","81","0.53","0.53"
"8","200","1","1","100","0.52","0.52"
"7","200","1","1","101","0.67","0.67"
"10","200","1","1","75","0.65","0.65"
"9","200","1","1","82","0.69","0.69"
"11","200","1","2","53","0.6515151515151515","0.3233082706766917"
"1","200","1","1","482","0.63","0.63"
"8","200","1","1","101","0.54","0.54"
"7","200","1","1","102","0.64","0.64"
"10","200","1","1","76","0.66","0.66"
"9","200","1","1","83","0.61","0.61"
"11","200","1","2","54","0.9242424242424242","0.45864661654135336"
"8","200","1","1","102","0.62","0.62"
"7","200","1","1","103","0.65","0.65"
"10","200","1","1","77","0.56","0.56"
"9","200","1","1","84","0.58","0.58"
"1","200","1","1","483","0.61","0.61"
"11","200","1","2","55","0.6818181818181818","0.3383458646616541"
"8","200","1","1","103","0.62","0.62"
"9","200","1","1","85","0.55","0.55"
"7","200","1","1","104","0.64","0.64"
"10","200","1","1","78","0.63","0.63"
"11","200","1","2","56","0.8636363636363636","0.42857142857142855"
"8","200","1","1","104","0.68","0.68"
"1","200","1","1","484","0.6","0.6"
"9","200","1","1","86","0.5","0.5"
"7","200","1","1","105","0.57","0.57"
"10","200","1","1","79","0.59","0.59"
"8","200","1","1","105","0.71","0.71"
"11","200","1","2","57","0.7424242424242424","0.3684210526315789"
"9","200","1","1","87","0.71","0.71"
"10","200","1","1","80","0.62","0.62"
"7","200","1","1","106","0.65","0.65"
"9","200","1","1","88","0.62","0.62"
"1","200","1","1","485","0.67","0.67"
"11","200","1","2","58","0.8333333333333334","0.41353383458646614"
"8","200","1","1","106","0.71","0.71"
"10","200","1","1","81","0.68","0.68"
"7","200","1","1","107","0.67","0.67"
"9","200","1","1","89","0.6","0.6"
"8","200","1","1","107","0.59","0.59"
"11","200","1","2","59","0.696969696969697","0.3458646616541353"
"9","200","1","1","90","0.64","0.64"
"10","200","1","1","82","0.78","0.78"
"7","200","1","1","108","0.68","0.68"
"1","200","1","1","486","0.58","0.58"
"10","200","1","1","83","0.6","0.6"
"7","200","1","1","109","0.68","0.68"
"9","200","1","1","91","0.69","0.69"
"11","200","1","2","60","0.5303030303030303","0.2631578947368421"
"8","200","1","1","108","0.49","0.49"
"9","200","1","1","92","0.67","0.67"
"7","200","1","1","110","0.7","0.7"
"11","200","1","2","61","0.8333333333333334","0.41353383458646614"
"10","200","1","1","84","0.75","0.75"
"8","200","1","1","109","0.75","0.75"
"9","200","1","1","93","0.57","0.57"
"1","200","1","1","487","0.72","0.72"
"10","200","1","1","85","0.61","0.61"
"11","200","1","2","62","0.9242424242424242","0.45864661654135336"
"8","200","1","1","110","0.69","0.69"
"7","200","1","1","111","0.71","0.71"
"9","200","1","1","94","0.66","0.66"
"11","200","1","2","63","0.7272727272727273","0.3609022556390977"
"10","200","1","1","86","0.63","0.63"
"8","200","1","1","111","0.71","0.71"
"7","200","1","1","112","0.7","0.7"
"9","200","1","1","95","0.63","0.63"
"11","200","1","2","64","0.8484848484848485","0.42105263157894735"
"10","200","1","1","87","0.5","0.5"
"7","200","1","1","113","0.6","0.6"
"8","200","1","1","112","0.82","0.82"
"9","200","1","1","96","0.6","0.6"
"1","200","1","1","488","0.71","0.71"
"11","200","1","2","65","0.9393939393939394","0.46616541353383456"
"10","200","1","1","88","0.58","0.58"
"7","200","1","1","114","0.55","0.55"
"8","200","1","1","113","0.69","0.69"
"9","200","1","1","97","0.6","0.6"
"11","200","1","2","66","0.803030303030303","0.39849624060150374"
"10","200","1","1","89","0.6","0.6"
"7","200","1","1","115","0.69","0.69"
"8","200","1","1","114","0.61","0.61"
"1","200","1","1","489","0.71","0.71"
"9","200","1","1","98","0.61","0.61"
"11","200","1","2","67","0.9696969696969697","0.48120300751879697"
"10","200","1","1","90","0.61","0.61"
"7","200","1","1","116","0.59","0.59"
"9","200","1","1","99","0.62","0.62"
"11","200","1","2","68","1.0606060606060606","0.5263157894736842"
"8","200","1","1","115","0.66","0.66"
"10","200","1","1","91","0.6","0.6"
"1","200","1","1","490","0.73","0.73"
"7","200","1","1","117","0.7","0.7"
"9","200","1","1","100","0.49","0.49"
"11","200","1","2","69","0.8484848484848485","0.42105263157894735"
"8","200","1","1","116","0.75","0.75"
"10","200","1","1","92","0.67","0.67"
"9","200","1","1","101","0.6","0.6"
"7","200","1","1","118","0.66","0.66"
"11","200","1","2","70","1.0909090909090908","0.5413533834586466"
"10","200","1","1","93","0.56","0.56"
"1","200","1","1","491","0.7","0.7"
"8","200","1","1","117","0.63","0.63"
"9","200","1","1","102","0.67","0.67"
"7","200","1","1","119","0.53","0.53"
"11","200","1","2","71","0.9242424242424242","0.45864661654135336"
"10","200","1","1","94","0.67","0.67"
"8","200","1","1","118","0.65","0.65"
"9","200","1","1","103","0.61","0.61"
"7","200","1","1","120","0.55","0.55"
"11","200","1","2","72","1.121212121212121","0.556390977443609"
"10","200","1","1","95","0.65","0.65"
"1","200","1","1","492","0.7","0.7"
"8","200","1","1","119","0.66","0.66"
"9","200","1","1","104","0.69","0.69"
"11","200","1","2","73","1.0151515151515151","0.5037593984962406"
"7","200","1","1","121","0.55","0.55"
"10","200","1","1","96","0.69","0.69"
"8","200","1","1","120","0.63","0.63"
"9","200","1","1","105","0.58","0.58"
"11","200","1","2","74","0.8484848484848485","0.42105263157894735"
"1","200","1","1","493","0.74","0.74"
"7","200","1","1","122","0.65","0.65"
"10","200","1","1","97","0.54","0.54"
"11","200","1","2","75","0.8181818181818182","0.40601503759398494"
"9","200","1","1","106","0.62","0.62"
"8","200","1","1","121","0.79","0.79"
"7","200","1","1","123","0.75","0.75"
"11","200","1","2","76","0.9848484848484849","0.48872180451127817"
"10","200","1","1","98","0.56","0.56"
"1","200","1","1","494","0.73","0.73"
"8","200","1","1","122","0.74","0.74"
"9","200","1","1","107","0.64","0.64"
"7","200","1","1","124","0.6","0.6"
"11","200","1","2","77","0.9393939393939394","0.46616541353383456"
"10","200","1","1","99","0.63","0.63"
"8","200","1","1","123","0.64","0.64"
"9","200","1","1","108","0.69","0.69"
"7","200","1","1","125","0.75","0.75"
"10","200","1","1","100","0.6","0.6"
"11","200","1","2","78","0.9545454545454546","0.47368421052631576"
"1","200","1","1","495","0.62","0.62"
"8","200","1","1","124","0.59","0.59"
"9","200","1","1","109","0.69","0.69"
"11","200","1","2","79","0.7575757575757576","0.37593984962406013"
"7","200","1","1","126","0.57","0.57"
"10","200","1","1","101","0.54","0.54"
"9","200","1","1","110","0.53","0.53"
"8","200","1","1","125","0.69","0.69"
"1","200","1","1","496","0.67","0.67"
"11","200","1","2","80","0.9545454545454546","0.47368421052631576"
"7","200","1","1","127","0.66","0.66"
"8","200","1","1","126","0.66","0.66"
"9","200","1","1","111","0.7","0.7"
"11","200","1","2","81","0.9090909090909091","0.45112781954887216"
"7","200","1","1","128","0.67","0.67"
"9","200","1","1","112","0.65","0.65"
"8","200","1","1","127","0.64","0.64"
"1","200","1","1","497","0.75","0.75"
"11","200","1","2","82","0.7727272727272727","0.38345864661654133"
"8","200","1","1","128","0.67","0.67"
"9","200","1","1","113","0.64","0.64"
"7","200","1","1","129","0.64","0.64"
"7","200","1","1","130","0.77","0.77"
"1","200","1","1","498","0.78","0.78"
"11","200","1","2","83","0.9393939393939394","0.46616541353383456"
"8","200","1","1","129","0.75","0.75"
"9","200","1","1","114","0.7","0.7"
"7","200","1","1","131","0.55","0.55"
"11","200","1","2","84","0.7727272727272727","0.38345864661654133"
"9","200","1","1","115","0.64","0.64"
"8","200","1","1","130","0.73","0.73"
"1","200","1","1","499","0.59","0.59"
"11","200","1","2","85","0.7575757575757576","0.37593984962406013"
"9","200","1","1","116","0.72","0.72"
"7","200","1","1","132","0.66","0.66"
"8","200","1","1","131","0.58","0.58"
"11","200","1","2","86","0.7727272727272727","0.38345864661654133"
"9","200","1","1","117","0.74","0.74"
"7","200","1","1","133","0.7","0.7"
"1","200","1","1","500","0.62","0.62"
"11","200","1","2","87","0.8636363636363636","0.42857142857142855"
"8","200","1","1","132","0.68","0.68"
"9","200","1","1","118","0.6","0.6"
"7","200","1","1","134","0.68","0.68"
"11","200","1","2","88","0.8484848484848485","0.42105263157894735"
"8","200","1","1","133","0.51","0.51"
"7","200","1","1","135","0.65","0.65"
"9","200","1","1","119","0.6","0.6"
"11","200","1","2","89","0.9393939393939394","0.46616541353383456"
"8","200","1","1","134","0.58","0.58"
"7","200","1","1","136","0.68","0.68"
"12","200","1","2","0","0","0"
"10","200","1","1","102","0.59","0.59"
"9","200","1","1","120","0.77","0.77"
"7","200","1","1","137","0.66","0.66"
"8","200","1","1","135","0.55","0.55"
"11","200","1","2","90","0.9545454545454546","0.47368421052631576"
"7","200","1","1","138","0.74","0.74"
"10","200","1","1","103","0.7","0.7"
"9","200","1","1","121","0.73","0.73"
"12","200","1","2","1","0.7424242424242424","0.3684210526315789"
"9","200","1","1","122","0.62","0.62"
"10","200","1","1","104","0.71","0.71"
"11","200","1","2","91","0.9848484848484849","0.48872180451127817"
"8","200","1","1","136","0.59","0.59"
"7","200","1","1","139","0.7","0.7"
"9","200","1","1","123","0.68","0.68"
"12","200","1","2","2","0.8484848484848485","0.42105263157894735"
"11","200","1","2","92","0.9393939393939394","0.46616541353383456"
"8","200","1","1","137","0.68","0.68"
"7","200","1","1","140","0.59","0.59"
"10","200","1","1","105","0.64","0.64"
"12","200","1","2","3","0.9393939393939394","0.46616541353383456"
"11","200","1","2","93","1.0151515151515151","0.5037593984962406"
"7","200","1","1","141","0.7","0.7"
"9","200","1","1","124","0.57","0.57"
"8","200","1","1","138","0.51","0.51"
"10","200","1","1","106","0.59","0.59"
"11","200","1","2","94","0.9393939393939394","0.46616541353383456"
"12","200","1","2","4","0.9393939393939394","0.46616541353383456"
"7","200","1","1","142","0.65","0.65"
"9","200","1","1","125","0.53","0.53"
"8","200","1","1","139","0.61","0.61"
"10","200","1","1","107","0.66","0.66"
"9","200","1","1","126","0.59","0.59"
"12","200","1","2","5","0.7727272727272727","0.38345864661654133"
"11","200","1","2","95","1.0606060606060606","0.5263157894736842"
"7","200","1","1","143","0.68","0.68"
"8","200","1","1","140","0.54","0.54"
"10","200","1","1","108","0.69","0.69"
"12","200","1","2","6","0.803030303030303","0.39849624060150374"
"9","200","1","1","127","0.59","0.59"
"11","200","1","2","96","1.1666666666666667","0.5789473684210527"
"7","200","1","1","144","0.7","0.7"
"10","200","1","1","109","0.81","0.81"
"8","200","1","1","141","0.52","0.52"
"12","200","1","2","7","0.9242424242424242","0.45864661654135336"
"9","200","1","1","128","0.52","0.52"
"11","200","1","2","97","0.8939393939393939","0.44360902255639095"
"10","200","1","1","110","0.65","0.65"
"7","200","1","1","145","0.64","0.64"
"8","200","1","1","142","0.57","0.57"
"11","200","1","2","98","1.1515151515151516","0.5714285714285714"
"12","200","1","2","8","0.9545454545454546","0.47368421052631576"
"9","200","1","1","129","0.73","0.73"
"11","200","1","2","99","1.1818181818181819","0.5864661654135338"
"10","200","1","1","111","0.66","0.66"
"8","200","1","1","143","0.58","0.58"
"7","200","1","1","146","0.6","0.6"
"12","200","1","2","9","1.106060606060606","0.5488721804511278"
"9","200","1","1","130","0.62","0.62"
"11","200","1","2","100","0.9242424242424242","0.45864661654135336"
"7","200","1","1","147","0.53","0.53"
"12","200","1","2","10","0.8939393939393939","0.44360902255639095"
"10","200","1","1","112","0.64","0.64"
"8","200","1","1","144","0.64","0.64"
"9","200","1","1","131","0.67","0.67"
"12","200","1","2","11","1.0757575757575757","0.5338345864661654"
"11","200","1","2","101","1.0606060606060606","0.5263157894736842"
"10","200","1","1","113","0.62","0.62"
"7","200","1","1","148","0.65","0.65"
"8","200","1","1","145","0.67","0.67"
"12","200","1","2","12","0.8181818181818182","0.40601503759398494"
"9","200","1","1","132","0.67","0.67"
"10","200","1","1","114","0.53","0.53"
"11","200","1","2","102","0.9848484848484849","0.48872180451127817"
"7","200","1","1","149","0.58","0.58"
"8","200","1","1","146","0.52","0.52"
"12","200","1","2","13","1","0.49624060150375937"
"11","200","1","2","103","0.8636363636363636","0.42857142857142855"
"9","200","1","1","133","0.61","0.61"
"7","200","1","1","150","0.56","0.56"
"10","200","1","1","115","0.74","0.74"
"12","200","1","2","14","0.9090909090909091","0.45112781954887216"
"8","200","1","1","147","0.49","0.49"
"11","200","1","2","104","0.8484848484848485","0.42105263157894735"
"9","200","1","1","134","0.75","0.75"
"7","200","1","1","151","0.47","0.47"
"10","200","1","1","116","0.63","0.63"
"12","200","1","2","15","1.121212121212121","0.556390977443609"
"11","200","1","2","105","1.121212121212121","0.556390977443609"
"12","200","1","2","16","0.7727272727272727","0.38345864661654133"
"9","200","1","1","135","0.76","0.76"
"8","200","1","1","148","0.45","0.45"
"10","200","1","1","117","0.59","0.59"
"7","200","1","1","152","0.58","0.58"
"12","200","1","2","17","0.8181818181818182","0.40601503759398494"
"11","200","1","2","106","0.9242424242424242","0.45864661654135336"
"9","200","1","1","136","0.7","0.7"
"8","200","1","1","149","0.54","0.54"
"10","200","1","1","118","0.59","0.59"
"7","200","1","1","153","0.68","0.68"
"12","200","1","2","18","0.8333333333333334","0.41353383458646614"
"9","200","1","1","137","0.69","0.69"
"11","200","1","2","107","1.0606060606060606","0.5263157894736842"
"10","200","1","1","119","0.81","0.81"
"8","200","1","1","150","0.55","0.55"
"7","200","1","1","154","0.53","0.53"
"12","200","1","2","19","0.8333333333333334","0.41353383458646614"
"11","200","1","2","108","1.1363636363636365","0.5639097744360902"
"10","200","1","1","120","0.67","0.67"
"9","200","1","1","138","0.75","0.75"
"8","200","1","1","151","0.59","0.59"
"7","200","1","1","155","0.62","0.62"
"12","200","1","2","20","0.9090909090909091","0.45112781954887216"
"11","200","1","2","109","0.8939393939393939","0.44360902255639095"
"10","200","1","1","121","0.63","0.63"
"9","200","1","1","139","0.71","0.71"
"7","200","1","1","156","0.62","0.62"
"8","200","1","1","152","0.56","0.56"
"12","200","1","2","21","0.7272727272727273","0.3609022556390977"
"11","200","1","2","110","0.9242424242424242","0.45864661654135336"
"10","200","1","1","122","0.72","0.72"
"9","200","1","1","140","0.67","0.67"
"7","200","1","1","157","0.64","0.64"
"12","200","1","2","22","0.9242424242424242","0.45864661654135336"
"8","200","1","1","153","0.7","0.7"
"11","200","1","2","111","0.9545454545454546","0.47368421052631576"
"10","200","1","1","123","0.72","0.72"
"9","200","1","1","141","0.66","0.66"
"12","200","1","2","23","0.9393939393939394","0.46616541353383456"
"8","200","1","1","154","0.63","0.63"
"7","200","1","1","158","0.62","0.62"
"10","200","1","1","124","0.73","0.73"
"12","200","1","2","24","0.9696969696969697","0.48120300751879697"
"9","200","1","1","142","0.53","0.53"
"11","200","1","2","112","1.0606060606060606","0.5263157894736842"
"7","200","1","1","159","0.78","0.78"
"8","200","1","1","155","0.64","0.64"
"10","200","1","1","125","0.71","0.71"
"12","200","1","2","25","1.0151515151515151","0.5037593984962406"
"9","200","1","1","143","0.69","0.69"
"11","200","1","2","113","1","0.49624060150375937"
"7","200","1","1","160","0.66","0.66"
"8","200","1","1","156","0.61","0.61"
"10","200","1","1","126","0.66","0.66"
"12","200","1","2","26","0.7424242424242424","0.3684210526315789"
"11","200","1","2","114","0.8333333333333334","0.41353383458646614"
"9","200","1","1","144","0.73","0.73"
"7","200","1","1","161","0.55","0.55"
"8","200","1","1","157","0.66","0.66"
"10","200","1","1","127","0.58","0.58"
"11","200","1","2","115","0.8484848484848485","0.42105263157894735"
"9","200","1","1","145","0.6","0.6"
"7","200","1","1","162","0.66","0.66"
"8","200","1","1","158","0.64","0.64"
"10","200","1","1","128","0.7","0.7"
"11","200","1","2","116","0.9696969696969697","0.48120300751879697"
"9","200","1","1","146","0.62","0.62"
"7","200","1","1","163","0.72","0.72"
"12","200","1","2","27","0.803030303030303","0.39849624060150374"
"8","200","1","1","159","0.55","0.55"
"10","200","1","1","129","0.7","0.7"
"9","200","1","1","147","0.52","0.52"
"11","200","1","2","117","0.8787878787878788","0.43609022556390975"
"7","200","1","1","164","0.77","0.77"
"10","200","1","1","130","0.66","0.66"
"9","200","1","1","148","0.69","0.69"
"12","200","1","2","28","0.8787878787878788","0.43609022556390975"
"8","200","1","1","160","0.62","0.62"
"11","200","1","2","118","0.8939393939393939","0.44360902255639095"
"7","200","1","1","165","0.8","0.8"
"10","200","1","1","131","0.67","0.67"
"12","200","1","2","29","0.8333333333333334","0.41353383458646614"
"9","200","1","1","149","0.69","0.69"
"8","200","1","1","161","0.53","0.53"
"11","200","1","2","119","1.1515151515151516","0.5714285714285714"
"7","200","1","1","166","0.68","0.68"
"12","200","1","2","30","0.8787878787878788","0.43609022556390975"
"10","200","1","1","132","0.68","0.68"
"9","200","1","1","150","0.68","0.68"
"12","200","1","2","31","0.7575757575757576","0.37593984962406013"
"7","200","1","1","167","0.73","0.73"
"8","200","1","1","162","0.62","0.62"
"11","200","1","2","120","1.0757575757575757","0.5338345864661654"
"10","200","1","1","133","0.71","0.71"
"9","200","1","1","151","0.64","0.64"
"12","200","1","2","32","0.696969696969697","0.3458646616541353"
"7","200","1","1","168","0.79","0.79"
"8","200","1","1","163","0.67","0.67"
"11","200","1","2","121","0.9545454545454546","0.47368421052631576"
"9","200","1","1","152","0.56","0.56"
"10","200","1","1","134","0.61","0.61"
"12","200","1","2","33","0.6060606060606061","0.3007518796992481"
"7","200","1","1","169","0.59","0.59"
"8","200","1","1","164","0.62","0.62"
"10","200","1","1","135","0.57","0.57"
"11","200","1","2","122","0.7272727272727273","0.3609022556390977"
"9","200","1","1","153","0.47","0.47"
"12","200","1","2","34","0.803030303030303","0.39849624060150374"
"7","200","1","1","170","0.68","0.68"
"8","200","1","1","165","0.56","0.56"
"9","200","1","1","154","0.53","0.53"
"10","200","1","1","136","0.76","0.76"
"11","200","1","2","123","0.9545454545454546","0.47368421052631576"
"12","200","1","2","35","0.6363636363636364","0.3157894736842105"
"7","200","1","1","171","0.74","0.74"
"11","200","1","2","124","0.8636363636363636","0.42857142857142855"
"9","200","1","1","155","0.65","0.65"
"10","200","1","1","137","0.65","0.65"
"8","200","1","1","166","0.55","0.55"
"12","200","1","2","36","0.9242424242424242","0.45864661654135336"
"11","200","1","2","125","0.7575757575757576","0.37593984962406013"
"7","200","1","1","172","0.65","0.65"
"9","200","1","1","156","0.67","0.67"
"10","200","1","1","138","0.51","0.51"
"8","200","1","1","167","0.67","0.67"
"12","200","1","2","37","0.8484848484848485","0.42105263157894735"
"7","200","1","1","173","0.61","0.61"
"11","200","1","2","126","0.8636363636363636","0.42857142857142855"
"9","200","1","1","157","0.63","0.63"
"10","200","1","1","139","0.69","0.69"
"12","200","1","2","38","0.7272727272727273","0.3609022556390977"
"8","200","1","1","168","0.66","0.66"
"9","200","1","1","158","0.67","0.67"
"11","200","1","2","127","0.9545454545454546","0.47368421052631576"
"7","200","1","1","174","0.61","0.61"
"12","200","1","2","39","0.9242424242424242","0.45864661654135336"
"10","200","1","1","140","0.7","0.7"
"8","200","1","1","169","0.63","0.63"
"12","200","1","2","40","0.8787878787878788","0.43609022556390975"
"11","200","1","2","128","0.8333333333333334","0.41353383458646614"
"7","200","1","1","175","0.69","0.69"
"9","200","1","1","159","0.59","0.59"
"10","200","1","1","141","0.74","0.74"
"8","200","1","1","170","0.6","0.6"
"12","200","1","2","41","0.9242424242424242","0.45864661654135336"
"9","200","1","1","160","0.62","0.62"
"11","200","1","2","129","0.9393939393939394","0.46616541353383456"
"7","200","1","1","176","0.64","0.64"
"10","200","1","1","142","0.7","0.7"
"12","200","1","2","42","0.7575757575757576","0.37593984962406013"
"8","200","1","1","171","0.66","0.66"
"9","200","1","1","161","0.6","0.6"
"11","200","1","2","130","0.9545454545454546","0.47368421052631576"
"12","200","1","2","43","0.8181818181818182","0.40601503759398494"
"10","200","1","1","143","0.75","0.75"
"7","200","1","1","177","0.6","0.6"
"8","200","1","1","172","0.58","0.58"
"9","200","1","1","162","0.54","0.54"
"11","200","1","2","131","0.7121212121212122","0.3533834586466165"
"12","200","1","2","44","0.8787878787878788","0.43609022556390975"
"10","200","1","1","144","0.73","0.73"
"7","200","1","1","178","0.66","0.66"
"8","200","1","1","173","0.62","0.62"
"9","200","1","1","163","0.76","0.76"
"12","200","1","2","45","0.8484848484848485","0.42105263157894735"
"11","200","1","2","132","0.7424242424242424","0.3684210526315789"
"10","200","1","1","145","0.68","0.68"
"7","200","1","1","179","0.66","0.66"
"8","200","1","1","174","0.61","0.61"
"12","200","1","2","46","0.803030303030303","0.39849624060150374"
"9","200","1","1","164","0.66","0.66"
"11","200","1","2","133","0.7575757575757576","0.37593984962406013"
"10","200","1","1","146","0.64","0.64"
"7","200","1","1","180","0.72","0.72"
"12","200","1","2","47","0.7424242424242424","0.3684210526315789"
"8","200","1","1","175","0.67","0.67"
"9","200","1","1","165","0.68","0.68"
"11","200","1","2","134","0.9242424242424242","0.45864661654135336"
"7","200","1","1","181","0.65","0.65"
"12","200","1","2","48","0.9696969696969697","0.48120300751879697"
"10","200","1","1","147","0.67","0.67"
"9","200","1","1","166","0.63","0.63"
"8","200","1","1","176","0.68","0.68"
"11","200","1","2","135","1.0151515151515151","0.5037593984962406"
"7","200","1","1","182","0.67","0.67"
"12","200","1","2","49","0.7121212121212122","0.3533834586466165"
"10","200","1","1","148","0.62","0.62"
"9","200","1","1","167","0.8","0.8"
"8","200","1","1","177","0.66","0.66"
"11","200","1","2","136","0.7727272727272727","0.38345864661654133"
"12","200","1","2","50","0.7121212121212122","0.3533834586466165"
"10","200","1","1","149","0.63","0.63"
"9","200","1","1","168","0.66","0.66"
"7","200","1","1","183","0.74","0.74"
"11","200","1","2","137","0.9545454545454546","0.47368421052631576"
"8","200","1","1","178","0.61","0.61"
"9","200","1","1","169","0.69","0.69"
"10","200","1","1","150","0.64","0.64"
"7","200","1","1","184","0.67","0.67"
"8","200","1","1","179","0.75","0.75"
"11","200","1","2","138","0.9242424242424242","0.45864661654135336"
"12","200","1","2","51","0.7272727272727273","0.3609022556390977"
"9","200","1","1","170","0.68","0.68"
"7","200","1","1","185","0.66","0.66"
"10","200","1","1","151","0.64","0.64"
"8","200","1","1","180","0.62","0.62"
"11","200","1","2","139","0.696969696969697","0.3458646616541353"
"12","200","1","2","52","0.7424242424242424","0.3684210526315789"
"9","200","1","1","171","0.68","0.68"
"10","200","1","1","152","0.81","0.81"
"7","200","1","1","186","0.64","0.64"
"8","200","1","1","181","0.7","0.7"
"12","200","1","2","53","0.7575757575757576","0.37593984962406013"
"11","200","1","2","140","0.8333333333333334","0.41353383458646614"
"9","200","1","1","172","0.71","0.71"
"12","200","1","2","54","0.8484848484848485","0.42105263157894735"
"10","200","1","1","153","0.66","0.66"
"7","200","1","1","187","0.67","0.67"
"8","200","1","1","182","0.76","0.76"
"11","200","1","2","141","0.8636363636363636","0.42857142857142855"
"9","200","1","1","173","0.64","0.64"
"12","200","1","2","55","0.7575757575757576","0.37593984962406013"
"7","200","1","1","188","0.8","0.8"
"10","200","1","1","154","0.71","0.71"
"8","200","1","1","183","0.75","0.75"
"9","200","1","1","174","0.62","0.62"
"11","200","1","2","142","0.9545454545454546","0.47368421052631576"
"12","200","1","2","56","0.8333333333333334","0.41353383458646614"
"7","200","1","1","189","0.74","0.74"
"10","200","1","1","155","0.6","0.6"
"9","200","1","1","175","0.67","0.67"
"12","200","1","2","57","0.7727272727272727","0.38345864661654133"
"8","200","1","1","184","0.64","0.64"
"11","200","1","2","143","0.696969696969697","0.3458646616541353"
"7","200","1","1","190","0.63","0.63"
"10","200","1","1","156","0.62","0.62"
"9","200","1","1","176","0.66","0.66"
"12","200","1","2","58","0.8636363636363636","0.42857142857142855"
"8","200","1","1","185","0.56","0.56"
"11","200","1","2","144","0.803030303030303","0.39849624060150374"
"10","200","1","1","157","0.61","0.61"
"7","200","1","1","191","0.58","0.58"
"12","200","1","2","59","0.7575757575757576","0.37593984962406013"
"9","200","1","1","177","0.6","0.6"
"8","200","1","1","186","0.65","0.65"
"10","200","1","1","158","0.67","0.67"
"11","200","1","2","145","0.7727272727272727","0.38345864661654133"
"12","200","1","2","60","0.8484848484848485","0.42105263157894735"
"9","200","1","1","178","0.64","0.64"
"7","200","1","1","192","0.62","0.62"
"10","200","1","1","159","0.73","0.73"
"11","200","1","2","146","0.8484848484848485","0.42105263157894735"
"8","200","1","1","187","0.58","0.58"
"12","200","1","2","61","0.7575757575757576","0.37593984962406013"
"9","200","1","1","179","0.58","0.58"
"7","200","1","1","193","0.64","0.64"
"10","200","1","1","160","0.81","0.81"
"8","200","1","1","188","0.47","0.47"
"11","200","1","2","147","0.8787878787878788","0.43609022556390975"
"12","200","1","2","62","0.803030303030303","0.39849624060150374"
"9","200","1","1","180","0.56","0.56"
"7","200","1","1","194","0.74","0.74"
"9","200","1","1","181","0.61","0.61"
"10","200","1","1","161","0.74","0.74"
"12","200","1","2","63","0.8181818181818182","0.40601503759398494"
"8","200","1","1","189","0.54","0.54"
"11","200","1","2","148","0.9090909090909091","0.45112781954887216"
"7","200","1","1","195","0.57","0.57"
"9","200","1","1","182","0.56","0.56"
"12","200","1","2","64","0.7272727272727273","0.3609022556390977"
"10","200","1","1","162","0.78","0.78"
"8","200","1","1","190","0.73","0.73"
"11","200","1","2","149","0.7575757575757576","0.37593984962406013"
"7","200","1","1","196","0.63","0.63"
"9","200","1","1","183","0.62","0.62"
"12","200","1","2","65","0.6818181818181818","0.3383458646616541"
"11","200","1","2","150","0.7878787878787878","0.39097744360902253"
"10","200","1","1","163","0.63","0.63"
"8","200","1","1","191","0.62","0.62"
"7","200","1","1","197","0.65","0.65"
"9","200","1","1","184","0.59","0.59"
"12","200","1","2","66","0.8333333333333334","0.41353383458646614"
"10","200","1","1","164","0.62","0.62"
"11","200","1","2","151","1.121212121212121","0.556390977443609"
"8","200","1","1","192","0.73","0.73"
"9","200","1","1","185","0.72","0.72"
"12","200","1","2","67","0.8787878787878788","0.43609022556390975"
"7","200","1","1","198","0.69","0.69"
"11","200","1","2","152","1.0303030303030303","0.5112781954887218"
"10","200","1","1","165","0.69","0.69"
"8","200","1","1","193","0.55","0.55"
"12","200","1","2","68","0.8939393939393939","0.44360902255639095"
"7","200","1","1","199","0.54","0.54"
"11","200","1","2","153","0.8181818181818182","0.40601503759398494"
"10","200","1","1","166","0.65","0.65"
"9","200","1","1","186","0.77","0.77"
"8","200","1","1","194","0.66","0.66"
"12","200","1","2","69","0.8333333333333334","0.41353383458646614"
"9","200","1","1","187","0.7","0.7"
"11","200","1","2","154","0.9242424242424242","0.45864661654135336"
"10","200","1","1","167","0.8","0.8"
"7","200","1","1","200","0.56","0.56"
"8","200","1","1","195","0.61","0.61"
"12","200","1","2","70","0.9242424242424242","0.45864661654135336"
"9","200","1","1","188","0.57","0.57"
"11","200","1","2","155","0.8181818181818182","0.40601503759398494"
"8","200","1","1","196","0.62","0.62"
"7","200","1","1","201","0.66","0.66"
"10","200","1","1","168","0.65","0.65"
"9","200","1","1","189","0.66","0.66"
"12","200","1","2","71","0.7878787878787878","0.39097744360902253"
"11","200","1","2","156","0.9545454545454546","0.47368421052631576"
"8","200","1","1","197","0.63","0.63"
"7","200","1","1","202","0.64","0.64"
"10","200","1","1","169","0.64","0.64"
"9","200","1","1","190","0.59","0.59"
"12","200","1","2","72","0.7575757575757576","0.37593984962406013"
"7","200","1","1","203","0.65","0.65"
"11","200","1","2","157","0.9696969696969697","0.48120300751879697"
"8","200","1","1","198","0.57","0.57"
"10","200","1","1","170","0.57","0.57"
"9","200","1","1","191","0.65","0.65"
"12","200","1","2","73","0.8636363636363636","0.42857142857142855"
"7","200","1","1","204","0.64","0.64"
"10","200","1","1","171","0.63","0.63"
"11","200","1","2","158","0.7727272727272727","0.38345864661654133"
"8","200","1","1","199","0.67","0.67"
"12","200","1","2","74","1.0151515151515151","0.5037593984962406"
"9","200","1","1","192","0.48","0.48"
"11","200","1","2","159","0.9393939393939394","0.46616541353383456"
"7","200","1","1","205","0.64","0.64"
"10","200","1","1","172","0.71","0.71"
"8","200","1","1","200","0.53","0.53"
"11","200","1","2","160","0.8787878787878788","0.43609022556390975"
"12","200","1","2","75","0.803030303030303","0.39849624060150374"
"9","200","1","1","193","0.64","0.64"
"7","200","1","1","206","0.69","0.69"
"10","200","1","1","173","0.57","0.57"
"8","200","1","1","201","0.61","0.61"
"12","200","1","2","76","0.8484848484848485","0.42105263157894735"
"9","200","1","1","194","0.72","0.72"
"11","200","1","2","161","0.8333333333333334","0.41353383458646614"
"7","200","1","1","207","0.76","0.76"
"10","200","1","1","174","0.64","0.64"
"12","200","1","2","77","0.8484848484848485","0.42105263157894735"
"8","200","1","1","202","0.69","0.69"
"9","200","1","1","195","0.75","0.75"
"11","200","1","2","162","0.9545454545454546","0.47368421052631576"
"7","200","1","1","208","0.66","0.66"
"10","200","1","1","175","0.69","0.69"
"12","200","1","2","78","0.9696969696969697","0.48120300751879697"
"8","200","1","1","203","0.56","0.56"
"9","200","1","1","196","0.62","0.62"
"11","200","1","2","163","0.6212121212121212","0.3082706766917293"
"10","200","1","1","176","0.68","0.68"
"7","200","1","1","209","0.59","0.59"
"12","200","1","2","79","0.8333333333333334","0.41353383458646614"
"9","200","1","1","197","0.68","0.68"
"11","200","1","2","164","0.9393939393939394","0.46616541353383456"
"10","200","1","1","177","0.67","0.67"
"7","200","1","1","210","0.67","0.67"
"8","200","1","1","204","0.68","0.68"
"11","200","1","2","165","0.9545454545454546","0.47368421052631576"
"8","200","1","1","205","0.67","0.67"
"10","200","1","1","178","0.72","0.72"
"9","200","1","1","198","0.72","0.72"
"7","200","1","1","211","0.69","0.69"
"10","200","1","1","179","0.65","0.65"
"8","200","1","1","206","0.72","0.72"
"9","200","1","1","199","0.55","0.55"
"12","200","1","2","80","0.8333333333333334","0.41353383458646614"
"11","200","1","2","166","0.9696969696969697","0.48120300751879697"
"10","200","1","1","180","0.51","0.51"
"9","200","1","1","200","0.55","0.55"
"8","200","1","1","207","0.75","0.75"
"7","200","1","1","212","0.57","0.57"
"12","200","1","2","81","0.9242424242424242","0.45864661654135336"
"11","200","1","2","167","0.8636363636363636","0.42857142857142855"
"9","200","1","1","201","0.57","0.57"
"10","200","1","1","181","0.63","0.63"
"7","200","1","1","213","0.72","0.72"
"8","200","1","1","208","0.71","0.71"
"11","200","1","2","168","0.8939393939393939","0.44360902255639095"
"12","200","1","2","82","0.7121212121212122","0.3533834586466165"
"9","200","1","1","202","0.53","0.53"
"10","200","1","1","182","0.66","0.66"
"7","200","1","1","214","0.63","0.63"
"8","200","1","1","209","0.68","0.68"
"11","200","1","2","169","0.8636363636363636","0.42857142857142855"
"12","200","1","2","83","0.9545454545454546","0.47368421052631576"
"9","200","1","1","203","0.66","0.66"
"10","200","1","1","183","0.6","0.6"
"7","200","1","1","215","0.64","0.64"
"11","200","1","2","170","0.9242424242424242","0.45864661654135336"
"8","200","1","1","210","0.69","0.69"
"12","200","1","2","84","0.7424242424242424","0.3684210526315789"
"10","200","1","1","184","0.66","0.66"
"9","200","1","1","204","0.64","0.64"
"7","200","1","1","216","0.61","0.61"
"8","200","1","1","211","0.55","0.55"
"11","200","1","2","171","0.9090909090909091","0.45112781954887216"
"12","200","1","2","85","0.696969696969697","0.3458646616541353"
"10","200","1","1","185","0.52","0.52"
"9","200","1","1","205","0.63","0.63"
"7","200","1","1","217","0.57","0.57"
"12","200","1","2","86","0.7727272727272727","0.38345864661654133"
"8","200","1","1","212","0.64","0.64"
"9","200","1","1","206","0.65","0.65"
"10","200","1","1","186","0.55","0.55"
"11","200","1","2","172","0.8787878787878788","0.43609022556390975"
"12","200","1","2","87","0.7424242424242424","0.3684210526315789"
"8","200","1","1","213","0.61","0.61"
"7","200","1","1","218","0.56","0.56"
"10","200","1","1","187","0.76","0.76"
"9","200","1","1","207","0.54","0.54"
"11","200","1","2","173","0.7727272727272727","0.38345864661654133"
"12","200","1","2","88","0.803030303030303","0.39849624060150374"
"7","200","1","1","219","0.56","0.56"
"9","200","1","1","208","0.54","0.54"
"10","200","1","1","188","0.68","0.68"
"8","200","1","1","214","0.67","0.67"
"12","200","1","2","89","0.8181818181818182","0.40601503759398494"
"11","200","1","2","174","1.121212121212121","0.556390977443609"
"10","200","1","1","189","0.65","0.65"
"9","200","1","1","209","0.72","0.72"
"8","200","1","1","215","0.57","0.57"
"11","200","1","2","175","0.9696969696969697","0.48120300751879697"
"7","200","1","1","220","0.59","0.59"
"12","200","1","2","90","0.8333333333333334","0.41353383458646614"
"9","200","1","1","210","0.77","0.77"
"10","200","1","1","190","0.7","0.7"
"12","200","1","2","91","0.8787878787878788","0.43609022556390975"
"8","200","1","1","216","0.65","0.65"
"11","200","1","2","176","0.8484848484848485","0.42105263157894735"
"7","200","1","1","221","0.48","0.48"
"12","200","1","2","92","0.803030303030303","0.39849624060150374"
"9","200","1","1","211","0.66","0.66"
"10","200","1","1","191","0.79","0.79"
"11","200","1","2","177","0.8787878787878788","0.43609022556390975"
"8","200","1","1","217","0.66","0.66"
"7","200","1","1","222","0.7","0.7"
"12","200","1","2","93","0.7878787878787878","0.39097744360902253"
"9","200","1","1","212","0.65","0.65"
"11","200","1","2","178","0.8484848484848485","0.42105263157894735"
"10","200","1","1","192","0.78","0.78"
"8","200","1","1","218","0.51","0.51"
"12","200","1","2","94","0.8939393939393939","0.44360902255639095"
"7","200","1","1","223","0.63","0.63"
"11","200","1","2","179","0.803030303030303","0.39849624060150374"
"10","200","1","1","193","0.84","0.84"
"8","200","1","1","219","0.67","0.67"
"9","200","1","1","213","0.68","0.68"
"7","200","1","1","224","0.65","0.65"
"12","200","1","2","95","1.0303030303030303","0.5112781954887218"
"11","200","1","2","180","0.8333333333333334","0.41353383458646614"
"10","200","1","1","194","0.87","0.87"
"9","200","1","1","214","0.62","0.62"
"7","200","1","1","225","0.63","0.63"
"8","200","1","1","220","0.6","0.6"
"12","200","1","2","96","0.9393939393939394","0.46616541353383456"
"9","200","1","1","215","0.58","0.58"
"8","200","1","1","221","0.53","0.53"
"11","200","1","2","181","1.106060606060606","0.5488721804511278"
"10","200","1","1","195","0.74","0.74"
"7","200","1","1","226","0.61","0.61"
"12","200","1","2","97","0.9393939393939394","0.46616541353383456"
"9","200","1","1","216","0.6","0.6"
"10","200","1","1","196","0.72","0.72"
"11","200","1","2","182","1.0151515151515151","0.5037593984962406"
"7","200","1","1","227","0.63","0.63"
"8","200","1","1","222","0.58","0.58"
"12","200","1","2","98","0.9090909090909091","0.45112781954887216"
"10","200","1","1","197","0.69","0.69"
"11","200","1","2","183","1","0.49624060150375937"
"8","200","1","1","223","0.48","0.48"
"7","200","1","1","228","0.66","0.66"
"9","200","1","1","217","0.61","0.61"
"12","200","1","2","99","0.8787878787878788","0.43609022556390975"
"10","200","1","1","198","0.66","0.66"
"11","200","1","2","184","0.9090909090909091","0.45112781954887216"
"9","200","1","1","218","0.7","0.7"
"7","200","1","1","229","0.62","0.62"
"8","200","1","1","224","0.62","0.62"
"12","200","1","2","100","0.8787878787878788","0.43609022556390975"
"10","200","1","1","199","0.69","0.69"
"11","200","1","2","185","1.0454545454545454","0.518796992481203"
"12","200","1","2","101","0.803030303030303","0.39849624060150374"
"9","200","1","1","219","0.73","0.73"
"7","200","1","1","230","0.65","0.65"
"8","200","1","1","225","0.62","0.62"
"10","200","1","1","200","0.65","0.65"
"11","200","1","2","186","0.7272727272727273","0.3609022556390977"
"11","200","1","2","187","0.8484848484848485","0.42105263157894735"
"12","200","1","2","102","0.8636363636363636","0.42857142857142855"
"8","200","1","1","226","0.58","0.58"
"10","200","1","1","201","0.73","0.73"
"9","200","1","1","220","0.79","0.79"
"7","200","1","1","231","0.71","0.71"
"11","200","1","2","188","0.9090909090909091","0.45112781954887216"
"12","200","1","2","103","0.8333333333333334","0.41353383458646614"
"10","200","1","1","202","0.59","0.59"
"8","200","1","1","227","0.47","0.47"
"9","200","1","1","221","0.69","0.69"
"11","200","1","2","189","1.0303030303030303","0.5112781954887218"
"7","200","1","1","232","0.71","0.71"
"12","200","1","2","104","0.7575757575757576","0.37593984962406013"
"10","200","1","1","203","0.81","0.81"
"8","200","1","1","228","0.5","0.5"
"11","200","1","2","190","0.8333333333333334","0.41353383458646614"
"7","200","1","1","233","0.71","0.71"
"12","200","1","2","105","1","0.49624060150375937"
"10","200","1","1","204","0.76","0.76"
"9","200","1","1","222","0.62","0.62"
"7","200","1","1","234","0.7","0.7"
"11","200","1","2","191","0.9545454545454546","0.47368421052631576"
"8","200","1","1","229","0.64","0.64"
"12","200","1","2","106","0.8181818181818182","0.40601503759398494"
"10","200","1","1","205","0.67","0.67"
"9","200","1","1","223","0.58","0.58"
"11","200","1","2","192","0.9545454545454546","0.47368421052631576"
"8","200","1","1","230","0.63","0.63"
"12","200","1","2","107","0.9393939393939394","0.46616541353383456"
"7","200","1","1","235","0.65","0.65"
"10","200","1","1","206","0.58","0.58"
"9","200","1","1","224","0.63","0.63"
"7","200","1","1","236","0.76","0.76"
"11","200","1","2","193","1.0454545454545454","0.518796992481203"
"12","200","1","2","108","0.8333333333333334","0.41353383458646614"
"8","200","1","1","231","0.59","0.59"
"10","200","1","1","207","0.69","0.69"
"12","200","1","2","109","0.8787878787878788","0.43609022556390975"
"11","200","1","2","194","0.9090909090909091","0.45112781954887216"
"9","200","1","1","225","0.62","0.62"
"7","200","1","1","237","0.66","0.66"
"10","200","1","1","208","0.63","0.63"
"8","200","1","1","232","0.63","0.63"
"11","200","1","2","195","0.9393939393939394","0.46616541353383456"
"12","200","1","2","110","0.7575757575757576","0.37593984962406013"
"9","200","1","1","226","0.63","0.63"
"7","200","1","1","238","0.54","0.54"
"10","200","1","1","209","0.57","0.57"
"8","200","1","1","233","0.65","0.65"
"11","200","1","2","196","0.9393939393939394","0.46616541353383456"
"12","200","1","2","111","0.8484848484848485","0.42105263157894735"
"7","200","1","1","239","0.72","0.72"
"10","200","1","1","210","0.73","0.73"
"9","200","1","1","227","0.6","0.6"
"12","200","1","2","112","0.9545454545454546","0.47368421052631576"
"8","200","1","1","234","0.67","0.67"
"11","200","1","2","197","0.9545454545454546","0.47368421052631576"
"7","200","1","1","240","0.72","0.72"
"10","200","1","1","211","0.68","0.68"
"9","200","1","1","228","0.59","0.59"
"12","200","1","2","113","0.8181818181818182","0.40601503759398494"
"11","200","1","2","198","1.0303030303030303","0.5112781954887218"
"8","200","1","1","235","0.58","0.58"
"7","200","1","1","241","0.7","0.7"
"10","200","1","1","212","0.77","0.77"
"12","200","1","2","114","1.0757575757575757","0.5338345864661654"
"9","200","1","1","229","0.74","0.74"
"11","200","1","2","199","0.9545454545454546","0.47368421052631576"
"7","200","1","1","242","0.69","0.69"
"8","200","1","1","236","0.65","0.65"
"12","200","1","2","115","0.9242424242424242","0.45864661654135336"
"10","200","1","1","213","0.63","0.63"
"11","200","1","2","200","0.7878787878787878","0.39097744360902253"
"9","200","1","1","230","0.63","0.63"
"12","200","1","2","116","0.8181818181818182","0.40601503759398494"
"8","200","1","1","237","0.67","0.67"
"7","200","1","1","243","0.67","0.67"
"10","200","1","1","214","0.72","0.72"
"11","200","1","2","201","1.0909090909090908","0.5413533834586466"
"9","200","1","1","231","0.65","0.65"
"12","200","1","2","117","0.6515151515151515","0.3233082706766917"
"10","200","1","1","215","0.62","0.62"
"8","200","1","1","238","0.54","0.54"
"11","200","1","2","202","0.8181818181818182","0.40601503759398494"
"7","200","1","1","244","0.6","0.6"
"9","200","1","1","232","0.69","0.69"
"12","200","1","2","118","0.803030303030303","0.39849624060150374"
"10","200","1","1","216","0.57","0.57"
"8","200","1","1","239","0.53","0.53"
"11","200","1","2","203","0.9393939393939394","0.46616541353383456"
"9","200","1","1","233","0.58","0.58"
"12","200","1","2","119","0.7121212121212122","0.3533834586466165"
"10","200","1","1","217","0.78","0.78"
"7","200","1","1","245","0.63","0.63"
"11","200","1","2","204","0.8181818181818182","0.40601503759398494"
"9","200","1","1","234","0.61","0.61"
"8","200","1","1","240","0.68","0.68"
"12","200","1","2","120","0.6515151515151515","0.3233082706766917"
"10","200","1","1","218","0.67","0.67"
"7","200","1","1","246","0.6","0.6"
"11","200","1","2","205","0.8181818181818182","0.40601503759398494"
"12","200","1","2","121","0.803030303030303","0.39849624060150374"
"9","200","1","1","235","0.56","0.56"
"8","200","1","1","241","0.61","0.61"
"10","200","1","1","219","0.63","0.63"
"7","200","1","1","247","0.52","0.52"
"12","200","1","2","122","0.7424242424242424","0.3684210526315789"
"11","200","1","2","206","1.0606060606060606","0.5263157894736842"
"8","200","1","1","242","0.59","0.59"
"9","200","1","1","236","0.55","0.55"
"10","200","1","1","220","0.62","0.62"
"7","200","1","1","248","0.69","0.69"
"12","200","1","2","123","0.8333333333333334","0.41353383458646614"
"11","200","1","2","207","0.9848484848484849","0.48872180451127817"
"8","200","1","1","243","0.59","0.59"
"9","200","1","1","237","0.55","0.55"
"10","200","1","1","221","0.6","0.6"
"12","200","1","2","124","0.8181818181818182","0.40601503759398494"
"11","200","1","2","208","0.8484848484848485","0.42105263157894735"
"7","200","1","1","249","0.66","0.66"
"8","200","1","1","244","0.53","0.53"
"12","200","1","2","125","0.696969696969697","0.3458646616541353"
"9","200","1","1","238","0.57","0.57"
"10","200","1","1","222","0.66","0.66"
"11","200","1","2","209","0.7424242424242424","0.3684210526315789"
"7","200","1","1","250","0.6","0.6"
"12","200","1","2","126","0.7121212121212122","0.3533834586466165"
"10","200","1","1","223","0.61","0.61"
"11","200","1","2","210","0.8636363636363636","0.42857142857142855"
"9","200","1","1","239","0.67","0.67"
"8","200","1","1","245","0.58","0.58"
"12","200","1","2","127","0.8939393939393939","0.44360902255639095"
"10","200","1","1","224","0.51","0.51"
"11","200","1","2","211","0.8787878787878788","0.43609022556390975"
"9","200","1","1","240","0.59","0.59"
"10","200","1","1","225","0.54","0.54"
"7","200","1","1","251","0.56","0.56"
"11","200","1","2","212","0.7575757575757576","0.37593984962406013"
"12","200","1","2","128","0.8484848484848485","0.42105263157894735"
"10","200","1","1","226","0.58","0.58"
"9","200","1","1","241","0.68","0.68"
"8","200","1","1","246","0.61","0.61"
"7","200","1","1","252","0.54","0.54"
"11","200","1","2","213","0.8787878787878788","0.43609022556390975"
"10","200","1","1","227","0.51","0.51"
"12","200","1","2","129","0.9545454545454546","0.47368421052631576"
"8","200","1","1","247","0.62","0.62"
"9","200","1","1","242","0.56","0.56"
"7","200","1","1","253","0.63","0.63"
"10","200","1","1","228","0.6","0.6"
"11","200","1","2","214","0.8787878787878788","0.43609022556390975"
"8","200","1","1","248","0.63","0.63"
"9","200","1","1","243","0.49","0.49"
"12","200","1","2","130","1.0303030303030303","0.5112781954887218"
"7","200","1","1","254","0.66","0.66"
"8","200","1","1","249","0.65","0.65"
"9","200","1","1","244","0.48","0.48"
"12","200","1","2","131","0.8181818181818182","0.40601503759398494"
"7","200","1","1","255","0.59","0.59"
"10","200","1","1","229","0.56","0.56"
"11","200","1","2","215","0.9090909090909091","0.45112781954887216"
"9","200","1","1","245","0.62","0.62"
"8","200","1","1","250","0.55","0.55"
"7","200","1","1","256","0.6","0.6"
"12","200","1","2","132","0.8939393939393939","0.44360902255639095"
"11","200","1","2","216","1","0.49624060150375937"
"10","200","1","1","230","0.71","0.71"
"9","200","1","1","246","0.57","0.57"
"8","200","1","1","251","0.67","0.67"
"7","200","1","1","257","0.64","0.64"
"12","200","1","2","133","1.1515151515151516","0.5714285714285714"
"11","200","1","2","217","1.0454545454545454","0.518796992481203"
"10","200","1","1","231","0.63","0.63"
"9","200","1","1","247","0.56","0.56"
"8","200","1","1","252","0.71","0.71"
"12","200","1","2","134","1.0151515151515151","0.5037593984962406"
"7","200","1","1","258","0.67","0.67"
"9","200","1","1","248","0.61","0.61"
"8","200","1","1","253","0.65","0.65"
"12","200","1","2","135","0.8636363636363636","0.42857142857142855"
"11","200","1","2","218","0.7272727272727273","0.3609022556390977"
"10","200","1","1","232","0.65","0.65"
"9","200","1","1","249","0.62","0.62"
"7","200","1","1","259","0.67","0.67"
"12","200","1","2","136","0.8939393939393939","0.44360902255639095"
"8","200","1","1","254","0.66","0.66"
"10","200","1","1","233","0.69","0.69"
"9","200","1","1","250","0.66","0.66"
"7","200","1","1","260","0.71","0.71"
"11","200","1","2","219","0.6212121212121212","0.3082706766917293"
"8","200","1","1","255","0.59","0.59"
"12","200","1","2","137","0.9393939393939394","0.46616541353383456"
"10","200","1","1","234","0.57","0.57"
"9","200","1","1","251","0.63","0.63"
"11","200","1","2","220","0.8333333333333334","0.41353383458646614"
"7","200","1","1","261","0.59","0.59"
"8","200","1","1","256","0.55","0.55"
"12","200","1","2","138","0.7272727272727273","0.3609022556390977"
"9","200","1","1","252","0.58","0.58"
"10","200","1","1","235","0.58","0.58"
"11","200","1","2","221","1.0151515151515151","0.5037593984962406"
"7","200","1","1","262","0.66","0.66"
"12","200","1","2","139","0.8636363636363636","0.42857142857142855"
"8","200","1","1","257","0.63","0.63"
"9","200","1","1","253","0.63","0.63"
"11","200","1","2","222","0.8333333333333334","0.41353383458646614"
"7","200","1","1","263","0.72","0.72"
"10","200","1","1","236","0.63","0.63"
"8","200","1","1","258","0.58","0.58"
"12","200","1","2","140","0.9242424242424242","0.45864661654135336"
"9","200","1","1","254","0.59","0.59"
"7","200","1","1","264","0.61","0.61"
"8","200","1","1","259","0.68","0.68"
"11","200","1","2","223","0.7878787878787878","0.39097744360902253"
"10","200","1","1","237","0.73","0.73"
"12","200","1","2","141","0.9545454545454546","0.47368421052631576"
"9","200","1","1","255","0.64","0.64"
"7","200","1","1","265","0.52","0.52"
"8","200","1","1","260","0.61","0.61"
"10","200","1","1","238","0.58","0.58"
"11","200","1","2","224","1.0454545454545454","0.518796992481203"
"9","200","1","1","256","0.63","0.63"
"12","200","1","2","142","0.9090909090909091","0.45112781954887216"
"8","200","1","1","261","0.54","0.54"
"7","200","1","1","266","0.63","0.63"
"10","200","1","1","239","0.61","0.61"
"11","200","1","2","225","0.8636363636363636","0.42857142857142855"
"9","200","1","1","257","0.8","0.8"
"12","200","1","2","143","0.9393939393939394","0.46616541353383456"
"7","200","1","1","267","0.63","0.63"
"8","200","1","1","262","0.56","0.56"
"10","200","1","1","240","0.58","0.58"
"9","200","1","1","258","0.74","0.74"
"11","200","1","2","226","0.803030303030303","0.39849624060150374"
"12","200","1","2","144","1.0454545454545454","0.518796992481203"
"8","200","1","1","263","0.6","0.6"
"7","200","1","1","268","0.65","0.65"
"10","200","1","1","241","0.67","0.67"
"9","200","1","1","259","0.61","0.61"
"11","200","1","2","227","0.8939393939393939","0.44360902255639095"
"12","200","1","2","145","0.8484848484848485","0.42105263157894735"
"8","200","1","1","264","0.69","0.69"
"7","200","1","1","269","0.52","0.52"
"10","200","1","1","242","0.63","0.63"
"9","200","1","1","260","0.64","0.64"
"8","200","1","1","265","0.67","0.67"
"7","200","1","1","270","0.63","0.63"
"11","200","1","2","228","0.8484848484848485","0.42105263157894735"
"12","200","1","2","146","0.8787878787878788","0.43609022556390975"
"9","200","1","1","261","0.67","0.67"
"8","200","1","1","266","0.7","0.7"
"10","200","1","1","243","0.64","0.64"
"7","200","1","1","271","0.56","0.56"
"11","200","1","2","229","0.8181818181818182","0.40601503759398494"
"12","200","1","2","147","0.8787878787878788","0.43609022556390975"
"9","200","1","1","262","0.7","0.7"
"8","200","1","1","267","0.57","0.57"
"10","200","1","1","244","0.69","0.69"
"7","200","1","1","272","0.59","0.59"
"11","200","1","2","230","0.9393939393939394","0.46616541353383456"
"9","200","1","1","263","0.73","0.73"
"10","200","1","1","245","0.51","0.51"
"8","200","1","1","268","0.61","0.61"
"12","200","1","2","148","1.0303030303030303","0.5112781954887218"
"7","200","1","1","273","0.75","0.75"
"11","200","1","2","231","0.9242424242424242","0.45864661654135336"
"9","200","1","1","264","0.62","0.62"
"10","200","1","1","246","0.64","0.64"
"8","200","1","1","269","0.61","0.61"
"12","200","1","2","149","0.803030303030303","0.39849624060150374"
"7","200","1","1","274","0.72","0.72"
"11","200","1","2","232","0.8787878787878788","0.43609022556390975"
"9","200","1","1","265","0.62","0.62"
"10","200","1","1","247","0.72","0.72"
"8","200","1","1","270","0.69","0.69"
"7","200","1","1","275","0.7","0.7"
"9","200","1","1","266","0.67","0.67"
"11","200","1","2","233","0.8333333333333334","0.41353383458646614"
"12","200","1","2","150","0.8333333333333334","0.41353383458646614"
"8","200","1","1","271","0.64","0.64"
"10","200","1","1","248","0.68","0.68"
"9","200","1","1","267","0.62","0.62"
"7","200","1","1","276","0.57","0.57"
"11","200","1","2","234","0.7878787878787878","0.39097744360902253"
"12","200","1","2","151","0.8484848484848485","0.42105263157894735"
"8","200","1","1","272","0.66","0.66"
"10","200","1","1","249","0.63","0.63"
"9","200","1","1","268","0.65","0.65"
"7","200","1","1","277","0.68","0.68"
"11","200","1","2","235","1","0.49624060150375937"
"12","200","1","2","152","0.7575757575757576","0.37593984962406013"
"8","200","1","1","273","0.64","0.64"
"9","200","1","1","269","0.59","0.59"
"10","200","1","1","250","0.54","0.54"
"7","200","1","1","278","0.6","0.6"
"11","200","1","2","236","0.7575757575757576","0.37593984962406013"
"12","200","1","2","153","0.803030303030303","0.39849624060150374"
"8","200","1","1","274","0.72","0.72"
"9","200","1","1","270","0.57","0.57"
"10","200","1","1","251","0.67","0.67"
"7","200","1","1","279","0.68","0.68"
"11","200","1","2","237","0.8484848484848485","0.42105263157894735"
"12","200","1","2","154","0.7272727272727273","0.3609022556390977"
"9","200","1","1","271","0.63","0.63"
"8","200","1","1","275","0.57","0.57"
"10","200","1","1","252","0.68","0.68"
"7","200","1","1","280","0.65","0.65"
"11","200","1","2","238","0.8787878787878788","0.43609022556390975"
"12","200","1","2","155","0.9848484848484849","0.48872180451127817"
"9","200","1","1","272","0.48","0.48"
"8","200","1","1","276","0.61","0.61"
"10","200","1","1","253","0.6","0.6"
"7","200","1","1","281","0.65","0.65"
"12","200","1","2","156","0.8787878787878788","0.43609022556390975"
"11","200","1","2","239","0.803030303030303","0.39849624060150374"
"9","200","1","1","273","0.54","0.54"
"8","200","1","1","277","0.61","0.61"
"10","200","1","1","254","0.69","0.69"
"7","200","1","1","282","0.65","0.65"
"12","200","1","2","157","0.8333333333333334","0.41353383458646614"
"11","200","1","2","240","0.7878787878787878","0.39097744360902253"
"9","200","1","1","274","0.5","0.5"
"10","200","1","1","255","0.59","0.59"
"8","200","1","1","278","0.58","0.58"
"12","200","1","2","158","0.9090909090909091","0.45112781954887216"
"7","200","1","1","283","0.69","0.69"
"11","200","1","2","241","0.7727272727272727","0.38345864661654133"
"9","200","1","1","275","0.63","0.63"
"10","200","1","1","256","0.64","0.64"
"12","200","1","2","159","0.9242424242424242","0.45864661654135336"
"7","200","1","1","284","0.6","0.6"
"8","200","1","1","279","0.63","0.63"
"9","200","1","1","276","0.61","0.61"
"11","200","1","2","242","0.8181818181818182","0.40601503759398494"
"10","200","1","1","257","0.64","0.64"
"8","200","1","1","280","0.66","0.66"
"12","200","1","2","160","0.9090909090909091","0.45112781954887216"
"7","200","1","1","285","0.68","0.68"
"9","200","1","1","277","0.59","0.59"
"10","200","1","1","258","0.51","0.51"
"11","200","1","2","243","0.9242424242424242","0.45864661654135336"
"12","200","1","2","161","1.0454545454545454","0.518796992481203"
"8","200","1","1","281","0.58","0.58"
"7","200","1","1","286","0.66","0.66"
"9","200","1","1","278","0.72","0.72"
"10","200","1","1","259","0.6","0.6"
"11","200","1","2","244","0.7727272727272727","0.38345864661654133"
"12","200","1","2","162","0.8181818181818182","0.40601503759398494"
"8","200","1","1","282","0.57","0.57"
"7","200","1","1","287","0.68","0.68"
"9","200","1","1","279","0.78","0.78"
"10","200","1","1","260","0.65","0.65"
"11","200","1","2","245","0.8787878787878788","0.43609022556390975"
"12","200","1","2","163","0.803030303030303","0.39849624060150374"
"8","200","1","1","283","0.68","0.68"
"7","200","1","1","288","0.66","0.66"
"9","200","1","1","280","0.64","0.64"
"10","200","1","1","261","0.7","0.7"
"11","200","1","2","246","0.8333333333333334","0.41353383458646614"
"12","200","1","2","164","0.8484848484848485","0.42105263157894735"
"7","200","1","1","289","0.65","0.65"
"8","200","1","1","284","0.64","0.64"
"9","200","1","1","281","0.7","0.7"
"11","200","1","2","247","0.8333333333333334","0.41353383458646614"
"10","200","1","1","262","0.56","0.56"
"12","200","1","2","165","0.803030303030303","0.39849624060150374"
"9","200","1","1","282","0.63","0.63"
"7","200","1","1","290","0.52","0.52"
"8","200","1","1","285","0.72","0.72"
"11","200","1","2","248","1.0151515151515151","0.5037593984962406"
"10","200","1","1","263","0.5","0.5"
"12","200","1","2","166","0.9696969696969697","0.48120300751879697"
"7","200","1","1","291","0.61","0.61"
"8","200","1","1","286","0.77","0.77"
"9","200","1","1","283","0.69","0.69"
"10","200","1","1","264","0.56","0.56"
"11","200","1","2","249","0.8939393939393939","0.44360902255639095"
"12","200","1","2","167","0.8484848484848485","0.42105263157894735"
"7","200","1","1","292","0.67","0.67"
"8","200","1","1","287","0.68","0.68"
"9","200","1","1","284","0.66","0.66"
"10","200","1","1","265","0.51","0.51"
"11","200","1","2","250","0.9090909090909091","0.45112781954887216"
"12","200","1","2","168","1","0.49624060150375937"
"7","200","1","1","293","0.61","0.61"
"8","200","1","1","288","0.71","0.71"
"9","200","1","1","285","0.62","0.62"
"10","200","1","1","266","0.55","0.55"
"11","200","1","2","251","0.8939393939393939","0.44360902255639095"
"7","200","1","1","294","0.68","0.68"
"11","200","1","2","252","0.803030303030303","0.39849624060150374"
"9","200","1","1","286","0.57","0.57"
"8","200","1","1","289","0.7","0.7"
"10","200","1","1","267","0.71","0.71"
"7","200","1","1","295","0.67","0.67"
"11","200","1","2","253","0.7272727272727273","0.3609022556390977"
"8","200","1","1","290","0.65","0.65"
"10","200","1","1","268","0.55","0.55"
"9","200","1","1","287","0.57","0.57"
"7","200","1","1","296","0.57","0.57"
"8","200","1","1","291","0.66","0.66"
"10","200","1","1","269","0.52","0.52"
"11","200","1","2","254","0.8636363636363636","0.42857142857142855"
"9","200","1","1","288","0.7","0.7"
"9","200","1","1","289","0.69","0.69"
"7","200","1","1","297","0.73","0.73"
"10","200","1","1","270","0.66","0.66"
"11","200","1","2","255","0.803030303030303","0.39849624060150374"
"8","200","1","1","292","0.7","0.7"
"7","200","1","1","298","0.56","0.56"
"9","200","1","1","290","0.59","0.59"
"11","200","1","2","256","0.9090909090909091","0.45112781954887216"
"10","200","1","1","271","0.73","0.73"
"8","200","1","1","293","0.67","0.67"
"11","200","1","2","257","0.9848484848484849","0.48872180451127817"
"9","200","1","1","291","0.54","0.54"
"10","200","1","1","272","0.68","0.68"
"8","200","1","1","294","0.66","0.66"
"7","200","1","1","299","0.63","0.63"
"12","200","1","2","169","0.7878787878787878","0.39097744360902253"
"11","200","1","2","258","0.8333333333333334","0.41353383458646614"
"10","200","1","1","273","0.73","0.73"
"9","200","1","1","292","0.53","0.53"
"7","200","1","1","300","0.61","0.61"
"8","200","1","1","295","0.6","0.6"
"12","200","1","2","170","0.8484848484848485","0.42105263157894735"
"9","200","1","1","293","0.63","0.63"
"11","200","1","2","259","0.7575757575757576","0.37593984962406013"
"10","200","1","1","274","0.58","0.58"
"7","200","1","1","301","0.69","0.69"
"8","200","1","1","296","0.64","0.64"
"12","200","1","2","171","0.7727272727272727","0.38345864661654133"
"10","200","1","1","275","0.67","0.67"
"9","200","1","1","294","0.63","0.63"
"11","200","1","2","260","0.8939393939393939","0.44360902255639095"
"7","200","1","1","302","0.69","0.69"
"8","200","1","1","297","0.7","0.7"
"12","200","1","2","172","0.7878787878787878","0.39097744360902253"
"9","200","1","1","295","0.69","0.69"
"10","200","1","1","276","0.63","0.63"
"11","200","1","2","261","0.7575757575757576","0.37593984962406013"
"7","200","1","1","303","0.56","0.56"
"12","200","1","2","173","0.8939393939393939","0.44360902255639095"
"9","200","1","1","296","0.7","0.7"
"10","200","1","1","277","0.54","0.54"
"8","200","1","1","298","0.61","0.61"
"11","200","1","2","262","0.9393939393939394","0.46616541353383456"
"7","200","1","1","304","0.63","0.63"
"12","200","1","2","174","0.8636363636363636","0.42857142857142855"
"9","200","1","1","297","0.62","0.62"
"10","200","1","1","278","0.66","0.66"
"8","200","1","1","299","0.59","0.59"
"11","200","1","2","263","0.7727272727272727","0.38345864661654133"
"7","200","1","1","305","0.61","0.61"
"12","200","1","2","175","0.8636363636363636","0.42857142857142855"
"9","200","1","1","298","0.6","0.6"
"10","200","1","1","279","0.56","0.56"
"8","200","1","1","300","0.65","0.65"
"7","200","1","1","306","0.48","0.48"
"11","200","1","2","264","0.7121212121212122","0.3533834586466165"
"12","200","1","2","176","0.7727272727272727","0.38345864661654133"
"10","200","1","1","280","0.66","0.66"
"9","200","1","1","299","0.68","0.68"
"8","200","1","1","301","0.58","0.58"
"9","200","1","1","300","0.55","0.55"
"12","200","1","2","177","0.8484848484848485","0.42105263157894735"
"11","200","1","2","265","0.9090909090909091","0.45112781954887216"
"7","200","1","1","307","0.5","0.5"
"10","200","1","1","281","0.63","0.63"
"8","200","1","1","302","0.49","0.49"
"9","200","1","1","301","0.68","0.68"
"12","200","1","2","178","0.5606060606060606","0.2781954887218045"
"11","200","1","2","266","0.803030303030303","0.39849624060150374"
"7","200","1","1","308","0.67","0.67"
"10","200","1","1","282","0.51","0.51"
"8","200","1","1","303","0.61","0.61"
"9","200","1","1","302","0.62","0.62"
"12","200","1","2","179","0.8181818181818182","0.40601503759398494"
"11","200","1","2","267","0.8484848484848485","0.42105263157894735"
"7","200","1","1","309","0.75","0.75"
"10","200","1","1","283","0.59","0.59"
"8","200","1","1","304","0.61","0.61"
"12","200","1","2","180","0.8484848484848485","0.42105263157894735"
"9","200","1","1","303","0.76","0.76"
"7","200","1","1","310","0.6","0.6"
"11","200","1","2","268","0.8787878787878788","0.43609022556390975"
"10","200","1","1","284","0.67","0.67"
"8","200","1","1","305","0.71","0.71"
"12","200","1","2","181","0.8636363636363636","0.42857142857142855"
"7","200","1","1","311","0.71","0.71"
"9","200","1","1","304","0.65","0.65"
"11","200","1","2","269","0.7575757575757576","0.37593984962406013"
"10","200","1","1","285","0.58","0.58"
"12","200","1","2","182","0.7727272727272727","0.38345864661654133"
"7","200","1","1","312","0.6","0.6"
"8","200","1","1","306","0.72","0.72"
"9","200","1","1","305","0.65","0.65"
"7","200","1","1","313","0.64","0.64"
"11","200","1","2","270","0.8484848484848485","0.42105263157894735"
"10","200","1","1","286","0.67","0.67"
"12","200","1","2","183","0.7727272727272727","0.38345864661654133"
"8","200","1","1","307","0.69","0.69"
"9","200","1","1","306","0.66","0.66"
"11","200","1","2","271","0.8181818181818182","0.40601503759398494"
"7","200","1","1","314","0.64","0.64"
"10","200","1","1","287","0.62","0.62"
"12","200","1","2","184","0.9242424242424242","0.45864661654135336"
"8","200","1","1","308","0.77","0.77"
"9","200","1","1","307","0.61","0.61"
"11","200","1","2","272","0.8787878787878788","0.43609022556390975"
"12","200","1","2","185","0.803030303030303","0.39849624060150374"
"10","200","1","1","288","0.74","0.74"
"7","200","1","1","315","0.59","0.59"
"8","200","1","1","309","0.59","0.59"
"9","200","1","1","308","0.53","0.53"
"12","200","1","2","186","0.8939393939393939","0.44360902255639095"
"10","200","1","1","289","0.52","0.52"
"11","200","1","2","273","1.106060606060606","0.5488721804511278"
"7","200","1","1","316","0.68","0.68"
"9","200","1","1","309","0.71","0.71"
"8","200","1","1","310","0.73","0.73"
"10","200","1","1","290","0.61","0.61"
"12","200","1","2","187","0.8787878787878788","0.43609022556390975"
"7","200","1","1","317","0.64","0.64"
"8","200","1","1","311","0.6","0.6"
"9","200","1","1","310","0.6","0.6"
"11","200","1","2","274","0.7575757575757576","0.37593984962406013"
"10","200","1","1","291","0.72","0.72"
"11","200","1","2","275","0.7878787878787878","0.39097744360902253"
"12","200","1","2","188","1.0757575757575757","0.5338345864661654"
"7","200","1","1","318","0.66","0.66"
"9","200","1","1","311","0.68","0.68"
"8","200","1","1","312","0.57","0.57"
"12","200","1","2","189","0.8787878787878788","0.43609022556390975"
"8","200","1","1","313","0.66","0.66"
"10","200","1","1","292","0.6","0.6"
"11","200","1","2","276","1","0.49624060150375937"
"7","200","1","1","319","0.66","0.66"
"9","200","1","1","312","0.65","0.65"
"8","200","1","1","314","0.64","0.64"
"11","200","1","2","277","0.9696969696969697","0.48120300751879697"
"10","200","1","1","293","0.58","0.58"
"7","200","1","1","320","0.64","0.64"
"9","200","1","1","313","0.62","0.62"
"12","200","1","2","190","0.8333333333333334","0.41353383458646614"
"11","200","1","2","278","0.8939393939393939","0.44360902255639095"
"8","200","1","1","315","0.7","0.7"
"7","200","1","1","321","0.58","0.58"
"9","200","1","1","314","0.68","0.68"
"10","200","1","1","294","0.6","0.6"
"11","200","1","2","279","0.9393939393939394","0.46616541353383456"
"8","200","1","1","316","0.8","0.8"
"12","200","1","2","191","0.9090909090909091","0.45112781954887216"
"7","200","1","1","322","0.61","0.61"
"9","200","1","1","315","0.68","0.68"
"10","200","1","1","295","0.78","0.78"
"12","200","1","2","192","0.9090909090909091","0.45112781954887216"
"11","200","1","2","280","0.8636363636363636","0.42857142857142855"
"8","200","1","1","317","0.67","0.67"
"7","200","1","1","323","0.58","0.58"
"9","200","1","1","316","0.63","0.63"
"10","200","1","1","296","0.6","0.6"
"12","200","1","2","193","0.9242424242424242","0.45864661654135336"
"8","200","1","1","318","0.62","0.62"
"9","200","1","1","317","0.65","0.65"
"11","200","1","2","281","0.9242424242424242","0.45864661654135336"
"7","200","1","1","324","0.6","0.6"
"10","200","1","1","297","0.52","0.52"
"9","200","1","1","318","0.66","0.66"
"12","200","1","2","194","0.9090909090909091","0.45112781954887216"
"8","200","1","1","319","0.69","0.69"
"11","200","1","2","282","0.8484848484848485","0.42105263157894735"
"7","200","1","1","325","0.62","0.62"
"12","200","1","2","195","0.9848484848484849","0.48872180451127817"
"10","200","1","1","298","0.61","0.61"
"9","200","1","1","319","0.75","0.75"
"8","200","1","1","320","0.61","0.61"
"11","200","1","2","283","0.7121212121212122","0.3533834586466165"
"7","200","1","1","326","0.47","0.47"
"12","200","1","2","196","0.8939393939393939","0.44360902255639095"
"9","200","1","1","320","0.62","0.62"
"8","200","1","1","321","0.63","0.63"
"10","200","1","1","299","0.74","0.74"
"11","200","1","2","284","0.8636363636363636","0.42857142857142855"
"7","200","1","1","327","0.67","0.67"
"12","200","1","2","197","0.8636363636363636","0.42857142857142855"
"9","200","1","1","321","0.6","0.6"
"12","200","1","2","198","0.9090909090909091","0.45112781954887216"
"10","200","1","1","300","0.53","0.53"
"7","200","1","1","328","0.58","0.58"
"8","200","1","1","322","0.66","0.66"
"11","200","1","2","285","1","0.49624060150375937"
"9","200","1","1","322","0.67","0.67"
"12","200","1","2","199","0.7878787878787878","0.39097744360902253"
"10","200","1","1","301","0.51","0.51"
"7","200","1","1","329","0.64","0.64"
"8","200","1","1","323","0.58","0.58"
"11","200","1","2","286","1.106060606060606","0.5488721804511278"
"9","200","1","1","323","0.63","0.63"
"12","200","1","2","200","0.7424242424242424","0.3684210526315789"
"10","200","1","1","302","0.6","0.6"
"7","200","1","1","330","0.72","0.72"
"8","200","1","1","324","0.6","0.6"
"11","200","1","2","287","0.7575757575757576","0.37593984962406013"
"9","200","1","1","324","0.45","0.45"
"10","200","1","1","303","0.69","0.69"
"12","200","1","2","201","0.8939393939393939","0.44360902255639095"
"7","200","1","1","331","0.64","0.64"
"8","200","1","1","325","0.59","0.59"
"9","200","1","1","325","0.64","0.64"
"11","200","1","2","288","0.8787878787878788","0.43609022556390975"
"10","200","1","1","304","0.71","0.71"
"12","200","1","2","202","0.8787878787878788","0.43609022556390975"
"8","200","1","1","326","0.63","0.63"
"7","200","1","1","332","0.62","0.62"
"9","200","1","1","326","0.75","0.75"
"11","200","1","2","289","0.9090909090909091","0.45112781954887216"
"10","200","1","1","305","0.62","0.62"
"12","200","1","2","203","0.7121212121212122","0.3533834586466165"
"8","200","1","1","327","0.65","0.65"
"7","200","1","1","333","0.7","0.7"
"9","200","1","1","327","0.59","0.59"
"11","200","1","2","290","0.696969696969697","0.3458646616541353"
"12","200","1","2","204","0.8484848484848485","0.42105263157894735"
"10","200","1","1","306","0.7","0.7"
"11","200","1","2","291","0.8636363636363636","0.42857142857142855"
"9","200","1","1","328","0.72","0.72"
"7","200","1","1","334","0.73","0.73"
"12","200","1","2","205","0.7575757575757576","0.37593984962406013"
"8","200","1","1","328","0.56","0.56"
"10","200","1","1","307","0.67","0.67"
"9","200","1","1","329","0.6","0.6"
"11","200","1","2","292","0.9090909090909091","0.45112781954887216"
"8","200","1","1","329","0.51","0.51"
"7","200","1","1","335","0.73","0.73"
"12","200","1","2","206","0.7727272727272727","0.38345864661654133"
"10","200","1","1","308","0.71","0.71"
"9","200","1","1","330","0.76","0.76"
"11","200","1","2","293","0.7878787878787878","0.39097744360902253"
"8","200","1","1","330","0.64","0.64"
"12","200","1","2","207","0.8484848484848485","0.42105263157894735"
"7","200","1","1","336","0.65","0.65"
"10","200","1","1","309","0.59","0.59"
"11","200","1","2","294","0.803030303030303","0.39849624060150374"
"9","200","1","1","331","0.65","0.65"
"12","200","1","2","208","0.9696969696969697","0.48120300751879697"
"7","200","1","1","337","0.66","0.66"
"8","200","1","1","331","0.7","0.7"
"10","200","1","1","310","0.66","0.66"
"11","200","1","2","295","0.7424242424242424","0.3684210526315789"
"9","200","1","1","332","0.59","0.59"
"12","200","1","2","209","0.8787878787878788","0.43609022556390975"
"8","200","1","1","332","0.61","0.61"
"7","200","1","1","338","0.54","0.54"
"11","200","1","2","296","0.7424242424242424","0.3684210526315789"
"9","200","1","1","333","0.63","0.63"
"12","200","1","2","210","0.7727272727272727","0.38345864661654133"
"10","200","1","1","311","0.5","0.5"
"8","200","1","1","333","0.6","0.6"
"7","200","1","1","339","0.61","0.61"
"9","200","1","1","334","0.57","0.57"
"12","200","1","2","211","0.7878787878787878","0.39097744360902253"
"11","200","1","2","297","0.9393939393939394","0.46616541353383456"
"10","200","1","1","312","0.6","0.6"
"8","200","1","1","334","0.5","0.5"
"7","200","1","1","340","0.7","0.7"
"12","200","1","2","212","1.0303030303030303","0.5112781954887218"
"9","200","1","1","335","0.66","0.66"
"10","200","1","1","313","0.68","0.68"
"8","200","1","1","335","0.6","0.6"
"11","200","1","2","298","0.7878787878787878","0.39097744360902253"
"7","200","1","1","341","0.7","0.7"
"9","200","1","1","336","0.59","0.59"
"8","200","1","1","336","0.59","0.59"
"10","200","1","1","314","0.52","0.52"
"11","200","1","2","299","0.8939393939393939","0.44360902255639095"
"7","200","1","1","342","0.59","0.59"
"9","200","1","1","337","0.62","0.62"
"12","200","1","2","213","0.7878787878787878","0.39097744360902253"
"8","200","1","1","337","0.76","0.76"
"10","200","1","1","315","0.65","0.65"
"11","200","1","2","300","0.7727272727272727","0.38345864661654133"
"9","200","1","1","338","0.56","0.56"
"12","200","1","2","214","0.8333333333333334","0.41353383458646614"
"10","200","1","1","316","0.73","0.73"
"11","200","1","2","301","0.7878787878787878","0.39097744360902253"
"7","200","1","1","343","0.57","0.57"
"8","200","1","1","338","0.52","0.52"
"9","200","1","1","339","0.61","0.61"
"11","200","1","2","302","1","0.49624060150375937"
"12","200","1","2","215","0.9393939393939394","0.46616541353383456"
"10","200","1","1","317","0.82","0.82"
"9","200","1","1","340","0.62","0.62"
"7","200","1","1","344","0.72","0.72"
"8","200","1","1","339","0.73","0.73"
"12","200","1","2","216","1.0303030303030303","0.5112781954887218"
"11","200","1","2","303","0.9545454545454546","0.47368421052631576"
"10","200","1","1","318","0.62","0.62"
"9","200","1","1","341","0.56","0.56"
"7","200","1","1","345","0.67","0.67"
"8","200","1","1","340","0.72","0.72"
"11","200","1","2","304","0.9545454545454546","0.47368421052631576"
"12","200","1","2","217","0.8787878787878788","0.43609022556390975"
"10","200","1","1","319","0.76","0.76"
"7","200","1","1","346","0.73","0.73"
"9","200","1","1","342","0.67","0.67"
"8","200","1","1","341","0.69","0.69"
"11","200","1","2","305","0.803030303030303","0.39849624060150374"
"12","200","1","2","218","0.7727272727272727","0.38345864661654133"
"10","200","1","1","320","0.63","0.63"
"9","200","1","1","343","0.58","0.58"
"7","200","1","1","347","0.69","0.69"
"12","200","1","2","219","0.8636363636363636","0.42857142857142855"
"11","200","1","2","306","0.8484848484848485","0.42105263157894735"
"8","200","1","1","342","0.74","0.74"
"10","200","1","1","321","0.56","0.56"
"9","200","1","1","344","0.64","0.64"
"7","200","1","1","348","0.73","0.73"
"12","200","1","2","220","0.7878787878787878","0.39097744360902253"
"8","200","1","1","343","0.71","0.71"
"11","200","1","2","307","0.8333333333333334","0.41353383458646614"
"9","200","1","1","345","0.71","0.71"
"10","200","1","1","322","0.61","0.61"
"7","200","1","1","349","0.67","0.67"
"12","200","1","2","221","0.6515151515151515","0.3233082706766917"
"8","200","1","1","344","0.63","0.63"
"11","200","1","2","308","0.8181818181818182","0.40601503759398494"
"9","200","1","1","346","0.66","0.66"
"10","200","1","1","323","0.62","0.62"
"7","200","1","1","350","0.71","0.71"
"12","200","1","2","222","0.7575757575757576","0.37593984962406013"
"8","200","1","1","345","0.57","0.57"
"11","200","1","2","309","0.803030303030303","0.39849624060150374"
"12","200","1","2","223","0.8939393939393939","0.44360902255639095"
"9","200","1","1","347","0.64","0.64"
"10","200","1","1","324","0.65","0.65"
"7","200","1","1","351","0.72","0.72"
"8","200","1","1","346","0.58","0.58"
"12","200","1","2","224","0.5909090909090909","0.2932330827067669"
"11","200","1","2","310","0.9545454545454546","0.47368421052631576"
"7","200","1","1","352","0.61","0.61"
"9","200","1","1","348","0.74","0.74"
"10","200","1","1","325","0.72","0.72"
"8","200","1","1","347","0.59","0.59"
"12","200","1","2","225","0.6060606060606061","0.3007518796992481"
"7","200","1","1","353","0.69","0.69"
"11","200","1","2","311","0.9393939393939394","0.46616541353383456"
"9","200","1","1","349","0.67","0.67"
"10","200","1","1","326","0.69","0.69"
"8","200","1","1","348","0.67","0.67"
"11","200","1","2","312","0.8939393939393939","0.44360902255639095"
"12","200","1","2","226","0.8787878787878788","0.43609022556390975"
"7","200","1","1","354","0.63","0.63"
"9","200","1","1","350","0.73","0.73"
"11","200","1","2","313","1.106060606060606","0.5488721804511278"
"10","200","1","1","327","0.77","0.77"
"12","200","1","2","227","0.7272727272727273","0.3609022556390977"
"8","200","1","1","349","0.63","0.63"
"7","200","1","1","355","0.63","0.63"
"9","200","1","1","351","0.62","0.62"
"10","200","1","1","328","0.59","0.59"
"11","200","1","2","314","0.803030303030303","0.39849624060150374"
"8","200","1","1","350","0.68","0.68"
"12","200","1","2","228","0.803030303030303","0.39849624060150374"
"9","200","1","1","352","0.77","0.77"
"7","200","1","1","356","0.67","0.67"
"10","200","1","1","329","0.73","0.73"
"11","200","1","2","315","0.803030303030303","0.39849624060150374"
"8","200","1","1","351","0.62","0.62"
"7","200","1","1","357","0.6","0.6"
"9","200","1","1","353","0.65","0.65"
"12","200","1","2","229","0.8939393939393939","0.44360902255639095"
"10","200","1","1","330","0.6","0.6"
"11","200","1","2","316","0.8484848484848485","0.42105263157894735"
"7","200","1","1","358","0.71","0.71"
"8","200","1","1","352","0.73","0.73"
"9","200","1","1","354","0.57","0.57"
"12","200","1","2","230","0.8939393939393939","0.44360902255639095"
"10","200","1","1","331","0.52","0.52"
"11","200","1","2","317","0.7424242424242424","0.3684210526315789"
"8","200","1","1","353","0.64","0.64"
"9","200","1","1","355","0.65","0.65"
"12","200","1","2","231","0.8787878787878788","0.43609022556390975"
"7","200","1","1","359","0.57","0.57"
"11","200","1","2","318","0.6515151515151515","0.3233082706766917"
"8","200","1","1","354","0.74","0.74"
"10","200","1","1","332","0.72","0.72"
"9","200","1","1","356","0.63","0.63"
"12","200","1","2","232","0.7272727272727273","0.3609022556390977"
"7","200","1","1","360","0.57","0.57"
"10","200","1","1","333","0.7","0.7"
"11","200","1","2","319","0.8636363636363636","0.42857142857142855"
"8","200","1","1","355","0.64","0.64"
"9","200","1","1","357","0.54","0.54"
"12","200","1","2","233","0.8484848484848485","0.42105263157894735"
"7","200","1","1","361","0.64","0.64"
"9","200","1","1","358","0.62","0.62"
"7","200","1","1","362","0.52","0.52"
"10","200","1","1","334","0.83","0.83"
"8","200","1","1","356","0.68","0.68"
"11","200","1","2","320","0.8787878787878788","0.43609022556390975"
"12","200","1","2","234","0.7727272727272727","0.38345864661654133"
"7","200","1","1","363","0.73","0.73"
"8","200","1","1","357","0.54","0.54"
"9","200","1","1","359","0.69","0.69"
"11","200","1","2","321","0.7878787878787878","0.39097744360902253"
"10","200","1","1","335","0.64","0.64"
"12","200","1","2","235","0.8939393939393939","0.44360902255639095"
"8","200","1","1","358","0.53","0.53"
"7","200","1","1","364","0.61","0.61"
"9","200","1","1","360","0.72","0.72"
"11","200","1","2","322","0.803030303030303","0.39849624060150374"
"12","200","1","2","236","0.9393939393939394","0.46616541353383456"
"10","200","1","1","336","0.63","0.63"
"7","200","1","1","365","0.67","0.67"
"8","200","1","1","359","0.59","0.59"
"11","200","1","2","323","0.9090909090909091","0.45112781954887216"
"9","200","1","1","361","0.62","0.62"
"12","200","1","2","237","0.8484848484848485","0.42105263157894735"
"10","200","1","1","337","0.62","0.62"
"7","200","1","1","366","0.66","0.66"
"8","200","1","1","360","0.53","0.53"
"12","200","1","2","238","0.9545454545454546","0.47368421052631576"
"11","200","1","2","324","0.7575757575757576","0.37593984962406013"
"9","200","1","1","362","0.67","0.67"
"10","200","1","1","338","0.59","0.59"
"12","200","1","2","239","0.9090909090909091","0.45112781954887216"
"8","200","1","1","361","0.61","0.61"
"7","200","1","1","367","0.54","0.54"
"9","200","1","1","363","0.69","0.69"
"11","200","1","2","325","0.8636363636363636","0.42857142857142855"
"12","200","1","2","240","0.9393939393939394","0.46616541353383456"
"10","200","1","1","339","0.66","0.66"
"8","200","1","1","362","0.62","0.62"
"7","200","1","1","368","0.6","0.6"
"9","200","1","1","364","0.63","0.63"
"11","200","1","2","326","0.696969696969697","0.3458646616541353"
"12","200","1","2","241","0.8484848484848485","0.42105263157894735"
"10","200","1","1","340","0.66","0.66"
"9","200","1","1","365","0.67","0.67"
"11","200","1","2","327","0.9090909090909091","0.45112781954887216"
"8","200","1","1","363","0.69","0.69"
"7","200","1","1","369","0.56","0.56"
"12","200","1","2","242","1","0.49624060150375937"
"10","200","1","1","341","0.62","0.62"
"9","200","1","1","366","0.71","0.71"
"11","200","1","2","328","0.7727272727272727","0.38345864661654133"
"7","200","1","1","370","0.67","0.67"
"8","200","1","1","364","0.54","0.54"
"12","200","1","2","243","0.9242424242424242","0.45864661654135336"
"9","200","1","1","367","0.67","0.67"
"10","200","1","1","342","0.59","0.59"
"11","200","1","2","329","0.7878787878787878","0.39097744360902253"
"8","200","1","1","365","0.53","0.53"
"7","200","1","1","371","0.64","0.64"
"10","200","1","1","343","0.61","0.61"
"12","200","1","2","244","0.9090909090909091","0.45112781954887216"
"9","200","1","1","368","0.7","0.7"
"11","200","1","2","330","0.7121212121212122","0.3533834586466165"
"7","200","1","1","372","0.55","0.55"
"8","200","1","1","366","0.53","0.53"
"12","200","1","2","245","0.8939393939393939","0.44360902255639095"
"10","200","1","1","344","0.71","0.71"
"9","200","1","1","369","0.64","0.64"
"7","200","1","1","373","0.65","0.65"
"11","200","1","2","331","0.6818181818181818","0.3383458646616541"
"8","200","1","1","367","0.55","0.55"
"12","200","1","2","246","0.8333333333333334","0.41353383458646614"
"10","200","1","1","345","0.76","0.76"
"9","200","1","1","370","0.63","0.63"
"7","200","1","1","374","0.65","0.65"
"11","200","1","2","332","0.8636363636363636","0.42857142857142855"
"12","200","1","2","247","0.9242424242424242","0.45864661654135336"
"8","200","1","1","368","0.61","0.61"
"10","200","1","1","346","0.61","0.61"
"9","200","1","1","371","0.66","0.66"
"7","200","1","1","375","0.6","0.6"
"11","200","1","2","333","0.8484848484848485","0.42105263157894735"
"12","200","1","2","248","0.8333333333333334","0.41353383458646614"
"8","200","1","1","369","0.52","0.52"
"10","200","1","1","347","0.64","0.64"
"7","200","1","1","376","0.67","0.67"
"9","200","1","1","372","0.69","0.69"
"11","200","1","2","334","0.8939393939393939","0.44360902255639095"
"12","200","1","2","249","0.696969696969697","0.3458646616541353"
"8","200","1","1","370","0.55","0.55"
"10","200","1","1","348","0.67","0.67"
"9","200","1","1","373","0.63","0.63"
"12","200","1","2","250","0.8636363636363636","0.42857142857142855"
"7","200","1","1","377","0.76","0.76"
"11","200","1","2","335","0.7424242424242424","0.3684210526315789"
"10","200","1","1","349","0.49","0.49"
"12","200","1","2","251","0.9090909090909091","0.45112781954887216"
"9","200","1","1","374","0.54","0.54"
"8","200","1","1","371","0.63","0.63"
"7","200","1","1","378","0.7","0.7"
"11","200","1","2","336","0.8484848484848485","0.42105263157894735"
"12","200","1","2","252","0.9545454545454546","0.47368421052631576"
"9","200","1","1","375","0.59","0.59"
"10","200","1","1","350","0.67","0.67"
"8","200","1","1","372","0.64","0.64"
"12","200","1","2","253","0.9090909090909091","0.45112781954887216"
"11","200","1","2","337","0.7878787878787878","0.39097744360902253"
"12","200","1","2","254","0.8484848484848485","0.42105263157894735"
"9","200","1","1","376","0.63","0.63"
"7","200","1","1","379","0.67","0.67"
"8","200","1","1","373","0.65","0.65"
"10","200","1","1","351","0.53","0.53"
"12","200","1","2","255","0.6212121212121212","0.3082706766917293"
"11","200","1","2","338","0.9242424242424242","0.45864661654135336"
"9","200","1","1","377","0.68","0.68"
"7","200","1","1","380","0.66","0.66"
"8","200","1","1","374","0.57","0.57"
"10","200","1","1","352","0.64","0.64"
"12","200","1","2","256","0.8333333333333334","0.41353383458646614"
"11","200","1","2","339","0.7575757575757576","0.37593984962406013"
"7","200","1","1","381","0.69","0.69"
"9","200","1","1","378","0.68","0.68"
"8","200","1","1","375","0.6","0.6"
"12","200","1","2","257","0.803030303030303","0.39849624060150374"
"10","200","1","1","353","0.6","0.6"
"7","200","1","1","382","0.65","0.65"
"11","200","1","2","340","0.9090909090909091","0.45112781954887216"
"9","200","1","1","379","0.59","0.59"
"12","200","1","2","258","0.8333333333333334","0.41353383458646614"
"10","200","1","1","354","0.6","0.6"
"7","200","1","1","383","0.72","0.72"
"8","200","1","1","376","0.6","0.6"
"11","200","1","2","341","0.7878787878787878","0.39097744360902253"
"9","200","1","1","380","0.67","0.67"
"12","200","1","2","259","0.7121212121212122","0.3533834586466165"
"10","200","1","1","355","0.66","0.66"
"7","200","1","1","384","0.72","0.72"
"8","200","1","1","377","0.58","0.58"
"11","200","1","2","342","0.9848484848484849","0.48872180451127817"
"9","200","1","1","381","0.7","0.7"
"12","200","1","2","260","0.8939393939393939","0.44360902255639095"
"10","200","1","1","356","0.56","0.56"
"7","200","1","1","385","0.7","0.7"
"8","200","1","1","378","0.64","0.64"
"11","200","1","2","343","0.9545454545454546","0.47368421052631576"
"12","200","1","2","261","0.8484848484848485","0.42105263157894735"
"9","200","1","1","382","0.63","0.63"
"10","200","1","1","357","0.65","0.65"
"7","200","1","1","386","0.62","0.62"
"11","200","1","2","344","0.9090909090909091","0.45112781954887216"
"8","200","1","1","379","0.67","0.67"
"9","200","1","1","383","0.63","0.63"
"12","200","1","2","262","0.696969696969697","0.3458646616541353"
"10","200","1","1","358","0.71","0.71"
"11","200","1","2","345","1.0151515151515151","0.5037593984962406"
"7","200","1","1","387","0.58","0.58"
"9","200","1","1","384","0.7","0.7"
"8","200","1","1","380","0.66","0.66"
"12","200","1","2","263","0.8636363636363636","0.42857142857142855"
"10","200","1","1","359","0.68","0.68"
"12","200","1","2","264","0.8333333333333334","0.41353383458646614"
"11","200","1","2","346","0.9545454545454546","0.47368421052631576"
"7","200","1","1","388","0.74","0.74"
"9","200","1","1","385","0.73","0.73"
"8","200","1","1","381","0.66","0.66"
"10","200","1","1","360","0.69","0.69"
"12","200","1","2","265","0.8333333333333334","0.41353383458646614"
"7","200","1","1","389","0.69","0.69"
"9","200","1","1","386","0.67","0.67"
"11","200","1","2","347","0.9696969696969697","0.48120300751879697"
"8","200","1","1","382","0.77","0.77"
"10","200","1","1","361","0.48","0.48"
"7","200","1","1","390","0.54","0.54"
"12","200","1","2","266","0.8181818181818182","0.40601503759398494"
"9","200","1","1","387","0.55","0.55"
"11","200","1","2","348","0.7272727272727273","0.3609022556390977"
"8","200","1","1","383","0.65","0.65"
"10","200","1","1","362","0.59","0.59"
"7","200","1","1","391","0.65","0.65"
"12","200","1","2","267","0.7878787878787878","0.39097744360902253"
"9","200","1","1","388","0.56","0.56"
"11","200","1","2","349","0.9696969696969697","0.48120300751879697"
"8","200","1","1","384","0.76","0.76"
"10","200","1","1","363","0.68","0.68"
"12","200","1","2","268","0.7575757575757576","0.37593984962406013"
"7","200","1","1","392","0.68","0.68"
"9","200","1","1","389","0.59","0.59"
"10","200","1","1","364","0.72","0.72"
"8","200","1","1","385","0.71","0.71"
"11","200","1","2","350","1.0303030303030303","0.5112781954887218"
"12","200","1","2","269","0.6818181818181818","0.3383458646616541"
"7","200","1","1","393","0.59","0.59"
"9","200","1","1","390","0.6","0.6"
"11","200","1","2","351","0.7575757575757576","0.37593984962406013"
"10","200","1","1","365","0.67","0.67"
"8","200","1","1","386","0.64","0.64"
"8","200","1","1","387","0.67","0.67"
"12","200","1","2","270","0.7424242424242424","0.3684210526315789"
"7","200","1","1","394","0.61","0.61"
"9","200","1","1","391","0.62","0.62"
"11","200","1","2","352","0.803030303030303","0.39849624060150374"
"10","200","1","1","366","0.67","0.67"
"7","200","1","1","395","0.67","0.67"
"9","200","1","1","392","0.68","0.68"
"8","200","1","1","388","0.71","0.71"
"11","200","1","2","353","0.8181818181818182","0.40601503759398494"
"10","200","1","1","367","0.6","0.6"
"7","200","1","1","396","0.65","0.65"
"12","200","1","2","271","0.7878787878787878","0.39097744360902253"
"9","200","1","1","393","0.68","0.68"
"10","200","1","1","368","0.63","0.63"
"11","200","1","2","354","0.9393939393939394","0.46616541353383456"
"8","200","1","1","389","0.64","0.64"
"7","200","1","1","397","0.65","0.65"
"9","200","1","1","394","0.56","0.56"
"12","200","1","2","272","0.7121212121212122","0.3533834586466165"
"10","200","1","1","369","0.62","0.62"
"11","200","1","2","355","0.8333333333333334","0.41353383458646614"
"8","200","1","1","390","0.6","0.6"
"12","200","1","2","273","0.8181818181818182","0.40601503759398494"
"7","200","1","1","398","0.68","0.68"
"9","200","1","1","395","0.62","0.62"
"11","200","1","2","356","0.9545454545454546","0.47368421052631576"
"10","200","1","1","370","0.6","0.6"
"7","200","1","1","399","0.61","0.61"
"8","200","1","1","391","0.67","0.67"
"9","200","1","1","396","0.65","0.65"
"10","200","1","1","371","0.61","0.61"
"12","200","1","2","274","0.8181818181818182","0.40601503759398494"
"11","200","1","2","357","0.9090909090909091","0.45112781954887216"
"9","200","1","1","397","0.62","0.62"
"8","200","1","1","392","0.57","0.57"
"12","200","1","2","275","0.9393939393939394","0.46616541353383456"
"7","200","1","1","400","0.73","0.73"
"11","200","1","2","358","0.8181818181818182","0.40601503759398494"
"10","200","1","1","372","0.62","0.62"
"12","200","1","2","276","0.803030303030303","0.39849624060150374"
"7","200","1","1","401","0.76","0.76"
"8","200","1","1","393","0.66","0.66"
"9","200","1","1","398","0.67","0.67"
"11","200","1","2","359","0.8939393939393939","0.44360902255639095"
"9","200","1","1","399","0.64","0.64"
"12","200","1","2","277","0.8333333333333334","0.41353383458646614"
"10","200","1","1","373","0.66","0.66"
"8","200","1","1","394","0.57","0.57"
"7","200","1","1","402","0.6","0.6"
"11","200","1","2","360","0.8484848484848485","0.42105263157894735"
"9","200","1","1","400","0.63","0.63"
"10","200","1","1","374","0.63","0.63"
"7","200","1","1","403","0.65","0.65"
"8","200","1","1","395","0.67","0.67"
"11","200","1","2","361","1.0454545454545454","0.518796992481203"
"12","200","1","2","278","0.8787878787878788","0.43609022556390975"
"9","200","1","1","401","0.68","0.68"
"10","200","1","1","375","0.68","0.68"
"7","200","1","1","404","0.65","0.65"
"11","200","1","2","362","0.9242424242424242","0.45864661654135336"
"8","200","1","1","396","0.59","0.59"
"12","200","1","2","279","0.8484848484848485","0.42105263157894735"
"7","200","1","1","405","0.65","0.65"
"9","200","1","1","402","0.68","0.68"
"10","200","1","1","376","0.66","0.66"
"8","200","1","1","397","0.67","0.67"
"11","200","1","2","363","0.9696969696969697","0.48120300751879697"
"12","200","1","2","280","0.8333333333333334","0.41353383458646614"
"7","200","1","1","406","0.65","0.65"
"9","200","1","1","403","0.63","0.63"
"8","200","1","1","398","0.7","0.7"
"11","200","1","2","364","1.0606060606060606","0.5263157894736842"
"10","200","1","1","377","0.69","0.69"
"12","200","1","2","281","0.8939393939393939","0.44360902255639095"
"9","200","1","1","404","0.66","0.66"
"7","200","1","1","407","0.6","0.6"
"10","200","1","1","378","0.54","0.54"
"11","200","1","2","365","0.8939393939393939","0.44360902255639095"
"8","200","1","1","399","0.56","0.56"
"12","200","1","2","282","0.8636363636363636","0.42857142857142855"
"7","200","1","1","408","0.64","0.64"
"9","200","1","1","405","0.69","0.69"
"10","200","1","1","379","0.58","0.58"
"11","200","1","2","366","1.0303030303030303","0.5112781954887218"
"12","200","1","2","283","0.8333333333333334","0.41353383458646614"
"8","200","1","1","400","0.68","0.68"
"9","200","1","1","406","0.66","0.66"
"7","200","1","1","409","0.68","0.68"
"10","200","1","1","380","0.61","0.61"
"11","200","1","2","367","0.8787878787878788","0.43609022556390975"
"12","200","1","2","284","0.9242424242424242","0.45864661654135336"
"8","200","1","1","401","0.69","0.69"
"9","200","1","1","407","0.68","0.68"
"7","200","1","1","410","0.72","0.72"
"10","200","1","1","381","0.72","0.72"
"11","200","1","2","368","0.8939393939393939","0.44360902255639095"
"12","200","1","2","285","0.7878787878787878","0.39097744360902253"
"9","200","1","1","408","0.72","0.72"
"8","200","1","1","402","0.75","0.75"
"10","200","1","1","382","0.59","0.59"
"7","200","1","1","411","0.63","0.63"
"11","200","1","2","369","0.9242424242424242","0.45864661654135336"
"12","200","1","2","286","0.9090909090909091","0.45112781954887216"
"9","200","1","1","409","0.61","0.61"
"10","200","1","1","383","0.6","0.6"
"7","200","1","1","412","0.56","0.56"
"8","200","1","1","403","0.66","0.66"
"11","200","1","2","370","0.8484848484848485","0.42105263157894735"
"12","200","1","2","287","0.7878787878787878","0.39097744360902253"
"9","200","1","1","410","0.72","0.72"
"10","200","1","1","384","0.58","0.58"
"7","200","1","1","413","0.63","0.63"
"8","200","1","1","404","0.63","0.63"
"11","200","1","2","371","0.8939393939393939","0.44360902255639095"
"12","200","1","2","288","0.7878787878787878","0.39097744360902253"
"10","200","1","1","385","0.61","0.61"
"7","200","1","1","414","0.63","0.63"
"9","200","1","1","411","0.61","0.61"
"11","200","1","2","372","0.9393939393939394","0.46616541353383456"
"8","200","1","1","405","0.67","0.67"
"12","200","1","2","289","0.9545454545454546","0.47368421052631576"
"10","200","1","1","386","0.64","0.64"
"11","200","1","2","373","0.9393939393939394","0.46616541353383456"
"9","200","1","1","412","0.55","0.55"
"8","200","1","1","406","0.67","0.67"
"7","200","1","1","415","0.64","0.64"
"12","200","1","2","290","0.9090909090909091","0.45112781954887216"
"10","200","1","1","387","0.62","0.62"
"11","200","1","2","374","0.8484848484848485","0.42105263157894735"
"9","200","1","1","413","0.72","0.72"
"8","200","1","1","407","0.66","0.66"
"7","200","1","1","416","0.6","0.6"
"9","200","1","1","414","0.75","0.75"
"11","200","1","2","375","1.0303030303030303","0.5112781954887218"
"10","200","1","1","388","0.64","0.64"
"7","200","1","1","417","0.68","0.68"
"12","200","1","2","291","0.9242424242424242","0.45864661654135336"
"8","200","1","1","408","0.68","0.68"
"9","200","1","1","415","0.6","0.6"
"11","200","1","2","376","0.8484848484848485","0.42105263157894735"
"7","200","1","1","418","0.58","0.58"
"10","200","1","1","389","0.71","0.71"
"12","200","1","2","292","0.8484848484848485","0.42105263157894735"
"8","200","1","1","409","0.61","0.61"
"9","200","1","1","416","0.7","0.7"
"11","200","1","2","377","0.803030303030303","0.39849624060150374"
"7","200","1","1","419","0.68","0.68"
"10","200","1","1","390","0.63","0.63"
"12","200","1","2","293","0.6818181818181818","0.3383458646616541"
"8","200","1","1","410","0.63","0.63"
"9","200","1","1","417","0.57","0.57"
"11","200","1","2","378","0.9393939393939394","0.46616541353383456"
"7","200","1","1","420","0.71","0.71"
"10","200","1","1","391","0.53","0.53"
"12","200","1","2","294","0.8787878787878788","0.43609022556390975"
"8","200","1","1","411","0.53","0.53"
"7","200","1","1","421","0.73","0.73"
"10","200","1","1","392","0.71","0.71"
"9","200","1","1","418","0.65","0.65"
"11","200","1","2","379","0.8939393939393939","0.44360902255639095"
"12","200","1","2","295","0.8636363636363636","0.42857142857142855"
"8","200","1","1","412","0.63","0.63"
"7","200","1","1","422","0.67","0.67"
"10","200","1","1","393","0.65","0.65"
"9","200","1","1","419","0.65","0.65"
"11","200","1","2","380","0.8181818181818182","0.40601503759398494"
"12","200","1","2","296","0.7424242424242424","0.3684210526315789"
"8","200","1","1","413","0.61","0.61"
"9","200","1","1","420","0.59","0.59"
"7","200","1","1","423","0.74","0.74"
"10","200","1","1","394","0.62","0.62"
"11","200","1","2","381","0.7575757575757576","0.37593984962406013"
"12","200","1","2","297","0.8333333333333334","0.41353383458646614"
"11","200","1","2","382","0.8333333333333334","0.41353383458646614"
"7","200","1","1","424","0.72","0.72"
"8","200","1","1","414","0.7","0.7"
"9","200","1","1","421","0.69","0.69"
"10","200","1","1","395","0.7","0.7"
"7","200","1","1","425","0.64","0.64"
"12","200","1","2","298","0.7878787878787878","0.39097744360902253"
"9","200","1","1","422","0.74","0.74"
"11","200","1","2","383","0.9242424242424242","0.45864661654135336"
"8","200","1","1","415","0.66","0.66"
"10","200","1","1","396","0.72","0.72"
"12","200","1","2","299","0.7424242424242424","0.3684210526315789"
"7","200","1","1","426","0.6","0.6"
"9","200","1","1","423","0.73","0.73"
"8","200","1","1","416","0.7","0.7"
"11","200","1","2","384","0.7575757575757576","0.37593984962406013"
"10","200","1","1","397","0.69","0.69"
"7","200","1","1","427","0.6","0.6"
"12","200","1","2","300","0.9242424242424242","0.45864661654135336"
"9","200","1","1","424","0.63","0.63"
"11","200","1","2","385","0.8333333333333334","0.41353383458646614"
"8","200","1","1","417","0.72","0.72"
"7","200","1","1","428","0.58","0.58"
"10","200","1","1","398","0.75","0.75"
"9","200","1","1","425","0.61","0.61"
"12","200","1","2","301","0.8636363636363636","0.42857142857142855"
"11","200","1","2","386","0.7424242424242424","0.3684210526315789"
"8","200","1","1","418","0.6","0.6"
"7","200","1","1","429","0.69","0.69"
"10","200","1","1","399","0.65","0.65"
"9","200","1","1","426","0.61","0.61"
"11","200","1","2","387","0.8181818181818182","0.40601503759398494"
"8","200","1","1","419","0.65","0.65"
"12","200","1","2","302","0.7878787878787878","0.39097744360902253"
"7","200","1","1","430","0.62","0.62"
"10","200","1","1","400","0.66","0.66"
"9","200","1","1","427","0.69","0.69"
"11","200","1","2","388","0.8636363636363636","0.42857142857142855"
"8","200","1","1","420","0.8","0.8"
"12","200","1","2","303","0.9242424242424242","0.45864661654135336"
"7","200","1","1","431","0.6","0.6"
"9","200","1","1","428","0.72","0.72"
"10","200","1","1","401","0.67","0.67"
"11","200","1","2","389","0.696969696969697","0.3458646616541353"
"8","200","1","1","421","0.7","0.7"
"9","200","1","1","429","0.54","0.54"
"7","200","1","1","432","0.66","0.66"
"10","200","1","1","402","0.65","0.65"
"12","200","1","2","304","0.8484848484848485","0.42105263157894735"
"11","200","1","2","390","0.8484848484848485","0.42105263157894735"
"9","200","1","1","430","0.62","0.62"
"8","200","1","1","422","0.62","0.62"
"7","200","1","1","433","0.61","0.61"
"10","200","1","1","403","0.62","0.62"
"11","200","1","2","391","0.6515151515151515","0.3233082706766917"
"12","200","1","2","305","0.6515151515151515","0.3233082706766917"
"8","200","1","1","423","0.6","0.6"
"9","200","1","1","431","0.64","0.64"
"7","200","1","1","434","0.61","0.61"
"10","200","1","1","404","0.65","0.65"
"11","200","1","2","392","0.696969696969697","0.3458646616541353"
"12","200","1","2","306","0.7272727272727273","0.3609022556390977"
"9","200","1","1","432","0.66","0.66"
"7","200","1","1","435","0.6","0.6"
"8","200","1","1","424","0.62","0.62"
"10","200","1","1","405","0.62","0.62"
"7","200","1","1","436","0.61","0.61"
"11","200","1","2","393","0.803030303030303","0.39849624060150374"
"9","200","1","1","433","0.76","0.76"
"8","200","1","1","425","0.58","0.58"
"7","200","1","1","437","0.63","0.63"
"10","200","1","1","406","0.56","0.56"
"11","200","1","2","394","0.8484848484848485","0.42105263157894735"
"9","200","1","1","434","0.9","0.9"
"8","200","1","1","426","0.54","0.54"
"7","200","1","1","438","0.6","0.6"
"12","200","1","2","307","0.7575757575757576","0.37593984962406013"
"10","200","1","1","407","0.52","0.52"
"11","200","1","2","395","0.7878787878787878","0.39097744360902253"
"9","200","1","1","435","0.76","0.76"
"8","200","1","1","427","0.58","0.58"
"7","200","1","1","439","0.75","0.75"
"10","200","1","1","408","0.59","0.59"
"11","200","1","2","396","0.9242424242424242","0.45864661654135336"
"9","200","1","1","436","0.71","0.71"
"12","200","1","2","308","0.7424242424242424","0.3684210526315789"
"8","200","1","1","428","0.61","0.61"
"7","200","1","1","440","0.61","0.61"
"10","200","1","1","409","0.61","0.61"
"11","200","1","2","397","0.8939393939393939","0.44360902255639095"
"9","200","1","1","437","0.63","0.63"
"8","200","1","1","429","0.61","0.61"
"7","200","1","1","441","0.67","0.67"
"10","200","1","1","410","0.67","0.67"
"11","200","1","2","398","0.6515151515151515","0.3233082706766917"
"9","200","1","1","438","0.61","0.61"
"12","200","1","2","309","0.8181818181818182","0.40601503759398494"
"7","200","1","1","442","0.68","0.68"
"8","200","1","1","430","0.59","0.59"
"10","200","1","1","411","0.66","0.66"
"11","200","1","2","399","0.9545454545454546","0.47368421052631576"
"9","200","1","1","439","0.62","0.62"
"7","200","1","1","443","0.55","0.55"
"12","200","1","2","310","0.8787878787878788","0.43609022556390975"
"8","200","1","1","431","0.73","0.73"
"10","200","1","1","412","0.6","0.6"
"11","200","1","2","400","1","0.49624060150375937"
"9","200","1","1","440","0.61","0.61"
"7","200","1","1","444","0.57","0.57"
"8","200","1","1","432","0.62","0.62"
"12","200","1","2","311","0.7878787878787878","0.39097744360902253"
"10","200","1","1","413","0.65","0.65"
"11","200","1","2","401","0.9090909090909091","0.45112781954887216"
"9","200","1","1","441","0.55","0.55"
"7","200","1","1","445","0.59","0.59"
"12","200","1","2","312","0.8181818181818182","0.40601503759398494"
"8","200","1","1","433","0.62","0.62"
"10","200","1","1","414","0.66","0.66"
"9","200","1","1","442","0.66","0.66"
"7","200","1","1","446","0.64","0.64"
"11","200","1","2","402","1.0303030303030303","0.5112781954887218"
"12","200","1","2","313","0.7424242424242424","0.3684210526315789"
"8","200","1","1","434","0.6","0.6"
"10","200","1","1","415","0.59","0.59"
"7","200","1","1","447","0.65","0.65"
"9","200","1","1","443","0.63","0.63"
"11","200","1","2","403","0.8787878787878788","0.43609022556390975"
"8","200","1","1","435","0.56","0.56"
"7","200","1","1","448","0.56","0.56"
"10","200","1","1","416","0.63","0.63"
"9","200","1","1","444","0.57","0.57"
"12","200","1","2","314","0.7727272727272727","0.38345864661654133"
"11","200","1","2","404","0.7878787878787878","0.39097744360902253"
"8","200","1","1","436","0.7","0.7"
"7","200","1","1","449","0.64","0.64"
"10","200","1","1","417","0.66","0.66"
"9","200","1","1","445","0.46","0.46"
"11","200","1","2","405","0.9696969696969697","0.48120300751879697"
"7","200","1","1","450","0.6","0.6"
"8","200","1","1","437","0.68","0.68"
"10","200","1","1","418","0.62","0.62"
"9","200","1","1","446","0.64","0.64"
"12","200","1","2","315","0.7121212121212122","0.3533834586466165"
"11","200","1","2","406","1.0606060606060606","0.5263157894736842"
"7","200","1","1","451","0.7","0.7"
"10","200","1","1","419","0.63","0.63"
"9","200","1","1","447","0.68","0.68"
"8","200","1","1","438","0.58","0.58"
"11","200","1","2","407","1.0303030303030303","0.5112781954887218"
"12","200","1","2","316","0.8636363636363636","0.42857142857142855"
"11","200","1","2","408","0.8484848484848485","0.42105263157894735"
"8","200","1","1","439","0.57","0.57"
"10","200","1","1","420","0.46","0.46"
"9","200","1","1","448","0.74","0.74"
"7","200","1","1","452","0.66","0.66"
"7","200","1","1","453","0.69","0.69"
"10","200","1","1","421","0.57","0.57"
"12","200","1","2","317","0.803030303030303","0.39849624060150374"
"9","200","1","1","449","0.73","0.73"
"11","200","1","2","409","0.8787878787878788","0.43609022556390975"
"8","200","1","1","440","0.66","0.66"
"7","200","1","1","454","0.57","0.57"
"11","200","1","2","410","0.6818181818181818","0.3383458646616541"
"9","200","1","1","450","0.66","0.66"
"10","200","1","1","422","0.72","0.72"
"8","200","1","1","441","0.69","0.69"
"12","200","1","2","318","0.7272727272727273","0.3609022556390977"
"7","200","1","1","455","0.61","0.61"
"9","200","1","1","451","0.69","0.69"
"11","200","1","2","411","0.8484848484848485","0.42105263157894735"
"10","200","1","1","423","0.67","0.67"
"8","200","1","1","442","0.6","0.6"
"7","200","1","1","456","0.61","0.61"
"12","200","1","2","319","0.6060606060606061","0.3007518796992481"
"10","200","1","1","424","0.54","0.54"
"11","200","1","2","412","0.8333333333333334","0.41353383458646614"
"9","200","1","1","452","0.72","0.72"
"8","200","1","1","443","0.62","0.62"
"12","200","1","2","320","0.6515151515151515","0.3233082706766917"
"10","200","1","1","425","0.63","0.63"
"7","200","1","1","457","0.57","0.57"
"9","200","1","1","453","0.7","0.7"
"11","200","1","2","413","0.9848484848484849","0.48872180451127817"
"8","200","1","1","444","0.69","0.69"
"10","200","1","1","426","0.58","0.58"
"7","200","1","1","458","0.66","0.66"
"12","200","1","2","321","0.6212121212121212","0.3082706766917293"
"9","200","1","1","454","0.72","0.72"
"11","200","1","2","414","1.0757575757575757","0.5338345864661654"
"8","200","1","1","445","0.73","0.73"
"12","200","1","2","322","0.696969696969697","0.3458646616541353"
"10","200","1","1","427","0.78","0.78"
"11","200","1","2","415","0.9242424242424242","0.45864661654135336"
"9","200","1","1","455","0.73","0.73"
"7","200","1","1","459","0.67","0.67"
"8","200","1","1","446","0.66","0.66"
"12","200","1","2","323","0.696969696969697","0.3458646616541353"
"10","200","1","1","428","0.74","0.74"
"11","200","1","2","416","0.803030303030303","0.39849624060150374"
"9","200","1","1","456","0.64","0.64"
"7","200","1","1","460","0.66","0.66"
"8","200","1","1","447","0.77","0.77"
"12","200","1","2","324","0.6666666666666666","0.3308270676691729"
"11","200","1","2","417","0.8939393939393939","0.44360902255639095"
"10","200","1","1","429","0.62","0.62"
"7","200","1","1","461","0.67","0.67"
"9","200","1","1","457","0.66","0.66"
"8","200","1","1","448","0.67","0.67"
"12","200","1","2","325","0.7727272727272727","0.38345864661654133"
"7","200","1","1","462","0.63","0.63"
"10","200","1","1","430","0.64","0.64"
"11","200","1","2","418","0.7878787878787878","0.39097744360902253"
"9","200","1","1","458","0.71","0.71"
"12","200","1","2","326","0.7424242424242424","0.3684210526315789"
"8","200","1","1","449","0.69","0.69"
"7","200","1","1","463","0.62","0.62"
"10","200","1","1","431","0.6","0.6"
"11","200","1","2","419","1.0454545454545454","0.518796992481203"
"9","200","1","1","459","0.61","0.61"
"12","200","1","2","327","0.8636363636363636","0.42857142857142855"
"8","200","1","1","450","0.65","0.65"
"7","200","1","1","464","0.64","0.64"
"10","200","1","1","432","0.49","0.49"
"11","200","1","2","420","0.7121212121212122","0.3533834586466165"
"12","200","1","2","328","0.7727272727272727","0.38345864661654133"
"9","200","1","1","460","0.75","0.75"
"8","200","1","1","451","0.67","0.67"
"10","200","1","1","433","0.57","0.57"
"7","200","1","1","465","0.76","0.76"
"11","200","1","2","421","0.7878787878787878","0.39097744360902253"
"12","200","1","2","329","0.7121212121212122","0.3533834586466165"
"9","200","1","1","461","0.72","0.72"
"8","200","1","1","452","0.74","0.74"
"10","200","1","1","434","0.65","0.65"
"7","200","1","1","466","0.61","0.61"
"9","200","1","1","462","0.74","0.74"
"11","200","1","2","422","0.8333333333333334","0.41353383458646614"
"12","200","1","2","330","0.5909090909090909","0.2932330827067669"
"10","200","1","1","435","0.57","0.57"
"7","200","1","1","467","0.63","0.63"
"8","200","1","1","453","0.66","0.66"
"9","200","1","1","463","0.55","0.55"
"12","200","1","2","331","0.7575757575757576","0.37593984962406013"
"11","200","1","2","423","0.8636363636363636","0.42857142857142855"
"10","200","1","1","436","0.67","0.67"
"8","200","1","1","454","0.62","0.62"
"7","200","1","1","468","0.47","0.47"
"9","200","1","1","464","0.68","0.68"
"8","200","1","1","455","0.68","0.68"
"11","200","1","2","424","0.803030303030303","0.39849624060150374"
"7","200","1","1","469","0.59","0.59"
"10","200","1","1","437","0.66","0.66"
"12","200","1","2","332","0.7121212121212122","0.3533834586466165"
"9","200","1","1","465","0.68","0.68"
"8","200","1","1","456","0.71","0.71"
"7","200","1","1","470","0.68","0.68"
"11","200","1","2","425","0.7878787878787878","0.39097744360902253"
"12","200","1","2","333","0.8787878787878788","0.43609022556390975"
"10","200","1","1","438","0.64","0.64"
"9","200","1","1","466","0.77","0.77"
"8","200","1","1","457","0.82","0.82"
"7","200","1","1","471","0.54","0.54"
"10","200","1","1","439","0.59","0.59"
"11","200","1","2","426","0.803030303030303","0.39849624060150374"
"12","200","1","2","334","0.9090909090909091","0.45112781954887216"
"9","200","1","1","467","0.7","0.7"
"11","200","1","2","427","0.7878787878787878","0.39097744360902253"
"8","200","1","1","458","0.72","0.72"
"10","200","1","1","440","0.64","0.64"
"7","200","1","1","472","0.71","0.71"
"9","200","1","1","468","0.7","0.7"
"12","200","1","2","335","0.8636363636363636","0.42857142857142855"
"8","200","1","1","459","0.8","0.8"
"11","200","1","2","428","0.7575757575757576","0.37593984962406013"
"10","200","1","1","441","0.63","0.63"
"7","200","1","1","473","0.63","0.63"
"12","200","1","2","336","0.8939393939393939","0.44360902255639095"
"9","200","1","1","469","0.59","0.59"
"8","200","1","1","460","0.7","0.7"
"11","200","1","2","429","0.803030303030303","0.39849624060150374"
"7","200","1","1","474","0.65","0.65"
"9","200","1","1","470","0.72","0.72"
"10","200","1","1","442","0.64","0.64"
"7","200","1","1","475","0.6","0.6"
"11","200","1","2","430","0.9696969696969697","0.48120300751879697"
"8","200","1","1","461","0.69","0.69"
"9","200","1","1","471","0.64","0.64"
"12","200","1","2","337","0.8333333333333334","0.41353383458646614"
"10","200","1","1","443","0.57","0.57"
"7","200","1","1","476","0.61","0.61"
"8","200","1","1","462","0.61","0.61"
"11","200","1","2","431","0.7272727272727273","0.3609022556390977"
"9","200","1","1","472","0.58","0.58"
"7","200","1","1","477","0.66","0.66"
"8","200","1","1","463","0.62","0.62"
"11","200","1","2","432","0.7727272727272727","0.38345864661654133"
"12","200","1","2","338","0.9696969696969697","0.48120300751879697"
"10","200","1","1","444","0.63","0.63"
"7","200","1","1","478","0.61","0.61"
"9","200","1","1","473","0.57","0.57"
"11","200","1","2","433","0.7121212121212122","0.3533834586466165"
"12","200","1","2","339","0.9545454545454546","0.47368421052631576"
"8","200","1","1","464","0.86","0.86"
"10","200","1","1","445","0.63","0.63"
"7","200","1","1","479","0.58","0.58"
"9","200","1","1","474","0.61","0.61"
"11","200","1","2","434","1.0606060606060606","0.5263157894736842"
"12","200","1","2","340","0.9090909090909091","0.45112781954887216"
"8","200","1","1","465","0.75","0.75"
"10","200","1","1","446","0.61","0.61"
"9","200","1","1","475","0.72","0.72"
"7","200","1","1","480","0.47","0.47"
"11","200","1","2","435","0.9696969696969697","0.48120300751879697"
"12","200","1","2","341","0.7272727272727273","0.3609022556390977"
"8","200","1","1","466","0.73","0.73"
"10","200","1","1","447","0.68","0.68"
"9","200","1","1","476","0.69","0.69"
"7","200","1","1","481","0.54","0.54"
"11","200","1","2","436","0.9090909090909091","0.45112781954887216"
"12","200","1","2","342","0.9090909090909091","0.45112781954887216"
"8","200","1","1","467","0.62","0.62"
"10","200","1","1","448","0.49","0.49"
"9","200","1","1","477","0.71","0.71"
"7","200","1","1","482","0.59","0.59"
"12","200","1","2","343","0.9545454545454546","0.47368421052631576"
"11","200","1","2","437","0.6666666666666666","0.3308270676691729"
"8","200","1","1","468","0.63","0.63"
"9","200","1","1","478","0.67","0.67"
"12","200","1","2","344","0.7878787878787878","0.39097744360902253"
"7","200","1","1","483","0.51","0.51"
"11","200","1","2","438","0.8181818181818182","0.40601503759398494"
"8","200","1","1","469","0.68","0.68"
"9","200","1","1","479","0.78","0.78"
"12","200","1","2","345","0.803030303030303","0.39849624060150374"
"7","200","1","1","484","0.71","0.71"
"11","200","1","2","439","0.9696969696969697","0.48120300751879697"
"8","200","1","1","470","0.66","0.66"
"9","200","1","1","480","0.63","0.63"
"12","200","1","2","346","0.9242424242424242","0.45864661654135336"
"7","200","1","1","485","0.66","0.66"
"11","200","1","2","440","0.9090909090909091","0.45112781954887216"
"8","200","1","1","471","0.59","0.59"
"9","200","1","1","481","0.68","0.68"
"7","200","1","1","486","0.68","0.68"
"12","200","1","2","347","0.9242424242424242","0.45864661654135336"
"11","200","1","2","441","0.9545454545454546","0.47368421052631576"
"8","200","1","1","472","0.64","0.64"
"9","200","1","1","482","0.66","0.66"
"12","200","1","2","348","1.0151515151515151","0.5037593984962406"
"7","200","1","1","487","0.48","0.48"
"8","200","1","1","473","0.63","0.63"
"11","200","1","2","442","1.0606060606060606","0.5263157894736842"
"9","200","1","1","483","0.61","0.61"
"8","200","1","1","474","0.67","0.67"
"12","200","1","2","349","0.9848484848484849","0.48872180451127817"
"7","200","1","1","488","0.66","0.66"
"9","200","1","1","484","0.73","0.73"
"11","200","1","2","443","1.0454545454545454","0.518796992481203"
"12","200","1","2","350","1.0454545454545454","0.518796992481203"
"7","200","1","1","489","0.69","0.69"
"9","200","1","1","485","0.68","0.68"
"8","200","1","1","475","0.65","0.65"
"11","200","1","2","444","1","0.49624060150375937"
"12","200","1","2","351","0.8787878787878788","0.43609022556390975"
"9","200","1","1","486","0.59","0.59"
"7","200","1","1","490","0.61","0.61"
"8","200","1","1","476","0.61","0.61"
"11","200","1","2","445","1.0303030303030303","0.5112781954887218"
"7","200","1","1","491","0.6","0.6"
"9","200","1","1","487","0.66","0.66"
"12","200","1","2","352","0.9848484848484849","0.48872180451127817"
"8","200","1","1","477","0.66","0.66"
"11","200","1","2","446","0.7121212121212122","0.3533834586466165"
"9","200","1","1","488","0.64","0.64"
"12","200","1","2","353","1","0.49624060150375937"
"7","200","1","1","492","0.68","0.68"
"8","200","1","1","478","0.72","0.72"
"11","200","1","2","447","0.8636363636363636","0.42857142857142855"
"12","200","1","2","354","1.0151515151515151","0.5037593984962406"
"7","200","1","1","493","0.59","0.59"
"9","200","1","1","489","0.75","0.75"
"8","200","1","1","479","0.67","0.67"
"10","200","1","1","449","0.62","0.62"
"11","200","1","2","448","0.8333333333333334","0.41353383458646614"
"12","200","1","2","355","0.9090909090909091","0.45112781954887216"
"7","200","1","1","494","0.59","0.59"
"9","200","1","1","490","0.61","0.61"
"8","200","1","1","480","0.66","0.66"
"11","200","1","2","449","0.7878787878787878","0.39097744360902253"
"10","200","1","1","450","0.55","0.55"
"9","200","1","1","491","0.66","0.66"
"7","200","1","1","495","0.47","0.47"
"8","200","1","1","481","0.65","0.65"
"9","200","1","1","492","0.68","0.68"
"10","200","1","1","451","0.48","0.48"
"11","200","1","2","450","0.7121212121212122","0.3533834586466165"
"7","200","1","1","496","0.6","0.6"
"12","200","1","2","356","0.8636363636363636","0.42857142857142855"
"8","200","1","1","482","0.61","0.61"
"10","200","1","1","452","0.58","0.58"
"8","200","1","1","483","0.54","0.54"
"9","200","1","1","493","0.82","0.82"
"11","200","1","2","451","0.8636363636363636","0.42857142857142855"
"7","200","1","1","497","0.54","0.54"
"12","200","1","2","357","0.9545454545454546","0.47368421052631576"
"9","200","1","1","494","0.58","0.58"
"8","200","1","1","484","0.68","0.68"
"10","200","1","1","453","0.61","0.61"
"11","200","1","2","452","0.7272727272727273","0.3609022556390977"
"7","200","1","1","498","0.69","0.69"
"12","200","1","2","358","0.9696969696969697","0.48120300751879697"
"8","200","1","1","485","0.64","0.64"
"9","200","1","1","495","0.82","0.82"
"10","200","1","1","454","0.62","0.62"
"11","200","1","2","453","0.8484848484848485","0.42105263157894735"
"7","200","1","1","499","0.59","0.59"
"12","200","1","2","359","0.803030303030303","0.39849624060150374"
"9","200","1","1","496","0.78","0.78"
"8","200","1","1","486","0.66","0.66"
"10","200","1","1","455","0.6","0.6"
"11","200","1","2","454","0.8484848484848485","0.42105263157894735"
"9","200","1","1","497","0.79","0.79"
"8","200","1","1","487","0.58","0.58"
"7","200","1","1","500","0.55","0.55"
"10","200","1","1","456","0.66","0.66"
"12","200","1","2","360","0.6818181818181818","0.3383458646616541"
"11","200","1","2","455","0.8333333333333334","0.41353383458646614"
"9","200","1","1","498","0.71","0.71"
"8","200","1","1","488","0.72","0.72"
"10","200","1","1","457","0.59","0.59"
"12","200","1","2","361","0.7878787878787878","0.39097744360902253"
"13","200","1","2","0","0","0"
"9","200","1","1","499","0.68","0.68"
"8","200","1","1","489","0.78","0.78"
"10","200","1","1","458","0.69","0.69"
"11","200","1","2","456","0.8636363636363636","0.42857142857142855"
"13","200","1","2","1","0.9545454545454546","0.47368421052631576"
"13","200","1","2","2","0.8181818181818182","0.40601503759398494"
"12","200","1","2","362","0.8787878787878788","0.43609022556390975"
"9","200","1","1","500","0.61","0.61"
"8","200","1","1","490","0.63","0.63"
"13","200","1","2","3","1.0454545454545454","0.518796992481203"
"10","200","1","1","459","0.57","0.57"
"11","200","1","2","457","0.696969696969697","0.3458646616541353"
"13","200","1","2","4","0.8939393939393939","0.44360902255639095"
"14","200","1","2","0","0","0"
"12","200","1","2","363","0.803030303030303","0.39849624060150374"
"13","200","1","2","5","0.7727272727272727","0.38345864661654133"
"10","200","1","1","460","0.58","0.58"
"8","200","1","1","491","0.59","0.59"
"14","200","1","2","1","0.7575757575757576","0.37593984962406013"
"11","200","1","2","458","0.6212121212121212","0.3082706766917293"
"13","200","1","2","6","0.7727272727272727","0.38345864661654133"
"14","200","1","2","2","0.8333333333333334","0.41353383458646614"
"12","200","1","2","364","0.8636363636363636","0.42857142857142855"
"13","200","1","2","7","0.9090909090909091","0.45112781954887216"
"14","200","1","2","3","0.7424242424242424","0.3684210526315789"
"10","200","1","1","461","0.54","0.54"
"8","200","1","1","492","0.79","0.79"
"11","200","1","2","459","0.6363636363636364","0.3157894736842105"
"14","200","1","2","4","0.9848484848484849","0.48872180451127817"
"13","200","1","2","8","0.8181818181818182","0.40601503759398494"
"14","200","1","2","5","0.9393939393939394","0.46616541353383456"
"13","200","1","2","9","0.8636363636363636","0.42857142857142855"
"8","200","1","1","493","0.57","0.57"
"10","200","1","1","462","0.69","0.69"
"12","200","1","2","365","0.9696969696969697","0.48120300751879697"
"14","200","1","2","6","0.7727272727272727","0.38345864661654133"
"13","200","1","2","10","1.0151515151515151","0.5037593984962406"
"11","200","1","2","460","0.6515151515151515","0.3233082706766917"
"13","200","1","2","11","1.0757575757575757","0.5338345864661654"
"14","200","1","2","7","0.8333333333333334","0.41353383458646614"
"14","200","1","2","8","0.9545454545454546","0.47368421052631576"
"8","200","1","1","494","0.56","0.56"
"13","200","1","2","12","0.7272727272727273","0.3609022556390977"
"10","200","1","1","463","0.66","0.66"
"12","200","1","2","366","0.8636363636363636","0.42857142857142855"
"14","200","1","2","9","1","0.49624060150375937"
"13","200","1","2","13","0.8484848484848485","0.42105263157894735"
"11","200","1","2","461","0.9545454545454546","0.47368421052631576"
"14","200","1","2","10","0.9393939393939394","0.46616541353383456"
"13","200","1","2","14","0.7727272727272727","0.38345864661654133"
"10","200","1","1","464","0.61","0.61"
"14","200","1","2","11","0.7727272727272727","0.38345864661654133"
"8","200","1","1","495","0.61","0.61"
"12","200","1","2","367","0.9090909090909091","0.45112781954887216"
"13","200","1","2","15","0.8484848484848485","0.42105263157894735"
"11","200","1","2","462","0.7878787878787878","0.39097744360902253"
"14","200","1","2","12","0.8636363636363636","0.42857142857142855"
"13","200","1","2","16","0.6818181818181818","0.3383458646616541"
"14","200","1","2","13","0.8939393939393939","0.44360902255639095"
"10","200","1","1","465","0.57","0.57"
"8","200","1","1","496","0.61","0.61"
"14","200","1","2","14","1","0.49624060150375937"
"13","200","1","2","17","0.8484848484848485","0.42105263157894735"
"11","200","1","2","463","0.8333333333333334","0.41353383458646614"
"12","200","1","2","368","0.9545454545454546","0.47368421052631576"
"14","200","1","2","15","1.0303030303030303","0.5112781954887218"
"13","200","1","2","18","0.8939393939393939","0.44360902255639095"
"14","200","1","2","16","0.8939393939393939","0.44360902255639095"
"13","200","1","2","19","0.8636363636363636","0.42857142857142855"
"8","200","1","1","497","0.65","0.65"
"10","200","1","1","466","0.7","0.7"
"14","200","1","2","17","0.7878787878787878","0.39097744360902253"
"13","200","1","2","20","0.803030303030303","0.39849624060150374"
"11","200","1","2","464","0.8636363636363636","0.42857142857142855"
"14","200","1","2","18","0.7424242424242424","0.3684210526315789"
"12","200","1","2","369","0.7272727272727273","0.3609022556390977"
"13","200","1","2","21","0.7121212121212122","0.3533834586466165"
"8","200","1","1","498","0.62","0.62"
"10","200","1","1","467","0.65","0.65"
"14","200","1","2","19","0.9545454545454546","0.47368421052631576"
"13","200","1","2","22","0.8939393939393939","0.44360902255639095"
"11","200","1","2","465","0.9242424242424242","0.45864661654135336"
"13","200","1","2","23","0.8787878787878788","0.43609022556390975"
"14","200","1","2","20","0.9242424242424242","0.45864661654135336"
"10","200","1","1","468","0.64","0.64"
"14","200","1","2","21","0.7878787878787878","0.39097744360902253"
"8","200","1","1","499","0.67","0.67"
"13","200","1","2","24","0.8484848484848485","0.42105263157894735"
"14","200","1","2","22","0.8333333333333334","0.41353383458646614"
"12","200","1","2","370","0.8787878787878788","0.43609022556390975"
"11","200","1","2","466","0.8636363636363636","0.42857142857142855"
"13","200","1","2","25","0.9090909090909091","0.45112781954887216"
"8","200","1","1","500","0.65","0.65"
"10","200","1","1","469","0.72","0.72"
"14","200","1","2","23","0.803030303030303","0.39849624060150374"
"13","200","1","2","26","0.9848484848484849","0.48872180451127817"
"14","200","1","2","24","0.9242424242424242","0.45864661654135336"
"11","200","1","2","467","0.8484848484848485","0.42105263157894735"
"13","200","1","2","27","0.8939393939393939","0.44360902255639095"
"15","200","1","2","0","0","0"
"14","200","1","2","25","0.8181818181818182","0.40601503759398494"
"12","200","1","2","371","0.8333333333333334","0.41353383458646614"
"10","200","1","1","470","0.7","0.7"
"15","200","1","2","1","0.6515151515151515","0.3233082706766917"
"14","200","1","2","26","0.8484848484848485","0.42105263157894735"
"13","200","1","2","28","0.8636363636363636","0.42857142857142855"
"13","200","1","2","29","0.803030303030303","0.39849624060150374"
"11","200","1","2","468","0.8787878787878788","0.43609022556390975"
"14","200","1","2","27","0.8636363636363636","0.42857142857142855"
"15","200","1","2","2","0.8181818181818182","0.40601503759398494"
"10","200","1","1","471","0.57","0.57"
"13","200","1","2","30","0.8484848484848485","0.42105263157894735"
"14","200","1","2","28","0.8636363636363636","0.42857142857142855"
"12","200","1","2","372","0.803030303030303","0.39849624060150374"
"15","200","1","2","3","0.8484848484848485","0.42105263157894735"
"14","200","1","2","29","0.9393939393939394","0.46616541353383456"
"13","200","1","2","31","1.0909090909090908","0.5413533834586466"
"15","200","1","2","4","0.8181818181818182","0.40601503759398494"
"14","200","1","2","30","0.8333333333333334","0.41353383458646614"
"10","200","1","1","472","0.64","0.64"
"11","200","1","2","469","0.9090909090909091","0.45112781954887216"
"13","200","1","2","32","0.8181818181818182","0.40601503759398494"
"12","200","1","2","373","0.8333333333333334","0.41353383458646614"
"15","200","1","2","5","0.8484848484848485","0.42105263157894735"
"14","200","1","2","31","0.9696969696969697","0.48120300751879697"
"13","200","1","2","33","0.803030303030303","0.39849624060150374"
"14","200","1","2","32","0.8333333333333334","0.41353383458646614"
"15","200","1","2","6","0.6818181818181818","0.3383458646616541"
"11","200","1","2","470","0.8333333333333334","0.41353383458646614"
"10","200","1","1","473","0.68","0.68"
"13","200","1","2","34","1.0151515151515151","0.5037593984962406"
"14","200","1","2","33","0.8181818181818182","0.40601503759398494"
"15","200","1","2","7","0.7424242424242424","0.3684210526315789"
"12","200","1","2","374","0.8484848484848485","0.42105263157894735"
"13","200","1","2","35","0.8636363636363636","0.42857142857142855"
"14","200","1","2","34","1","0.49624060150375937"
"15","200","1","2","8","0.9848484848484849","0.48872180451127817"
"11","200","1","2","471","0.9393939393939394","0.46616541353383456"
"10","200","1","1","474","0.58","0.58"
"13","200","1","2","36","0.9090909090909091","0.45112781954887216"
"14","200","1","2","35","0.8787878787878788","0.43609022556390975"
"15","200","1","2","9","0.7121212121212122","0.3533834586466165"
"12","200","1","2","375","0.7272727272727273","0.3609022556390977"
"14","200","1","2","36","0.8636363636363636","0.42857142857142855"
"15","200","1","2","10","1.0606060606060606","0.5263157894736842"
"13","200","1","2","37","0.803030303030303","0.39849624060150374"
"11","200","1","2","472","0.9242424242424242","0.45864661654135336"
"14","200","1","2","37","0.8787878787878788","0.43609022556390975"
"10","200","1","1","475","0.65","0.65"
"15","200","1","2","11","0.7727272727272727","0.38345864661654133"
"13","200","1","2","38","0.9090909090909091","0.45112781954887216"
"12","200","1","2","376","0.6212121212121212","0.3082706766917293"
"14","200","1","2","38","0.8636363636363636","0.42857142857142855"
"13","200","1","2","39","0.8636363636363636","0.42857142857142855"
"15","200","1","2","12","0.8636363636363636","0.42857142857142855"
"11","200","1","2","473","0.8484848484848485","0.42105263157894735"
"10","200","1","1","476","0.68","0.68"
"12","200","1","2","377","0.8333333333333334","0.41353383458646614"
"13","200","1","2","40","0.9090909090909091","0.45112781954887216"
"14","200","1","2","39","0.9696969696969697","0.48120300751879697"
"15","200","1","2","13","0.8636363636363636","0.42857142857142855"
"13","200","1","2","41","0.9393939393939394","0.46616541353383456"
"15","200","1","2","14","0.8484848484848485","0.42105263157894735"
"11","200","1","2","474","0.9848484848484849","0.48872180451127817"
"14","200","1","2","40","1.0151515151515151","0.5037593984962406"
"10","200","1","1","477","0.61","0.61"
"13","200","1","2","42","0.8484848484848485","0.42105263157894735"
"15","200","1","2","15","0.9696969696969697","0.48120300751879697"
"12","200","1","2","378","0.9545454545454546","0.47368421052631576"
"14","200","1","2","41","1","0.49624060150375937"
"15","200","1","2","16","0.8333333333333334","0.41353383458646614"
"13","200","1","2","43","0.8636363636363636","0.42857142857142855"
"11","200","1","2","475","0.9696969696969697","0.48120300751879697"
"10","200","1","1","478","0.65","0.65"
"14","200","1","2","42","0.9696969696969697","0.48120300751879697"
"12","200","1","2","379","0.9242424242424242","0.45864661654135336"
"13","200","1","2","44","0.7575757575757576","0.37593984962406013"
"15","200","1","2","17","0.9848484848484849","0.48872180451127817"
"11","200","1","2","476","1.0151515151515151","0.5037593984962406"
"14","200","1","2","43","0.8181818181818182","0.40601503759398494"
"13","200","1","2","45","0.8636363636363636","0.42857142857142855"
"10","200","1","1","479","0.63","0.63"
"15","200","1","2","18","1","0.49624060150375937"
"14","200","1","2","44","0.6818181818181818","0.3383458646616541"
"13","200","1","2","46","0.8636363636363636","0.42857142857142855"
"12","200","1","2","380","0.9545454545454546","0.47368421052631576"
"15","200","1","2","19","1.0454545454545454","0.518796992481203"
"11","200","1","2","477","1.0303030303030303","0.5112781954887218"
"13","200","1","2","47","0.8939393939393939","0.44360902255639095"
"14","200","1","2","45","0.803030303030303","0.39849624060150374"
"10","200","1","1","480","0.64","0.64"
"15","200","1","2","20","1.0606060606060606","0.5263157894736842"
"13","200","1","2","48","0.8939393939393939","0.44360902255639095"
"12","200","1","2","381","0.9242424242424242","0.45864661654135336"
"14","200","1","2","46","0.8939393939393939","0.44360902255639095"
"15","200","1","2","21","0.8484848484848485","0.42105263157894735"
"13","200","1","2","49","0.9393939393939394","0.46616541353383456"
"11","200","1","2","478","0.9545454545454546","0.47368421052631576"
"14","200","1","2","47","0.8484848484848485","0.42105263157894735"
"10","200","1","1","481","0.71","0.71"
"15","200","1","2","22","0.9545454545454546","0.47368421052631576"
"13","200","1","2","50","0.696969696969697","0.3458646616541353"
"12","200","1","2","382","0.9545454545454546","0.47368421052631576"
"14","200","1","2","48","0.8636363636363636","0.42857142857142855"
"15","200","1","2","23","0.8333333333333334","0.41353383458646614"
"13","200","1","2","51","0.7727272727272727","0.38345864661654133"
"14","200","1","2","49","0.9090909090909091","0.45112781954887216"
"11","200","1","2","479","0.8484848484848485","0.42105263157894735"
"10","200","1","1","482","0.54","0.54"
"15","200","1","2","24","0.9393939393939394","0.46616541353383456"
"12","200","1","2","383","1.0303030303030303","0.5112781954887218"
"13","200","1","2","52","0.7727272727272727","0.38345864661654133"
"14","200","1","2","50","0.7878787878787878","0.39097744360902253"
"14","200","1","2","51","0.8636363636363636","0.42857142857142855"
"15","200","1","2","25","0.9545454545454546","0.47368421052631576"
"13","200","1","2","53","0.7424242424242424","0.3684210526315789"
"11","200","1","2","480","0.9696969696969697","0.48120300751879697"
"10","200","1","1","483","0.62","0.62"
"14","200","1","2","52","0.803030303030303","0.39849624060150374"
"15","200","1","2","26","0.9545454545454546","0.47368421052631576"
"12","200","1","2","384","0.7878787878787878","0.39097744360902253"
"13","200","1","2","54","0.9545454545454546","0.47368421052631576"
"14","200","1","2","53","0.8636363636363636","0.42857142857142855"
"15","200","1","2","27","0.8333333333333334","0.41353383458646614"
"11","200","1","2","481","0.8181818181818182","0.40601503759398494"
"13","200","1","2","55","0.9090909090909091","0.45112781954887216"
"10","200","1","1","484","0.6","0.6"
"14","200","1","2","54","0.7424242424242424","0.3684210526315789"
"15","200","1","2","28","0.8333333333333334","0.41353383458646614"
"12","200","1","2","385","0.7878787878787878","0.39097744360902253"
"14","200","1","2","55","1","0.49624060150375937"
"13","200","1","2","56","1","0.49624060150375937"
"15","200","1","2","29","0.8333333333333334","0.41353383458646614"
"11","200","1","2","482","1.1666666666666667","0.5789473684210527"
"14","200","1","2","56","0.803030303030303","0.39849624060150374"
"10","200","1","1","485","0.64","0.64"
"13","200","1","2","57","0.8636363636363636","0.42857142857142855"
"12","200","1","2","386","0.8181818181818182","0.40601503759398494"
"15","200","1","2","30","1.0303030303030303","0.5112781954887218"
"14","200","1","2","57","1.106060606060606","0.5488721804511278"
"13","200","1","2","58","0.8939393939393939","0.44360902255639095"
"11","200","1","2","483","0.9393939393939394","0.46616541353383456"
"15","200","1","2","31","0.9545454545454546","0.47368421052631576"
"10","200","1","1","486","0.68","0.68"
"14","200","1","2","58","0.8484848484848485","0.42105263157894735"
"13","200","1","2","59","0.6515151515151515","0.3233082706766917"
"12","200","1","2","387","0.8636363636363636","0.42857142857142855"
"15","200","1","2","32","0.9242424242424242","0.45864661654135336"
"14","200","1","2","59","0.8636363636363636","0.42857142857142855"
"13","200","1","2","60","0.8484848484848485","0.42105263157894735"
"11","200","1","2","484","0.8181818181818182","0.40601503759398494"
"10","200","1","1","487","0.69","0.69"
"14","200","1","2","60","0.5909090909090909","0.2932330827067669"
"12","200","1","2","388","0.8181818181818182","0.40601503759398494"
"13","200","1","2","61","0.7727272727272727","0.38345864661654133"
"15","200","1","2","33","1.0151515151515151","0.5037593984962406"
"14","200","1","2","61","0.9545454545454546","0.47368421052631576"
"11","200","1","2","485","1.0151515151515151","0.5037593984962406"
"13","200","1","2","62","1.0151515151515151","0.5037593984962406"
"15","200","1","2","34","0.9242424242424242","0.45864661654135336"
"10","200","1","1","488","0.61","0.61"
"14","200","1","2","62","0.8333333333333334","0.41353383458646614"
"11","200","1","2","486","0.8333333333333334","0.41353383458646614"
"15","200","1","2","35","0.6515151515151515","0.3233082706766917"
"13","200","1","2","63","1.0757575757575757","0.5338345864661654"
"10","200","1","1","489","0.71","0.71"
"14","200","1","2","63","0.8787878787878788","0.43609022556390975"
"12","200","1","2","389","0.8181818181818182","0.40601503759398494"
"15","200","1","2","36","0.8636363636363636","0.42857142857142855"
"13","200","1","2","64","0.9696969696969697","0.48120300751879697"
"11","200","1","2","487","0.8181818181818182","0.40601503759398494"
"14","200","1","2","64","0.7121212121212122","0.3533834586466165"
"15","200","1","2","37","0.8636363636363636","0.42857142857142855"
"13","200","1","2","65","0.803030303030303","0.39849624060150374"
"14","200","1","2","65","0.8636363636363636","0.42857142857142855"
"10","200","1","1","490","0.63","0.63"
"12","200","1","2","390","0.9242424242424242","0.45864661654135336"
"15","200","1","2","38","0.8787878787878788","0.43609022556390975"
"11","200","1","2","488","0.8636363636363636","0.42857142857142855"
"15","200","1","2","39","0.8787878787878788","0.43609022556390975"
"13","200","1","2","66","0.9242424242424242","0.45864661654135336"
"14","200","1","2","66","0.8333333333333334","0.41353383458646614"
"15","200","1","2","40","0.8636363636363636","0.42857142857142855"
"14","200","1","2","67","0.803030303030303","0.39849624060150374"
"12","200","1","2","391","1.1363636363636365","0.5639097744360902"
"11","200","1","2","489","0.6666666666666666","0.3308270676691729"
"13","200","1","2","67","0.803030303030303","0.39849624060150374"
"10","200","1","1","491","0.74","0.74"
"15","200","1","2","41","0.8181818181818182","0.40601503759398494"
"14","200","1","2","68","0.8181818181818182","0.40601503759398494"
"13","200","1","2","68","0.7272727272727273","0.3609022556390977"
"15","200","1","2","42","0.7727272727272727","0.38345864661654133"
"14","200","1","2","69","0.8181818181818182","0.40601503759398494"
"13","200","1","2","69","0.803030303030303","0.39849624060150374"
"12","200","1","2","392","0.9393939393939394","0.46616541353383456"
"10","200","1","1","492","0.54","0.54"
"11","200","1","2","490","0.9242424242424242","0.45864661654135336"
"14","200","1","2","70","0.8787878787878788","0.43609022556390975"
"15","200","1","2","43","0.8181818181818182","0.40601503759398494"
"13","200","1","2","70","0.8484848484848485","0.42105263157894735"
"15","200","1","2","44","0.8636363636363636","0.42857142857142855"
"14","200","1","2","71","0.8484848484848485","0.42105263157894735"
"12","200","1","2","393","1.1666666666666667","0.5789473684210527"
"10","200","1","1","493","0.61","0.61"
"11","200","1","2","491","1","0.49624060150375937"
"14","200","1","2","72","0.9545454545454546","0.47368421052631576"
"15","200","1","2","45","0.8181818181818182","0.40601503759398494"
"13","200","1","2","71","0.8939393939393939","0.44360902255639095"
"14","200","1","2","73","0.8787878787878788","0.43609022556390975"
"15","200","1","2","46","0.7878787878787878","0.39097744360902253"
"12","200","1","2","394","0.9848484848484849","0.48872180451127817"
"13","200","1","2","72","0.8333333333333334","0.41353383458646614"
"10","200","1","1","494","0.61","0.61"
"11","200","1","2","492","1.0303030303030303","0.5112781954887218"
"14","200","1","2","74","0.8787878787878788","0.43609022556390975"
"15","200","1","2","47","0.8333333333333334","0.41353383458646614"
"13","200","1","2","73","0.8939393939393939","0.44360902255639095"
"14","200","1","2","75","0.9090909090909091","0.45112781954887216"
"15","200","1","2","48","0.7575757575757576","0.37593984962406013"
"10","200","1","1","495","0.65","0.65"
"12","200","1","2","395","0.9242424242424242","0.45864661654135336"
"14","200","1","2","76","1.0454545454545454","0.518796992481203"
"13","200","1","2","74","0.7424242424242424","0.3684210526315789"
"11","200","1","2","493","0.8636363636363636","0.42857142857142855"
"15","200","1","2","49","0.9242424242424242","0.45864661654135336"
"14","200","1","2","77","0.8333333333333334","0.41353383458646614"
"13","200","1","2","75","0.6818181818181818","0.3383458646616541"
"10","200","1","1","496","0.64","0.64"
"12","200","1","2","396","1","0.49624060150375937"
"15","200","1","2","50","1.0757575757575757","0.5338345864661654"
"14","200","1","2","78","1.0606060606060606","0.5263157894736842"
"13","200","1","2","76","0.7272727272727273","0.3609022556390977"
"11","200","1","2","494","1.0454545454545454","0.518796992481203"
"10","200","1","1","497","0.69","0.69"
"14","200","1","2","79","0.7878787878787878","0.39097744360902253"
"15","200","1","2","51","0.8333333333333334","0.41353383458646614"
"13","200","1","2","77","0.9242424242424242","0.45864661654135336"
"14","200","1","2","80","0.8181818181818182","0.40601503759398494"
"15","200","1","2","52","0.7272727272727273","0.3609022556390977"
"12","200","1","2","397","1.0757575757575757","0.5338345864661654"
"11","200","1","2","495","0.8484848484848485","0.42105263157894735"
"13","200","1","2","78","0.8636363636363636","0.42857142857142855"
"10","200","1","1","498","0.58","0.58"
"14","200","1","2","81","0.7121212121212122","0.3533834586466165"
"15","200","1","2","53","0.7424242424242424","0.3684210526315789"
"13","200","1","2","79","0.9090909090909091","0.45112781954887216"
"12","200","1","2","398","0.8636363636363636","0.42857142857142855"
"11","200","1","2","496","0.8484848484848485","0.42105263157894735"
"14","200","1","2","82","0.8636363636363636","0.42857142857142855"
"13","200","1","2","80","0.7575757575757576","0.37593984962406013"
"15","200","1","2","54","0.8787878787878788","0.43609022556390975"
"10","200","1","1","499","0.65","0.65"
"14","200","1","2","83","0.8636363636363636","0.42857142857142855"
"13","200","1","2","81","1","0.49624060150375937"
"15","200","1","2","55","0.9848484848484849","0.48872180451127817"
"11","200","1","2","497","0.8181818181818182","0.40601503759398494"
"14","200","1","2","84","0.8181818181818182","0.40601503759398494"
"13","200","1","2","82","0.696969696969697","0.3458646616541353"
"10","200","1","1","500","0.59","0.59"
"14","200","1","2","85","0.8333333333333334","0.41353383458646614"
"15","200","1","2","56","0.9090909090909091","0.45112781954887216"
"11","200","1","2","498","0.7575757575757576","0.37593984962406013"
"13","200","1","2","83","0.7878787878787878","0.39097744360902253"
"14","200","1","2","86","0.8484848484848485","0.42105263157894735"
"15","200","1","2","57","0.8636363636363636","0.42857142857142855"
"16","200","1","2","0","0","0"
"14","200","1","2","87","0.7575757575757576","0.37593984962406013"
"15","200","1","2","58","1.0606060606060606","0.5263157894736842"
"13","200","1","2","84","1.0303030303030303","0.5112781954887218"
"16","200","1","2","1","0.7727272727272727","0.38345864661654133"
"11","200","1","2","499","0.8636363636363636","0.42857142857142855"
"13","200","1","2","85","0.9696969696969697","0.48120300751879697"
"14","200","1","2","88","0.8181818181818182","0.40601503759398494"
"15","200","1","2","59","0.8484848484848485","0.42105263157894735"
"16","200","1","2","2","0.8484848484848485","0.42105263157894735"
"16","200","1","2","3","0.7575757575757576","0.37593984962406013"
"13","200","1","2","86","0.9848484848484849","0.48872180451127817"
"14","200","1","2","89","0.7424242424242424","0.3684210526315789"
"15","200","1","2","60","0.9090909090909091","0.45112781954887216"
"11","200","1","2","500","0.9090909090909091","0.45112781954887216"
"16","200","1","2","4","0.7272727272727273","0.3609022556390977"
"13","200","1","2","87","0.8636363636363636","0.42857142857142855"
"14","200","1","2","90","0.8484848484848485","0.42105263157894735"
"15","200","1","2","61","0.9848484848484849","0.48872180451127817"
"16","200","1","2","5","0.8333333333333334","0.41353383458646614"
"12","200","1","2","399","0.9242424242424242","0.45864661654135336"
"13","200","1","2","88","1.0151515151515151","0.5037593984962406"
"14","200","1","2","91","0.8181818181818182","0.40601503759398494"
"15","200","1","2","62","0.8333333333333334","0.41353383458646614"
"17","200","1","2","0","0","0"
"16","200","1","2","6","0.8939393939393939","0.44360902255639095"
"14","200","1","2","92","0.9090909090909091","0.45112781954887216"
"13","200","1","2","89","0.9393939393939394","0.46616541353383456"
"15","200","1","2","63","0.8787878787878788","0.43609022556390975"
"17","200","1","2","1","0.7878787878787878","0.39097744360902253"
"16","200","1","2","7","0.8484848484848485","0.42105263157894735"
"12","200","1","2","400","0.8181818181818182","0.40601503759398494"
"14","200","1","2","93","0.7272727272727273","0.3609022556390977"
"13","200","1","2","90","0.9393939393939394","0.46616541353383456"
"15","200","1","2","64","0.7727272727272727","0.38345864661654133"
"17","200","1","2","2","0.803030303030303","0.39849624060150374"
"16","200","1","2","8","0.7727272727272727","0.38345864661654133"
"13","200","1","2","91","0.803030303030303","0.39849624060150374"
"14","200","1","2","94","0.9242424242424242","0.45864661654135336"
"15","200","1","2","65","0.8787878787878788","0.43609022556390975"
"16","200","1","2","9","0.7878787878787878","0.39097744360902253"
"17","200","1","2","3","0.8181818181818182","0.40601503759398494"
"12","200","1","2","401","0.8333333333333334","0.41353383458646614"
"13","200","1","2","92","0.8636363636363636","0.42857142857142855"
"17","200","1","2","4","0.8333333333333334","0.41353383458646614"
"14","200","1","2","95","0.803030303030303","0.39849624060150374"
"16","200","1","2","10","0.7575757575757576","0.37593984962406013"
"15","200","1","2","66","0.7424242424242424","0.3684210526315789"
"16","200","1","2","11","0.8939393939393939","0.44360902255639095"
"13","200","1","2","93","0.9848484848484849","0.48872180451127817"
"14","200","1","2","96","0.8333333333333334","0.41353383458646614"
"17","200","1","2","5","0.7727272727272727","0.38345864661654133"
"15","200","1","2","67","0.7727272727272727","0.38345864661654133"
"16","200","1","2","12","0.7272727272727273","0.3609022556390977"
"17","200","1","2","6","0.7121212121212122","0.3533834586466165"
"14","200","1","2","97","0.8939393939393939","0.44360902255639095"
"13","200","1","2","94","1.1818181818181819","0.5864661654135338"
"16","200","1","2","13","0.7424242424242424","0.3684210526315789"
"15","200","1","2","68","0.696969696969697","0.3458646616541353"
"12","200","1","2","402","0.803030303030303","0.39849624060150374"
"16","200","1","2","14","0.7575757575757576","0.37593984962406013"
"15","200","1","2","69","0.8939393939393939","0.44360902255639095"
"14","200","1","2","98","0.9393939393939394","0.46616541353383456"
"17","200","1","2","7","0.8787878787878788","0.43609022556390975"
"13","200","1","2","95","0.803030303030303","0.39849624060150374"
"16","200","1","2","15","0.9090909090909091","0.45112781954887216"
"14","200","1","2","99","0.8787878787878788","0.43609022556390975"
"17","200","1","2","8","1","0.49624060150375937"
"15","200","1","2","70","0.8636363636363636","0.42857142857142855"
"13","200","1","2","96","0.8939393939393939","0.44360902255639095"
"12","200","1","2","403","0.6212121212121212","0.3082706766917293"
"16","200","1","2","16","0.9242424242424242","0.45864661654135336"
"17","200","1","2","9","0.8484848484848485","0.42105263157894735"
"14","200","1","2","100","0.8333333333333334","0.41353383458646614"
"13","200","1","2","97","0.7575757575757576","0.37593984962406013"
"15","200","1","2","71","0.8636363636363636","0.42857142857142855"
"16","200","1","2","17","1.0757575757575757","0.5338345864661654"
"17","200","1","2","10","0.8636363636363636","0.42857142857142855"
"13","200","1","2","98","1.0151515151515151","0.5037593984962406"
"14","200","1","2","101","0.9545454545454546","0.47368421052631576"
"15","200","1","2","72","0.8333333333333334","0.41353383458646614"
"12","200","1","2","404","0.7727272727272727","0.38345864661654133"
"16","200","1","2","18","0.8787878787878788","0.43609022556390975"
"17","200","1","2","11","1.0151515151515151","0.5037593984962406"
"13","200","1","2","99","0.9242424242424242","0.45864661654135336"
"14","200","1","2","102","0.9393939393939394","0.46616541353383456"
"15","200","1","2","73","0.8484848484848485","0.42105263157894735"
"16","200","1","2","19","1.0454545454545454","0.518796992481203"
"17","200","1","2","12","0.8787878787878788","0.43609022556390975"
"13","200","1","2","100","0.8484848484848485","0.42105263157894735"
"16","200","1","2","20","1.106060606060606","0.5488721804511278"
"15","200","1","2","74","0.7272727272727273","0.3609022556390977"
"14","200","1","2","103","0.9545454545454546","0.47368421052631576"
"12","200","1","2","405","0.803030303030303","0.39849624060150374"
"15","200","1","2","75","0.9090909090909091","0.45112781954887216"
"17","200","1","2","13","0.7878787878787878","0.39097744360902253"
"13","200","1","2","101","0.9393939393939394","0.46616541353383456"
"16","200","1","2","21","0.9696969696969697","0.48120300751879697"
"14","200","1","2","104","0.8939393939393939","0.44360902255639095"
"15","200","1","2","76","0.7878787878787878","0.39097744360902253"
"17","200","1","2","14","0.8181818181818182","0.40601503759398494"
"12","200","1","2","406","1.0151515151515151","0.5037593984962406"
"13","200","1","2","102","0.8181818181818182","0.40601503759398494"
"14","200","1","2","105","0.7878787878787878","0.39097744360902253"
"16","200","1","2","22","0.803030303030303","0.39849624060150374"
"15","200","1","2","77","0.8181818181818182","0.40601503759398494"
"17","200","1","2","15","0.8787878787878788","0.43609022556390975"
"14","200","1","2","106","0.696969696969697","0.3458646616541353"
"16","200","1","2","23","0.8333333333333334","0.41353383458646614"
"13","200","1","2","103","1.0606060606060606","0.5263157894736842"
"15","200","1","2","78","1.0303030303030303","0.5112781954887218"
"12","200","1","2","407","0.9393939393939394","0.46616541353383456"
"14","200","1","2","107","0.7424242424242424","0.3684210526315789"
"17","200","1","2","16","0.8939393939393939","0.44360902255639095"
"16","200","1","2","24","0.8333333333333334","0.41353383458646614"
"13","200","1","2","104","0.9393939393939394","0.46616541353383456"
"15","200","1","2","79","0.7121212121212122","0.3533834586466165"
"16","200","1","2","25","0.7424242424242424","0.3684210526315789"
"14","200","1","2","108","0.8787878787878788","0.43609022556390975"
"17","200","1","2","17","0.6666666666666666","0.3308270676691729"
"13","200","1","2","105","0.9848484848484849","0.48872180451127817"
"12","200","1","2","408","0.9696969696969697","0.48120300751879697"
"16","200","1","2","26","0.8939393939393939","0.44360902255639095"
"17","200","1","2","18","0.7878787878787878","0.39097744360902253"
"15","200","1","2","80","0.7575757575757576","0.37593984962406013"
"14","200","1","2","109","0.8787878787878788","0.43609022556390975"
"13","200","1","2","106","0.9090909090909091","0.45112781954887216"
"15","200","1","2","81","0.7424242424242424","0.3684210526315789"
"16","200","1","2","27","0.8181818181818182","0.40601503759398494"
"17","200","1","2","19","0.9545454545454546","0.47368421052631576"
"14","200","1","2","110","0.6060606060606061","0.3007518796992481"
"13","200","1","2","107","0.8787878787878788","0.43609022556390975"
"12","200","1","2","409","0.9848484848484849","0.48872180451127817"
"16","200","1","2","28","0.8636363636363636","0.42857142857142855"
"17","200","1","2","20","0.8333333333333334","0.41353383458646614"
"15","200","1","2","82","0.8333333333333334","0.41353383458646614"
"14","200","1","2","111","1","0.49624060150375937"
"13","200","1","2","108","0.9848484848484849","0.48872180451127817"
"14","200","1","2","112","0.9545454545454546","0.47368421052631576"
"16","200","1","2","29","0.6818181818181818","0.3383458646616541"
"17","200","1","2","21","0.7878787878787878","0.39097744360902253"
"15","200","1","2","83","0.8636363636363636","0.42857142857142855"
"13","200","1","2","109","0.9242424242424242","0.45864661654135336"
"12","200","1","2","410","0.8939393939393939","0.44360902255639095"
"15","200","1","2","84","0.803030303030303","0.39849624060150374"
"13","200","1","2","110","0.8939393939393939","0.44360902255639095"
"16","200","1","2","30","0.7272727272727273","0.3609022556390977"
"17","200","1","2","22","0.9848484848484849","0.48872180451127817"
"14","200","1","2","113","0.9696969696969697","0.48120300751879697"
"17","200","1","2","23","0.8636363636363636","0.42857142857142855"
"13","200","1","2","111","0.8484848484848485","0.42105263157894735"
"15","200","1","2","85","0.7878787878787878","0.39097744360902253"
"14","200","1","2","114","0.7878787878787878","0.39097744360902253"
"12","200","1","2","411","0.7878787878787878","0.39097744360902253"
"17","200","1","2","24","0.8939393939393939","0.44360902255639095"
"15","200","1","2","86","0.7727272727272727","0.38345864661654133"
"13","200","1","2","112","0.8939393939393939","0.44360902255639095"
"14","200","1","2","115","0.9393939393939394","0.46616541353383456"
"17","200","1","2","25","0.7727272727272727","0.38345864661654133"
"15","200","1","2","87","0.7727272727272727","0.38345864661654133"
"13","200","1","2","113","0.9090909090909091","0.45112781954887216"
"14","200","1","2","116","0.9090909090909091","0.45112781954887216"
"12","200","1","2","412","0.8939393939393939","0.44360902255639095"
"17","200","1","2","26","0.7727272727272727","0.38345864661654133"
"15","200","1","2","88","0.8636363636363636","0.42857142857142855"
"14","200","1","2","117","0.8636363636363636","0.42857142857142855"
"13","200","1","2","114","0.8181818181818182","0.40601503759398494"
"17","200","1","2","27","0.8939393939393939","0.44360902255639095"
"15","200","1","2","89","0.7121212121212122","0.3533834586466165"
"13","200","1","2","115","0.8636363636363636","0.42857142857142855"
"14","200","1","2","118","0.8333333333333334","0.41353383458646614"
"17","200","1","2","28","0.9848484848484849","0.48872180451127817"
"13","200","1","2","116","0.6666666666666666","0.3308270676691729"
"15","200","1","2","90","0.8636363636363636","0.42857142857142855"
"14","200","1","2","119","0.9393939393939394","0.46616541353383456"
"12","200","1","2","413","0.7727272727272727","0.38345864661654133"
"17","200","1","2","29","0.9545454545454546","0.47368421052631576"
"15","200","1","2","91","0.803030303030303","0.39849624060150374"
"13","200","1","2","117","0.9242424242424242","0.45864661654135336"
"14","200","1","2","120","0.7575757575757576","0.37593984962406013"
"17","200","1","2","30","1.0454545454545454","0.518796992481203"
"13","200","1","2","118","0.7727272727272727","0.38345864661654133"
"15","200","1","2","92","0.8484848484848485","0.42105263157894735"
"14","200","1","2","121","0.803030303030303","0.39849624060150374"
"12","200","1","2","414","0.9545454545454546","0.47368421052631576"
"13","200","1","2","119","0.8939393939393939","0.44360902255639095"
"17","200","1","2","31","0.8787878787878788","0.43609022556390975"
"15","200","1","2","93","0.7878787878787878","0.39097744360902253"
"14","200","1","2","122","0.8939393939393939","0.44360902255639095"
"13","200","1","2","120","0.8787878787878788","0.43609022556390975"
"17","200","1","2","32","0.9545454545454546","0.47368421052631576"
"15","200","1","2","94","0.7727272727272727","0.38345864661654133"
"14","200","1","2","123","0.8181818181818182","0.40601503759398494"
"12","200","1","2","415","0.9696969696969697","0.48120300751879697"
"13","200","1","2","121","0.9545454545454546","0.47368421052631576"
"17","200","1","2","33","0.696969696969697","0.3458646616541353"
"15","200","1","2","95","0.7121212121212122","0.3533834586466165"
"14","200","1","2","124","0.7272727272727273","0.3609022556390977"
"17","200","1","2","34","0.9848484848484849","0.48872180451127817"
"13","200","1","2","122","0.9090909090909091","0.45112781954887216"
"14","200","1","2","125","0.9090909090909091","0.45112781954887216"
"15","200","1","2","96","0.7272727272727273","0.3609022556390977"
"12","200","1","2","416","1.0151515151515151","0.5037593984962406"
"17","200","1","2","35","0.9696969696969697","0.48120300751879697"
"13","200","1","2","123","0.8333333333333334","0.41353383458646614"
"14","200","1","2","126","0.9090909090909091","0.45112781954887216"
"15","200","1","2","97","0.7575757575757576","0.37593984962406013"
"17","200","1","2","36","0.803030303030303","0.39849624060150374"
"13","200","1","2","124","0.9545454545454546","0.47368421052631576"
"12","200","1","2","417","1.0454545454545454","0.518796992481203"
"14","200","1","2","127","0.9242424242424242","0.45864661654135336"
"17","200","1","2","37","0.9242424242424242","0.45864661654135336"
"15","200","1","2","98","0.803030303030303","0.39849624060150374"
"13","200","1","2","125","0.8636363636363636","0.42857142857142855"
"14","200","1","2","128","1.0151515151515151","0.5037593984962406"
"12","200","1","2","418","1.0606060606060606","0.5263157894736842"
"17","200","1","2","38","0.9393939393939394","0.46616541353383456"
"15","200","1","2","99","0.7575757575757576","0.37593984962406013"
"13","200","1","2","126","0.803030303030303","0.39849624060150374"
"14","200","1","2","129","0.7575757575757576","0.37593984962406013"
"17","200","1","2","39","0.9696969696969697","0.48120300751879697"
"15","200","1","2","100","0.8333333333333334","0.41353383458646614"
"13","200","1","2","127","0.8333333333333334","0.41353383458646614"
"14","200","1","2","130","0.8636363636363636","0.42857142857142855"
"12","200","1","2","419","0.8333333333333334","0.41353383458646614"
"17","200","1","2","40","0.7878787878787878","0.39097744360902253"
"13","200","1","2","128","0.9545454545454546","0.47368421052631576"
"15","200","1","2","101","0.8787878787878788","0.43609022556390975"
"14","200","1","2","131","0.8181818181818182","0.40601503759398494"
"17","200","1","2","41","0.9696969696969697","0.48120300751879697"
"14","200","1","2","132","0.8939393939393939","0.44360902255639095"
"13","200","1","2","129","0.9242424242424242","0.45864661654135336"
"16","200","1","2","31","0.7575757575757576","0.37593984962406013"
"15","200","1","2","102","0.7727272727272727","0.38345864661654133"
"12","200","1","2","420","0.8787878787878788","0.43609022556390975"
"17","200","1","2","42","0.8484848484848485","0.42105263157894735"
"14","200","1","2","133","0.7424242424242424","0.3684210526315789"
"16","200","1","2","32","0.9090909090909091","0.45112781954887216"
"13","200","1","2","130","1","0.49624060150375937"
"15","200","1","2","103","0.7575757575757576","0.37593984962406013"
"14","200","1","2","134","0.8636363636363636","0.42857142857142855"
"17","200","1","2","43","0.9545454545454546","0.47368421052631576"
"12","200","1","2","421","0.8939393939393939","0.44360902255639095"
"16","200","1","2","33","0.7727272727272727","0.38345864661654133"
"13","200","1","2","131","0.7575757575757576","0.37593984962406013"
"14","200","1","2","135","0.803030303030303","0.39849624060150374"
"17","200","1","2","44","0.7878787878787878","0.39097744360902253"
"15","200","1","2","104","0.7424242424242424","0.3684210526315789"
"16","200","1","2","34","0.9242424242424242","0.45864661654135336"
"13","200","1","2","132","0.8636363636363636","0.42857142857142855"
"14","200","1","2","136","0.9242424242424242","0.45864661654135336"
"12","200","1","2","422","0.9090909090909091","0.45112781954887216"
"15","200","1","2","105","0.6666666666666666","0.3308270676691729"
"17","200","1","2","45","0.696969696969697","0.3458646616541353"
"16","200","1","2","35","0.8333333333333334","0.41353383458646614"
"13","200","1","2","133","0.9242424242424242","0.45864661654135336"
"15","200","1","2","106","0.6666666666666666","0.3308270676691729"
"17","200","1","2","46","0.9848484848484849","0.48872180451127817"
"14","200","1","2","137","0.8939393939393939","0.44360902255639095"
"16","200","1","2","36","0.7575757575757576","0.37593984962406013"
"13","200","1","2","134","0.803030303030303","0.39849624060150374"
"12","200","1","2","423","0.803030303030303","0.39849624060150374"
"15","200","1","2","107","0.6666666666666666","0.3308270676691729"
"17","200","1","2","47","1","0.49624060150375937"
"14","200","1","2","138","0.9090909090909091","0.45112781954887216"
"16","200","1","2","37","0.8636363636363636","0.42857142857142855"
"13","200","1","2","135","0.7575757575757576","0.37593984962406013"
"16","200","1","2","38","0.8181818181818182","0.40601503759398494"
"17","200","1","2","48","0.8787878787878788","0.43609022556390975"
"15","200","1","2","108","0.803030303030303","0.39849624060150374"
"14","200","1","2","139","0.9545454545454546","0.47368421052631576"
"13","200","1","2","136","0.8787878787878788","0.43609022556390975"
"12","200","1","2","424","0.8787878787878788","0.43609022556390975"
"16","200","1","2","39","0.8787878787878788","0.43609022556390975"
"17","200","1","2","49","0.9090909090909091","0.45112781954887216"
"15","200","1","2","109","0.9242424242424242","0.45864661654135336"
"14","200","1","2","140","0.8181818181818182","0.40601503759398494"
"13","200","1","2","137","0.8484848484848485","0.42105263157894735"
"16","200","1","2","40","0.7272727272727273","0.3609022556390977"
"17","200","1","2","50","0.803030303030303","0.39849624060150374"
"15","200","1","2","110","0.7121212121212122","0.3533834586466165"
"14","200","1","2","141","0.9696969696969697","0.48120300751879697"
"16","200","1","2","41","0.9090909090909091","0.45112781954887216"
"13","200","1","2","138","0.7424242424242424","0.3684210526315789"
"12","200","1","2","425","0.9242424242424242","0.45864661654135336"
"17","200","1","2","51","0.8181818181818182","0.40601503759398494"
"15","200","1","2","111","0.7727272727272727","0.38345864661654133"
"16","200","1","2","42","0.9242424242424242","0.45864661654135336"
"14","200","1","2","142","0.9090909090909091","0.45112781954887216"
"13","200","1","2","139","0.9696969696969697","0.48120300751879697"
"16","200","1","2","43","0.7878787878787878","0.39097744360902253"
"17","200","1","2","52","0.8939393939393939","0.44360902255639095"
"15","200","1","2","112","0.8333333333333334","0.41353383458646614"
"14","200","1","2","143","1","0.49624060150375937"
"12","200","1","2","426","0.7424242424242424","0.3684210526315789"
"13","200","1","2","140","0.7575757575757576","0.37593984962406013"
"15","200","1","2","113","0.6666666666666666","0.3308270676691729"
"16","200","1","2","44","0.9393939393939394","0.46616541353383456"
"17","200","1","2","53","0.7878787878787878","0.39097744360902253"
"14","200","1","2","144","0.9393939393939394","0.46616541353383456"
"13","200","1","2","141","0.9696969696969697","0.48120300751879697"
"15","200","1","2","114","0.696969696969697","0.3458646616541353"
"12","200","1","2","427","0.7727272727272727","0.38345864661654133"
"16","200","1","2","45","0.7878787878787878","0.39097744360902253"
"17","200","1","2","54","0.7121212121212122","0.3533834586466165"
"14","200","1","2","145","0.9696969696969697","0.48120300751879697"
"13","200","1","2","142","0.9545454545454546","0.47368421052631576"
"17","200","1","2","55","0.8333333333333334","0.41353383458646614"
"15","200","1","2","115","0.7272727272727273","0.3609022556390977"
"16","200","1","2","46","0.8636363636363636","0.42857142857142855"
"14","200","1","2","146","0.8636363636363636","0.42857142857142855"
"13","200","1","2","143","1.0151515151515151","0.5037593984962406"
"17","200","1","2","56","0.803030303030303","0.39849624060150374"
"12","200","1","2","428","0.9393939393939394","0.46616541353383456"
"16","200","1","2","47","1","0.49624060150375937"
"14","200","1","2","147","0.8939393939393939","0.44360902255639095"
"15","200","1","2","116","0.6666666666666666","0.3308270676691729"
"13","200","1","2","144","0.9090909090909091","0.45112781954887216"
"17","200","1","2","57","0.9242424242424242","0.45864661654135336"
"14","200","1","2","148","1.106060606060606","0.5488721804511278"
"16","200","1","2","48","0.8636363636363636","0.42857142857142855"
"15","200","1","2","117","0.7727272727272727","0.38345864661654133"
"13","200","1","2","145","1.0454545454545454","0.518796992481203"
"14","200","1","2","149","1.106060606060606","0.5488721804511278"
"12","200","1","2","429","0.8939393939393939","0.44360902255639095"
"17","200","1","2","58","0.9090909090909091","0.45112781954887216"
"16","200","1","2","49","0.8939393939393939","0.44360902255639095"
"15","200","1","2","118","0.8939393939393939","0.44360902255639095"
"13","200","1","2","146","0.9393939393939394","0.46616541353383456"
"14","200","1","2","150","0.9090909090909091","0.45112781954887216"
"17","200","1","2","59","1","0.49624060150375937"
"16","200","1","2","50","0.803030303030303","0.39849624060150374"
"15","200","1","2","119","0.9090909090909091","0.45112781954887216"
"12","200","1","2","430","0.8787878787878788","0.43609022556390975"
"13","200","1","2","147","0.9696969696969697","0.48120300751879697"
"17","200","1","2","60","1","0.49624060150375937"
"14","200","1","2","151","1.0454545454545454","0.518796992481203"
"16","200","1","2","51","0.9696969696969697","0.48120300751879697"
"15","200","1","2","120","0.9242424242424242","0.45864661654135336"
"16","200","1","2","52","0.7272727272727273","0.3609022556390977"
"14","200","1","2","152","0.8484848484848485","0.42105263157894735"
"17","200","1","2","61","0.8484848484848485","0.42105263157894735"
"13","200","1","2","148","0.9545454545454546","0.47368421052631576"
"15","200","1","2","121","0.6515151515151515","0.3233082706766917"
"14","200","1","2","153","0.9242424242424242","0.45864661654135336"
"17","200","1","2","62","0.8484848484848485","0.42105263157894735"
"16","200","1","2","53","0.696969696969697","0.3458646616541353"
"13","200","1","2","149","0.9242424242424242","0.45864661654135336"
"14","200","1","2","154","0.9393939393939394","0.46616541353383456"
"15","200","1","2","122","0.7878787878787878","0.39097744360902253"
"17","200","1","2","63","0.7878787878787878","0.39097744360902253"
"16","200","1","2","54","0.6818181818181818","0.3383458646616541"
"13","200","1","2","150","0.9848484848484849","0.48872180451127817"
"12","200","1","2","431","0.8181818181818182","0.40601503759398494"
"17","200","1","2","64","0.8181818181818182","0.40601503759398494"
"15","200","1","2","123","0.7727272727272727","0.38345864661654133"
"14","200","1","2","155","0.8939393939393939","0.44360902255639095"
"13","200","1","2","151","0.8787878787878788","0.43609022556390975"
"16","200","1","2","55","0.8333333333333334","0.41353383458646614"
"17","200","1","2","65","0.6212121212121212","0.3082706766917293"
"12","200","1","2","432","0.8787878787878788","0.43609022556390975"
"15","200","1","2","124","0.7878787878787878","0.39097744360902253"
"14","200","1","2","156","1.0606060606060606","0.5263157894736842"
"16","200","1","2","56","0.7575757575757576","0.37593984962406013"
"13","200","1","2","152","0.8333333333333334","0.41353383458646614"
"17","200","1","2","66","0.8636363636363636","0.42857142857142855"
"16","200","1","2","57","0.8939393939393939","0.44360902255639095"
"14","200","1","2","157","0.9848484848484849","0.48872180451127817"
"15","200","1","2","125","0.7121212121212122","0.3533834586466165"
"13","200","1","2","153","0.7424242424242424","0.3684210526315789"
"12","200","1","2","433","0.9696969696969697","0.48120300751879697"
"17","200","1","2","67","0.8333333333333334","0.41353383458646614"
"16","200","1","2","58","0.8939393939393939","0.44360902255639095"
"15","200","1","2","126","0.8333333333333334","0.41353383458646614"
"13","200","1","2","154","0.7424242424242424","0.3684210526315789"
"14","200","1","2","158","0.7575757575757576","0.37593984962406013"
"17","200","1","2","68","0.7121212121212122","0.3533834586466165"
"16","200","1","2","59","0.8333333333333334","0.41353383458646614"
"13","200","1","2","155","0.8484848484848485","0.42105263157894735"
"15","200","1","2","127","0.6060606060606061","0.3007518796992481"
"12","200","1","2","434","0.9545454545454546","0.47368421052631576"
"14","200","1","2","159","0.7878787878787878","0.39097744360902253"
"17","200","1","2","69","0.9393939393939394","0.46616541353383456"
"16","200","1","2","60","0.7878787878787878","0.39097744360902253"
"13","200","1","2","156","0.8939393939393939","0.44360902255639095"
"15","200","1","2","128","0.803030303030303","0.39849624060150374"
"14","200","1","2","160","0.6515151515151515","0.3233082706766917"
"13","200","1","2","157","0.8484848484848485","0.42105263157894735"
"16","200","1","2","61","0.9090909090909091","0.45112781954887216"
"17","200","1","2","70","1.0151515151515151","0.5037593984962406"
"12","200","1","2","435","1.121212121212121","0.556390977443609"
"13","200","1","2","158","0.9393939393939394","0.46616541353383456"
"14","200","1","2","161","1.0151515151515151","0.5037593984962406"
"15","200","1","2","129","0.7272727272727273","0.3609022556390977"
"17","200","1","2","71","0.8636363636363636","0.42857142857142855"
"16","200","1","2","62","0.803030303030303","0.39849624060150374"
"12","200","1","2","436","0.9393939393939394","0.46616541353383456"
"13","200","1","2","159","0.803030303030303","0.39849624060150374"
"14","200","1","2","162","0.7727272727272727","0.38345864661654133"
"15","200","1","2","130","0.7424242424242424","0.3684210526315789"
"17","200","1","2","72","0.9242424242424242","0.45864661654135336"
"16","200","1","2","63","0.7727272727272727","0.38345864661654133"
"13","200","1","2","160","0.8484848484848485","0.42105263157894735"
"14","200","1","2","163","0.8636363636363636","0.42857142857142855"
"16","200","1","2","64","0.7878787878787878","0.39097744360902253"
"15","200","1","2","131","0.696969696969697","0.3458646616541353"
"17","200","1","2","73","0.8939393939393939","0.44360902255639095"
"12","200","1","2","437","0.8939393939393939","0.44360902255639095"
"15","200","1","2","132","0.5909090909090909","0.2932330827067669"
"16","200","1","2","65","0.9393939393939394","0.46616541353383456"
"14","200","1","2","164","0.6818181818181818","0.3383458646616541"
"13","200","1","2","161","0.9242424242424242","0.45864661654135336"
"17","200","1","2","74","0.9848484848484849","0.48872180451127817"
"16","200","1","2","66","0.9242424242424242","0.45864661654135336"
"12","200","1","2","438","0.8333333333333334","0.41353383458646614"
"17","200","1","2","75","0.9242424242424242","0.45864661654135336"
"15","200","1","2","133","0.8636363636363636","0.42857142857142855"
"14","200","1","2","165","0.8636363636363636","0.42857142857142855"
"13","200","1","2","162","1.0151515151515151","0.5037593984962406"
"16","200","1","2","67","0.8787878787878788","0.43609022556390975"
"17","200","1","2","76","0.803030303030303","0.39849624060150374"
"15","200","1","2","134","0.8484848484848485","0.42105263157894735"
"13","200","1","2","163","0.7424242424242424","0.3684210526315789"
"14","200","1","2","166","0.7727272727272727","0.38345864661654133"
"12","200","1","2","439","0.7424242424242424","0.3684210526315789"
"16","200","1","2","68","0.6515151515151515","0.3233082706766917"
"17","200","1","2","77","0.8636363636363636","0.42857142857142855"
"13","200","1","2","164","0.8787878787878788","0.43609022556390975"
"15","200","1","2","135","0.9393939393939394","0.46616541353383456"
"14","200","1","2","167","0.7424242424242424","0.3684210526315789"
"16","200","1","2","69","0.803030303030303","0.39849624060150374"
"17","200","1","2","78","0.9393939393939394","0.46616541353383456"
"14","200","1","2","168","0.9090909090909091","0.45112781954887216"
"13","200","1","2","165","0.9242424242424242","0.45864661654135336"
"15","200","1","2","136","0.8636363636363636","0.42857142857142855"
"12","200","1","2","440","0.7727272727272727","0.38345864661654133"
"15","200","1","2","137","0.8484848484848485","0.42105263157894735"
"13","200","1","2","166","0.803030303030303","0.39849624060150374"
"17","200","1","2","79","0.9696969696969697","0.48120300751879697"
"14","200","1","2","169","0.8939393939393939","0.44360902255639095"
"16","200","1","2","70","0.7878787878787878","0.39097744360902253"
"15","200","1","2","138","0.7878787878787878","0.39097744360902253"
"14","200","1","2","170","0.8333333333333334","0.41353383458646614"
"13","200","1","2","167","0.803030303030303","0.39849624060150374"
"17","200","1","2","80","0.8787878787878788","0.43609022556390975"
"16","200","1","2","71","0.8333333333333334","0.41353383458646614"
"13","200","1","2","168","0.8636363636363636","0.42857142857142855"
"17","200","1","2","81","0.9848484848484849","0.48872180451127817"
"16","200","1","2","72","0.803030303030303","0.39849624060150374"
"15","200","1","2","139","0.7272727272727273","0.3609022556390977"
"14","200","1","2","171","1.0454545454545454","0.518796992481203"
"13","200","1","2","169","0.8636363636363636","0.42857142857142855"
"17","200","1","2","82","0.9242424242424242","0.45864661654135336"
"16","200","1","2","73","0.7878787878787878","0.39097744360902253"
"14","200","1","2","172","0.8484848484848485","0.42105263157894735"
"15","200","1","2","140","0.803030303030303","0.39849624060150374"
"16","200","1","2","74","0.9393939393939394","0.46616541353383456"
"17","200","1","2","83","0.9848484848484849","0.48872180451127817"
"13","200","1","2","170","0.8939393939393939","0.44360902255639095"
"14","200","1","2","173","0.8939393939393939","0.44360902255639095"
"15","200","1","2","141","0.9242424242424242","0.45864661654135336"
"16","200","1","2","75","0.803030303030303","0.39849624060150374"
"17","200","1","2","84","0.8181818181818182","0.40601503759398494"
"13","200","1","2","171","0.7424242424242424","0.3684210526315789"
"14","200","1","2","174","0.7272727272727273","0.3609022556390977"
"15","200","1","2","142","0.9696969696969697","0.48120300751879697"
"17","200","1","2","85","0.7272727272727273","0.3609022556390977"
"16","200","1","2","76","0.8484848484848485","0.42105263157894735"
"14","200","1","2","175","0.7878787878787878","0.39097744360902253"
"13","200","1","2","172","0.8484848484848485","0.42105263157894735"
"15","200","1","2","143","0.7272727272727273","0.3609022556390977"
"16","200","1","2","77","0.8787878787878788","0.43609022556390975"
"17","200","1","2","86","0.6818181818181818","0.3383458646616541"
"12","200","1","2","441","0.8787878787878788","0.43609022556390975"
"14","200","1","2","176","0.9090909090909091","0.45112781954887216"
"13","200","1","2","173","0.8181818181818182","0.40601503759398494"
"15","200","1","2","144","0.7878787878787878","0.39097744360902253"
"16","200","1","2","78","0.7878787878787878","0.39097744360902253"
"17","200","1","2","87","0.9545454545454546","0.47368421052631576"
"15","200","1","2","145","0.7727272727272727","0.38345864661654133"
"16","200","1","2","79","0.7121212121212122","0.3533834586466165"
"14","200","1","2","177","0.9545454545454546","0.47368421052631576"
"13","200","1","2","174","0.7424242424242424","0.3684210526315789"
"17","200","1","2","88","1.0151515151515151","0.5037593984962406"
"12","200","1","2","442","0.8181818181818182","0.40601503759398494"
"15","200","1","2","146","0.7575757575757576","0.37593984962406013"
"16","200","1","2","80","0.803030303030303","0.39849624060150374"
"14","200","1","2","178","0.8484848484848485","0.42105263157894735"
"13","200","1","2","175","0.6818181818181818","0.3383458646616541"
"17","200","1","2","89","1.0151515151515151","0.5037593984962406"
"15","200","1","2","147","0.7575757575757576","0.37593984962406013"
"12","200","1","2","443","0.9393939393939394","0.46616541353383456"
"16","200","1","2","81","0.8333333333333334","0.41353383458646614"
"13","200","1","2","176","0.6666666666666666","0.3308270676691729"
"14","200","1","2","179","1.121212121212121","0.556390977443609"
"17","200","1","2","90","0.7424242424242424","0.3684210526315789"
"15","200","1","2","148","0.8636363636363636","0.42857142857142855"
"16","200","1","2","82","0.8787878787878788","0.43609022556390975"
"17","200","1","2","91","0.8333333333333334","0.41353383458646614"
"13","200","1","2","177","0.8333333333333334","0.41353383458646614"
"14","200","1","2","180","0.696969696969697","0.3458646616541353"
"15","200","1","2","149","0.8181818181818182","0.40601503759398494"
"17","200","1","2","92","0.9696969696969697","0.48120300751879697"
"14","200","1","2","181","0.8787878787878788","0.43609022556390975"
"13","200","1","2","178","0.7575757575757576","0.37593984962406013"
"16","200","1","2","83","1","0.49624060150375937"
"12","200","1","2","444","0.8484848484848485","0.42105263157894735"
"14","200","1","2","182","0.9242424242424242","0.45864661654135336"
"16","200","1","2","84","1.0757575757575757","0.5338345864661654"
"13","200","1","2","179","0.8333333333333334","0.41353383458646614"
"17","200","1","2","93","0.8181818181818182","0.40601503759398494"
"15","200","1","2","150","0.9545454545454546","0.47368421052631576"
"17","200","1","2","94","0.9242424242424242","0.45864661654135336"
"13","200","1","2","180","0.9545454545454546","0.47368421052631576"
"14","200","1","2","183","0.8181818181818182","0.40601503759398494"
"16","200","1","2","85","1","0.49624060150375937"
"15","200","1","2","151","0.7878787878787878","0.39097744360902253"
"12","200","1","2","445","0.8787878787878788","0.43609022556390975"
"17","200","1","2","95","0.9696969696969697","0.48120300751879697"
"16","200","1","2","86","1.1818181818181819","0.5864661654135338"
"14","200","1","2","184","0.8939393939393939","0.44360902255639095"
"13","200","1","2","181","0.8939393939393939","0.44360902255639095"
"15","200","1","2","152","1.1363636363636365","0.5639097744360902"
"17","200","1","2","96","0.9545454545454546","0.47368421052631576"
"16","200","1","2","87","0.9848484848484849","0.48872180451127817"
"14","200","1","2","185","0.803030303030303","0.39849624060150374"
"12","200","1","2","446","1","0.49624060150375937"
"13","200","1","2","182","0.7727272727272727","0.38345864661654133"
"15","200","1","2","153","0.8333333333333334","0.41353383458646614"
"17","200","1","2","97","0.7575757575757576","0.37593984962406013"
"16","200","1","2","88","0.7727272727272727","0.38345864661654133"
"13","200","1","2","183","0.8787878787878788","0.43609022556390975"
"15","200","1","2","154","0.9242424242424242","0.45864661654135336"
"14","200","1","2","186","0.7424242424242424","0.3684210526315789"
"12","200","1","2","447","0.8939393939393939","0.44360902255639095"
"17","200","1","2","98","0.7272727272727273","0.3609022556390977"
"16","200","1","2","89","0.8181818181818182","0.40601503759398494"
"13","200","1","2","184","0.8181818181818182","0.40601503759398494"
"14","200","1","2","187","1.121212121212121","0.556390977443609"
"15","200","1","2","155","1.0303030303030303","0.5112781954887218"
"16","200","1","2","90","0.8939393939393939","0.44360902255639095"
"17","200","1","2","99","0.7272727272727273","0.3609022556390977"
"12","200","1","2","448","0.8787878787878788","0.43609022556390975"
"14","200","1","2","188","0.9242424242424242","0.45864661654135336"
"13","200","1","2","185","0.7424242424242424","0.3684210526315789"
"15","200","1","2","156","0.9242424242424242","0.45864661654135336"
"17","200","1","2","100","0.8484848484848485","0.42105263157894735"
"16","200","1","2","91","0.9242424242424242","0.45864661654135336"
"13","200","1","2","186","0.8636363636363636","0.42857142857142855"
"14","200","1","2","189","0.9090909090909091","0.45112781954887216"
"17","200","1","2","101","0.8484848484848485","0.42105263157894735"
"15","200","1","2","157","0.8181818181818182","0.40601503759398494"
"12","200","1","2","449","0.8333333333333334","0.41353383458646614"
"16","200","1","2","92","0.8787878787878788","0.43609022556390975"
"13","200","1","2","187","1.0757575757575757","0.5338345864661654"
"15","200","1","2","158","0.9090909090909091","0.45112781954887216"
"17","200","1","2","102","0.6818181818181818","0.3383458646616541"
"14","200","1","2","190","0.8636363636363636","0.42857142857142855"
"16","200","1","2","93","0.8636363636363636","0.42857142857142855"
"12","200","1","2","450","0.8333333333333334","0.41353383458646614"
"15","200","1","2","159","0.9090909090909091","0.45112781954887216"
"17","200","1","2","103","0.8939393939393939","0.44360902255639095"
"13","200","1","2","188","0.8333333333333334","0.41353383458646614"
"14","200","1","2","191","0.8939393939393939","0.44360902255639095"
"16","200","1","2","94","1","0.49624060150375937"
"15","200","1","2","160","0.9090909090909091","0.45112781954887216"
"17","200","1","2","104","0.803030303030303","0.39849624060150374"
"13","200","1","2","189","0.803030303030303","0.39849624060150374"
"14","200","1","2","192","0.8181818181818182","0.40601503759398494"
"16","200","1","2","95","1","0.49624060150375937"
"12","200","1","2","451","0.8787878787878788","0.43609022556390975"
"17","200","1","2","105","0.8787878787878788","0.43609022556390975"
"15","200","1","2","161","0.9848484848484849","0.48872180451127817"
"13","200","1","2","190","0.8181818181818182","0.40601503759398494"
"16","200","1","2","96","0.9545454545454546","0.47368421052631576"
"14","200","1","2","193","0.9393939393939394","0.46616541353383456"
"17","200","1","2","106","0.803030303030303","0.39849624060150374"
"15","200","1","2","162","0.8636363636363636","0.42857142857142855"
"13","200","1","2","191","0.7727272727272727","0.38345864661654133"
"16","200","1","2","97","0.9545454545454546","0.47368421052631576"
"12","200","1","2","452","0.8181818181818182","0.40601503759398494"
"14","200","1","2","194","0.8484848484848485","0.42105263157894735"
"17","200","1","2","107","0.9090909090909091","0.45112781954887216"
"13","200","1","2","192","0.7878787878787878","0.39097744360902253"
"15","200","1","2","163","1.0151515151515151","0.5037593984962406"
"16","200","1","2","98","0.9545454545454546","0.47368421052631576"
"14","200","1","2","195","0.9393939393939394","0.46616541353383456"
"12","200","1","2","453","0.7272727272727273","0.3609022556390977"
"17","200","1","2","108","0.7272727272727273","0.3609022556390977"
"13","200","1","2","193","0.7121212121212122","0.3533834586466165"
"15","200","1","2","164","0.9393939393939394","0.46616541353383456"
"14","200","1","2","196","1","0.49624060150375937"
"16","200","1","2","99","0.9393939393939394","0.46616541353383456"
"17","200","1","2","109","0.7878787878787878","0.39097744360902253"
"13","200","1","2","194","0.7272727272727273","0.3609022556390977"
"15","200","1","2","165","0.8787878787878788","0.43609022556390975"
"17","200","1","2","110","0.8939393939393939","0.44360902255639095"
"12","200","1","2","454","0.7575757575757576","0.37593984962406013"
"16","200","1","2","100","0.8636363636363636","0.42857142857142855"
"14","200","1","2","197","0.9393939393939394","0.46616541353383456"
"15","200","1","2","166","0.8333333333333334","0.41353383458646614"
"13","200","1","2","195","0.8636363636363636","0.42857142857142855"
"17","200","1","2","111","0.8333333333333334","0.41353383458646614"
"16","200","1","2","101","0.9393939393939394","0.46616541353383456"
"14","200","1","2","198","0.9696969696969697","0.48120300751879697"
"12","200","1","2","455","0.8787878787878788","0.43609022556390975"
"13","200","1","2","196","0.8484848484848485","0.42105263157894735"
"15","200","1","2","167","0.7727272727272727","0.38345864661654133"
"17","200","1","2","112","0.7272727272727273","0.3609022556390977"
"16","200","1","2","102","0.6818181818181818","0.3383458646616541"
"14","200","1","2","199","0.9242424242424242","0.45864661654135336"
"13","200","1","2","197","0.9393939393939394","0.46616541353383456"
"15","200","1","2","168","0.8181818181818182","0.40601503759398494"
"16","200","1","2","103","0.8636363636363636","0.42857142857142855"
"12","200","1","2","456","0.8333333333333334","0.41353383458646614"
"14","200","1","2","200","0.696969696969697","0.3458646616541353"
"17","200","1","2","113","0.8636363636363636","0.42857142857142855"
"13","200","1","2","198","0.7727272727272727","0.38345864661654133"
"15","200","1","2","169","0.8484848484848485","0.42105263157894735"
"16","200","1","2","104","0.6666666666666666","0.3308270676691729"
"14","200","1","2","201","0.6060606060606061","0.3007518796992481"
"17","200","1","2","114","1","0.49624060150375937"
"13","200","1","2","199","0.9090909090909091","0.45112781954887216"
"15","200","1","2","170","0.7575757575757576","0.37593984962406013"
"12","200","1","2","457","0.8333333333333334","0.41353383458646614"
"16","200","1","2","105","0.7272727272727273","0.3609022556390977"
"17","200","1","2","115","1","0.49624060150375937"
"14","200","1","2","202","0.8484848484848485","0.42105263157894735"
"13","200","1","2","200","0.7121212121212122","0.3533834586466165"
"16","200","1","2","106","0.9090909090909091","0.45112781954887216"
"15","200","1","2","171","1.0303030303030303","0.5112781954887218"
"17","200","1","2","116","0.7878787878787878","0.39097744360902253"
"13","200","1","2","201","0.803030303030303","0.39849624060150374"
"12","200","1","2","458","0.8787878787878788","0.43609022556390975"
"14","200","1","2","203","0.9242424242424242","0.45864661654135336"
"16","200","1","2","107","0.8333333333333334","0.41353383458646614"
"15","200","1","2","172","0.9393939393939394","0.46616541353383456"
"17","200","1","2","117","0.8484848484848485","0.42105263157894735"
"13","200","1","2","202","0.9848484848484849","0.48872180451127817"
"14","200","1","2","204","0.9090909090909091","0.45112781954887216"
"15","200","1","2","173","0.8636363636363636","0.42857142857142855"
"16","200","1","2","108","0.7878787878787878","0.39097744360902253"
"12","200","1","2","459","0.7121212121212122","0.3533834586466165"
"17","200","1","2","118","0.9696969696969697","0.48120300751879697"
"13","200","1","2","203","0.7121212121212122","0.3533834586466165"
"16","200","1","2","109","0.7727272727272727","0.38345864661654133"
"15","200","1","2","174","0.8636363636363636","0.42857142857142855"
"14","200","1","2","205","0.7575757575757576","0.37593984962406013"
"17","200","1","2","119","0.8636363636363636","0.42857142857142855"
"12","200","1","2","460","0.8333333333333334","0.41353383458646614"
"16","200","1","2","110","0.7727272727272727","0.38345864661654133"
"13","200","1","2","204","0.8636363636363636","0.42857142857142855"
"15","200","1","2","175","0.8939393939393939","0.44360902255639095"
"14","200","1","2","206","0.8939393939393939","0.44360902255639095"
"17","200","1","2","120","0.7424242424242424","0.3684210526315789"
"16","200","1","2","111","0.8333333333333334","0.41353383458646614"
"13","200","1","2","205","0.7424242424242424","0.3684210526315789"
"15","200","1","2","176","0.7424242424242424","0.3684210526315789"
"14","200","1","2","207","0.8484848484848485","0.42105263157894735"
"17","200","1","2","121","0.8787878787878788","0.43609022556390975"
"16","200","1","2","112","0.9242424242424242","0.45864661654135336"
"15","200","1","2","177","0.8484848484848485","0.42105263157894735"
"13","200","1","2","206","0.9393939393939394","0.46616541353383456"
"14","200","1","2","208","0.9696969696969697","0.48120300751879697"
"16","200","1","2","113","0.9696969696969697","0.48120300751879697"
"12","200","1","2","461","0.9090909090909091","0.45112781954887216"
"17","200","1","2","122","1.0303030303030303","0.5112781954887218"
"13","200","1","2","207","0.8787878787878788","0.43609022556390975"
"14","200","1","2","209","0.9696969696969697","0.48120300751879697"
"15","200","1","2","178","0.9090909090909091","0.45112781954887216"
"16","200","1","2","114","0.9090909090909091","0.45112781954887216"
"14","200","1","2","210","1","0.49624060150375937"
"17","200","1","2","123","0.8333333333333334","0.41353383458646614"
"13","200","1","2","208","0.9848484848484849","0.48872180451127817"
"15","200","1","2","179","0.7878787878787878","0.39097744360902253"
"16","200","1","2","115","0.9696969696969697","0.48120300751879697"
"12","200","1","2","462","0.803030303030303","0.39849624060150374"
"13","200","1","2","209","0.9545454545454546","0.47368421052631576"
"15","200","1","2","180","0.7424242424242424","0.3684210526315789"
"14","200","1","2","211","0.9090909090909091","0.45112781954887216"
"17","200","1","2","124","0.7121212121212122","0.3533834586466165"
"16","200","1","2","116","0.7424242424242424","0.3684210526315789"
"13","200","1","2","210","0.7424242424242424","0.3684210526315789"
"17","200","1","2","125","0.9242424242424242","0.45864661654135336"
"15","200","1","2","181","0.803030303030303","0.39849624060150374"
"14","200","1","2","212","1.106060606060606","0.5488721804511278"
"12","200","1","2","463","0.8787878787878788","0.43609022556390975"
"16","200","1","2","117","0.8636363636363636","0.42857142857142855"
"13","200","1","2","211","0.803030303030303","0.39849624060150374"
"17","200","1","2","126","0.8939393939393939","0.44360902255639095"
"15","200","1","2","182","0.8333333333333334","0.41353383458646614"
"14","200","1","2","213","1.0606060606060606","0.5263157894736842"
"16","200","1","2","118","0.8636363636363636","0.42857142857142855"
"13","200","1","2","212","0.6666666666666666","0.3308270676691729"
"12","200","1","2","464","0.7727272727272727","0.38345864661654133"
"17","200","1","2","127","0.7272727272727273","0.3609022556390977"
"14","200","1","2","214","0.9696969696969697","0.48120300751879697"
"15","200","1","2","183","0.6818181818181818","0.3383458646616541"
"16","200","1","2","119","0.7878787878787878","0.39097744360902253"
"13","200","1","2","213","0.8636363636363636","0.42857142857142855"
"17","200","1","2","128","0.7727272727272727","0.38345864661654133"
"14","200","1","2","215","0.9090909090909091","0.45112781954887216"
"15","200","1","2","184","0.7424242424242424","0.3684210526315789"
"16","200","1","2","120","0.7424242424242424","0.3684210526315789"
"12","200","1","2","465","0.7272727272727273","0.3609022556390977"
"13","200","1","2","214","0.7121212121212122","0.3533834586466165"
"14","200","1","2","216","0.8787878787878788","0.43609022556390975"
"15","200","1","2","185","0.7727272727272727","0.38345864661654133"
"17","200","1","2","129","0.9242424242424242","0.45864661654135336"
"16","200","1","2","121","0.7272727272727273","0.3609022556390977"
"13","200","1","2","215","0.8181818181818182","0.40601503759398494"
"14","200","1","2","217","0.8787878787878788","0.43609022556390975"
"12","200","1","2","466","1.0151515151515151","0.5037593984962406"
"17","200","1","2","130","0.7121212121212122","0.3533834586466165"
"16","200","1","2","122","0.7272727272727273","0.3609022556390977"
"15","200","1","2","186","0.7878787878787878","0.39097744360902253"
"14","200","1","2","218","0.9090909090909091","0.45112781954887216"
"13","200","1","2","216","0.7727272727272727","0.38345864661654133"
"17","200","1","2","131","0.8181818181818182","0.40601503759398494"
"16","200","1","2","123","0.8333333333333334","0.41353383458646614"
"15","200","1","2","187","0.7575757575757576","0.37593984962406013"
"12","200","1","2","467","0.8636363636363636","0.42857142857142855"
"14","200","1","2","219","0.9242424242424242","0.45864661654135336"
"13","200","1","2","217","0.8939393939393939","0.44360902255639095"
"16","200","1","2","124","1.1363636363636365","0.5639097744360902"
"15","200","1","2","188","0.9242424242424242","0.45864661654135336"
"17","200","1","2","132","0.7878787878787878","0.39097744360902253"
"12","200","1","2","468","0.8333333333333334","0.41353383458646614"
"13","200","1","2","218","0.7727272727272727","0.38345864661654133"
"14","200","1","2","220","0.8333333333333334","0.41353383458646614"
"16","200","1","2","125","1.0606060606060606","0.5263157894736842"
"15","200","1","2","189","0.8636363636363636","0.42857142857142855"
"17","200","1","2","133","0.7575757575757576","0.37593984962406013"
"14","200","1","2","221","0.8333333333333334","0.41353383458646614"
"13","200","1","2","219","0.7272727272727273","0.3609022556390977"
"15","200","1","2","190","0.8333333333333334","0.41353383458646614"
"16","200","1","2","126","0.9242424242424242","0.45864661654135336"
"12","200","1","2","469","0.7727272727272727","0.38345864661654133"
"14","200","1","2","222","0.803030303030303","0.39849624060150374"
"17","200","1","2","134","0.6818181818181818","0.3383458646616541"
"13","200","1","2","220","0.696969696969697","0.3458646616541353"
"15","200","1","2","191","0.9393939393939394","0.46616541353383456"
"16","200","1","2","127","1.0151515151515151","0.5037593984962406"
"12","200","1","2","470","0.6818181818181818","0.3383458646616541"
"14","200","1","2","223","1.0454545454545454","0.518796992481203"
"13","200","1","2","221","0.6363636363636364","0.3157894736842105"
"17","200","1","2","135","0.7727272727272727","0.38345864661654133"
"16","200","1","2","128","0.696969696969697","0.3458646616541353"
"15","200","1","2","192","0.7424242424242424","0.3684210526315789"
"14","200","1","2","224","0.803030303030303","0.39849624060150374"
"12","200","1","2","471","0.8939393939393939","0.44360902255639095"
"13","200","1","2","222","0.7575757575757576","0.37593984962406013"
"17","200","1","2","136","0.7424242424242424","0.3684210526315789"
"15","200","1","2","193","0.803030303030303","0.39849624060150374"
"16","200","1","2","129","0.8787878787878788","0.43609022556390975"
"14","200","1","2","225","0.8939393939393939","0.44360902255639095"
"13","200","1","2","223","0.8333333333333334","0.41353383458646614"
"17","200","1","2","137","0.8484848484848485","0.42105263157894735"
"15","200","1","2","194","0.9242424242424242","0.45864661654135336"
"12","200","1","2","472","0.7272727272727273","0.3609022556390977"
"16","200","1","2","130","0.7727272727272727","0.38345864661654133"
"17","200","1","2","138","0.7272727272727273","0.3609022556390977"
"14","200","1","2","226","0.7727272727272727","0.38345864661654133"
"13","200","1","2","224","0.7121212121212122","0.3533834586466165"
"15","200","1","2","195","0.7727272727272727","0.38345864661654133"
"16","200","1","2","131","0.8181818181818182","0.40601503759398494"
"12","200","1","2","473","0.7575757575757576","0.37593984962406013"
"17","200","1","2","139","0.8181818181818182","0.40601503759398494"
"14","200","1","2","227","0.8787878787878788","0.43609022556390975"
"13","200","1","2","225","0.8484848484848485","0.42105263157894735"
"15","200","1","2","196","0.8333333333333334","0.41353383458646614"
"16","200","1","2","132","0.9848484848484849","0.48872180451127817"
"14","200","1","2","228","0.8636363636363636","0.42857142857142855"
"17","200","1","2","140","0.7272727272727273","0.3609022556390977"
"13","200","1","2","226","0.8787878787878788","0.43609022556390975"
"12","200","1","2","474","0.9242424242424242","0.45864661654135336"
"15","200","1","2","197","0.8787878787878788","0.43609022556390975"
"14","200","1","2","229","0.7878787878787878","0.39097744360902253"
"16","200","1","2","133","0.8787878787878788","0.43609022556390975"
"17","200","1","2","141","0.8787878787878788","0.43609022556390975"
"13","200","1","2","227","0.9090909090909091","0.45112781954887216"
"15","200","1","2","198","1","0.49624060150375937"
"16","200","1","2","134","0.8636363636363636","0.42857142857142855"
"12","200","1","2","475","1","0.49624060150375937"
"14","200","1","2","230","0.8939393939393939","0.44360902255639095"
"17","200","1","2","142","0.9848484848484849","0.48872180451127817"
"13","200","1","2","228","0.7878787878787878","0.39097744360902253"
"16","200","1","2","135","0.9848484848484849","0.48872180451127817"
"15","200","1","2","199","0.9393939393939394","0.46616541353383456"
"14","200","1","2","231","1.0606060606060606","0.5263157894736842"
"17","200","1","2","143","0.9090909090909091","0.45112781954887216"
"13","200","1","2","229","0.8181818181818182","0.40601503759398494"
"12","200","1","2","476","0.803030303030303","0.39849624060150374"
"16","200","1","2","136","0.8939393939393939","0.44360902255639095"
"15","200","1","2","200","0.6666666666666666","0.3308270676691729"
"14","200","1","2","232","0.8333333333333334","0.41353383458646614"
"17","200","1","2","144","0.8181818181818182","0.40601503759398494"
"13","200","1","2","230","0.7121212121212122","0.3533834586466165"
"16","200","1","2","137","1.0909090909090908","0.5413533834586466"
"15","200","1","2","201","0.9090909090909091","0.45112781954887216"
"14","200","1","2","233","0.9393939393939394","0.46616541353383456"
"12","200","1","2","477","0.9242424242424242","0.45864661654135336"
"13","200","1","2","231","0.7424242424242424","0.3684210526315789"
"17","200","1","2","145","0.8484848484848485","0.42105263157894735"
"16","200","1","2","138","1.0606060606060606","0.5263157894736842"
"14","200","1","2","234","0.8181818181818182","0.40601503759398494"
"15","200","1","2","202","0.9090909090909091","0.45112781954887216"
"13","200","1","2","232","0.7575757575757576","0.37593984962406013"
"17","200","1","2","146","0.6212121212121212","0.3082706766917293"
"16","200","1","2","139","0.9696969696969697","0.48120300751879697"
"15","200","1","2","203","0.9393939393939394","0.46616541353383456"
"14","200","1","2","235","0.7878787878787878","0.39097744360902253"
"13","200","1","2","233","0.7878787878787878","0.39097744360902253"
"17","200","1","2","147","0.6666666666666666","0.3308270676691729"
"16","200","1","2","140","0.7727272727272727","0.38345864661654133"
"14","200","1","2","236","0.8636363636363636","0.42857142857142855"
"15","200","1","2","204","0.8636363636363636","0.42857142857142855"
"12","200","1","2","478","0.7727272727272727","0.38345864661654133"
"15","200","1","2","205","0.8484848484848485","0.42105263157894735"
"16","200","1","2","141","0.8333333333333334","0.41353383458646614"
"17","200","1","2","148","0.8181818181818182","0.40601503759398494"
"14","200","1","2","237","0.8939393939393939","0.44360902255639095"
"13","200","1","2","234","0.8787878787878788","0.43609022556390975"
"16","200","1","2","142","0.7272727272727273","0.3609022556390977"
"15","200","1","2","206","0.8181818181818182","0.40601503759398494"
"13","200","1","2","235","0.8636363636363636","0.42857142857142855"
"14","200","1","2","238","0.8333333333333334","0.41353383458646614"
"17","200","1","2","149","0.8181818181818182","0.40601503759398494"
"12","200","1","2","479","0.9848484848484849","0.48872180451127817"
"15","200","1","2","207","0.9090909090909091","0.45112781954887216"
"16","200","1","2","143","0.7424242424242424","0.3684210526315789"
"14","200","1","2","239","0.803030303030303","0.39849624060150374"
"17","200","1","2","150","0.7424242424242424","0.3684210526315789"
"13","200","1","2","236","0.9242424242424242","0.45864661654135336"
"12","200","1","2","480","0.6666666666666666","0.3308270676691729"
"17","200","1","2","151","0.8787878787878788","0.43609022556390975"
"16","200","1","2","144","0.7878787878787878","0.39097744360902253"
"14","200","1","2","240","0.8636363636363636","0.42857142857142855"
"15","200","1","2","208","0.9242424242424242","0.45864661654135336"
"13","200","1","2","237","0.8636363636363636","0.42857142857142855"
"16","200","1","2","145","0.7575757575757576","0.37593984962406013"
"17","200","1","2","152","0.7727272727272727","0.38345864661654133"
"14","200","1","2","241","0.8787878787878788","0.43609022556390975"
"12","200","1","2","481","0.8636363636363636","0.42857142857142855"
"15","200","1","2","209","0.8333333333333334","0.41353383458646614"
"13","200","1","2","238","0.9242424242424242","0.45864661654135336"
"16","200","1","2","146","0.6666666666666666","0.3308270676691729"
"17","200","1","2","153","0.7121212121212122","0.3533834586466165"
"15","200","1","2","210","0.8484848484848485","0.42105263157894735"
"14","200","1","2","242","0.803030303030303","0.39849624060150374"
"13","200","1","2","239","0.8787878787878788","0.43609022556390975"
"12","200","1","2","482","0.8787878787878788","0.43609022556390975"
"17","200","1","2","154","1.0909090909090908","0.5413533834586466"
"16","200","1","2","147","0.7272727272727273","0.3609022556390977"
"15","200","1","2","211","0.8939393939393939","0.44360902255639095"
"14","200","1","2","243","0.803030303030303","0.39849624060150374"
"13","200","1","2","240","0.8939393939393939","0.44360902255639095"
"17","200","1","2","155","0.8787878787878788","0.43609022556390975"
"16","200","1","2","148","0.696969696969697","0.3458646616541353"
"15","200","1","2","212","0.8181818181818182","0.40601503759398494"
"12","200","1","2","483","0.8636363636363636","0.42857142857142855"
"14","200","1","2","244","0.8787878787878788","0.43609022556390975"
"17","200","1","2","156","0.9393939393939394","0.46616541353383456"
"13","200","1","2","241","0.9242424242424242","0.45864661654135336"
"15","200","1","2","213","1.0151515151515151","0.5037593984962406"
"16","200","1","2","149","0.9393939393939394","0.46616541353383456"
"12","200","1","2","484","0.803030303030303","0.39849624060150374"
"14","200","1","2","245","1.0303030303030303","0.5112781954887218"
"13","200","1","2","242","0.9090909090909091","0.45112781954887216"
"17","200","1","2","157","1","0.49624060150375937"
"15","200","1","2","214","0.7575757575757576","0.37593984962406013"
"16","200","1","2","150","0.9393939393939394","0.46616541353383456"
"14","200","1","2","246","1.0454545454545454","0.518796992481203"
"17","200","1","2","158","0.9545454545454546","0.47368421052631576"
"13","200","1","2","243","0.803030303030303","0.39849624060150374"
"12","200","1","2","485","0.8636363636363636","0.42857142857142855"
"15","200","1","2","215","0.8181818181818182","0.40601503759398494"
"16","200","1","2","151","1.106060606060606","0.5488721804511278"
"14","200","1","2","247","1.0151515151515151","0.5037593984962406"
"17","200","1","2","159","0.8333333333333334","0.41353383458646614"
"13","200","1","2","244","0.9090909090909091","0.45112781954887216"
"16","200","1","2","152","0.8484848484848485","0.42105263157894735"
"15","200","1","2","216","0.803030303030303","0.39849624060150374"
"12","200","1","2","486","1","0.49624060150375937"
"14","200","1","2","248","0.8181818181818182","0.40601503759398494"
"17","200","1","2","160","0.7121212121212122","0.3533834586466165"
"13","200","1","2","245","0.8636363636363636","0.42857142857142855"
"15","200","1","2","217","0.7727272727272727","0.38345864661654133"
"16","200","1","2","153","1.0757575757575757","0.5338345864661654"
"13","200","1","2","246","0.8636363636363636","0.42857142857142855"
"17","200","1","2","161","0.7272727272727273","0.3609022556390977"
"14","200","1","2","249","0.7727272727272727","0.38345864661654133"
"16","200","1","2","154","0.7272727272727273","0.3609022556390977"
"12","200","1","2","487","0.6818181818181818","0.3383458646616541"
"15","200","1","2","218","0.7424242424242424","0.3684210526315789"
"17","200","1","2","162","0.8333333333333334","0.41353383458646614"
"16","200","1","2","155","0.8787878787878788","0.43609022556390975"
"14","200","1","2","250","0.8333333333333334","0.41353383458646614"
"13","200","1","2","247","0.8787878787878788","0.43609022556390975"
"15","200","1","2","219","0.6666666666666666","0.3308270676691729"
"12","200","1","2","488","0.5909090909090909","0.2932330827067669"
"16","200","1","2","156","0.696969696969697","0.3458646616541353"
"17","200","1","2","163","0.8787878787878788","0.43609022556390975"
"14","200","1","2","251","0.9090909090909091","0.45112781954887216"
"13","200","1","2","248","0.7727272727272727","0.38345864661654133"
"15","200","1","2","220","0.8181818181818182","0.40601503759398494"
"16","200","1","2","157","0.7272727272727273","0.3609022556390977"
"17","200","1","2","164","0.8939393939393939","0.44360902255639095"
"12","200","1","2","489","0.7121212121212122","0.3533834586466165"
"14","200","1","2","252","0.7272727272727273","0.3609022556390977"
"13","200","1","2","249","0.8181818181818182","0.40601503759398494"
"15","200","1","2","221","0.5757575757575758","0.2857142857142857"
"16","200","1","2","158","0.8787878787878788","0.43609022556390975"
"17","200","1","2","165","0.6666666666666666","0.3308270676691729"
"14","200","1","2","253","0.7727272727272727","0.38345864661654133"
"15","200","1","2","222","0.7272727272727273","0.3609022556390977"
"13","200","1","2","250","0.8787878787878788","0.43609022556390975"
"12","200","1","2","490","0.8181818181818182","0.40601503759398494"
"16","200","1","2","159","0.8939393939393939","0.44360902255639095"
"17","200","1","2","166","0.8484848484848485","0.42105263157894735"
"15","200","1","2","223","0.8181818181818182","0.40601503759398494"
"14","200","1","2","254","0.9090909090909091","0.45112781954887216"
"13","200","1","2","251","0.8939393939393939","0.44360902255639095"
"16","200","1","2","160","0.9545454545454546","0.47368421052631576"
"17","200","1","2","167","0.7272727272727273","0.3609022556390977"
"12","200","1","2","491","0.8333333333333334","0.41353383458646614"
"13","200","1","2","252","0.9242424242424242","0.45864661654135336"
"15","200","1","2","224","0.803030303030303","0.39849624060150374"
"14","200","1","2","255","0.8636363636363636","0.42857142857142855"
"16","200","1","2","161","0.9696969696969697","0.48120300751879697"
"17","200","1","2","168","0.7575757575757576","0.37593984962406013"
"12","200","1","2","492","0.8181818181818182","0.40601503759398494"
"15","200","1","2","225","0.8484848484848485","0.42105263157894735"
"13","200","1","2","253","0.7575757575757576","0.37593984962406013"
"14","200","1","2","256","0.7272727272727273","0.3609022556390977"
"17","200","1","2","169","0.7878787878787878","0.39097744360902253"
"16","200","1","2","162","0.696969696969697","0.3458646616541353"
"15","200","1","2","226","0.7272727272727273","0.3609022556390977"
"14","200","1","2","257","0.8939393939393939","0.44360902255639095"
"13","200","1","2","254","1.0303030303030303","0.5112781954887218"
"12","200","1","2","493","0.8484848484848485","0.42105263157894735"
"17","200","1","2","170","0.9696969696969697","0.48120300751879697"
"16","200","1","2","163","0.7424242424242424","0.3684210526315789"
"13","200","1","2","255","0.8787878787878788","0.43609022556390975"
"17","200","1","2","171","0.7727272727272727","0.38345864661654133"
"14","200","1","2","258","0.8787878787878788","0.43609022556390975"
"15","200","1","2","227","1.0151515151515151","0.5037593984962406"
"16","200","1","2","164","0.696969696969697","0.3458646616541353"
"13","200","1","2","256","0.7424242424242424","0.3684210526315789"
"17","200","1","2","172","0.803030303030303","0.39849624060150374"
"14","200","1","2","259","0.9090909090909091","0.45112781954887216"
"12","200","1","2","494","0.7878787878787878","0.39097744360902253"
"15","200","1","2","228","0.8181818181818182","0.40601503759398494"
"16","200","1","2","165","0.8636363636363636","0.42857142857142855"
"13","200","1","2","257","0.7121212121212122","0.3533834586466165"
"17","200","1","2","173","0.8787878787878788","0.43609022556390975"
"14","200","1","2","260","0.8333333333333334","0.41353383458646614"
"15","200","1","2","229","0.8636363636363636","0.42857142857142855"
"12","200","1","2","495","0.8333333333333334","0.41353383458646614"
"16","200","1","2","166","1","0.49624060150375937"
"13","200","1","2","258","0.6515151515151515","0.3233082706766917"
"17","200","1","2","174","0.803030303030303","0.39849624060150374"
"14","200","1","2","261","0.7878787878787878","0.39097744360902253"
"15","200","1","2","230","0.9090909090909091","0.45112781954887216"
"16","200","1","2","167","1.0151515151515151","0.5037593984962406"
"12","200","1","2","496","0.803030303030303","0.39849624060150374"
"13","200","1","2","259","0.696969696969697","0.3458646616541353"
"17","200","1","2","175","0.7121212121212122","0.3533834586466165"
"14","200","1","2","262","0.8181818181818182","0.40601503759398494"
"15","200","1","2","231","0.8787878787878788","0.43609022556390975"
"16","200","1","2","168","0.8939393939393939","0.44360902255639095"
"13","200","1","2","260","0.6818181818181818","0.3383458646616541"
"14","200","1","2","263","0.9545454545454546","0.47368421052631576"
"17","200","1","2","176","0.8636363636363636","0.42857142857142855"
"15","200","1","2","232","0.8939393939393939","0.44360902255639095"
"16","200","1","2","169","0.8636363636363636","0.42857142857142855"
"17","200","1","2","177","0.8939393939393939","0.44360902255639095"
"13","200","1","2","261","0.9545454545454546","0.47368421052631576"
"14","200","1","2","264","0.8484848484848485","0.42105263157894735"
"12","200","1","2","497","0.6666666666666666","0.3308270676691729"
"16","200","1","2","170","0.9393939393939394","0.46616541353383456"
"15","200","1","2","233","0.7575757575757576","0.37593984962406013"
"13","200","1","2","262","0.7272727272727273","0.3609022556390977"
"17","200","1","2","178","0.9848484848484849","0.48872180451127817"
"14","200","1","2","265","0.8636363636363636","0.42857142857142855"
"16","200","1","2","171","0.8636363636363636","0.42857142857142855"
"15","200","1","2","234","0.7878787878787878","0.39097744360902253"
"13","200","1","2","263","0.8333333333333334","0.41353383458646614"
"17","200","1","2","179","1","0.49624060150375937"
"12","200","1","2","498","0.8181818181818182","0.40601503759398494"
"16","200","1","2","172","0.9848484848484849","0.48872180451127817"
"14","200","1","2","266","0.6666666666666666","0.3308270676691729"
"15","200","1","2","235","0.7272727272727273","0.3609022556390977"
"13","200","1","2","264","0.8333333333333334","0.41353383458646614"
"17","200","1","2","180","1","0.49624060150375937"
"12","200","1","2","499","0.7272727272727273","0.3609022556390977"
"14","200","1","2","267","0.696969696969697","0.3458646616541353"
"16","200","1","2","173","0.8484848484848485","0.42105263157894735"
"15","200","1","2","236","0.8636363636363636","0.42857142857142855"
"13","200","1","2","265","0.9090909090909091","0.45112781954887216"
"17","200","1","2","181","0.8181818181818182","0.40601503759398494"
"14","200","1","2","268","0.7878787878787878","0.39097744360902253"
"16","200","1","2","174","0.7424242424242424","0.3684210526315789"
"13","200","1","2","266","0.7272727272727273","0.3609022556390977"
"15","200","1","2","237","0.8181818181818182","0.40601503759398494"
"12","200","1","2","500","0.7575757575757576","0.37593984962406013"
"17","200","1","2","182","0.8333333333333334","0.41353383458646614"
"14","200","1","2","269","0.8181818181818182","0.40601503759398494"
"16","200","1","2","175","0.8939393939393939","0.44360902255639095"
"15","200","1","2","238","0.8636363636363636","0.42857142857142855"
"13","200","1","2","267","0.6363636363636364","0.3157894736842105"
"17","200","1","2","183","0.7727272727272727","0.38345864661654133"
"14","200","1","2","270","0.8939393939393939","0.44360902255639095"
"13","200","1","2","268","0.7121212121212122","0.3533834586466165"
"15","200","1","2","239","0.6515151515151515","0.3233082706766917"
"16","200","1","2","176","0.8181818181818182","0.40601503759398494"
"18","200","1","2","0","0","0"
"17","200","1","2","184","0.9393939393939394","0.46616541353383456"
"14","200","1","2","271","1.0606060606060606","0.5263157894736842"
"18","200","1","2","1","0.9696969696969697","0.48120300751879697"
"16","200","1","2","177","0.9393939393939394","0.46616541353383456"
"13","200","1","2","269","0.7575757575757576","0.37593984962406013"
"15","200","1","2","240","0.7878787878787878","0.39097744360902253"
"14","200","1","2","272","0.8333333333333334","0.41353383458646614"
"17","200","1","2","185","1","0.49624060150375937"
"18","200","1","2","2","0.9090909090909091","0.45112781954887216"
"13","200","1","2","270","0.8484848484848485","0.42105263157894735"
"16","200","1","2","178","0.8484848484848485","0.42105263157894735"
"15","200","1","2","241","0.8636363636363636","0.42857142857142855"
"18","200","1","2","3","0.6666666666666666","0.3308270676691729"
"14","200","1","2","273","0.8333333333333334","0.41353383458646614"
"17","200","1","2","186","0.9848484848484849","0.48872180451127817"
"16","200","1","2","179","1","0.49624060150375937"
"13","200","1","2","271","0.6515151515151515","0.3233082706766917"
"15","200","1","2","242","0.7424242424242424","0.3684210526315789"
"18","200","1","2","4","0.7121212121212122","0.3533834586466165"
"17","200","1","2","187","0.9242424242424242","0.45864661654135336"
"18","200","1","2","5","0.8181818181818182","0.40601503759398494"
"14","200","1","2","274","0.9696969696969697","0.48120300751879697"
"16","200","1","2","180","0.7575757575757576","0.37593984962406013"
"13","200","1","2","272","0.7272727272727273","0.3609022556390977"
"15","200","1","2","243","0.8939393939393939","0.44360902255639095"
"18","200","1","2","6","0.7121212121212122","0.3533834586466165"
"17","200","1","2","188","0.9393939393939394","0.46616541353383456"
"16","200","1","2","181","0.8484848484848485","0.42105263157894735"
"13","200","1","2","273","0.803030303030303","0.39849624060150374"
"14","200","1","2","275","0.9090909090909091","0.45112781954887216"
"15","200","1","2","244","0.9090909090909091","0.45112781954887216"
"18","200","1","2","7","0.7121212121212122","0.3533834586466165"
"17","200","1","2","189","0.8787878787878788","0.43609022556390975"
"13","200","1","2","274","0.8484848484848485","0.42105263157894735"
"15","200","1","2","245","0.9393939393939394","0.46616541353383456"
"16","200","1","2","182","0.7727272727272727","0.38345864661654133"
"14","200","1","2","276","0.8787878787878788","0.43609022556390975"
"18","200","1","2","8","0.696969696969697","0.3458646616541353"
"17","200","1","2","190","0.9242424242424242","0.45864661654135336"
"18","200","1","2","9","0.7121212121212122","0.3533834586466165"
"15","200","1","2","246","0.9393939393939394","0.46616541353383456"
"13","200","1","2","275","0.7272727272727273","0.3609022556390977"
"16","200","1","2","183","0.696969696969697","0.3458646616541353"
"14","200","1","2","277","0.8181818181818182","0.40601503759398494"
"18","200","1","2","10","0.6818181818181818","0.3383458646616541"
"17","200","1","2","191","0.803030303030303","0.39849624060150374"
"18","200","1","2","11","0.6666666666666666","0.3308270676691729"
"13","200","1","2","276","0.8636363636363636","0.42857142857142855"
"14","200","1","2","278","0.9545454545454546","0.47368421052631576"
"16","200","1","2","184","0.7272727272727273","0.3609022556390977"
"15","200","1","2","247","0.8939393939393939","0.44360902255639095"
"17","200","1","2","192","0.7424242424242424","0.3684210526315789"
"18","200","1","2","12","0.6818181818181818","0.3383458646616541"
"13","200","1","2","277","1.0909090909090908","0.5413533834586466"
"15","200","1","2","248","0.7878787878787878","0.39097744360902253"
"14","200","1","2","279","0.8484848484848485","0.42105263157894735"
"16","200","1","2","185","0.7727272727272727","0.38345864661654133"
"17","200","1","2","193","0.7121212121212122","0.3533834586466165"
"18","200","1","2","13","0.7272727272727273","0.3609022556390977"
"13","200","1","2","278","0.8484848484848485","0.42105263157894735"
"15","200","1","2","249","0.8787878787878788","0.43609022556390975"
"14","200","1","2","280","0.8484848484848485","0.42105263157894735"
"18","200","1","2","14","0.7575757575757576","0.37593984962406013"
"16","200","1","2","186","0.803030303030303","0.39849624060150374"
"17","200","1","2","194","0.8939393939393939","0.44360902255639095"
"13","200","1","2","279","0.8787878787878788","0.43609022556390975"
"18","200","1","2","15","0.7575757575757576","0.37593984962406013"
"15","200","1","2","250","0.803030303030303","0.39849624060150374"
"14","200","1","2","281","0.803030303030303","0.39849624060150374"
"17","200","1","2","195","0.8333333333333334","0.41353383458646614"
"16","200","1","2","187","1","0.49624060150375937"
"18","200","1","2","16","0.9090909090909091","0.45112781954887216"
"13","200","1","2","280","0.8333333333333334","0.41353383458646614"
"14","200","1","2","282","0.8636363636363636","0.42857142857142855"
"15","200","1","2","251","0.8333333333333334","0.41353383458646614"
"16","200","1","2","188","0.9242424242424242","0.45864661654135336"
"17","200","1","2","196","0.8787878787878788","0.43609022556390975"
"18","200","1","2","17","0.5909090909090909","0.2932330827067669"
"13","200","1","2","281","0.7575757575757576","0.37593984962406013"
"14","200","1","2","283","0.8333333333333334","0.41353383458646614"
"18","200","1","2","18","0.6363636363636364","0.3157894736842105"
"16","200","1","2","189","0.9848484848484849","0.48872180451127817"
"15","200","1","2","252","0.6515151515151515","0.3233082706766917"
"13","200","1","2","282","0.7575757575757576","0.37593984962406013"
"17","200","1","2","197","0.9090909090909091","0.45112781954887216"
"18","200","1","2","19","0.7575757575757576","0.37593984962406013"
"14","200","1","2","284","0.9242424242424242","0.45864661654135336"
"17","200","1","2","198","0.8787878787878788","0.43609022556390975"
"13","200","1","2","283","0.8787878787878788","0.43609022556390975"
"15","200","1","2","253","0.8484848484848485","0.42105263157894735"
"16","200","1","2","190","0.9242424242424242","0.45864661654135336"
"18","200","1","2","20","0.7878787878787878","0.39097744360902253"
"17","200","1","2","199","0.7878787878787878","0.39097744360902253"
"14","200","1","2","285","0.9848484848484849","0.48872180451127817"
"15","200","1","2","254","0.803030303030303","0.39849624060150374"
"13","200","1","2","284","1.0454545454545454","0.518796992481203"
"16","200","1","2","191","0.8181818181818182","0.40601503759398494"
"18","200","1","2","21","0.7272727272727273","0.3609022556390977"
"16","200","1","2","192","0.8484848484848485","0.42105263157894735"
"14","200","1","2","286","0.8939393939393939","0.44360902255639095"
"17","200","1","2","200","0.9090909090909091","0.45112781954887216"
"15","200","1","2","255","0.7727272727272727","0.38345864661654133"
"13","200","1","2","285","1.0454545454545454","0.518796992481203"
"18","200","1","2","22","0.7121212121212122","0.3533834586466165"
"16","200","1","2","193","0.7727272727272727","0.38345864661654133"
"17","200","1","2","201","0.8939393939393939","0.44360902255639095"
"14","200","1","2","287","0.8181818181818182","0.40601503759398494"
"13","200","1","2","286","0.9848484848484849","0.48872180451127817"
"15","200","1","2","256","0.9090909090909091","0.45112781954887216"
"18","200","1","2","23","0.7575757575757576","0.37593984962406013"
"16","200","1","2","194","1.0303030303030303","0.5112781954887218"
"13","200","1","2","287","0.9090909090909091","0.45112781954887216"
"17","200","1","2","202","1","0.49624060150375937"
"14","200","1","2","288","0.9848484848484849","0.48872180451127817"
"18","200","1","2","24","0.7424242424242424","0.3684210526315789"
"15","200","1","2","257","0.696969696969697","0.3458646616541353"
"16","200","1","2","195","0.8787878787878788","0.43609022556390975"
"13","200","1","2","288","0.8636363636363636","0.42857142857142855"
"17","200","1","2","203","0.7878787878787878","0.39097744360902253"
"18","200","1","2","25","0.7575757575757576","0.37593984962406013"
"14","200","1","2","289","0.8939393939393939","0.44360902255639095"
"16","200","1","2","196","1.0303030303030303","0.5112781954887218"
"13","200","1","2","289","0.8636363636363636","0.42857142857142855"
"15","200","1","2","258","0.8787878787878788","0.43609022556390975"
"18","200","1","2","26","0.696969696969697","0.3458646616541353"
"17","200","1","2","204","0.8333333333333334","0.41353383458646614"
"16","200","1","2","197","0.8636363636363636","0.42857142857142855"
"14","200","1","2","290","0.9545454545454546","0.47368421052631576"
"13","200","1","2","290","0.9242424242424242","0.45864661654135336"
"18","200","1","2","27","0.7272727272727273","0.3609022556390977"
"15","200","1","2","259","0.8333333333333334","0.41353383458646614"
"16","200","1","2","198","0.9696969696969697","0.48120300751879697"
"17","200","1","2","205","0.7121212121212122","0.3533834586466165"
"14","200","1","2","291","0.8333333333333334","0.41353383458646614"
"13","200","1","2","291","0.7878787878787878","0.39097744360902253"
"18","200","1","2","28","0.7727272727272727","0.38345864661654133"
"18","200","1","2","29","0.7878787878787878","0.39097744360902253"
"17","200","1","2","206","0.8181818181818182","0.40601503759398494"
"16","200","1","2","199","0.8484848484848485","0.42105263157894735"
"15","200","1","2","260","0.8787878787878788","0.43609022556390975"
"13","200","1","2","292","0.7575757575757576","0.37593984962406013"
"14","200","1","2","292","0.7575757575757576","0.37593984962406013"
"18","200","1","2","30","0.7575757575757576","0.37593984962406013"
"16","200","1","2","200","1","0.49624060150375937"
"17","200","1","2","207","0.9393939393939394","0.46616541353383456"
"15","200","1","2","261","0.8484848484848485","0.42105263157894735"
"14","200","1","2","293","0.7272727272727273","0.3609022556390977"
"13","200","1","2","293","0.803030303030303","0.39849624060150374"
"18","200","1","2","31","0.8484848484848485","0.42105263157894735"
"16","200","1","2","201","1.0606060606060606","0.5263157894736842"
"17","200","1","2","208","0.803030303030303","0.39849624060150374"
"18","200","1","2","32","0.8181818181818182","0.40601503759398494"
"14","200","1","2","294","1.106060606060606","0.5488721804511278"
"15","200","1","2","262","0.9393939393939394","0.46616541353383456"
"13","200","1","2","294","0.6666666666666666","0.3308270676691729"
"17","200","1","2","209","1","0.49624060150375937"
"16","200","1","2","202","0.9696969696969697","0.48120300751879697"
"18","200","1","2","33","0.7575757575757576","0.37593984962406013"
"14","200","1","2","295","0.9242424242424242","0.45864661654135336"
"13","200","1","2","295","0.803030303030303","0.39849624060150374"
"17","200","1","2","210","0.6818181818181818","0.3383458646616541"
"15","200","1","2","263","0.8787878787878788","0.43609022556390975"
"16","200","1","2","203","0.9242424242424242","0.45864661654135336"
"18","200","1","2","34","0.8181818181818182","0.40601503759398494"
"14","200","1","2","296","0.9242424242424242","0.45864661654135336"
"13","200","1","2","296","0.803030303030303","0.39849624060150374"
"17","200","1","2","211","0.6818181818181818","0.3383458646616541"
"18","200","1","2","35","0.8484848484848485","0.42105263157894735"
"16","200","1","2","204","0.9393939393939394","0.46616541353383456"
"15","200","1","2","264","0.6818181818181818","0.3383458646616541"
"13","200","1","2","297","1.0757575757575757","0.5338345864661654"
"14","200","1","2","297","0.803030303030303","0.39849624060150374"
"17","200","1","2","212","0.8333333333333334","0.41353383458646614"
"18","200","1","2","36","0.696969696969697","0.3458646616541353"
"16","200","1","2","205","0.7424242424242424","0.3684210526315789"
"15","200","1","2","265","0.9393939393939394","0.46616541353383456"
"13","200","1","2","298","0.7121212121212122","0.3533834586466165"
"14","200","1","2","298","0.9393939393939394","0.46616541353383456"
"17","200","1","2","213","0.803030303030303","0.39849624060150374"
"16","200","1","2","206","0.8484848484848485","0.42105263157894735"
"15","200","1","2","266","0.9242424242424242","0.45864661654135336"
"18","200","1","2","37","0.8181818181818182","0.40601503759398494"
"15","200","1","2","267","0.7424242424242424","0.3684210526315789"
"16","200","1","2","207","0.7727272727272727","0.38345864661654133"
"13","200","1","2","299","0.8939393939393939","0.44360902255639095"
"14","200","1","2","299","0.8939393939393939","0.44360902255639095"
"17","200","1","2","214","0.6818181818181818","0.3383458646616541"
"18","200","1","2","38","0.7272727272727273","0.3609022556390977"
"13","200","1","2","300","1","0.49624060150375937"
"17","200","1","2","215","0.9393939393939394","0.46616541353383456"
"14","200","1","2","300","0.7727272727272727","0.38345864661654133"
"16","200","1","2","208","0.803030303030303","0.39849624060150374"
"15","200","1","2","268","0.5303030303030303","0.2631578947368421"
"18","200","1","2","39","0.7121212121212122","0.3533834586466165"
"13","200","1","2","301","1.0909090909090908","0.5413533834586466"
"17","200","1","2","216","0.8636363636363636","0.42857142857142855"
"14","200","1","2","301","0.8333333333333334","0.41353383458646614"
"16","200","1","2","209","0.9696969696969697","0.48120300751879697"
"18","200","1","2","40","0.8181818181818182","0.40601503759398494"
"15","200","1","2","269","0.8333333333333334","0.41353383458646614"
"17","200","1","2","217","0.696969696969697","0.3458646616541353"
"14","200","1","2","302","1.0151515151515151","0.5037593984962406"
"13","200","1","2","302","0.9242424242424242","0.45864661654135336"
"18","200","1","2","41","0.6818181818181818","0.3383458646616541"
"16","200","1","2","210","0.8333333333333334","0.41353383458646614"
"15","200","1","2","270","0.7727272727272727","0.38345864661654133"
"17","200","1","2","218","0.7727272727272727","0.38345864661654133"
"18","200","1","2","42","0.7272727272727273","0.3609022556390977"
"14","200","1","2","303","0.9696969696969697","0.48120300751879697"
"13","200","1","2","303","0.9393939393939394","0.46616541353383456"
"15","200","1","2","271","0.9848484848484849","0.48872180451127817"
"16","200","1","2","211","0.9090909090909091","0.45112781954887216"
"18","200","1","2","43","0.7878787878787878","0.39097744360902253"
"17","200","1","2","219","0.8939393939393939","0.44360902255639095"
"14","200","1","2","304","0.7878787878787878","0.39097744360902253"
"13","200","1","2","304","0.7727272727272727","0.38345864661654133"
"16","200","1","2","212","0.8333333333333334","0.41353383458646614"
"15","200","1","2","272","0.8333333333333334","0.41353383458646614"
"18","200","1","2","44","0.7575757575757576","0.37593984962406013"
"17","200","1","2","220","0.7575757575757576","0.37593984962406013"
"14","200","1","2","305","0.8484848484848485","0.42105263157894735"
"18","200","1","2","45","0.9242424242424242","0.45864661654135336"
"16","200","1","2","213","0.8333333333333334","0.41353383458646614"
"15","200","1","2","273","0.8787878787878788","0.43609022556390975"
"13","200","1","2","305","0.8939393939393939","0.44360902255639095"
"17","200","1","2","221","0.8484848484848485","0.42105263157894735"
"14","200","1","2","306","0.9090909090909091","0.45112781954887216"
"18","200","1","2","46","0.8787878787878788","0.43609022556390975"
"16","200","1","2","214","0.8636363636363636","0.42857142857142855"
"13","200","1","2","306","0.9090909090909091","0.45112781954887216"
"17","200","1","2","222","0.9393939393939394","0.46616541353383456"
"15","200","1","2","274","0.8787878787878788","0.43609022556390975"
"18","200","1","2","47","0.7727272727272727","0.38345864661654133"
"14","200","1","2","307","1.0151515151515151","0.5037593984962406"
"17","200","1","2","223","1","0.49624060150375937"
"13","200","1","2","307","0.8787878787878788","0.43609022556390975"
"16","200","1","2","215","0.9545454545454546","0.47368421052631576"
"15","200","1","2","275","0.6363636363636364","0.3157894736842105"
"18","200","1","2","48","0.7878787878787878","0.39097744360902253"
"14","200","1","2","308","1.0757575757575757","0.5338345864661654"
"16","200","1","2","216","0.9545454545454546","0.47368421052631576"
"18","200","1","2","49","0.7272727272727273","0.3609022556390977"
"17","200","1","2","224","0.8484848484848485","0.42105263157894735"
"13","200","1","2","308","0.9090909090909091","0.45112781954887216"
"15","200","1","2","276","0.7121212121212122","0.3533834586466165"
"13","200","1","2","309","0.9242424242424242","0.45864661654135336"
"18","200","1","2","50","0.9393939393939394","0.46616541353383456"
"14","200","1","2","309","0.803030303030303","0.39849624060150374"
"16","200","1","2","217","0.8181818181818182","0.40601503759398494"
"17","200","1","2","225","1.0151515151515151","0.5037593984962406"
"15","200","1","2","277","0.9393939393939394","0.46616541353383456"
"18","200","1","2","51","0.8787878787878788","0.43609022556390975"
"16","200","1","2","218","0.7575757575757576","0.37593984962406013"
"13","200","1","2","310","0.9090909090909091","0.45112781954887216"
"14","200","1","2","310","0.9242424242424242","0.45864661654135336"
"15","200","1","2","278","1.0303030303030303","0.5112781954887218"
"17","200","1","2","226","0.9090909090909091","0.45112781954887216"
"18","200","1","2","52","0.6060606060606061","0.3007518796992481"
"15","200","1","2","279","0.8787878787878788","0.43609022556390975"
"16","200","1","2","219","0.8636363636363636","0.42857142857142855"
"13","200","1","2","311","0.8787878787878788","0.43609022556390975"
"14","200","1","2","311","0.9242424242424242","0.45864661654135336"
"17","200","1","2","227","0.6818181818181818","0.3383458646616541"
"18","200","1","2","53","0.7878787878787878","0.39097744360902253"
"15","200","1","2","280","0.7575757575757576","0.37593984962406013"
"14","200","1","2","312","0.8787878787878788","0.43609022556390975"
"16","200","1","2","220","0.9393939393939394","0.46616541353383456"
"13","200","1","2","312","0.7575757575757576","0.37593984962406013"
"17","200","1","2","228","0.8181818181818182","0.40601503759398494"
"18","200","1","2","54","0.7424242424242424","0.3684210526315789"
"15","200","1","2","281","0.8939393939393939","0.44360902255639095"
"16","200","1","2","221","0.9848484848484849","0.48872180451127817"
"14","200","1","2","313","0.8939393939393939","0.44360902255639095"
"13","200","1","2","313","0.7727272727272727","0.38345864661654133"
"18","200","1","2","55","0.5151515151515151","0.2556390977443609"
"15","200","1","2","282","0.7727272727272727","0.38345864661654133"
"17","200","1","2","229","0.7878787878787878","0.39097744360902253"
"16","200","1","2","222","1.0606060606060606","0.5263157894736842"
"13","200","1","2","314","0.8939393939393939","0.44360902255639095"
"14","200","1","2","314","0.7575757575757576","0.37593984962406013"
"18","200","1","2","56","0.7878787878787878","0.39097744360902253"
"15","200","1","2","283","0.6818181818181818","0.3383458646616541"
"17","200","1","2","230","0.803030303030303","0.39849624060150374"
"13","200","1","2","315","0.8636363636363636","0.42857142857142855"
"14","200","1","2","315","0.7121212121212122","0.3533834586466165"
"16","200","1","2","223","0.8939393939393939","0.44360902255639095"
"18","200","1","2","57","0.696969696969697","0.3458646616541353"
"15","200","1","2","284","0.7424242424242424","0.3684210526315789"
"13","200","1","2","316","0.7575757575757576","0.37593984962406013"
"17","200","1","2","231","0.7575757575757576","0.37593984962406013"
"16","200","1","2","224","0.9696969696969697","0.48120300751879697"
"14","200","1","2","316","0.8939393939393939","0.44360902255639095"
"18","200","1","2","58","0.7575757575757576","0.37593984962406013"
"15","200","1","2","285","0.696969696969697","0.3458646616541353"
"13","200","1","2","317","0.7272727272727273","0.3609022556390977"
"17","200","1","2","232","0.8787878787878788","0.43609022556390975"
"18","200","1","2","59","0.9090909090909091","0.45112781954887216"
"16","200","1","2","225","0.7727272727272727","0.38345864661654133"
"14","200","1","2","317","0.8333333333333334","0.41353383458646614"
"15","200","1","2","286","0.7424242424242424","0.3684210526315789"
"18","200","1","2","60","0.6666666666666666","0.3308270676691729"
"13","200","1","2","318","0.9848484848484849","0.48872180451127817"
"16","200","1","2","226","0.8939393939393939","0.44360902255639095"
"14","200","1","2","318","0.8484848484848485","0.42105263157894735"
"17","200","1","2","233","0.9090909090909091","0.45112781954887216"
"15","200","1","2","287","0.803030303030303","0.39849624060150374"
"13","200","1","2","319","0.8333333333333334","0.41353383458646614"
"18","200","1","2","61","0.9696969696969697","0.48120300751879697"
"16","200","1","2","227","0.9545454545454546","0.47368421052631576"
"14","200","1","2","319","0.6818181818181818","0.3383458646616541"
"15","200","1","2","288","0.8333333333333334","0.41353383458646614"
"17","200","1","2","234","0.8939393939393939","0.44360902255639095"
"13","200","1","2","320","0.8484848484848485","0.42105263157894735"
"17","200","1","2","235","0.8333333333333334","0.41353383458646614"
"16","200","1","2","228","0.9545454545454546","0.47368421052631576"
"13","200","1","2","321","0.8939393939393939","0.44360902255639095"
"15","200","1","2","289","0.9696969696969697","0.48120300751879697"
"14","200","1","2","320","0.696969696969697","0.3458646616541353"
"17","200","1","2","236","0.7575757575757576","0.37593984962406013"
"16","200","1","2","229","0.8484848484848485","0.42105263157894735"
"15","200","1","2","290","0.8181818181818182","0.40601503759398494"
"18","200","1","2","62","0.8787878787878788","0.43609022556390975"
"15","200","1","2","291","0.7121212121212122","0.3533834586466165"
"17","200","1","2","237","0.9696969696969697","0.48120300751879697"
"16","200","1","2","230","0.7575757575757576","0.37593984962406013"
"14","200","1","2","321","0.7121212121212122","0.3533834586466165"
"13","200","1","2","322","0.8333333333333334","0.41353383458646614"
"18","200","1","2","63","0.8939393939393939","0.44360902255639095"
"16","200","1","2","231","0.9848484848484849","0.48872180451127817"
"17","200","1","2","238","0.9848484848484849","0.48872180451127817"
"14","200","1","2","322","1.0151515151515151","0.5037593984962406"
"15","200","1","2","292","0.8181818181818182","0.40601503759398494"
"13","200","1","2","323","0.8939393939393939","0.44360902255639095"
"16","200","1","2","232","0.8181818181818182","0.40601503759398494"
"18","200","1","2","64","0.803030303030303","0.39849624060150374"
"13","200","1","2","324","0.7121212121212122","0.3533834586466165"
"14","200","1","2","323","1.0454545454545454","0.518796992481203"
"15","200","1","2","293","0.9090909090909091","0.45112781954887216"
"17","200","1","2","239","0.8939393939393939","0.44360902255639095"
"18","200","1","2","65","0.8787878787878788","0.43609022556390975"
"13","200","1","2","325","0.8787878787878788","0.43609022556390975"
"16","200","1","2","233","0.9696969696969697","0.48120300751879697"
"15","200","1","2","294","0.9090909090909091","0.45112781954887216"
"17","200","1","2","240","0.8636363636363636","0.42857142857142855"
"14","200","1","2","324","0.8787878787878788","0.43609022556390975"
"16","200","1","2","234","1.0151515151515151","0.5037593984962406"
"18","200","1","2","66","0.7272727272727273","0.3609022556390977"
"15","200","1","2","295","0.7878787878787878","0.39097744360902253"
"13","200","1","2","326","0.9242424242424242","0.45864661654135336"
"17","200","1","2","241","0.9848484848484849","0.48872180451127817"
"14","200","1","2","325","0.8181818181818182","0.40601503759398494"
"18","200","1","2","67","0.7575757575757576","0.37593984962406013"
"16","200","1","2","235","0.9545454545454546","0.47368421052631576"
"13","200","1","2","327","0.8484848484848485","0.42105263157894735"
"17","200","1","2","242","0.8787878787878788","0.43609022556390975"
"15","200","1","2","296","0.6212121212121212","0.3082706766917293"
"14","200","1","2","326","0.8484848484848485","0.42105263157894735"
"18","200","1","2","68","0.9545454545454546","0.47368421052631576"
"16","200","1","2","236","0.9696969696969697","0.48120300751879697"
"14","200","1","2","327","0.6818181818181818","0.3383458646616541"
"13","200","1","2","328","0.696969696969697","0.3458646616541353"
"18","200","1","2","69","1.0151515151515151","0.5037593984962406"
"15","200","1","2","297","0.8787878787878788","0.43609022556390975"
"17","200","1","2","243","0.803030303030303","0.39849624060150374"
"16","200","1","2","237","0.9696969696969697","0.48120300751879697"
"13","200","1","2","329","1.0151515151515151","0.5037593984962406"
"14","200","1","2","328","0.803030303030303","0.39849624060150374"
"18","200","1","2","70","0.8333333333333334","0.41353383458646614"
"15","200","1","2","298","0.8939393939393939","0.44360902255639095"
"16","200","1","2","238","1.0151515151515151","0.5037593984962406"
"17","200","1","2","244","0.7121212121212122","0.3533834586466165"
"13","200","1","2","330","0.8333333333333334","0.41353383458646614"
"14","200","1","2","329","0.9545454545454546","0.47368421052631576"
"18","200","1","2","71","0.7424242424242424","0.3684210526315789"
"16","200","1","2","239","1.106060606060606","0.5488721804511278"
"15","200","1","2","299","0.8484848484848485","0.42105263157894735"
"18","200","1","2","72","0.8181818181818182","0.40601503759398494"
"14","200","1","2","330","0.7272727272727273","0.3609022556390977"
"17","200","1","2","245","0.6666666666666666","0.3308270676691729"
"13","200","1","2","331","0.8484848484848485","0.42105263157894735"
"15","200","1","2","300","0.7272727272727273","0.3609022556390977"
"16","200","1","2","240","1.0454545454545454","0.518796992481203"
"18","200","1","2","73","0.8181818181818182","0.40601503759398494"
"14","200","1","2","331","0.7878787878787878","0.39097744360902253"
"17","200","1","2","246","0.803030303030303","0.39849624060150374"
"13","200","1","2","332","0.9242424242424242","0.45864661654135336"
"15","200","1","2","301","0.8181818181818182","0.40601503759398494"
"16","200","1","2","241","1.196969696969697","0.5939849624060151"
"18","200","1","2","74","0.9090909090909091","0.45112781954887216"
"17","200","1","2","247","0.8636363636363636","0.42857142857142855"
"14","200","1","2","332","0.8333333333333334","0.41353383458646614"
"13","200","1","2","333","0.7575757575757576","0.37593984962406013"
"15","200","1","2","302","0.8939393939393939","0.44360902255639095"
"18","200","1","2","75","0.8636363636363636","0.42857142857142855"
"16","200","1","2","242","1.0303030303030303","0.5112781954887218"
"17","200","1","2","248","0.7575757575757576","0.37593984962406013"
"14","200","1","2","333","0.7575757575757576","0.37593984962406013"
"13","200","1","2","334","0.7121212121212122","0.3533834586466165"
"15","200","1","2","303","0.8333333333333334","0.41353383458646614"
"18","200","1","2","76","0.803030303030303","0.39849624060150374"
"16","200","1","2","243","1.0757575757575757","0.5338345864661654"
"17","200","1","2","249","0.9242424242424242","0.45864661654135336"
"18","200","1","2","77","0.6515151515151515","0.3233082706766917"
"13","200","1","2","335","0.8939393939393939","0.44360902255639095"
"15","200","1","2","304","0.8787878787878788","0.43609022556390975"
"14","200","1","2","334","0.8636363636363636","0.42857142857142855"
"16","200","1","2","244","1.1515151515151516","0.5714285714285714"
"17","200","1","2","250","0.803030303030303","0.39849624060150374"
"15","200","1","2","305","0.8939393939393939","0.44360902255639095"
"13","200","1","2","336","0.7575757575757576","0.37593984962406013"
"14","200","1","2","335","0.803030303030303","0.39849624060150374"
"15","200","1","2","306","0.7424242424242424","0.3684210526315789"
"13","200","1","2","337","0.7878787878787878","0.39097744360902253"
"17","200","1","2","251","0.9848484848484849","0.48872180451127817"
"16","200","1","2","245","0.9393939393939394","0.46616541353383456"
"14","200","1","2","336","0.8333333333333334","0.41353383458646614"
"18","200","1","2","78","0.9242424242424242","0.45864661654135336"
"13","200","1","2","338","0.7575757575757576","0.37593984962406013"
"16","200","1","2","246","0.9545454545454546","0.47368421052631576"
"17","200","1","2","252","0.9242424242424242","0.45864661654135336"
"15","200","1","2","307","0.9393939393939394","0.46616541353383456"
"14","200","1","2","337","1","0.49624060150375937"
"13","200","1","2","339","0.7727272727272727","0.38345864661654133"
"17","200","1","2","253","0.7575757575757576","0.37593984962406013"
"18","200","1","2","79","0.8939393939393939","0.44360902255639095"
"16","200","1","2","247","0.9696969696969697","0.48120300751879697"
"15","200","1","2","308","0.7424242424242424","0.3684210526315789"
"14","200","1","2","338","0.7272727272727273","0.3609022556390977"
"13","200","1","2","340","0.8181818181818182","0.40601503759398494"
"18","200","1","2","80","0.7878787878787878","0.39097744360902253"
"17","200","1","2","254","0.803030303030303","0.39849624060150374"
"16","200","1","2","248","0.8484848484848485","0.42105263157894735"
"14","200","1","2","339","0.7727272727272727","0.38345864661654133"
"15","200","1","2","309","0.9393939393939394","0.46616541353383456"
"18","200","1","2","81","0.8636363636363636","0.42857142857142855"
"13","200","1","2","341","0.7727272727272727","0.38345864661654133"
"17","200","1","2","255","0.8787878787878788","0.43609022556390975"
"16","200","1","2","249","0.9545454545454546","0.47368421052631576"
"18","200","1","2","82","0.8333333333333334","0.41353383458646614"
"14","200","1","2","340","0.7424242424242424","0.3684210526315789"
"13","200","1","2","342","0.7121212121212122","0.3533834586466165"
"15","200","1","2","310","0.8181818181818182","0.40601503759398494"
"17","200","1","2","256","0.9242424242424242","0.45864661654135336"
"18","200","1","2","83","0.8333333333333334","0.41353383458646614"
"16","200","1","2","250","1.1818181818181819","0.5864661654135338"
"13","200","1","2","343","0.9545454545454546","0.47368421052631576"
"15","200","1","2","311","0.8181818181818182","0.40601503759398494"
"14","200","1","2","341","0.9090909090909091","0.45112781954887216"
"18","200","1","2","84","1","0.49624060150375937"
"17","200","1","2","257","0.9242424242424242","0.45864661654135336"
"16","200","1","2","251","0.8787878787878788","0.43609022556390975"
"13","200","1","2","344","0.8181818181818182","0.40601503759398494"
"15","200","1","2","312","0.7878787878787878","0.39097744360902253"
"14","200","1","2","342","0.9090909090909091","0.45112781954887216"
"18","200","1","2","85","0.9696969696969697","0.48120300751879697"
"13","200","1","2","345","0.9696969696969697","0.48120300751879697"
"16","200","1","2","252","1.0757575757575757","0.5338345864661654"
"15","200","1","2","313","0.8181818181818182","0.40601503759398494"
"17","200","1","2","258","0.9090909090909091","0.45112781954887216"
"14","200","1","2","343","0.9696969696969697","0.48120300751879697"
"18","200","1","2","86","1.0909090909090908","0.5413533834586466"
"13","200","1","2","346","0.9090909090909091","0.45112781954887216"
"15","200","1","2","314","0.6363636363636364","0.3157894736842105"
"18","200","1","2","87","1.0303030303030303","0.5112781954887218"
"16","200","1","2","253","0.9242424242424242","0.45864661654135336"
"17","200","1","2","259","0.7272727272727273","0.3609022556390977"
"14","200","1","2","344","0.9848484848484849","0.48872180451127817"
"13","200","1","2","347","1.0151515151515151","0.5037593984962406"
"18","200","1","2","88","0.8333333333333334","0.41353383458646614"
"15","200","1","2","315","0.803030303030303","0.39849624060150374"
"14","200","1","2","345","0.9242424242424242","0.45864661654135336"
"16","200","1","2","254","0.9696969696969697","0.48120300751879697"
"17","200","1","2","260","0.7121212121212122","0.3533834586466165"
"13","200","1","2","348","0.9090909090909091","0.45112781954887216"
"18","200","1","2","89","0.8636363636363636","0.42857142857142855"
"16","200","1","2","255","1","0.49624060150375937"
"15","200","1","2","316","0.9090909090909091","0.45112781954887216"
"14","200","1","2","346","0.9696969696969697","0.48120300751879697"
"17","200","1","2","261","0.8636363636363636","0.42857142857142855"
"18","200","1","2","90","0.8636363636363636","0.42857142857142855"
"13","200","1","2","349","0.9696969696969697","0.48120300751879697"
"18","200","1","2","91","0.9242424242424242","0.45864661654135336"
"16","200","1","2","256","1","0.49624060150375937"
"14","200","1","2","347","0.7727272727272727","0.38345864661654133"
"15","200","1","2","317","0.9696969696969697","0.48120300751879697"
"13","200","1","2","350","0.8787878787878788","0.43609022556390975"
"17","200","1","2","262","1","0.49624060150375937"
"18","200","1","2","92","0.9545454545454546","0.47368421052631576"
"14","200","1","2","348","0.8939393939393939","0.44360902255639095"
"16","200","1","2","257","1.0151515151515151","0.5037593984962406"
"13","200","1","2","351","0.803030303030303","0.39849624060150374"
"17","200","1","2","263","0.9393939393939394","0.46616541353383456"
"15","200","1","2","318","0.8181818181818182","0.40601503759398494"
"18","200","1","2","93","0.9090909090909091","0.45112781954887216"
"16","200","1","2","258","0.9545454545454546","0.47368421052631576"
"14","200","1","2","349","1.0151515151515151","0.5037593984962406"
"13","200","1","2","352","0.8181818181818182","0.40601503759398494"
"17","200","1","2","264","0.8939393939393939","0.44360902255639095"
"15","200","1","2","319","0.803030303030303","0.39849624060150374"
"18","200","1","2","94","1.0303030303030303","0.5112781954887218"
"16","200","1","2","259","0.9090909090909091","0.45112781954887216"
"14","200","1","2","350","0.8787878787878788","0.43609022556390975"
"13","200","1","2","353","0.9393939393939394","0.46616541353383456"
"18","200","1","2","95","0.9848484848484849","0.48872180451127817"
"17","200","1","2","265","0.8333333333333334","0.41353383458646614"
"15","200","1","2","320","0.7727272727272727","0.38345864661654133"
"14","200","1","2","351","0.8636363636363636","0.42857142857142855"
"16","200","1","2","260","1.1515151515151516","0.5714285714285714"
"18","200","1","2","96","0.9393939393939394","0.46616541353383456"
"13","200","1","2","354","0.9090909090909091","0.45112781954887216"
"17","200","1","2","266","0.8484848484848485","0.42105263157894735"
"15","200","1","2","321","0.8787878787878788","0.43609022556390975"
"16","200","1","2","261","0.9848484848484849","0.48872180451127817"
"18","200","1","2","97","1.0757575757575757","0.5338345864661654"
"14","200","1","2","352","0.803030303030303","0.39849624060150374"
"13","200","1","2","355","0.7878787878787878","0.39097744360902253"
"17","200","1","2","267","0.7878787878787878","0.39097744360902253"
"18","200","1","2","98","1.0303030303030303","0.5112781954887218"
"15","200","1","2","322","0.7878787878787878","0.39097744360902253"
"14","200","1","2","353","0.7424242424242424","0.3684210526315789"
"13","200","1","2","356","0.803030303030303","0.39849624060150374"
"16","200","1","2","262","1.121212121212121","0.556390977443609"
"17","200","1","2","268","1.106060606060606","0.5488721804511278"
"18","200","1","2","99","0.8636363636363636","0.42857142857142855"
"15","200","1","2","323","0.9393939393939394","0.46616541353383456"
"14","200","1","2","354","0.8181818181818182","0.40601503759398494"
"13","200","1","2","357","0.9545454545454546","0.47368421052631576"
"16","200","1","2","263","0.8636363636363636","0.42857142857142855"
"17","200","1","2","269","0.9545454545454546","0.47368421052631576"
"18","200","1","2","100","0.8636363636363636","0.42857142857142855"
"15","200","1","2","324","0.8484848484848485","0.42105263157894735"
"14","200","1","2","355","0.8333333333333334","0.41353383458646614"
"13","200","1","2","358","0.9545454545454546","0.47368421052631576"
"16","200","1","2","264","0.803030303030303","0.39849624060150374"
"17","200","1","2","270","1","0.49624060150375937"
"18","200","1","2","101","0.7575757575757576","0.37593984962406013"
"15","200","1","2","325","0.7272727272727273","0.3609022556390977"
"14","200","1","2","356","0.803030303030303","0.39849624060150374"
"13","200","1","2","359","0.9242424242424242","0.45864661654135336"
"16","200","1","2","265","0.803030303030303","0.39849624060150374"
"17","200","1","2","271","0.8181818181818182","0.40601503759398494"
"15","200","1","2","326","0.7727272727272727","0.38345864661654133"
"14","200","1","2","357","0.9696969696969697","0.48120300751879697"
"13","200","1","2","360","0.7424242424242424","0.3684210526315789"
"18","200","1","2","102","0.8787878787878788","0.43609022556390975"
"17","200","1","2","272","0.9090909090909091","0.45112781954887216"
"15","200","1","2","327","0.8484848484848485","0.42105263157894735"
"16","200","1","2","266","0.8939393939393939","0.44360902255639095"
"14","200","1","2","358","1.0151515151515151","0.5037593984962406"
"13","200","1","2","361","0.9393939393939394","0.46616541353383456"
"18","200","1","2","103","0.9696969696969697","0.48120300751879697"
"17","200","1","2","273","1.0909090909090908","0.5413533834586466"
"16","200","1","2","267","0.9242424242424242","0.45864661654135336"
"15","200","1","2","328","0.6818181818181818","0.3383458646616541"
"14","200","1","2","359","0.9242424242424242","0.45864661654135336"
"13","200","1","2","362","0.9848484848484849","0.48872180451127817"
"18","200","1","2","104","0.9848484848484849","0.48872180451127817"
"16","200","1","2","268","0.7727272727272727","0.38345864661654133"
"17","200","1","2","274","0.8787878787878788","0.43609022556390975"
"14","200","1","2","360","0.9848484848484849","0.48872180451127817"
"15","200","1","2","329","0.8787878787878788","0.43609022556390975"
"13","200","1","2","363","0.8636363636363636","0.42857142857142855"
"18","200","1","2","105","0.803030303030303","0.39849624060150374"
"14","200","1","2","361","0.8484848484848485","0.42105263157894735"
"17","200","1","2","275","0.8181818181818182","0.40601503759398494"
"16","200","1","2","269","1.0151515151515151","0.5037593984962406"
"15","200","1","2","330","0.6363636363636364","0.3157894736842105"
"13","200","1","2","364","0.9242424242424242","0.45864661654135336"
"18","200","1","2","106","0.8181818181818182","0.40601503759398494"
"14","200","1","2","362","0.9242424242424242","0.45864661654135336"
"15","200","1","2","331","0.6818181818181818","0.3383458646616541"
"17","200","1","2","276","0.9242424242424242","0.45864661654135336"
"13","200","1","2","365","0.8181818181818182","0.40601503759398494"
"16","200","1","2","270","1.0454545454545454","0.518796992481203"
"18","200","1","2","107","0.9090909090909091","0.45112781954887216"
"16","200","1","2","271","1.0151515151515151","0.5037593984962406"
"13","200","1","2","366","0.8939393939393939","0.44360902255639095"
"14","200","1","2","363","0.7878787878787878","0.39097744360902253"
"15","200","1","2","332","0.7878787878787878","0.39097744360902253"
"17","200","1","2","277","0.9848484848484849","0.48872180451127817"
"18","200","1","2","108","0.9848484848484849","0.48872180451127817"
"18","200","1","2","109","0.9242424242424242","0.45864661654135336"
"16","200","1","2","272","0.8939393939393939","0.44360902255639095"
"14","200","1","2","364","0.8181818181818182","0.40601503759398494"
"13","200","1","2","367","0.8333333333333334","0.41353383458646614"
"15","200","1","2","333","0.8333333333333334","0.41353383458646614"
"17","200","1","2","278","0.9545454545454546","0.47368421052631576"
"14","200","1","2","365","0.9393939393939394","0.46616541353383456"
"15","200","1","2","334","0.9242424242424242","0.45864661654135336"
"16","200","1","2","273","0.8484848484848485","0.42105263157894735"
"18","200","1","2","110","0.803030303030303","0.39849624060150374"
"17","200","1","2","279","0.9848484848484849","0.48872180451127817"
"13","200","1","2","368","0.7424242424242424","0.3684210526315789"
"18","200","1","2","111","0.8636363636363636","0.42857142857142855"
"14","200","1","2","366","0.8484848484848485","0.42105263157894735"
"16","200","1","2","274","0.7878787878787878","0.39097744360902253"
"15","200","1","2","335","0.7272727272727273","0.3609022556390977"
"13","200","1","2","369","0.7272727272727273","0.3609022556390977"
"17","200","1","2","280","0.9242424242424242","0.45864661654135336"
"18","200","1","2","112","0.803030303030303","0.39849624060150374"
"14","200","1","2","367","0.803030303030303","0.39849624060150374"
"15","200","1","2","336","1.0454545454545454","0.518796992481203"
"16","200","1","2","275","0.8181818181818182","0.40601503759398494"
"13","200","1","2","370","0.7878787878787878","0.39097744360902253"
"17","200","1","2","281","0.8636363636363636","0.42857142857142855"
"18","200","1","2","113","0.6363636363636364","0.3157894736842105"
"14","200","1","2","368","0.8636363636363636","0.42857142857142855"
"15","200","1","2","337","0.8939393939393939","0.44360902255639095"
"16","200","1","2","276","0.9545454545454546","0.47368421052631576"
"13","200","1","2","371","0.8636363636363636","0.42857142857142855"
"18","200","1","2","114","0.8181818181818182","0.40601503759398494"
"14","200","1","2","369","0.8939393939393939","0.44360902255639095"
"17","200","1","2","282","0.803030303030303","0.39849624060150374"
"15","200","1","2","338","0.8787878787878788","0.43609022556390975"
"16","200","1","2","277","0.803030303030303","0.39849624060150374"
"13","200","1","2","372","0.6666666666666666","0.3308270676691729"
"18","200","1","2","115","0.8787878787878788","0.43609022556390975"
"14","200","1","2","370","0.8939393939393939","0.44360902255639095"
"17","200","1","2","283","0.8181818181818182","0.40601503759398494"
"18","200","1","2","116","0.803030303030303","0.39849624060150374"
"16","200","1","2","278","0.8636363636363636","0.42857142857142855"
"15","200","1","2","339","0.9545454545454546","0.47368421052631576"
"13","200","1","2","373","0.6666666666666666","0.3308270676691729"
"16","200","1","2","279","0.9090909090909091","0.45112781954887216"
"18","200","1","2","117","0.9242424242424242","0.45864661654135336"
"14","200","1","2","371","0.9848484848484849","0.48872180451127817"
"17","200","1","2","284","0.8484848484848485","0.42105263157894735"
"15","200","1","2","340","0.7121212121212122","0.3533834586466165"
"13","200","1","2","374","0.803030303030303","0.39849624060150374"
"16","200","1","2","280","0.8939393939393939","0.44360902255639095"
"18","200","1","2","118","0.9090909090909091","0.45112781954887216"
"14","200","1","2","372","0.803030303030303","0.39849624060150374"
"15","200","1","2","341","0.9393939393939394","0.46616541353383456"
"17","200","1","2","285","0.9242424242424242","0.45864661654135336"
"18","200","1","2","119","0.8787878787878788","0.43609022556390975"
"16","200","1","2","281","0.8484848484848485","0.42105263157894735"
"13","200","1","2","375","0.8181818181818182","0.40601503759398494"
"14","200","1","2","373","0.696969696969697","0.3458646616541353"
"15","200","1","2","342","0.9393939393939394","0.46616541353383456"
"17","200","1","2","286","1.0151515151515151","0.5037593984962406"
"16","200","1","2","282","0.9242424242424242","0.45864661654135336"
"13","200","1","2","376","0.803030303030303","0.39849624060150374"
"18","200","1","2","120","0.8181818181818182","0.40601503759398494"
"14","200","1","2","374","0.7272727272727273","0.3609022556390977"
"15","200","1","2","343","1.0151515151515151","0.5037593984962406"
"17","200","1","2","287","0.803030303030303","0.39849624060150374"
"16","200","1","2","283","0.8484848484848485","0.42105263157894735"
"18","200","1","2","121","0.8939393939393939","0.44360902255639095"
"13","200","1","2","377","0.8636363636363636","0.42857142857142855"
"14","200","1","2","375","0.8787878787878788","0.43609022556390975"
"15","200","1","2","344","0.8787878787878788","0.43609022556390975"
"17","200","1","2","288","0.8787878787878788","0.43609022556390975"
"16","200","1","2","284","0.9696969696969697","0.48120300751879697"
"18","200","1","2","122","0.8787878787878788","0.43609022556390975"
"13","200","1","2","378","0.8787878787878788","0.43609022556390975"
"15","200","1","2","345","0.803030303030303","0.39849624060150374"
"14","200","1","2","376","0.6212121212121212","0.3082706766917293"
"18","200","1","2","123","0.9393939393939394","0.46616541353383456"
"17","200","1","2","289","0.9090909090909091","0.45112781954887216"
"16","200","1","2","285","0.9696969696969697","0.48120300751879697"
"14","200","1","2","377","0.6515151515151515","0.3233082706766917"
"13","200","1","2","379","0.6515151515151515","0.3233082706766917"
"15","200","1","2","346","0.9393939393939394","0.46616541353383456"
"18","200","1","2","124","0.7878787878787878","0.39097744360902253"
"16","200","1","2","286","1.0606060606060606","0.5263157894736842"
"17","200","1","2","290","0.8939393939393939","0.44360902255639095"
"13","200","1","2","380","0.696969696969697","0.3458646616541353"
"14","200","1","2","378","0.6666666666666666","0.3308270676691729"
"18","200","1","2","125","0.7272727272727273","0.3609022556390977"
"15","200","1","2","347","0.8636363636363636","0.42857142857142855"
"16","200","1","2","287","0.8333333333333334","0.41353383458646614"
"17","200","1","2","291","0.8636363636363636","0.42857142857142855"
"14","200","1","2","379","0.6212121212121212","0.3082706766917293"
"13","200","1","2","381","0.7727272727272727","0.38345864661654133"
"16","200","1","2","288","1.106060606060606","0.5488721804511278"
"15","200","1","2","348","0.7121212121212122","0.3533834586466165"
"17","200","1","2","292","1.0151515151515151","0.5037593984962406"
"14","200","1","2","380","0.7272727272727273","0.3609022556390977"
"13","200","1","2","382","0.803030303030303","0.39849624060150374"
"16","200","1","2","289","0.9393939393939394","0.46616541353383456"
"15","200","1","2","349","0.7575757575757576","0.37593984962406013"
"18","200","1","2","126","0.9242424242424242","0.45864661654135336"
"17","200","1","2","293","0.7424242424242424","0.3684210526315789"
"14","200","1","2","381","0.6515151515151515","0.3233082706766917"
"16","200","1","2","290","0.9393939393939394","0.46616541353383456"
"15","200","1","2","350","0.7878787878787878","0.39097744360902253"
"13","200","1","2","383","0.8484848484848485","0.42105263157894735"
"16","200","1","2","291","1.0303030303030303","0.5112781954887218"
"17","200","1","2","294","0.7727272727272727","0.38345864661654133"
"14","200","1","2","382","0.6515151515151515","0.3233082706766917"
"13","200","1","2","384","0.8484848484848485","0.42105263157894735"
"15","200","1","2","351","0.9848484848484849","0.48872180451127817"
"16","200","1","2","292","1.0606060606060606","0.5263157894736842"
"17","200","1","2","295","1.0151515151515151","0.5037593984962406"
"14","200","1","2","383","0.7575757575757576","0.37593984962406013"
"13","200","1","2","385","0.9393939393939394","0.46616541353383456"
"15","200","1","2","352","0.9545454545454546","0.47368421052631576"
"13","200","1","2","386","0.9242424242424242","0.45864661654135336"
"16","200","1","2","293","1","0.49624060150375937"
"14","200","1","2","384","0.7121212121212122","0.3533834586466165"
"17","200","1","2","296","0.7878787878787878","0.39097744360902253"
"15","200","1","2","353","0.9393939393939394","0.46616541353383456"
"13","200","1","2","387","0.8636363636363636","0.42857142857142855"
"14","200","1","2","385","0.7878787878787878","0.39097744360902253"
"16","200","1","2","294","1.0151515151515151","0.5037593984962406"
"17","200","1","2","297","0.8181818181818182","0.40601503759398494"
"15","200","1","2","354","0.9393939393939394","0.46616541353383456"
"13","200","1","2","388","0.6818181818181818","0.3383458646616541"
"14","200","1","2","386","0.8333333333333334","0.41353383458646614"
"16","200","1","2","295","1.0151515151515151","0.5037593984962406"
"17","200","1","2","298","0.803030303030303","0.39849624060150374"
"15","200","1","2","355","0.8181818181818182","0.40601503759398494"
"13","200","1","2","389","0.8181818181818182","0.40601503759398494"
"14","200","1","2","387","0.9242424242424242","0.45864661654135336"
"17","200","1","2","299","0.9393939393939394","0.46616541353383456"
"16","200","1","2","296","1.1818181818181819","0.5864661654135338"
"15","200","1","2","356","0.9242424242424242","0.45864661654135336"
"18","200","1","2","127","0.7727272727272727","0.38345864661654133"
"13","200","1","2","390","0.7878787878787878","0.39097744360902253"
"14","200","1","2","388","0.9696969696969697","0.48120300751879697"
"17","200","1","2","300","0.8181818181818182","0.40601503759398494"
"18","200","1","2","128","1.0151515151515151","0.5037593984962406"
"15","200","1","2","357","0.8939393939393939","0.44360902255639095"
"13","200","1","2","391","0.7121212121212122","0.3533834586466165"
"16","200","1","2","297","0.9393939393939394","0.46616541353383456"
"14","200","1","2","389","0.7727272727272727","0.38345864661654133"
"17","200","1","2","301","0.8939393939393939","0.44360902255639095"
"18","200","1","2","129","0.8787878787878788","0.43609022556390975"
"14","200","1","2","390","0.9242424242424242","0.45864661654135336"
"15","200","1","2","358","0.6666666666666666","0.3308270676691729"
"13","200","1","2","392","0.803030303030303","0.39849624060150374"
"16","200","1","2","298","0.9545454545454546","0.47368421052631576"
"17","200","1","2","302","0.8787878787878788","0.43609022556390975"
"18","200","1","2","130","0.8484848484848485","0.42105263157894735"
"14","200","1","2","391","0.9545454545454546","0.47368421052631576"
"15","200","1","2","359","0.9848484848484849","0.48872180451127817"
"18","200","1","2","131","1.0606060606060606","0.5263157894736842"
"17","200","1","2","303","0.803030303030303","0.39849624060150374"
"16","200","1","2","299","0.8333333333333334","0.41353383458646614"
"13","200","1","2","393","0.7424242424242424","0.3684210526315789"
"15","200","1","2","360","0.9696969696969697","0.48120300751879697"
"14","200","1","2","392","0.7575757575757576","0.37593984962406013"
"18","200","1","2","132","0.8181818181818182","0.40601503759398494"
"13","200","1","2","394","0.803030303030303","0.39849624060150374"
"17","200","1","2","304","0.8484848484848485","0.42105263157894735"
"16","200","1","2","300","0.8484848484848485","0.42105263157894735"
"15","200","1","2","361","0.8636363636363636","0.42857142857142855"
"14","200","1","2","393","0.8333333333333334","0.41353383458646614"
"18","200","1","2","133","0.8181818181818182","0.40601503759398494"
"17","200","1","2","305","0.9090909090909091","0.45112781954887216"
"13","200","1","2","395","0.8787878787878788","0.43609022556390975"
"18","200","1","2","134","0.8333333333333334","0.41353383458646614"
"16","200","1","2","301","0.7727272727272727","0.38345864661654133"
"15","200","1","2","362","0.6212121212121212","0.3082706766917293"
"14","200","1","2","394","0.7424242424242424","0.3684210526315789"
"18","200","1","2","135","0.8636363636363636","0.42857142857142855"
"16","200","1","2","302","0.8636363636363636","0.42857142857142855"
"13","200","1","2","396","0.9090909090909091","0.45112781954887216"
"15","200","1","2","363","0.7575757575757576","0.37593984962406013"
"17","200","1","2","306","0.7727272727272727","0.38345864661654133"
"14","200","1","2","395","0.696969696969697","0.3458646616541353"
"18","200","1","2","136","0.9393939393939394","0.46616541353383456"
"16","200","1","2","303","0.7878787878787878","0.39097744360902253"
"13","200","1","2","397","0.9242424242424242","0.45864661654135336"
"15","200","1","2","364","0.8181818181818182","0.40601503759398494"
"14","200","1","2","396","0.803030303030303","0.39849624060150374"
"17","200","1","2","307","0.696969696969697","0.3458646616541353"
"18","200","1","2","137","0.8484848484848485","0.42105263157894735"
"16","200","1","2","304","0.8181818181818182","0.40601503759398494"
"15","200","1","2","365","0.7575757575757576","0.37593984962406013"
"14","200","1","2","397","0.8636363636363636","0.42857142857142855"
"13","200","1","2","398","0.8636363636363636","0.42857142857142855"
"18","200","1","2","138","0.8787878787878788","0.43609022556390975"
"17","200","1","2","308","0.8636363636363636","0.42857142857142855"
"16","200","1","2","305","1","0.49624060150375937"
"15","200","1","2","366","0.7878787878787878","0.39097744360902253"
"14","200","1","2","398","0.9545454545454546","0.47368421052631576"
"13","200","1","2","399","0.8939393939393939","0.44360902255639095"
"18","200","1","2","139","0.8787878787878788","0.43609022556390975"
"17","200","1","2","309","0.696969696969697","0.3458646616541353"
"14","200","1","2","399","0.9242424242424242","0.45864661654135336"
"16","200","1","2","306","0.9393939393939394","0.46616541353383456"
"18","200","1","2","140","0.8181818181818182","0.40601503759398494"
"15","200","1","2","367","0.7727272727272727","0.38345864661654133"
"13","200","1","2","400","0.8333333333333334","0.41353383458646614"
"14","200","1","2","400","0.8484848484848485","0.42105263157894735"
"17","200","1","2","310","0.8484848484848485","0.42105263157894735"
"18","200","1","2","141","0.8787878787878788","0.43609022556390975"
"16","200","1","2","307","0.9393939393939394","0.46616541353383456"
"13","200","1","2","401","0.7272727272727273","0.3609022556390977"
"15","200","1","2","368","0.9393939393939394","0.46616541353383456"
"14","200","1","2","401","0.7878787878787878","0.39097744360902253"
"17","200","1","2","311","0.8787878787878788","0.43609022556390975"
"18","200","1","2","142","0.696969696969697","0.3458646616541353"
"16","200","1","2","308","0.8484848484848485","0.42105263157894735"
"15","200","1","2","369","0.7575757575757576","0.37593984962406013"
"13","200","1","2","402","0.7878787878787878","0.39097744360902253"
"17","200","1","2","312","0.9848484848484849","0.48872180451127817"
"18","200","1","2","143","0.8636363636363636","0.42857142857142855"
"14","200","1","2","402","0.7878787878787878","0.39097744360902253"
"16","200","1","2","309","0.7727272727272727","0.38345864661654133"
"15","200","1","2","370","0.8484848484848485","0.42105263157894735"
"13","200","1","2","403","0.8333333333333334","0.41353383458646614"
"17","200","1","2","313","0.9393939393939394","0.46616541353383456"
"14","200","1","2","403","0.803030303030303","0.39849624060150374"
"16","200","1","2","310","0.7575757575757576","0.37593984962406013"
"13","200","1","2","404","0.7272727272727273","0.3609022556390977"
"15","200","1","2","371","0.8787878787878788","0.43609022556390975"
"14","200","1","2","404","0.8333333333333334","0.41353383458646614"
"18","200","1","2","144","0.7575757575757576","0.37593984962406013"
"14","200","1","2","405","0.7575757575757576","0.37593984962406013"
"16","200","1","2","311","0.8787878787878788","0.43609022556390975"
"15","200","1","2","372","0.7878787878787878","0.39097744360902253"
"13","200","1","2","405","0.7272727272727273","0.3609022556390977"
"17","200","1","2","314","0.8787878787878788","0.43609022556390975"
"18","200","1","2","145","0.6666666666666666","0.3308270676691729"
"16","200","1","2","312","0.7272727272727273","0.3609022556390977"
"13","200","1","2","406","0.803030303030303","0.39849624060150374"
"14","200","1","2","406","0.8333333333333334","0.41353383458646614"
"17","200","1","2","315","0.696969696969697","0.3458646616541353"
"15","200","1","2","373","0.8636363636363636","0.42857142857142855"
"13","200","1","2","407","0.9393939393939394","0.46616541353383456"
"14","200","1","2","407","0.8939393939393939","0.44360902255639095"
"16","200","1","2","313","0.8636363636363636","0.42857142857142855"
"18","200","1","2","146","0.7575757575757576","0.37593984962406013"
"17","200","1","2","316","0.696969696969697","0.3458646616541353"
"13","200","1","2","408","0.9545454545454546","0.47368421052631576"
"15","200","1","2","374","0.7727272727272727","0.38345864661654133"
"18","200","1","2","147","0.6212121212121212","0.3082706766917293"
"14","200","1","2","408","0.7878787878787878","0.39097744360902253"
"16","200","1","2","314","0.7424242424242424","0.3684210526315789"
"17","200","1","2","317","0.8181818181818182","0.40601503759398494"
"15","200","1","2","375","0.7727272727272727","0.38345864661654133"
"13","200","1","2","409","0.803030303030303","0.39849624060150374"
"18","200","1","2","148","0.803030303030303","0.39849624060150374"
"16","200","1","2","315","0.803030303030303","0.39849624060150374"
"14","200","1","2","409","0.8636363636363636","0.42857142857142855"
"17","200","1","2","318","1.0303030303030303","0.5112781954887218"
"15","200","1","2","376","0.7121212121212122","0.3533834586466165"
"13","200","1","2","410","0.7727272727272727","0.38345864661654133"
"18","200","1","2","149","0.6515151515151515","0.3233082706766917"
"16","200","1","2","316","0.8787878787878788","0.43609022556390975"
"17","200","1","2","319","0.9696969696969697","0.48120300751879697"
"14","200","1","2","410","0.9090909090909091","0.45112781954887216"
"15","200","1","2","377","0.8484848484848485","0.42105263157894735"
"13","200","1","2","411","0.7878787878787878","0.39097744360902253"
"18","200","1","2","150","0.6515151515151515","0.3233082706766917"
"16","200","1","2","317","0.7878787878787878","0.39097744360902253"
"17","200","1","2","320","0.7272727272727273","0.3609022556390977"
"14","200","1","2","411","0.7424242424242424","0.3684210526315789"
"15","200","1","2","378","0.9848484848484849","0.48872180451127817"
"13","200","1","2","412","0.803030303030303","0.39849624060150374"
"18","200","1","2","151","0.9545454545454546","0.47368421052631576"
"16","200","1","2","318","0.9393939393939394","0.46616541353383456"
"14","200","1","2","412","0.8333333333333334","0.41353383458646614"
"17","200","1","2","321","0.7272727272727273","0.3609022556390977"
"18","200","1","2","152","0.9545454545454546","0.47368421052631576"
"15","200","1","2","379","0.8181818181818182","0.40601503759398494"
"13","200","1","2","413","0.6818181818181818","0.3383458646616541"
"14","200","1","2","413","0.9545454545454546","0.47368421052631576"
"16","200","1","2","319","0.8939393939393939","0.44360902255639095"
"18","200","1","2","153","0.8333333333333334","0.41353383458646614"
"17","200","1","2","322","0.6363636363636364","0.3157894736842105"
"15","200","1","2","380","0.7424242424242424","0.3684210526315789"
"13","200","1","2","414","0.7424242424242424","0.3684210526315789"
"16","200","1","2","320","0.6212121212121212","0.3082706766917293"
"17","200","1","2","323","0.7424242424242424","0.3684210526315789"
"14","200","1","2","414","0.8333333333333334","0.41353383458646614"
"18","200","1","2","154","0.9393939393939394","0.46616541353383456"
"13","200","1","2","415","0.6515151515151515","0.3233082706766917"
"15","200","1","2","381","0.8333333333333334","0.41353383458646614"
"16","200","1","2","321","0.696969696969697","0.3458646616541353"
"18","200","1","2","155","0.8636363636363636","0.42857142857142855"
"14","200","1","2","415","0.9090909090909091","0.45112781954887216"
"17","200","1","2","324","0.9545454545454546","0.47368421052631576"
"15","200","1","2","382","0.7878787878787878","0.39097744360902253"
"13","200","1","2","416","0.5151515151515151","0.2556390977443609"
"16","200","1","2","322","0.6515151515151515","0.3233082706766917"
"18","200","1","2","156","0.8787878787878788","0.43609022556390975"
"14","200","1","2","416","0.8484848484848485","0.42105263157894735"
"17","200","1","2","325","0.8333333333333334","0.41353383458646614"
"15","200","1","2","383","0.9545454545454546","0.47368421052631576"
"13","200","1","2","417","0.7727272727272727","0.38345864661654133"
"16","200","1","2","323","0.8636363636363636","0.42857142857142855"
"18","200","1","2","157","1.121212121212121","0.556390977443609"
"15","200","1","2","384","0.8787878787878788","0.43609022556390975"
"17","200","1","2","326","0.8636363636363636","0.42857142857142855"
"14","200","1","2","417","0.7727272727272727","0.38345864661654133"
"13","200","1","2","418","0.6818181818181818","0.3383458646616541"
"16","200","1","2","324","0.8181818181818182","0.40601503759398494"
"14","200","1","2","418","0.7575757575757576","0.37593984962406013"
"17","200","1","2","327","0.7424242424242424","0.3684210526315789"
"15","200","1","2","385","0.9848484848484849","0.48872180451127817"
"13","200","1","2","419","0.7272727272727273","0.3609022556390977"
"16","200","1","2","325","0.9242424242424242","0.45864661654135336"
"14","200","1","2","419","0.6212121212121212","0.3082706766917293"
"15","200","1","2","386","0.7424242424242424","0.3684210526315789"
"17","200","1","2","328","0.8181818181818182","0.40601503759398494"
"18","200","1","2","158","1.0151515151515151","0.5037593984962406"
"16","200","1","2","326","0.7424242424242424","0.3684210526315789"
"13","200","1","2","420","0.7121212121212122","0.3533834586466165"
"17","200","1","2","329","0.8636363636363636","0.42857142857142855"
"15","200","1","2","387","0.9545454545454546","0.47368421052631576"
"14","200","1","2","420","0.9090909090909091","0.45112781954887216"
"18","200","1","2","159","0.7575757575757576","0.37593984962406013"
"15","200","1","2","388","0.9242424242424242","0.45864661654135336"
"13","200","1","2","421","0.8484848484848485","0.42105263157894735"
"16","200","1","2","327","0.7878787878787878","0.39097744360902253"
"17","200","1","2","330","0.6666666666666666","0.3308270676691729"
"14","200","1","2","421","0.8787878787878788","0.43609022556390975"
"15","200","1","2","389","0.8787878787878788","0.43609022556390975"
"18","200","1","2","160","0.8333333333333334","0.41353383458646614"
"13","200","1","2","422","0.6818181818181818","0.3383458646616541"
"14","200","1","2","422","0.8939393939393939","0.44360902255639095"
"15","200","1","2","390","0.7878787878787878","0.39097744360902253"
"16","200","1","2","328","0.8939393939393939","0.44360902255639095"
"17","200","1","2","331","0.9696969696969697","0.48120300751879697"
"18","200","1","2","161","0.7575757575757576","0.37593984962406013"
"16","200","1","2","329","0.8939393939393939","0.44360902255639095"
"14","200","1","2","423","0.8484848484848485","0.42105263157894735"
"15","200","1","2","391","0.6212121212121212","0.3082706766917293"
"13","200","1","2","423","0.6515151515151515","0.3233082706766917"
"17","200","1","2","332","0.7727272727272727","0.38345864661654133"
"18","200","1","2","162","0.9696969696969697","0.48120300751879697"
"14","200","1","2","424","0.803030303030303","0.39849624060150374"
"16","200","1","2","330","0.9393939393939394","0.46616541353383456"
"13","200","1","2","424","0.6818181818181818","0.3383458646616541"
"15","200","1","2","392","0.8181818181818182","0.40601503759398494"
"18","200","1","2","163","0.9090909090909091","0.45112781954887216"
"16","200","1","2","331","0.9242424242424242","0.45864661654135336"
"17","200","1","2","333","0.8181818181818182","0.40601503759398494"
"13","200","1","2","425","0.6515151515151515","0.3233082706766917"
"14","200","1","2","425","0.696969696969697","0.3458646616541353"
"15","200","1","2","393","0.9090909090909091","0.45112781954887216"
"16","200","1","2","332","0.9090909090909091","0.45112781954887216"
"18","200","1","2","164","0.7878787878787878","0.39097744360902253"
"17","200","1","2","334","0.696969696969697","0.3458646616541353"
"13","200","1","2","426","0.6212121212121212","0.3082706766917293"
"14","200","1","2","426","0.6515151515151515","0.3233082706766917"
"18","200","1","2","165","0.696969696969697","0.3458646616541353"
"16","200","1","2","333","0.9242424242424242","0.45864661654135336"
"13","200","1","2","427","0.7272727272727273","0.3609022556390977"
"15","200","1","2","394","0.7575757575757576","0.37593984962406013"
"17","200","1","2","335","0.8484848484848485","0.42105263157894735"
"18","200","1","2","166","0.7424242424242424","0.3684210526315789"
"16","200","1","2","334","0.9242424242424242","0.45864661654135336"
"14","200","1","2","427","0.9696969696969697","0.48120300751879697"
"13","200","1","2","428","0.8484848484848485","0.42105263157894735"
"15","200","1","2","395","0.7727272727272727","0.38345864661654133"
"17","200","1","2","336","0.7424242424242424","0.3684210526315789"
"16","200","1","2","335","0.9242424242424242","0.45864661654135336"
"18","200","1","2","167","0.8939393939393939","0.44360902255639095"
"14","200","1","2","428","0.7727272727272727","0.38345864661654133"
"13","200","1","2","429","0.7727272727272727","0.38345864661654133"
"18","200","1","2","168","0.8181818181818182","0.40601503759398494"
"15","200","1","2","396","0.7272727272727273","0.3609022556390977"
"16","200","1","2","336","0.9242424242424242","0.45864661654135336"
"17","200","1","2","337","0.7878787878787878","0.39097744360902253"
"14","200","1","2","429","0.7272727272727273","0.3609022556390977"
"13","200","1","2","430","0.7424242424242424","0.3684210526315789"
"15","200","1","2","397","0.7121212121212122","0.3533834586466165"
"16","200","1","2","337","0.9545454545454546","0.47368421052631576"
"18","200","1","2","169","0.803030303030303","0.39849624060150374"
"14","200","1","2","430","0.8333333333333334","0.41353383458646614"
"17","200","1","2","338","0.7727272727272727","0.38345864661654133"
"13","200","1","2","431","0.8636363636363636","0.42857142857142855"
"15","200","1","2","398","0.7575757575757576","0.37593984962406013"
"16","200","1","2","338","0.9242424242424242","0.45864661654135336"
"18","200","1","2","170","0.8636363636363636","0.42857142857142855"
"14","200","1","2","431","0.7727272727272727","0.38345864661654133"
"17","200","1","2","339","0.9242424242424242","0.45864661654135336"
"18","200","1","2","171","0.8636363636363636","0.42857142857142855"
"15","200","1","2","399","0.9545454545454546","0.47368421052631576"
"16","200","1","2","339","0.8484848484848485","0.42105263157894735"
"13","200","1","2","432","0.7878787878787878","0.39097744360902253"
"14","200","1","2","432","0.7878787878787878","0.39097744360902253"
"16","200","1","2","340","0.9393939393939394","0.46616541353383456"
"17","200","1","2","340","0.7575757575757576","0.37593984962406013"
"16","200","1","2","341","0.8333333333333334","0.41353383458646614"
"13","200","1","2","433","0.8636363636363636","0.42857142857142855"
"17","200","1","2","341","0.7424242424242424","0.3684210526315789"
"15","200","1","2","400","1.0151515151515151","0.5037593984962406"
"14","200","1","2","433","0.7727272727272727","0.38345864661654133"
"13","200","1","2","434","0.6666666666666666","0.3308270676691729"
"18","200","1","2","172","1.1363636363636365","0.5639097744360902"
"16","200","1","2","342","0.9848484848484849","0.48872180451127817"
"15","200","1","2","401","0.7727272727272727","0.38345864661654133"
"14","200","1","2","434","0.6818181818181818","0.3383458646616541"
"17","200","1","2","342","0.9393939393939394","0.46616541353383456"
"13","200","1","2","435","0.8333333333333334","0.41353383458646614"
"18","200","1","2","173","1.0303030303030303","0.5112781954887218"
"13","200","1","2","436","0.8484848484848485","0.42105263157894735"
"15","200","1","2","402","0.696969696969697","0.3458646616541353"
"17","200","1","2","343","0.8939393939393939","0.44360902255639095"
"16","200","1","2","343","1.0303030303030303","0.5112781954887218"
"14","200","1","2","435","0.7424242424242424","0.3684210526315789"
"15","200","1","2","403","0.803030303030303","0.39849624060150374"
"13","200","1","2","437","0.6060606060606061","0.3007518796992481"
"18","200","1","2","174","0.8939393939393939","0.44360902255639095"
"16","200","1","2","344","0.8939393939393939","0.44360902255639095"
"14","200","1","2","436","0.803030303030303","0.39849624060150374"
"17","200","1","2","344","0.8939393939393939","0.44360902255639095"
"15","200","1","2","404","0.8333333333333334","0.41353383458646614"
"18","200","1","2","175","0.8787878787878788","0.43609022556390975"
"13","200","1","2","438","0.9545454545454546","0.47368421052631576"
"16","200","1","2","345","0.8636363636363636","0.42857142857142855"
"14","200","1","2","437","0.8333333333333334","0.41353383458646614"
"17","200","1","2","345","1.0606060606060606","0.5263157894736842"
"18","200","1","2","176","0.8333333333333334","0.41353383458646614"
"16","200","1","2","346","0.8181818181818182","0.40601503759398494"
"15","200","1","2","405","0.8181818181818182","0.40601503759398494"
"13","200","1","2","439","0.6818181818181818","0.3383458646616541"
"14","200","1","2","438","0.7575757575757576","0.37593984962406013"
"17","200","1","2","346","0.9393939393939394","0.46616541353383456"
"18","200","1","2","177","0.9242424242424242","0.45864661654135336"
"16","200","1","2","347","0.7575757575757576","0.37593984962406013"
"17","200","1","2","347","0.7575757575757576","0.37593984962406013"
"14","200","1","2","439","0.8787878787878788","0.43609022556390975"
"15","200","1","2","406","0.7272727272727273","0.3609022556390977"
"13","200","1","2","440","0.8939393939393939","0.44360902255639095"
"18","200","1","2","178","1","0.49624060150375937"
"13","200","1","2","441","0.8181818181818182","0.40601503759398494"
"14","200","1","2","440","0.6060606060606061","0.3007518796992481"
"15","200","1","2","407","0.8333333333333334","0.41353383458646614"
"16","200","1","2","348","0.7878787878787878","0.39097744360902253"
"17","200","1","2","348","0.7424242424242424","0.3684210526315789"
"18","200","1","2","179","0.8787878787878788","0.43609022556390975"
"13","200","1","2","442","0.7727272727272727","0.38345864661654133"
"14","200","1","2","441","0.7575757575757576","0.37593984962406013"
"18","200","1","2","180","0.8484848484848485","0.42105263157894735"
"15","200","1","2","408","0.9545454545454546","0.47368421052631576"
"16","200","1","2","349","0.9090909090909091","0.45112781954887216"
"17","200","1","2","349","0.8939393939393939","0.44360902255639095"
"14","200","1","2","442","0.7727272727272727","0.38345864661654133"
"18","200","1","2","181","0.7878787878787878","0.39097744360902253"
"13","200","1","2","443","0.7878787878787878","0.39097744360902253"
"17","200","1","2","350","0.8333333333333334","0.41353383458646614"
"15","200","1","2","409","0.803030303030303","0.39849624060150374"
"16","200","1","2","350","1.0151515151515151","0.5037593984962406"
"18","200","1","2","182","0.9393939393939394","0.46616541353383456"
"14","200","1","2","443","0.7878787878787878","0.39097744360902253"
"15","200","1","2","410","0.803030303030303","0.39849624060150374"
"13","200","1","2","444","0.803030303030303","0.39849624060150374"
"17","200","1","2","351","0.8333333333333334","0.41353383458646614"
"16","200","1","2","351","0.9696969696969697","0.48120300751879697"
"18","200","1","2","183","1.0909090909090908","0.5413533834586466"
"14","200","1","2","444","0.7878787878787878","0.39097744360902253"
"13","200","1","2","445","0.7878787878787878","0.39097744360902253"
"15","200","1","2","411","0.7121212121212122","0.3533834586466165"
"17","200","1","2","352","0.7727272727272727","0.38345864661654133"
"16","200","1","2","352","0.8484848484848485","0.42105263157894735"
"18","200","1","2","184","0.8939393939393939","0.44360902255639095"
"14","200","1","2","445","0.8333333333333334","0.41353383458646614"
"15","200","1","2","412","0.8939393939393939","0.44360902255639095"
"13","200","1","2","446","0.7424242424242424","0.3684210526315789"
"16","200","1","2","353","1","0.49624060150375937"
"17","200","1","2","353","1.0151515151515151","0.5037593984962406"
"18","200","1","2","185","0.9090909090909091","0.45112781954887216"
"15","200","1","2","413","0.8484848484848485","0.42105263157894735"
"14","200","1","2","446","0.6818181818181818","0.3383458646616541"
"13","200","1","2","447","0.8181818181818182","0.40601503759398494"
"17","200","1","2","354","0.8636363636363636","0.42857142857142855"
"16","200","1","2","354","0.8787878787878788","0.43609022556390975"
"18","200","1","2","186","0.9242424242424242","0.45864661654135336"
"15","200","1","2","414","0.9848484848484849","0.48872180451127817"
"16","200","1","2","355","0.8181818181818182","0.40601503759398494"
"17","200","1","2","355","0.6666666666666666","0.3308270676691729"
"14","200","1","2","447","0.7121212121212122","0.3533834586466165"
"13","200","1","2","448","0.9242424242424242","0.45864661654135336"
"18","200","1","2","187","0.8636363636363636","0.42857142857142855"
"14","200","1","2","448","0.8939393939393939","0.44360902255639095"
"16","200","1","2","356","0.6666666666666666","0.3308270676691729"
"17","200","1","2","356","0.7575757575757576","0.37593984962406013"
"15","200","1","2","415","0.6060606060606061","0.3007518796992481"
"13","200","1","2","449","0.9393939393939394","0.46616541353383456"
"18","200","1","2","188","0.8484848484848485","0.42105263157894735"
"16","200","1","2","357","0.7727272727272727","0.38345864661654133"
"17","200","1","2","357","0.7727272727272727","0.38345864661654133"
"14","200","1","2","449","0.8787878787878788","0.43609022556390975"
"15","200","1","2","416","0.7272727272727273","0.3609022556390977"
"13","200","1","2","450","0.8787878787878788","0.43609022556390975"
"18","200","1","2","189","0.7121212121212122","0.3533834586466165"
"17","200","1","2","358","0.8333333333333334","0.41353383458646614"
"14","200","1","2","450","0.8333333333333334","0.41353383458646614"
"16","200","1","2","358","0.7727272727272727","0.38345864661654133"
"15","200","1","2","417","0.8636363636363636","0.42857142857142855"
"13","200","1","2","451","0.7878787878787878","0.39097744360902253"
"18","200","1","2","190","0.7424242424242424","0.3684210526315789"
"16","200","1","2","359","0.803030303030303","0.39849624060150374"
"17","200","1","2","359","0.803030303030303","0.39849624060150374"
"14","200","1","2","451","0.7727272727272727","0.38345864661654133"
"13","200","1","2","452","0.8333333333333334","0.41353383458646614"
"15","200","1","2","418","0.8787878787878788","0.43609022556390975"
"18","200","1","2","191","0.7878787878787878","0.39097744360902253"
"14","200","1","2","452","0.7878787878787878","0.39097744360902253"
"17","200","1","2","360","0.9696969696969697","0.48120300751879697"
"16","200","1","2","360","0.8636363636363636","0.42857142857142855"
"13","200","1","2","453","0.9696969696969697","0.48120300751879697"
"15","200","1","2","419","0.8636363636363636","0.42857142857142855"
"18","200","1","2","192","0.7727272727272727","0.38345864661654133"
"13","200","1","2","454","0.8939393939393939","0.44360902255639095"
"14","200","1","2","453","0.696969696969697","0.3458646616541353"
"17","200","1","2","361","0.7727272727272727","0.38345864661654133"
"16","200","1","2","361","0.7727272727272727","0.38345864661654133"
"15","200","1","2","420","0.9696969696969697","0.48120300751879697"
"13","200","1","2","455","0.8787878787878788","0.43609022556390975"
"16","200","1","2","362","0.9545454545454546","0.47368421052631576"
"14","200","1","2","454","0.9090909090909091","0.45112781954887216"
"17","200","1","2","362","0.9393939393939394","0.46616541353383456"
"15","200","1","2","421","0.7878787878787878","0.39097744360902253"
"18","200","1","2","193","0.7878787878787878","0.39097744360902253"
"17","200","1","2","363","0.9545454545454546","0.47368421052631576"
"15","200","1","2","422","0.9696969696969697","0.48120300751879697"
"14","200","1","2","455","1.0151515151515151","0.5037593984962406"
"16","200","1","2","363","0.8636363636363636","0.42857142857142855"
"13","200","1","2","456","0.8939393939393939","0.44360902255639095"
"17","200","1","2","364","0.7424242424242424","0.3684210526315789"
"18","200","1","2","194","0.8636363636363636","0.42857142857142855"
"14","200","1","2","456","0.8333333333333334","0.41353383458646614"
"15","200","1","2","423","1.0606060606060606","0.5263157894736842"
"16","200","1","2","364","0.8333333333333334","0.41353383458646614"
"13","200","1","2","457","0.7121212121212122","0.3533834586466165"
"17","200","1","2","365","0.7878787878787878","0.39097744360902253"
"18","200","1","2","195","0.8333333333333334","0.41353383458646614"
"14","200","1","2","457","0.8636363636363636","0.42857142857142855"
"16","200","1","2","365","0.9090909090909091","0.45112781954887216"
"13","200","1","2","458","0.9090909090909091","0.45112781954887216"
"15","200","1","2","424","0.8939393939393939","0.44360902255639095"
"18","200","1","2","196","0.7424242424242424","0.3684210526315789"
"17","200","1","2","366","0.8636363636363636","0.42857142857142855"
"14","200","1","2","458","0.8333333333333334","0.41353383458646614"
"13","200","1","2","459","0.8333333333333334","0.41353383458646614"
"16","200","1","2","366","1","0.49624060150375937"
"15","200","1","2","425","0.9545454545454546","0.47368421052631576"
"18","200","1","2","197","0.803030303030303","0.39849624060150374"
"13","200","1","2","460","0.7121212121212122","0.3533834586466165"
"17","200","1","2","367","0.8484848484848485","0.42105263157894735"
"16","200","1","2","367","0.7272727272727273","0.3609022556390977"
"14","200","1","2","459","0.8484848484848485","0.42105263157894735"
"18","200","1","2","198","0.9393939393939394","0.46616541353383456"
"15","200","1","2","426","0.8939393939393939","0.44360902255639095"
"17","200","1","2","368","0.9545454545454546","0.47368421052631576"
"13","200","1","2","461","0.6818181818181818","0.3383458646616541"
"16","200","1","2","368","0.9393939393939394","0.46616541353383456"
"14","200","1","2","460","0.9848484848484849","0.48872180451127817"
"18","200","1","2","199","0.8939393939393939","0.44360902255639095"
"15","200","1","2","427","0.9242424242424242","0.45864661654135336"
"13","200","1","2","462","0.7272727272727273","0.3609022556390977"
"17","200","1","2","369","0.8333333333333334","0.41353383458646614"
"16","200","1","2","369","0.8636363636363636","0.42857142857142855"
"18","200","1","2","200","0.8787878787878788","0.43609022556390975"
"14","200","1","2","461","0.9393939393939394","0.46616541353383456"
"15","200","1","2","428","0.7575757575757576","0.37593984962406013"
"18","200","1","2","201","0.8484848484848485","0.42105263157894735"
"14","200","1","2","462","0.9848484848484849","0.48872180451127817"
"13","200","1","2","463","0.5909090909090909","0.2932330827067669"
"16","200","1","2","370","0.9545454545454546","0.47368421052631576"
"17","200","1","2","370","1.0454545454545454","0.518796992481203"
"15","200","1","2","429","0.7272727272727273","0.3609022556390977"
"13","200","1","2","464","0.8636363636363636","0.42857142857142855"
"18","200","1","2","202","0.7121212121212122","0.3533834586466165"
"15","200","1","2","430","0.9393939393939394","0.46616541353383456"
"14","200","1","2","463","0.8181818181818182","0.40601503759398494"
"16","200","1","2","371","0.8636363636363636","0.42857142857142855"
"17","200","1","2","371","0.9545454545454546","0.47368421052631576"
"13","200","1","2","465","0.803030303030303","0.39849624060150374"
"18","200","1","2","203","0.7878787878787878","0.39097744360902253"
"14","200","1","2","464","0.9696969696969697","0.48120300751879697"
"15","200","1","2","431","0.7878787878787878","0.39097744360902253"
"17","200","1","2","372","0.8636363636363636","0.42857142857142855"
"16","200","1","2","372","0.8636363636363636","0.42857142857142855"
"13","200","1","2","466","0.9242424242424242","0.45864661654135336"
"18","200","1","2","204","0.8181818181818182","0.40601503759398494"
"14","200","1","2","465","0.8787878787878788","0.43609022556390975"
"15","200","1","2","432","0.8181818181818182","0.40601503759398494"
"17","200","1","2","373","0.8636363636363636","0.42857142857142855"
"16","200","1","2","373","1.0151515151515151","0.5037593984962406"
"18","200","1","2","205","0.7272727272727273","0.3609022556390977"
"13","200","1","2","467","0.8787878787878788","0.43609022556390975"
"14","200","1","2","466","0.8333333333333334","0.41353383458646614"
"15","200","1","2","433","0.9696969696969697","0.48120300751879697"
"16","200","1","2","374","0.8787878787878788","0.43609022556390975"
"17","200","1","2","374","0.8333333333333334","0.41353383458646614"
"18","200","1","2","206","0.7575757575757576","0.37593984962406013"
"13","200","1","2","468","0.9696969696969697","0.48120300751879697"
"14","200","1","2","467","0.7575757575757576","0.37593984962406013"
"15","200","1","2","434","0.9393939393939394","0.46616541353383456"
"16","200","1","2","375","0.8939393939393939","0.44360902255639095"
"17","200","1","2","375","0.8484848484848485","0.42105263157894735"
"18","200","1","2","207","0.7272727272727273","0.3609022556390977"
"13","200","1","2","469","0.6666666666666666","0.3308270676691729"
"15","200","1","2","435","0.8939393939393939","0.44360902255639095"
"14","200","1","2","468","0.6212121212121212","0.3082706766917293"
"18","200","1","2","208","0.696969696969697","0.3458646616541353"
"17","200","1","2","376","0.7575757575757576","0.37593984962406013"
"16","200","1","2","376","0.8939393939393939","0.44360902255639095"
"18","200","1","2","209","0.6666666666666666","0.3308270676691729"
"13","200","1","2","470","0.9242424242424242","0.45864661654135336"
"16","200","1","2","377","0.8181818181818182","0.40601503759398494"
"15","200","1","2","436","0.7727272727272727","0.38345864661654133"
"14","200","1","2","469","0.803030303030303","0.39849624060150374"
"17","200","1","2","377","0.7727272727272727","0.38345864661654133"
"18","200","1","2","210","0.7424242424242424","0.3684210526315789"
"13","200","1","2","471","0.8939393939393939","0.44360902255639095"
"15","200","1","2","437","0.8787878787878788","0.43609022556390975"
"16","200","1","2","378","0.8787878787878788","0.43609022556390975"
"14","200","1","2","470","1.0606060606060606","0.5263157894736842"
"17","200","1","2","378","0.8939393939393939","0.44360902255639095"
"18","200","1","2","211","0.8181818181818182","0.40601503759398494"
"15","200","1","2","438","0.9393939393939394","0.46616541353383456"
"13","200","1","2","472","0.9848484848484849","0.48872180451127817"
"14","200","1","2","471","0.7878787878787878","0.39097744360902253"
"16","200","1","2","379","0.9848484848484849","0.48872180451127817"
"17","200","1","2","379","0.8939393939393939","0.44360902255639095"
"13","200","1","2","473","0.8484848484848485","0.42105263157894735"
"15","200","1","2","439","0.8939393939393939","0.44360902255639095"
"16","200","1","2","380","0.8333333333333334","0.41353383458646614"
"14","200","1","2","472","0.7424242424242424","0.3684210526315789"
"17","200","1","2","380","0.8939393939393939","0.44360902255639095"
"13","200","1","2","474","1.0151515151515151","0.5037593984962406"
"15","200","1","2","440","0.9393939393939394","0.46616541353383456"
"14","200","1","2","473","0.803030303030303","0.39849624060150374"
"16","200","1","2","381","0.8484848484848485","0.42105263157894735"
"17","200","1","2","381","0.8787878787878788","0.43609022556390975"
"13","200","1","2","475","0.7878787878787878","0.39097744360902253"
"15","200","1","2","441","0.7424242424242424","0.3684210526315789"
"14","200","1","2","474","0.9545454545454546","0.47368421052631576"
"16","200","1","2","382","0.8333333333333334","0.41353383458646614"
"17","200","1","2","382","0.8181818181818182","0.40601503759398494"
"15","200","1","2","442","0.803030303030303","0.39849624060150374"
"13","200","1","2","476","0.9393939393939394","0.46616541353383456"
"14","200","1","2","475","1.0757575757575757","0.5338345864661654"
"16","200","1","2","383","0.6363636363636364","0.3157894736842105"
"17","200","1","2","383","0.8787878787878788","0.43609022556390975"
"13","200","1","2","477","0.7878787878787878","0.39097744360902253"
"15","200","1","2","443","0.8484848484848485","0.42105263157894735"
"14","200","1","2","476","0.9393939393939394","0.46616541353383456"
"16","200","1","2","384","0.803030303030303","0.39849624060150374"
"17","200","1","2","384","0.9848484848484849","0.48872180451127817"
"13","200","1","2","478","0.7424242424242424","0.3684210526315789"
"15","200","1","2","444","0.9393939393939394","0.46616541353383456"
"18","200","1","2","212","0.7575757575757576","0.37593984962406013"
"14","200","1","2","477","0.8636363636363636","0.42857142857142855"
"17","200","1","2","385","0.8939393939393939","0.44360902255639095"
"13","200","1","2","479","0.7424242424242424","0.3684210526315789"
"16","200","1","2","385","0.6818181818181818","0.3383458646616541"
"15","200","1","2","445","0.6818181818181818","0.3383458646616541"
"18","200","1","2","213","0.8484848484848485","0.42105263157894735"
"13","200","1","2","480","0.7121212121212122","0.3533834586466165"
"15","200","1","2","446","0.9393939393939394","0.46616541353383456"
"16","200","1","2","386","0.8333333333333334","0.41353383458646614"
"17","200","1","2","386","0.9848484848484849","0.48872180451127817"
"14","200","1","2","478","0.9090909090909091","0.45112781954887216"
"18","200","1","2","214","0.5757575757575758","0.2857142857142857"
"15","200","1","2","447","0.7272727272727273","0.3609022556390977"
"13","200","1","2","481","0.8636363636363636","0.42857142857142855"
"14","200","1","2","479","0.8181818181818182","0.40601503759398494"
"17","200","1","2","387","0.9393939393939394","0.46616541353383456"
"16","200","1","2","387","1.1363636363636365","0.5639097744360902"
"18","200","1","2","215","0.8484848484848485","0.42105263157894735"
"15","200","1","2","448","0.696969696969697","0.3458646616541353"
"14","200","1","2","480","0.8636363636363636","0.42857142857142855"
"18","200","1","2","216","0.7878787878787878","0.39097744360902253"
"13","200","1","2","482","0.803030303030303","0.39849624060150374"
"16","200","1","2","388","0.9696969696969697","0.48120300751879697"
"17","200","1","2","388","0.8484848484848485","0.42105263157894735"
"15","200","1","2","449","0.6212121212121212","0.3082706766917293"
"14","200","1","2","481","0.9090909090909091","0.45112781954887216"
"18","200","1","2","217","0.7727272727272727","0.38345864661654133"
"13","200","1","2","483","0.7272727272727273","0.3609022556390977"
"16","200","1","2","389","0.7727272727272727","0.38345864661654133"
"17","200","1","2","389","0.9393939393939394","0.46616541353383456"
"14","200","1","2","482","0.8484848484848485","0.42105263157894735"
"18","200","1","2","218","0.8181818181818182","0.40601503759398494"
"15","200","1","2","450","0.5757575757575758","0.2857142857142857"
"13","200","1","2","484","0.7575757575757576","0.37593984962406013"
"17","200","1","2","390","0.8636363636363636","0.42857142857142855"
"16","200","1","2","390","0.8787878787878788","0.43609022556390975"
"18","200","1","2","219","0.7575757575757576","0.37593984962406013"
"14","200","1","2","483","0.8181818181818182","0.40601503759398494"
"15","200","1","2","451","0.7272727272727273","0.3609022556390977"
"16","200","1","2","391","1.0757575757575757","0.5338345864661654"
"17","200","1","2","391","0.8787878787878788","0.43609022556390975"
"13","200","1","2","485","0.7878787878787878","0.39097744360902253"
"18","200","1","2","220","0.803030303030303","0.39849624060150374"
"14","200","1","2","484","0.8939393939393939","0.44360902255639095"
"15","200","1","2","452","0.7575757575757576","0.37593984962406013"
"16","200","1","2","392","0.8181818181818182","0.40601503759398494"
"17","200","1","2","392","0.8939393939393939","0.44360902255639095"
"13","200","1","2","486","1.0454545454545454","0.518796992481203"
"18","200","1","2","221","0.8939393939393939","0.44360902255639095"
"14","200","1","2","485","0.8484848484848485","0.42105263157894735"
"15","200","1","2","453","0.8484848484848485","0.42105263157894735"
"16","200","1","2","393","0.9393939393939394","0.46616541353383456"
"18","200","1","2","222","0.803030303030303","0.39849624060150374"
"13","200","1","2","487","0.9696969696969697","0.48120300751879697"
"14","200","1","2","486","0.7575757575757576","0.37593984962406013"
"17","200","1","2","393","1.1363636363636365","0.5639097744360902"
"15","200","1","2","454","0.7575757575757576","0.37593984962406013"
"18","200","1","2","223","0.8181818181818182","0.40601503759398494"
"16","200","1","2","394","0.8181818181818182","0.40601503759398494"
"14","200","1","2","487","0.8484848484848485","0.42105263157894735"
"13","200","1","2","488","0.8939393939393939","0.44360902255639095"
"17","200","1","2","394","1.0151515151515151","0.5037593984962406"
"15","200","1","2","455","0.8484848484848485","0.42105263157894735"
"18","200","1","2","224","0.8787878787878788","0.43609022556390975"
"14","200","1","2","488","0.7121212121212122","0.3533834586466165"
"16","200","1","2","395","0.9090909090909091","0.45112781954887216"
"13","200","1","2","489","0.7878787878787878","0.39097744360902253"
"17","200","1","2","395","0.8939393939393939","0.44360902255639095"
"15","200","1","2","456","0.8181818181818182","0.40601503759398494"
"18","200","1","2","225","0.6818181818181818","0.3383458646616541"
"16","200","1","2","396","0.7878787878787878","0.39097744360902253"
"14","200","1","2","489","0.8636363636363636","0.42857142857142855"
"13","200","1","2","490","0.8939393939393939","0.44360902255639095"
"17","200","1","2","396","0.9393939393939394","0.46616541353383456"
"15","200","1","2","457","0.7575757575757576","0.37593984962406013"
"18","200","1","2","226","0.8636363636363636","0.42857142857142855"
"16","200","1","2","397","0.8636363636363636","0.42857142857142855"
"17","200","1","2","397","0.9393939393939394","0.46616541353383456"
"14","200","1","2","490","0.7121212121212122","0.3533834586466165"
"13","200","1","2","491","0.6818181818181818","0.3383458646616541"
"15","200","1","2","458","0.9393939393939394","0.46616541353383456"
"18","200","1","2","227","0.9848484848484849","0.48872180451127817"
"16","200","1","2","398","1","0.49624060150375937"
"17","200","1","2","398","0.9393939393939394","0.46616541353383456"
"13","200","1","2","492","0.8636363636363636","0.42857142857142855"
"15","200","1","2","459","0.8787878787878788","0.43609022556390975"
"14","200","1","2","491","0.7878787878787878","0.39097744360902253"
"18","200","1","2","228","0.9393939393939394","0.46616541353383456"
"16","200","1","2","399","1","0.49624060150375937"
"17","200","1","2","399","1.0303030303030303","0.5112781954887218"
"13","200","1","2","493","0.8787878787878788","0.43609022556390975"
"18","200","1","2","229","0.696969696969697","0.3458646616541353"
"15","200","1","2","460","0.9545454545454546","0.47368421052631576"
"14","200","1","2","492","0.5757575757575758","0.2857142857142857"
"16","200","1","2","400","0.7727272727272727","0.38345864661654133"
"13","200","1","2","494","0.803030303030303","0.39849624060150374"
"18","200","1","2","230","0.6515151515151515","0.3233082706766917"
"17","200","1","2","400","0.9545454545454546","0.47368421052631576"
"14","200","1","2","493","0.7272727272727273","0.3609022556390977"
"15","200","1","2","461","0.7878787878787878","0.39097744360902253"
"18","200","1","2","231","0.8484848484848485","0.42105263157894735"
"13","200","1","2","495","0.6666666666666666","0.3308270676691729"
"16","200","1","2","401","0.7727272727272727","0.38345864661654133"
"14","200","1","2","494","1","0.49624060150375937"
"15","200","1","2","462","0.8636363636363636","0.42857142857142855"
"17","200","1","2","401","1.0303030303030303","0.5112781954887218"
"18","200","1","2","232","0.7272727272727273","0.3609022556390977"
"13","200","1","2","496","0.6060606060606061","0.3007518796992481"
"16","200","1","2","402","0.803030303030303","0.39849624060150374"
"14","200","1","2","495","0.803030303030303","0.39849624060150374"
"15","200","1","2","463","0.8484848484848485","0.42105263157894735"
"17","200","1","2","402","0.8939393939393939","0.44360902255639095"
"18","200","1","2","233","0.7121212121212122","0.3533834586466165"
"16","200","1","2","403","0.9848484848484849","0.48872180451127817"
"13","200","1","2","497","0.8181818181818182","0.40601503759398494"
"14","200","1","2","496","0.7575757575757576","0.37593984962406013"
"17","200","1","2","403","0.8939393939393939","0.44360902255639095"
"15","200","1","2","464","0.8939393939393939","0.44360902255639095"
"16","200","1","2","404","0.9848484848484849","0.48872180451127817"
"13","200","1","2","498","0.7121212121212122","0.3533834586466165"
"18","200","1","2","234","0.7121212121212122","0.3533834586466165"
"17","200","1","2","404","0.8333333333333334","0.41353383458646614"
"14","200","1","2","497","0.8939393939393939","0.44360902255639095"
"15","200","1","2","465","0.7878787878787878","0.39097744360902253"
"16","200","1","2","405","0.8636363636363636","0.42857142857142855"
"13","200","1","2","499","0.9393939393939394","0.46616541353383456"
"18","200","1","2","235","0.7727272727272727","0.38345864661654133"
"17","200","1","2","405","0.7575757575757576","0.37593984962406013"
"14","200","1","2","498","0.8181818181818182","0.40601503759398494"
"15","200","1","2","466","0.8636363636363636","0.42857142857142855"
"13","200","1","2","500","0.696969696969697","0.3458646616541353"
"16","200","1","2","406","1.0606060606060606","0.5263157894736842"
"18","200","1","2","236","0.7121212121212122","0.3533834586466165"
"17","200","1","2","406","0.8636363636363636","0.42857142857142855"
"14","200","1","2","499","0.8636363636363636","0.42857142857142855"
"15","200","1","2","467","0.8181818181818182","0.40601503759398494"
"16","200","1","2","407","0.803030303030303","0.39849624060150374"
"18","200","1","2","237","0.8636363636363636","0.42857142857142855"
"19","200","1","2","0","0","0"
"17","200","1","2","407","0.803030303030303","0.39849624060150374"
"14","200","1","2","500","1","0.49624060150375937"
"15","200","1","2","468","0.8181818181818182","0.40601503759398494"
"18","200","1","2","238","0.9242424242424242","0.45864661654135336"
"19","200","1","2","1","1.106060606060606","0.5488721804511278"
"16","200","1","2","408","0.9242424242424242","0.45864661654135336"
"19","200","1","2","2","0.9242424242424242","0.45864661654135336"
"18","200","1","2","239","0.7121212121212122","0.3533834586466165"
"17","200","1","2","408","0.8484848484848485","0.42105263157894735"
"19","200","1","2","3","1","0.49624060150375937"
"15","200","1","2","469","0.7121212121212122","0.3533834586466165"
"20","200","1","2","0","0","0"
"16","200","1","2","409","0.6363636363636364","0.3157894736842105"
"19","200","1","2","4","0.8787878787878788","0.43609022556390975"
"20","200","1","2","1","0.9393939393939394","0.46616541353383456"
"18","200","1","2","240","0.8939393939393939","0.44360902255639095"
"19","200","1","2","5","0.8787878787878788","0.43609022556390975"
"20","200","1","2","2","1","0.49624060150375937"
"15","200","1","2","470","0.9696969696969697","0.48120300751879697"
"17","200","1","2","409","0.9545454545454546","0.47368421052631576"
"16","200","1","2","410","0.803030303030303","0.39849624060150374"
"19","200","1","2","6","0.803030303030303","0.39849624060150374"
"20","200","1","2","3","0.8787878787878788","0.43609022556390975"
"18","200","1","2","241","0.8484848484848485","0.42105263157894735"
"19","200","1","2","7","0.803030303030303","0.39849624060150374"
"20","200","1","2","4","0.8333333333333334","0.41353383458646614"
"15","200","1","2","471","0.8636363636363636","0.42857142857142855"
"16","200","1","2","411","0.8636363636363636","0.42857142857142855"
"17","200","1","2","410","1.0606060606060606","0.5263157894736842"
"19","200","1","2","8","0.8636363636363636","0.42857142857142855"
"20","200","1","2","5","0.7272727272727273","0.3609022556390977"
"18","200","1","2","242","0.6212121212121212","0.3082706766917293"
"19","200","1","2","9","0.8636363636363636","0.42857142857142855"
"20","200","1","2","6","0.8787878787878788","0.43609022556390975"
"17","200","1","2","411","0.7878787878787878","0.39097744360902253"
"15","200","1","2","472","0.8787878787878788","0.43609022556390975"
"20","200","1","2","7","0.9848484848484849","0.48872180451127817"
"19","200","1","2","10","0.7272727272727273","0.3609022556390977"
"16","200","1","2","412","0.8636363636363636","0.42857142857142855"
"18","200","1","2","243","0.8636363636363636","0.42857142857142855"
"20","200","1","2","8","0.7878787878787878","0.39097744360902253"
"19","200","1","2","11","0.9090909090909091","0.45112781954887216"
"16","200","1","2","413","0.7424242424242424","0.3684210526315789"
"15","200","1","2","473","0.7878787878787878","0.39097744360902253"
"20","200","1","2","9","0.8484848484848485","0.42105263157894735"
"19","200","1","2","12","0.8484848484848485","0.42105263157894735"
"17","200","1","2","412","0.8333333333333334","0.41353383458646614"
"18","200","1","2","244","0.803030303030303","0.39849624060150374"
"20","200","1","2","10","0.8636363636363636","0.42857142857142855"
"19","200","1","2","13","0.8787878787878788","0.43609022556390975"
"20","200","1","2","11","1.0151515151515151","0.5037593984962406"
"19","200","1","2","14","1.0303030303030303","0.5112781954887218"
"15","200","1","2","474","0.8333333333333334","0.41353383458646614"
"16","200","1","2","414","0.6515151515151515","0.3233082706766917"
"17","200","1","2","413","0.7878787878787878","0.39097744360902253"
"18","200","1","2","245","0.8939393939393939","0.44360902255639095"
"20","200","1","2","12","0.9242424242424242","0.45864661654135336"
"19","200","1","2","15","0.8787878787878788","0.43609022556390975"
"20","200","1","2","13","0.9090909090909091","0.45112781954887216"
"19","200","1","2","16","0.8787878787878788","0.43609022556390975"
"15","200","1","2","475","0.9090909090909091","0.45112781954887216"
"16","200","1","2","415","0.7424242424242424","0.3684210526315789"
"18","200","1","2","246","0.803030303030303","0.39849624060150374"
"17","200","1","2","414","0.7878787878787878","0.39097744360902253"
"19","200","1","2","17","0.9545454545454546","0.47368421052631576"
"20","200","1","2","14","0.9545454545454546","0.47368421052631576"
"19","200","1","2","18","0.9090909090909091","0.45112781954887216"
"15","200","1","2","476","0.8181818181818182","0.40601503759398494"
"20","200","1","2","15","0.9393939393939394","0.46616541353383456"
"18","200","1","2","247","0.6212121212121212","0.3082706766917293"
"16","200","1","2","416","0.7424242424242424","0.3684210526315789"
"17","200","1","2","415","0.8636363636363636","0.42857142857142855"
"19","200","1","2","19","0.9393939393939394","0.46616541353383456"
"20","200","1","2","16","0.9242424242424242","0.45864661654135336"
"19","200","1","2","20","0.9545454545454546","0.47368421052631576"
"18","200","1","2","248","0.8484848484848485","0.42105263157894735"
"15","200","1","2","477","0.696969696969697","0.3458646616541353"
"20","200","1","2","17","0.8939393939393939","0.44360902255639095"
"16","200","1","2","417","0.8787878787878788","0.43609022556390975"
"17","200","1","2","416","0.9545454545454546","0.47368421052631576"
"19","200","1","2","21","0.7424242424242424","0.3684210526315789"
"20","200","1","2","18","0.9696969696969697","0.48120300751879697"
"15","200","1","2","478","0.7575757575757576","0.37593984962406013"
"18","200","1","2","249","0.8787878787878788","0.43609022556390975"
"19","200","1","2","22","0.8484848484848485","0.42105263157894735"
"20","200","1","2","19","0.8484848484848485","0.42105263157894735"
"16","200","1","2","418","0.8787878787878788","0.43609022556390975"
"17","200","1","2","417","0.7272727272727273","0.3609022556390977"
"20","200","1","2","20","0.9090909090909091","0.45112781954887216"
"19","200","1","2","23","0.8333333333333334","0.41353383458646614"
"15","200","1","2","479","0.6212121212121212","0.3082706766917293"
"18","200","1","2","250","0.8939393939393939","0.44360902255639095"
"19","200","1","2","24","0.7878787878787878","0.39097744360902253"
"20","200","1","2","21","0.7575757575757576","0.37593984962406013"
"17","200","1","2","418","0.7121212121212122","0.3533834586466165"
"16","200","1","2","419","1","0.49624060150375937"
"19","200","1","2","25","0.8636363636363636","0.42857142857142855"
"15","200","1","2","480","0.7727272727272727","0.38345864661654133"
"20","200","1","2","22","0.6666666666666666","0.3308270676691729"
"18","200","1","2","251","0.9090909090909091","0.45112781954887216"
"19","200","1","2","26","0.9242424242424242","0.45864661654135336"
"17","200","1","2","419","0.9242424242424242","0.45864661654135336"
"20","200","1","2","23","0.7272727272727273","0.3609022556390977"
"16","200","1","2","420","0.9545454545454546","0.47368421052631576"
"15","200","1","2","481","0.9242424242424242","0.45864661654135336"
"19","200","1","2","27","0.9242424242424242","0.45864661654135336"
"19","200","1","2","28","0.8636363636363636","0.42857142857142855"
"18","200","1","2","252","0.8333333333333334","0.41353383458646614"
"17","200","1","2","420","0.7878787878787878","0.39097744360902253"
"20","200","1","2","24","0.8787878787878788","0.43609022556390975"
"15","200","1","2","482","0.8939393939393939","0.44360902255639095"
"19","200","1","2","29","0.7878787878787878","0.39097744360902253"
"16","200","1","2","421","1.0303030303030303","0.5112781954887218"
"20","200","1","2","25","0.9545454545454546","0.47368421052631576"
"18","200","1","2","253","0.9242424242424242","0.45864661654135336"
"19","200","1","2","30","0.9696969696969697","0.48120300751879697"
"20","200","1","2","26","0.8939393939393939","0.44360902255639095"
"17","200","1","2","421","0.8484848484848485","0.42105263157894735"
"15","200","1","2","483","1.0757575757575757","0.5338345864661654"
"19","200","1","2","31","0.8787878787878788","0.43609022556390975"
"20","200","1","2","27","0.9090909090909091","0.45112781954887216"
"16","200","1","2","422","0.9545454545454546","0.47368421052631576"
"18","200","1","2","254","1.0151515151515151","0.5037593984962406"
"19","200","1","2","32","0.9242424242424242","0.45864661654135336"
"20","200","1","2","28","0.9090909090909091","0.45112781954887216"
"15","200","1","2","484","0.7878787878787878","0.39097744360902253"
"17","200","1","2","422","0.8181818181818182","0.40601503759398494"
"19","200","1","2","33","1.0909090909090908","0.5413533834586466"
"20","200","1","2","29","0.9393939393939394","0.46616541353383456"
"18","200","1","2","255","0.9393939393939394","0.46616541353383456"
"16","200","1","2","423","0.9545454545454546","0.47368421052631576"
"19","200","1","2","34","0.8484848484848485","0.42105263157894735"
"20","200","1","2","30","1.121212121212121","0.556390977443609"
"17","200","1","2","423","1.0303030303030303","0.5112781954887218"
"19","200","1","2","35","1.0151515151515151","0.5037593984962406"
"15","200","1","2","485","0.6363636363636364","0.3157894736842105"
"20","200","1","2","31","0.8787878787878788","0.43609022556390975"
"19","200","1","2","36","0.8939393939393939","0.44360902255639095"
"16","200","1","2","424","0.9242424242424242","0.45864661654135336"
"20","200","1","2","32","0.9393939393939394","0.46616541353383456"
"15","200","1","2","486","0.8484848484848485","0.42105263157894735"
"17","200","1","2","424","0.8787878787878788","0.43609022556390975"
"19","200","1","2","37","0.8333333333333334","0.41353383458646614"
"18","200","1","2","256","0.9545454545454546","0.47368421052631576"
"20","200","1","2","33","1","0.49624060150375937"
"19","200","1","2","38","0.7727272727272727","0.38345864661654133"
"16","200","1","2","425","0.9848484848484849","0.48872180451127817"
"17","200","1","2","425","0.8636363636363636","0.42857142857142855"
"15","200","1","2","487","0.8939393939393939","0.44360902255639095"
"20","200","1","2","34","0.6212121212121212","0.3082706766917293"
"19","200","1","2","39","0.8939393939393939","0.44360902255639095"
"19","200","1","2","40","0.8484848484848485","0.42105263157894735"
"18","200","1","2","257","0.9545454545454546","0.47368421052631576"
"20","200","1","2","35","1.0303030303030303","0.5112781954887218"
"15","200","1","2","488","0.8484848484848485","0.42105263157894735"
"16","200","1","2","426","0.7272727272727273","0.3609022556390977"
"17","200","1","2","426","0.8787878787878788","0.43609022556390975"
"19","200","1","2","41","0.8181818181818182","0.40601503759398494"
"20","200","1","2","36","0.9393939393939394","0.46616541353383456"
"19","200","1","2","42","0.7727272727272727","0.38345864661654133"
"18","200","1","2","258","1.0151515151515151","0.5037593984962406"
"20","200","1","2","37","0.8787878787878788","0.43609022556390975"
"16","200","1","2","427","0.8787878787878788","0.43609022556390975"
"15","200","1","2","489","1","0.49624060150375937"
"19","200","1","2","43","0.7878787878787878","0.39097744360902253"
"17","200","1","2","427","0.8787878787878788","0.43609022556390975"
"20","200","1","2","38","0.9393939393939394","0.46616541353383456"
"18","200","1","2","259","1.121212121212121","0.556390977443609"
"20","200","1","2","39","0.7727272727272727","0.38345864661654133"
"19","200","1","2","44","0.9090909090909091","0.45112781954887216"
"16","200","1","2","428","1.0151515151515151","0.5037593984962406"
"15","200","1","2","490","0.7575757575757576","0.37593984962406013"
"17","200","1","2","428","0.9393939393939394","0.46616541353383456"
"19","200","1","2","45","1.0303030303030303","0.5112781954887218"
"20","200","1","2","40","0.8939393939393939","0.44360902255639095"
"18","200","1","2","260","0.9090909090909091","0.45112781954887216"
"20","200","1","2","41","0.6363636363636364","0.3157894736842105"
"19","200","1","2","46","0.8787878787878788","0.43609022556390975"
"16","200","1","2","429","0.8939393939393939","0.44360902255639095"
"20","200","1","2","42","0.7727272727272727","0.38345864661654133"
"15","200","1","2","491","0.9393939393939394","0.46616541353383456"
"17","200","1","2","429","0.7727272727272727","0.38345864661654133"
"19","200","1","2","47","0.9545454545454546","0.47368421052631576"
"18","200","1","2","261","0.9545454545454546","0.47368421052631576"
"20","200","1","2","43","0.8484848484848485","0.42105263157894735"
"19","200","1","2","48","0.8484848484848485","0.42105263157894735"
"16","200","1","2","430","0.9696969696969697","0.48120300751879697"
"15","200","1","2","492","0.9393939393939394","0.46616541353383456"
"18","200","1","2","262","0.8939393939393939","0.44360902255639095"
"17","200","1","2","430","0.7727272727272727","0.38345864661654133"
"20","200","1","2","44","0.8636363636363636","0.42857142857142855"
"19","200","1","2","49","0.8181818181818182","0.40601503759398494"
"16","200","1","2","431","0.8939393939393939","0.44360902255639095"
"20","200","1","2","45","0.7424242424242424","0.3684210526315789"
"19","200","1","2","50","0.7727272727272727","0.38345864661654133"
"18","200","1","2","263","0.8636363636363636","0.42857142857142855"
"15","200","1","2","493","0.7727272727272727","0.38345864661654133"
"17","200","1","2","431","0.9090909090909091","0.45112781954887216"
"20","200","1","2","46","0.8939393939393939","0.44360902255639095"
"20","200","1","2","47","0.8636363636363636","0.42857142857142855"
"18","200","1","2","264","0.8787878787878788","0.43609022556390975"
"15","200","1","2","494","0.8484848484848485","0.42105263157894735"
"16","200","1","2","432","0.9545454545454546","0.47368421052631576"
"19","200","1","2","51","0.9545454545454546","0.47368421052631576"
"20","200","1","2","48","1.0606060606060606","0.5263157894736842"
"19","200","1","2","52","0.8484848484848485","0.42105263157894735"
"17","200","1","2","432","0.8787878787878788","0.43609022556390975"
"18","200","1","2","265","0.7878787878787878","0.39097744360902253"
"15","200","1","2","495","0.8939393939393939","0.44360902255639095"
"20","200","1","2","49","0.9242424242424242","0.45864661654135336"
"19","200","1","2","53","0.7878787878787878","0.39097744360902253"
"16","200","1","2","433","0.7878787878787878","0.39097744360902253"
"17","200","1","2","433","0.7424242424242424","0.3684210526315789"
"18","200","1","2","266","0.8181818181818182","0.40601503759398494"
"20","200","1","2","50","1.0151515151515151","0.5037593984962406"
"15","200","1","2","496","0.6818181818181818","0.3383458646616541"
"19","200","1","2","54","0.9242424242424242","0.45864661654135336"
"20","200","1","2","51","0.8787878787878788","0.43609022556390975"
"17","200","1","2","434","1.0757575757575757","0.5338345864661654"
"16","200","1","2","434","0.8787878787878788","0.43609022556390975"
"18","200","1","2","267","0.9848484848484849","0.48872180451127817"
"19","200","1","2","55","0.9848484848484849","0.48872180451127817"
"20","200","1","2","52","0.7878787878787878","0.39097744360902253"
"15","200","1","2","497","0.7272727272727273","0.3609022556390977"
"18","200","1","2","268","0.8181818181818182","0.40601503759398494"
"19","200","1","2","56","0.9090909090909091","0.45112781954887216"
"20","200","1","2","53","0.9242424242424242","0.45864661654135336"
"16","200","1","2","435","0.8484848484848485","0.42105263157894735"
"17","200","1","2","435","0.9545454545454546","0.47368421052631576"
"20","200","1","2","54","0.8787878787878788","0.43609022556390975"
"19","200","1","2","57","0.5757575757575758","0.2857142857142857"
"15","200","1","2","498","0.9545454545454546","0.47368421052631576"
"18","200","1","2","269","0.9242424242424242","0.45864661654135336"
"16","200","1","2","436","0.7121212121212122","0.3533834586466165"
"20","200","1","2","55","0.8787878787878788","0.43609022556390975"
"19","200","1","2","58","0.7727272727272727","0.38345864661654133"
"17","200","1","2","436","0.8636363636363636","0.42857142857142855"
"20","200","1","2","56","0.7272727272727273","0.3609022556390977"
"19","200","1","2","59","0.6818181818181818","0.3383458646616541"
"15","200","1","2","499","0.6818181818181818","0.3383458646616541"
"16","200","1","2","437","0.8939393939393939","0.44360902255639095"
"17","200","1","2","437","0.803030303030303","0.39849624060150374"
"18","200","1","2","270","0.9090909090909091","0.45112781954887216"
"19","200","1","2","60","0.7424242424242424","0.3684210526315789"
"20","200","1","2","57","0.8787878787878788","0.43609022556390975"
"18","200","1","2","271","1.0454545454545454","0.518796992481203"
"15","200","1","2","500","0.6363636363636364","0.3157894736842105"
"16","200","1","2","438","0.8484848484848485","0.42105263157894735"
"19","200","1","2","61","0.6363636363636364","0.3157894736842105"
"20","200","1","2","58","1.0303030303030303","0.5112781954887218"
"17","200","1","2","438","0.9090909090909091","0.45112781954887216"
"19","200","1","2","62","0.803030303030303","0.39849624060150374"
"18","200","1","2","272","1.0303030303030303","0.5112781954887218"
"20","200","1","2","59","0.9848484848484849","0.48872180451127817"
"16","200","1","2","439","0.8939393939393939","0.44360902255639095"
"17","200","1","2","439","0.8636363636363636","0.42857142857142855"
"19","200","1","2","63","0.803030303030303","0.39849624060150374"
"20","200","1","2","60","0.9848484848484849","0.48872180451127817"
"18","200","1","2","273","1.0909090909090908","0.5413533834586466"
"21","200","1","3","0","0","0"
"19","200","1","2","64","0.8787878787878788","0.43609022556390975"
"20","200","1","2","61","0.8787878787878788","0.43609022556390975"
"21","200","1","3","1","1.18","0.3933333333333333"
"17","200","1","2","440","0.8333333333333334","0.41353383458646614"
"16","200","1","2","440","1.0303030303030303","0.5112781954887218"
"20","200","1","2","62","0.9242424242424242","0.45864661654135336"
"18","200","1","2","274","1.0757575757575757","0.5338345864661654"
"19","200","1","2","65","0.8939393939393939","0.44360902255639095"
"21","200","1","3","2","1.1","0.36666666666666664"
"20","200","1","2","63","1.0303030303030303","0.5112781954887218"
"21","200","1","3","3","1.12","0.37333333333333335"
"19","200","1","2","66","0.8939393939393939","0.44360902255639095"
"20","200","1","2","64","1.0303030303030303","0.5112781954887218"
"17","200","1","2","441","1.0606060606060606","0.5263157894736842"
"16","200","1","2","441","0.7575757575757576","0.37593984962406013"
"21","200","1","3","4","1.02","0.34"
"18","200","1","2","275","0.8333333333333334","0.41353383458646614"
"19","200","1","2","67","0.9393939393939394","0.46616541353383456"
"20","200","1","2","65","1.0454545454545454","0.518796992481203"
"21","200","1","3","5","0.82","0.2733333333333333"
"19","200","1","2","68","0.9393939393939394","0.46616541353383456"
"20","200","1","2","66","0.8939393939393939","0.44360902255639095"
"21","200","1","3","6","0.8","0.26666666666666666"
"16","200","1","2","442","0.8333333333333334","0.41353383458646614"
"17","200","1","2","442","0.8939393939393939","0.44360902255639095"
"19","200","1","2","69","0.8787878787878788","0.43609022556390975"
"21","200","1","3","7","1.06","0.35333333333333333"
"20","200","1","2","67","0.8181818181818182","0.40601503759398494"
"19","200","1","2","70","0.8636363636363636","0.42857142857142855"
"18","200","1","2","276","0.8484848484848485","0.42105263157894735"
"20","200","1","2","68","0.9393939393939394","0.46616541353383456"
"19","200","1","2","71","0.8333333333333334","0.41353383458646614"
"17","200","1","2","443","0.7727272727272727","0.38345864661654133"
"21","200","1","3","8","0.96","0.32"
"16","200","1","2","443","0.7121212121212122","0.3533834586466165"
"19","200","1","2","72","0.8636363636363636","0.42857142857142855"
"21","200","1","3","9","1.14","0.38"
"20","200","1","2","69","0.803030303030303","0.39849624060150374"
"18","200","1","2","277","0.7878787878787878","0.39097744360902253"
"17","200","1","2","444","1.0909090909090908","0.5413533834586466"
"21","200","1","3","10","0.84","0.28"
"20","200","1","2","70","0.8636363636363636","0.42857142857142855"
"19","200","1","2","73","0.7727272727272727","0.38345864661654133"
"16","200","1","2","444","0.6060606060606061","0.3007518796992481"
"21","200","1","3","11","0.78","0.26"
"20","200","1","2","71","0.8787878787878788","0.43609022556390975"
"19","200","1","2","74","1.0606060606060606","0.5263157894736842"
"18","200","1","2","278","0.8636363636363636","0.42857142857142855"
"17","200","1","2","445","0.7727272727272727","0.38345864661654133"
"21","200","1","3","12","0.84","0.28"
"19","200","1","2","75","0.7727272727272727","0.38345864661654133"
"20","200","1","2","72","0.8787878787878788","0.43609022556390975"
"16","200","1","2","445","0.6212121212121212","0.3082706766917293"
"19","200","1","2","76","0.7727272727272727","0.38345864661654133"
"20","200","1","2","73","0.7727272727272727","0.38345864661654133"
"18","200","1","2","279","0.7424242424242424","0.3684210526315789"
"21","200","1","3","13","0.88","0.29333333333333333"
"20","200","1","2","74","0.9848484848484849","0.48872180451127817"
"21","200","1","3","14","1.06","0.35333333333333333"
"19","200","1","2","77","0.9393939393939394","0.46616541353383456"
"17","200","1","2","446","0.7424242424242424","0.3684210526315789"
"16","200","1","2","446","0.7575757575757576","0.37593984962406013"
"18","200","1","2","280","0.9696969696969697","0.48120300751879697"
"19","200","1","2","78","0.9090909090909091","0.45112781954887216"
"21","200","1","3","15","0.86","0.2866666666666667"
"20","200","1","2","75","1","0.49624060150375937"
"21","200","1","3","16","0.88","0.29333333333333333"
"19","200","1","2","79","0.9242424242424242","0.45864661654135336"
"20","200","1","2","76","0.7878787878787878","0.39097744360902253"
"17","200","1","2","447","0.9393939393939394","0.46616541353383456"
"16","200","1","2","447","0.7121212121212122","0.3533834586466165"
"18","200","1","2","281","0.7727272727272727","0.38345864661654133"
"21","200","1","3","17","1.12","0.37333333333333335"
"19","200","1","2","80","0.8636363636363636","0.42857142857142855"
"20","200","1","2","77","0.9696969696969697","0.48120300751879697"
"21","200","1","3","18","0.96","0.32"
"17","200","1","2","448","0.9090909090909091","0.45112781954887216"
"19","200","1","2","81","0.9393939393939394","0.46616541353383456"
"20","200","1","2","78","0.9393939393939394","0.46616541353383456"
"21","200","1","3","19","0.82","0.2733333333333333"
"18","200","1","2","282","0.8181818181818182","0.40601503759398494"
"16","200","1","2","448","0.8484848484848485","0.42105263157894735"
"19","200","1","2","82","0.9242424242424242","0.45864661654135336"
"21","200","1","3","20","0.8","0.26666666666666666"
"20","200","1","2","79","0.7272727272727273","0.3609022556390977"
"17","200","1","2","449","1.0606060606060606","0.5263157894736842"
"19","200","1","2","83","1.1363636363636365","0.5639097744360902"
"21","200","1","3","21","0.9","0.3"
"18","200","1","2","283","0.8787878787878788","0.43609022556390975"
"16","200","1","2","449","0.8333333333333334","0.41353383458646614"
"20","200","1","2","80","0.8333333333333334","0.41353383458646614"
"19","200","1","2","84","0.8939393939393939","0.44360902255639095"
"21","200","1","3","22","1","0.3333333333333333"
"21","200","1","3","23","0.9","0.3"
"17","200","1","2","450","0.7878787878787878","0.39097744360902253"
"20","200","1","2","81","0.5606060606060606","0.2781954887218045"
"19","200","1","2","85","0.9696969696969697","0.48120300751879697"
"21","200","1","3","24","0.9","0.3"
"16","200","1","2","450","0.9696969696969697","0.48120300751879697"
"18","200","1","2","284","0.9393939393939394","0.46616541353383456"
"20","200","1","2","82","0.7424242424242424","0.3684210526315789"
"21","200","1","3","25","1","0.3333333333333333"
"19","200","1","2","86","0.8484848484848485","0.42105263157894735"
"17","200","1","2","451","0.9696969696969697","0.48120300751879697"
"21","200","1","3","26","0.88","0.29333333333333333"
"20","200","1","2","83","0.6515151515151515","0.3233082706766917"
"19","200","1","2","87","1.0454545454545454","0.518796992481203"
"18","200","1","2","285","0.8484848484848485","0.42105263157894735"
"16","200","1","2","451","0.8333333333333334","0.41353383458646614"
"21","200","1","3","27","0.88","0.29333333333333333"
"20","200","1","2","84","0.8787878787878788","0.43609022556390975"
"19","200","1","2","88","0.9090909090909091","0.45112781954887216"
"17","200","1","2","452","0.9696969696969697","0.48120300751879697"
"21","200","1","3","28","0.8","0.26666666666666666"
"20","200","1","2","85","0.8333333333333334","0.41353383458646614"
"18","200","1","2","286","0.8333333333333334","0.41353383458646614"
"19","200","1","2","89","0.8636363636363636","0.42857142857142855"
"21","200","1","3","29","0.9","0.3"
"16","200","1","2","452","1.0454545454545454","0.518796992481203"
"17","200","1","2","453","1.1363636363636365","0.5639097744360902"
"20","200","1","2","86","0.9090909090909091","0.45112781954887216"
"21","200","1","3","30","1.12","0.37333333333333335"
"19","200","1","2","90","0.7272727272727273","0.3609022556390977"
"16","200","1","2","453","0.7272727272727273","0.3609022556390977"
"18","200","1","2","287","0.9545454545454546","0.47368421052631576"
"20","200","1","2","87","0.7121212121212122","0.3533834586466165"
"21","200","1","3","31","0.82","0.2733333333333333"
"17","200","1","2","454","0.8939393939393939","0.44360902255639095"
"19","200","1","2","91","1","0.49624060150375937"
"20","200","1","2","88","0.7727272727272727","0.38345864661654133"
"21","200","1","3","32","0.96","0.32"
"16","200","1","2","454","0.8333333333333334","0.41353383458646614"
"19","200","1","2","92","0.9090909090909091","0.45112781954887216"
"18","200","1","2","288","0.9393939393939394","0.46616541353383456"
"20","200","1","2","89","0.6666666666666666","0.3308270676691729"
"21","200","1","3","33","1.04","0.3466666666666667"
"17","200","1","2","455","0.6666666666666666","0.3308270676691729"
"19","200","1","2","93","0.7727272727272727","0.38345864661654133"
"20","200","1","2","90","1.121212121212121","0.556390977443609"
"21","200","1","3","34","0.9","0.3"
"16","200","1","2","455","0.9090909090909091","0.45112781954887216"
"18","200","1","2","289","0.8636363636363636","0.42857142857142855"
"19","200","1","2","94","0.9848484848484849","0.48872180451127817"
"20","200","1","2","91","0.8939393939393939","0.44360902255639095"
"21","200","1","3","35","0.98","0.32666666666666666"
"17","200","1","2","456","0.8333333333333334","0.41353383458646614"
"19","200","1","2","95","1.0151515151515151","0.5037593984962406"
"20","200","1","2","92","0.6818181818181818","0.3383458646616541"
"21","200","1","3","36","0.84","0.28"
"16","200","1","2","456","0.9242424242424242","0.45864661654135336"
"18","200","1","2","290","0.7878787878787878","0.39097744360902253"
"20","200","1","2","93","0.9090909090909091","0.45112781954887216"
"21","200","1","3","37","1.02","0.34"
"19","200","1","2","96","1","0.49624060150375937"
"17","200","1","2","457","0.696969696969697","0.3458646616541353"
"16","200","1","2","457","0.8939393939393939","0.44360902255639095"
"21","200","1","3","38","0.94","0.31333333333333335"
"20","200","1","2","94","0.803030303030303","0.39849624060150374"
"19","200","1","2","97","0.8636363636363636","0.42857142857142855"
"17","200","1","2","458","0.9393939393939394","0.46616541353383456"
"18","200","1","2","291","1.0151515151515151","0.5037593984962406"
"19","200","1","2","98","0.9242424242424242","0.45864661654135336"
"21","200","1","3","39","0.84","0.28"
"20","200","1","2","95","0.9696969696969697","0.48120300751879697"
"16","200","1","2","458","0.9242424242424242","0.45864661654135336"
"19","200","1","2","99","0.9848484848484849","0.48872180451127817"
"21","200","1","3","40","0.76","0.25333333333333335"
"20","200","1","2","96","0.7878787878787878","0.39097744360902253"
"18","200","1","2","292","1.0454545454545454","0.518796992481203"
"17","200","1","2","459","0.8636363636363636","0.42857142857142855"
"19","200","1","2","100","0.8484848484848485","0.42105263157894735"
"21","200","1","3","41","0.96","0.32"
"16","200","1","2","459","0.9090909090909091","0.45112781954887216"
"20","200","1","2","97","0.7424242424242424","0.3684210526315789"
"17","200","1","2","460","0.9242424242424242","0.45864661654135336"
"21","200","1","3","42","1.02","0.34"
"19","200","1","2","101","0.8939393939393939","0.44360902255639095"
"20","200","1","2","98","0.8636363636363636","0.42857142857142855"
"16","200","1","2","460","0.9393939393939394","0.46616541353383456"
"19","200","1","2","102","1.0303030303030303","0.5112781954887218"
"21","200","1","3","43","1.02","0.34"
"18","200","1","2","293","0.8636363636363636","0.42857142857142855"
"19","200","1","2","103","0.8787878787878788","0.43609022556390975"
"17","200","1","2","461","0.9696969696969697","0.48120300751879697"
"20","200","1","2","99","0.9242424242424242","0.45864661654135336"
"16","200","1","2","461","0.8181818181818182","0.40601503759398494"
"21","200","1","3","44","0.82","0.2733333333333333"
"19","200","1","2","104","1.0454545454545454","0.518796992481203"
"18","200","1","2","294","0.8181818181818182","0.40601503759398494"
"17","200","1","2","462","0.7272727272727273","0.3609022556390977"
"20","200","1","2","100","0.8484848484848485","0.42105263157894735"
"19","200","1","2","105","0.8636363636363636","0.42857142857142855"
"21","200","1","3","45","0.88","0.29333333333333333"
"16","200","1","2","462","0.9090909090909091","0.45112781954887216"
"18","200","1","2","295","0.8333333333333334","0.41353383458646614"
"20","200","1","2","101","0.8939393939393939","0.44360902255639095"
"21","200","1","3","46","0.92","0.30666666666666664"
"19","200","1","2","106","0.7878787878787878","0.39097744360902253"
"17","200","1","2","463","0.9090909090909091","0.45112781954887216"
"16","200","1","2","463","0.8181818181818182","0.40601503759398494"
"20","200","1","2","102","1.0606060606060606","0.5263157894736842"
"18","200","1","2","296","0.8636363636363636","0.42857142857142855"
"21","200","1","3","47","0.74","0.24666666666666667"
"19","200","1","2","107","0.7424242424242424","0.3684210526315789"
"17","200","1","2","464","0.9393939393939394","0.46616541353383456"
"21","200","1","3","48","0.98","0.32666666666666666"
"20","200","1","2","103","0.8181818181818182","0.40601503759398494"
"16","200","1","2","464","0.9242424242424242","0.45864661654135336"
"18","200","1","2","297","0.9090909090909091","0.45112781954887216"
"19","200","1","2","108","0.696969696969697","0.3458646616541353"
"21","200","1","3","49","0.94","0.31333333333333335"
"20","200","1","2","104","1.0303030303030303","0.5112781954887218"
"17","200","1","2","465","0.9090909090909091","0.45112781954887216"
"19","200","1","2","109","0.9545454545454546","0.47368421052631576"
"21","200","1","3","50","0.74","0.24666666666666667"
"18","200","1","2","298","0.7878787878787878","0.39097744360902253"
"16","200","1","2","465","0.8484848484848485","0.42105263157894735"
"20","200","1","2","105","0.9242424242424242","0.45864661654135336"
"17","200","1","2","466","1.106060606060606","0.5488721804511278"
"21","200","1","3","51","0.78","0.26"
"19","200","1","2","110","0.9090909090909091","0.45112781954887216"
"20","200","1","2","106","0.9393939393939394","0.46616541353383456"
"18","200","1","2","299","0.9393939393939394","0.46616541353383456"
"16","200","1","2","466","0.9545454545454546","0.47368421052631576"
"21","200","1","3","52","1.08","0.36"
"19","200","1","2","111","0.8787878787878788","0.43609022556390975"
"17","200","1","2","467","0.803030303030303","0.39849624060150374"
"20","200","1","2","107","1.106060606060606","0.5488721804511278"
"19","200","1","2","112","0.803030303030303","0.39849624060150374"
"18","200","1","2","300","1.0757575757575757","0.5338345864661654"
"21","200","1","3","53","1.06","0.35333333333333333"
"16","200","1","2","467","0.8484848484848485","0.42105263157894735"
"20","200","1","2","108","0.8484848484848485","0.42105263157894735"
"17","200","1","2","468","0.8787878787878788","0.43609022556390975"
"18","200","1","2","301","1.0303030303030303","0.5112781954887218"
"21","200","1","3","54","1","0.3333333333333333"
"19","200","1","2","113","1","0.49624060150375937"
"20","200","1","2","109","0.8484848484848485","0.42105263157894735"
"16","200","1","2","468","0.8484848484848485","0.42105263157894735"
"21","200","1","3","55","0.92","0.30666666666666664"
"19","200","1","2","114","0.7727272727272727","0.38345864661654133"
"20","200","1","2","110","0.8939393939393939","0.44360902255639095"
"18","200","1","2","302","1","0.49624060150375937"
"17","200","1","2","469","0.7575757575757576","0.37593984962406013"
"21","200","1","3","56","1.04","0.3466666666666667"
"19","200","1","2","115","0.7272727272727273","0.3609022556390977"
"16","200","1","2","469","0.9242424242424242","0.45864661654135336"
"20","200","1","2","111","0.8636363636363636","0.42857142857142855"
"21","200","1","3","57","0.98","0.32666666666666666"
"18","200","1","2","303","0.9848484848484849","0.48872180451127817"
"20","200","1","2","112","0.9090909090909091","0.45112781954887216"
"19","200","1","2","116","1.0454545454545454","0.518796992481203"
"17","200","1","2","470","0.6818181818181818","0.3383458646616541"
"16","200","1","2","470","0.803030303030303","0.39849624060150374"
"20","200","1","2","113","0.8939393939393939","0.44360902255639095"
"21","200","1","3","58","0.86","0.2866666666666667"
"19","200","1","2","117","0.9696969696969697","0.48120300751879697"
"18","200","1","2","304","1","0.49624060150375937"
"21","200","1","3","59","0.9","0.3"
"20","200","1","2","114","0.8181818181818182","0.40601503759398494"
"19","200","1","2","118","0.8636363636363636","0.42857142857142855"
"17","200","1","2","471","0.9242424242424242","0.45864661654135336"
"19","200","1","2","119","0.9393939393939394","0.46616541353383456"
"16","200","1","2","471","0.7727272727272727","0.38345864661654133"
"21","200","1","3","60","0.84","0.28"
"20","200","1","2","115","0.8636363636363636","0.42857142857142855"
"18","200","1","2","305","0.7727272727272727","0.38345864661654133"
"17","200","1","2","472","0.8484848484848485","0.42105263157894735"
"21","200","1","3","61","0.88","0.29333333333333333"
"19","200","1","2","120","0.8787878787878788","0.43609022556390975"
"20","200","1","2","116","0.8333333333333334","0.41353383458646614"
"16","200","1","2","472","0.9090909090909091","0.45112781954887216"
"21","200","1","3","62","0.84","0.28"
"19","200","1","2","121","0.7575757575757576","0.37593984962406013"
"20","200","1","2","117","1","0.49624060150375937"
"16","200","1","2","473","1.0454545454545454","0.518796992481203"
"17","200","1","2","473","0.7727272727272727","0.38345864661654133"
"21","200","1","3","63","0.98","0.32666666666666666"
"19","200","1","2","122","0.9090909090909091","0.45112781954887216"
"20","200","1","2","118","0.7727272727272727","0.38345864661654133"
"18","200","1","2","306","0.9090909090909091","0.45112781954887216"
"21","200","1","3","64","1","0.3333333333333333"
"16","200","1","2","474","0.7575757575757576","0.37593984962406013"
"17","200","1","2","474","0.7727272727272727","0.38345864661654133"
"19","200","1","2","123","0.8484848484848485","0.42105263157894735"
"21","200","1","3","65","0.96","0.32"
"20","200","1","2","119","0.9393939393939394","0.46616541353383456"
"18","200","1","2","307","0.8181818181818182","0.40601503759398494"
"21","200","1","3","66","0.6","0.2"
"19","200","1","2","124","0.7878787878787878","0.39097744360902253"
"16","200","1","2","475","0.7575757575757576","0.37593984962406013"
"20","200","1","2","120","0.8636363636363636","0.42857142857142855"
"17","200","1","2","475","0.803030303030303","0.39849624060150374"
"21","200","1","3","67","0.82","0.2733333333333333"
"19","200","1","2","125","0.9242424242424242","0.45864661654135336"
"18","200","1","2","308","0.9090909090909091","0.45112781954887216"
"21","200","1","3","68","1.1","0.36666666666666664"
"19","200","1","2","126","0.8484848484848485","0.42105263157894735"
"16","200","1","2","476","0.7121212121212122","0.3533834586466165"
"20","200","1","2","121","0.9393939393939394","0.46616541353383456"
"17","200","1","2","476","0.8787878787878788","0.43609022556390975"
"18","200","1","2","309","1.0757575757575757","0.5338345864661654"
"21","200","1","3","69","0.9","0.3"
"20","200","1","2","122","0.9393939393939394","0.46616541353383456"
"19","200","1","2","127","0.9242424242424242","0.45864661654135336"
"21","200","1","3","70","1.3","0.43333333333333335"
"17","200","1","2","477","0.7575757575757576","0.37593984962406013"
"20","200","1","2","123","0.9090909090909091","0.45112781954887216"
"19","200","1","2","128","0.7575757575757576","0.37593984962406013"
"16","200","1","2","477","1.0757575757575757","0.5338345864661654"
"18","200","1","2","310","1.0454545454545454","0.518796992481203"
"21","200","1","3","71","1.12","0.37333333333333335"
"20","200","1","2","124","0.8484848484848485","0.42105263157894735"
"19","200","1","2","129","0.8939393939393939","0.44360902255639095"
"17","200","1","2","478","0.7424242424242424","0.3684210526315789"
"19","200","1","2","130","0.9090909090909091","0.45112781954887216"
"16","200","1","2","478","0.7424242424242424","0.3684210526315789"
"20","200","1","2","125","0.8181818181818182","0.40601503759398494"
"21","200","1","3","72","0.98","0.32666666666666666"
"18","200","1","2","311","0.9545454545454546","0.47368421052631576"
"19","200","1","2","131","0.8636363636363636","0.42857142857142855"
"20","200","1","2","126","0.8333333333333334","0.41353383458646614"
"17","200","1","2","479","1.0303030303030303","0.5112781954887218"
"21","200","1","3","73","0.96","0.32"
"16","200","1","2","479","0.7878787878787878","0.39097744360902253"
"18","200","1","2","312","0.7424242424242424","0.3684210526315789"
"19","200","1","2","132","1","0.49624060150375937"
"20","200","1","2","127","0.8181818181818182","0.40601503759398494"
"21","200","1","3","74","0.88","0.29333333333333333"
"17","200","1","2","480","0.7424242424242424","0.3684210526315789"
"21","200","1","3","75","1.12","0.37333333333333335"
"18","200","1","2","313","0.9393939393939394","0.46616541353383456"
"19","200","1","2","133","0.9545454545454546","0.47368421052631576"
"16","200","1","2","480","0.7424242424242424","0.3684210526315789"
"20","200","1","2","128","0.7727272727272727","0.38345864661654133"
"19","200","1","2","134","0.7878787878787878","0.39097744360902253"
"17","200","1","2","481","0.8181818181818182","0.40601503759398494"
"21","200","1","3","76","0.82","0.2733333333333333"
"18","200","1","2","314","0.9090909090909091","0.45112781954887216"
"16","200","1","2","481","0.8484848484848485","0.42105263157894735"
"19","200","1","2","135","0.6666666666666666","0.3308270676691729"
"20","200","1","2","129","0.9090909090909091","0.45112781954887216"
"21","200","1","3","77","0.88","0.29333333333333333"
"19","200","1","2","136","0.7878787878787878","0.39097744360902253"
"18","200","1","2","315","0.8787878787878788","0.43609022556390975"
"20","200","1","2","130","0.7727272727272727","0.38345864661654133"
"21","200","1","3","78","1","0.3333333333333333"
"17","200","1","2","482","0.8484848484848485","0.42105263157894735"
"19","200","1","2","137","0.9090909090909091","0.45112781954887216"
"16","200","1","2","482","0.7575757575757576","0.37593984962406013"
"21","200","1","3","79","1.12","0.37333333333333335"
"20","200","1","2","131","0.7878787878787878","0.39097744360902253"
"18","200","1","2","316","0.7575757575757576","0.37593984962406013"
"19","200","1","2","138","0.7727272727272727","0.38345864661654133"
"17","200","1","2","483","0.8787878787878788","0.43609022556390975"
"21","200","1","3","80","1.08","0.36"
"20","200","1","2","132","0.8787878787878788","0.43609022556390975"
"19","200","1","2","139","0.8636363636363636","0.42857142857142855"
"16","200","1","2","483","0.7424242424242424","0.3684210526315789"
"18","200","1","2","317","0.7272727272727273","0.3609022556390977"
"21","200","1","3","81","0.84","0.28"
"20","200","1","2","133","0.9393939393939394","0.46616541353383456"
"17","200","1","2","484","0.9393939393939394","0.46616541353383456"
"16","200","1","2","484","0.8484848484848485","0.42105263157894735"
"19","200","1","2","140","0.6818181818181818","0.3383458646616541"
"21","200","1","3","82","1","0.3333333333333333"
"18","200","1","2","318","0.7272727272727273","0.3609022556390977"
"20","200","1","2","134","0.7272727272727273","0.3609022556390977"
"19","200","1","2","141","0.6666666666666666","0.3308270676691729"
"17","200","1","2","485","0.8787878787878788","0.43609022556390975"
"21","200","1","3","83","1.16","0.38666666666666666"
"20","200","1","2","135","0.8333333333333334","0.41353383458646614"
"16","200","1","2","485","0.8333333333333334","0.41353383458646614"
"18","200","1","2","319","0.8333333333333334","0.41353383458646614"
"19","200","1","2","142","0.8333333333333334","0.41353383458646614"
"21","200","1","3","84","0.86","0.2866666666666667"
"20","200","1","2","136","0.9242424242424242","0.45864661654135336"
"19","200","1","2","143","0.9545454545454546","0.47368421052631576"
"18","200","1","2","320","0.9848484848484849","0.48872180451127817"
"17","200","1","2","486","0.7727272727272727","0.38345864661654133"
"16","200","1","2","486","0.7727272727272727","0.38345864661654133"
"21","200","1","3","85","0.72","0.24"
"20","200","1","2","137","0.7878787878787878","0.39097744360902253"
"21","200","1","3","86","1.08","0.36"
"19","200","1","2","144","0.803030303030303","0.39849624060150374"
"18","200","1","2","321","0.8636363636363636","0.42857142857142855"
"16","200","1","2","487","0.803030303030303","0.39849624060150374"
"17","200","1","2","487","0.6818181818181818","0.3383458646616541"
"20","200","1","2","138","0.8939393939393939","0.44360902255639095"
"21","200","1","3","87","1.06","0.35333333333333333"
"19","200","1","2","145","0.9090909090909091","0.45112781954887216"
"21","200","1","3","88","1.06","0.35333333333333333"
"20","200","1","2","139","0.7878787878787878","0.39097744360902253"
"16","200","1","2","488","0.8939393939393939","0.44360902255639095"
"17","200","1","2","488","0.9242424242424242","0.45864661654135336"
"20","200","1","2","140","0.9242424242424242","0.45864661654135336"
"21","200","1","3","89","0.98","0.32666666666666666"
"18","200","1","2","322","0.9848484848484849","0.48872180451127817"
"19","200","1","2","146","1.106060606060606","0.5488721804511278"
"16","200","1","2","489","1","0.49624060150375937"
"20","200","1","2","141","0.7575757575757576","0.37593984962406013"
"21","200","1","3","90","1.12","0.37333333333333335"
"17","200","1","2","489","0.7272727272727273","0.3609022556390977"
"19","200","1","2","147","1.0454545454545454","0.518796992481203"
"18","200","1","2","323","1.0151515151515151","0.5037593984962406"
"20","200","1","2","142","0.8636363636363636","0.42857142857142855"
"21","200","1","3","91","0.96","0.32"
"16","200","1","2","490","0.9242424242424242","0.45864661654135336"
"19","200","1","2","148","0.8636363636363636","0.42857142857142855"
"20","200","1","2","143","0.9242424242424242","0.45864661654135336"
"18","200","1","2","324","0.8484848484848485","0.42105263157894735"
"21","200","1","3","92","1.08","0.36"
"17","200","1","2","490","0.8333333333333334","0.41353383458646614"
"19","200","1","2","149","0.8939393939393939","0.44360902255639095"
"20","200","1","2","144","0.9242424242424242","0.45864661654135336"
"21","200","1","3","93","1.32","0.44"
"19","200","1","2","150","0.8181818181818182","0.40601503759398494"
"16","200","1","2","491","0.7878787878787878","0.39097744360902253"
"18","200","1","2","325","0.9090909090909091","0.45112781954887216"
"17","200","1","2","491","0.8181818181818182","0.40601503759398494"
"20","200","1","2","145","0.8787878787878788","0.43609022556390975"
"21","200","1","3","94","0.74","0.24666666666666667"
"19","200","1","2","151","0.9242424242424242","0.45864661654135336"
"20","200","1","2","146","0.8484848484848485","0.42105263157894735"
"16","200","1","2","492","0.9545454545454546","0.47368421052631576"
"21","200","1","3","95","0.86","0.2866666666666667"
"19","200","1","2","152","0.696969696969697","0.3458646616541353"
"17","200","1","2","492","0.8939393939393939","0.44360902255639095"
"18","200","1","2","326","0.8333333333333334","0.41353383458646614"
"21","200","1","3","96","0.94","0.31333333333333335"
"19","200","1","2","153","0.7727272727272727","0.38345864661654133"
"20","200","1","2","147","0.9242424242424242","0.45864661654135336"
"16","200","1","2","493","1.0454545454545454","0.518796992481203"
"17","200","1","2","493","0.8484848484848485","0.42105263157894735"
"18","200","1","2","327","0.9545454545454546","0.47368421052631576"
"21","200","1","3","97","1.1","0.36666666666666664"
"19","200","1","2","154","0.8636363636363636","0.42857142857142855"
"20","200","1","2","148","0.7727272727272727","0.38345864661654133"
"21","200","1","3","98","1.04","0.3466666666666667"
"19","200","1","2","155","0.9393939393939394","0.46616541353383456"
"17","200","1","2","494","0.8636363636363636","0.42857142857142855"
"18","200","1","2","328","0.6818181818181818","0.3383458646616541"
"16","200","1","2","494","1.0151515151515151","0.5037593984962406"
"21","200","1","3","99","1.2","0.4"
"20","200","1","2","149","0.9696969696969697","0.48120300751879697"
"19","200","1","2","156","1.0151515151515151","0.5037593984962406"
"21","200","1","3","100","1.1","0.36666666666666664"
"20","200","1","2","150","0.9242424242424242","0.45864661654135336"
"18","200","1","2","329","0.9545454545454546","0.47368421052631576"
"19","200","1","2","157","0.8484848484848485","0.42105263157894735"
"17","200","1","2","495","0.8939393939393939","0.44360902255639095"
"16","200","1","2","495","1.0454545454545454","0.518796992481203"
"21","200","1","3","101","1","0.3333333333333333"
"20","200","1","2","151","0.9696969696969697","0.48120300751879697"
"19","200","1","2","158","0.8787878787878788","0.43609022556390975"
"21","200","1","3","102","1.08","0.36"
"18","200","1","2","330","0.9090909090909091","0.45112781954887216"
"20","200","1","2","152","0.8181818181818182","0.40601503759398494"
"16","200","1","2","496","0.9242424242424242","0.45864661654135336"
"19","200","1","2","159","0.8484848484848485","0.42105263157894735"
"17","200","1","2","496","0.7272727272727273","0.3609022556390977"
"21","200","1","3","103","0.82","0.2733333333333333"
"20","200","1","2","153","0.8787878787878788","0.43609022556390975"
"21","200","1","3","104","1.2","0.4"
"19","200","1","2","160","1.121212121212121","0.556390977443609"
"18","200","1","2","331","0.803030303030303","0.39849624060150374"
"16","200","1","2","497","0.9393939393939394","0.46616541353383456"
"21","200","1","3","105","1","0.3333333333333333"
"20","200","1","2","154","0.9696969696969697","0.48120300751879697"
"17","200","1","2","497","0.803030303030303","0.39849624060150374"
"19","200","1","2","161","0.8484848484848485","0.42105263157894735"
"21","200","1","3","106","0.78","0.26"
"19","200","1","2","162","0.7424242424242424","0.3684210526315789"
"20","200","1","2","155","0.9545454545454546","0.47368421052631576"
"18","200","1","2","332","0.9090909090909091","0.45112781954887216"
"16","200","1","2","498","0.8787878787878788","0.43609022556390975"
"21","200","1","3","107","0.74","0.24666666666666667"
"19","200","1","2","163","0.8181818181818182","0.40601503759398494"
"17","200","1","2","498","0.7575757575757576","0.37593984962406013"
"20","200","1","2","156","0.8333333333333334","0.41353383458646614"
"21","200","1","3","108","0.92","0.30666666666666664"
"18","200","1","2","333","0.8636363636363636","0.42857142857142855"
"16","200","1","2","499","0.8484848484848485","0.42105263157894735"
"19","200","1","2","164","0.803030303030303","0.39849624060150374"
"20","200","1","2","157","0.7727272727272727","0.38345864661654133"
"21","200","1","3","109","0.9","0.3"
"17","200","1","2","499","0.9090909090909091","0.45112781954887216"
"21","200","1","3","110","1.02","0.34"
"19","200","1","2","165","1.0454545454545454","0.518796992481203"
"20","200","1","2","158","0.8636363636363636","0.42857142857142855"
"18","200","1","2","334","0.9242424242424242","0.45864661654135336"
"16","200","1","2","500","0.8939393939393939","0.44360902255639095"
"21","200","1","3","111","0.94","0.31333333333333335"
"19","200","1","2","166","0.9696969696969697","0.48120300751879697"
"17","200","1","2","500","0.8787878787878788","0.43609022556390975"
"20","200","1","2","159","0.8787878787878788","0.43609022556390975"
"21","200","1","3","112","1","0.3333333333333333"
"19","200","1","2","167","0.8333333333333334","0.41353383458646614"
"18","200","1","2","335","0.8636363636363636","0.42857142857142855"
"20","200","1","2","160","0.7727272727272727","0.38345864661654133"
"21","200","1","3","113","1.08","0.36"
"23","200","1","3","0","0","0"
"19","200","1","2","168","0.7878787878787878","0.39097744360902253"
"20","200","1","2","161","0.9090909090909091","0.45112781954887216"
"22","200","1","3","0","0","0"
"21","200","1","3","114","0.96","0.32"
"23","200","1","3","1","1.06","0.35333333333333333"
"19","200","1","2","169","0.8636363636363636","0.42857142857142855"
"20","200","1","2","162","0.8181818181818182","0.40601503759398494"
"22","200","1","3","1","0.82","0.2733333333333333"
"21","200","1","3","115","0.9","0.3"
"18","200","1","2","336","0.7424242424242424","0.3684210526315789"
"23","200","1","3","2","1.06","0.35333333333333333"
"22","200","1","3","2","0.78","0.26"
"19","200","1","2","170","0.9545454545454546","0.47368421052631576"
"20","200","1","2","163","0.8636363636363636","0.42857142857142855"
"23","200","1","3","3","1","0.3333333333333333"
"21","200","1","3","116","0.9","0.3"
"19","200","1","2","171","1.0606060606060606","0.5263157894736842"
"23","200","1","3","4","0.82","0.2733333333333333"
"22","200","1","3","3","1","0.3333333333333333"
"21","200","1","3","117","0.98","0.32666666666666666"
"20","200","1","2","164","0.8484848484848485","0.42105263157894735"
"18","200","1","2","337","0.8181818181818182","0.40601503759398494"
"22","200","1","3","4","0.86","0.2866666666666667"
"23","200","1","3","5","0.96","0.32"
"19","200","1","2","172","0.9696969696969697","0.48120300751879697"
"21","200","1","3","118","1.12","0.37333333333333335"
"20","200","1","2","165","0.9696969696969697","0.48120300751879697"
"22","200","1","3","5","1.18","0.3933333333333333"
"23","200","1","3","6","0.96","0.32"
"21","200","1","3","119","1","0.3333333333333333"
"19","200","1","2","173","0.7727272727272727","0.38345864661654133"
"18","200","1","2","338","0.8181818181818182","0.40601503759398494"
"20","200","1","2","166","0.9696969696969697","0.48120300751879697"
"22","200","1","3","6","0.88","0.29333333333333333"
"23","200","1","3","7","0.86","0.2866666666666667"
"22","200","1","3","7","0.86","0.2866666666666667"
"21","200","1","3","120","0.88","0.29333333333333333"
"19","200","1","2","174","0.9393939393939394","0.46616541353383456"
"20","200","1","2","167","1.0454545454545454","0.518796992481203"
"23","200","1","3","8","0.86","0.2866666666666667"
"21","200","1","3","121","0.94","0.31333333333333335"
"22","200","1","3","8","1.04","0.3466666666666667"
"23","200","1","3","9","1.1","0.36666666666666664"
"19","200","1","2","175","0.9545454545454546","0.47368421052631576"
"20","200","1","2","168","1.0303030303030303","0.5112781954887218"
"21","200","1","3","122","0.78","0.26"
"22","200","1","3","9","0.94","0.31333333333333335"
"18","200","1","2","339","0.803030303030303","0.39849624060150374"
"20","200","1","2","169","0.9848484848484849","0.48872180451127817"
"23","200","1","3","10","1.02","0.34"
"19","200","1","2","176","1.0303030303030303","0.5112781954887218"
"21","200","1","3","123","0.86","0.2866666666666667"
"22","200","1","3","10","0.98","0.32666666666666666"
"20","200","1","2","170","0.9545454545454546","0.47368421052631576"
"23","200","1","3","11","1.24","0.41333333333333333"
"19","200","1","2","177","0.8939393939393939","0.44360902255639095"
"21","200","1","3","124","0.96","0.32"
"18","200","1","2","340","0.8939393939393939","0.44360902255639095"
"22","200","1","3","11","0.96","0.32"
"23","200","1","3","12","1.26","0.42"
"20","200","1","2","171","1.0757575757575757","0.5338345864661654"
"19","200","1","2","178","1.0606060606060606","0.5263157894736842"
"21","200","1","3","125","1.02","0.34"
"22","200","1","3","12","1.02","0.34"
"23","200","1","3","13","0.92","0.30666666666666664"
"20","200","1","2","172","0.9545454545454546","0.47368421052631576"
"21","200","1","3","126","0.96","0.32"
"19","200","1","2","179","0.9393939393939394","0.46616541353383456"
"22","200","1","3","13","0.94","0.31333333333333335"
"18","200","1","2","341","0.8636363636363636","0.42857142857142855"
"23","200","1","3","14","0.9","0.3"
"20","200","1","2","173","1.106060606060606","0.5488721804511278"
"22","200","1","3","14","0.92","0.30666666666666664"
"19","200","1","2","180","0.9090909090909091","0.45112781954887216"
"21","200","1","3","127","0.92","0.30666666666666664"
"23","200","1","3","15","0.8","0.26666666666666666"
"22","200","1","3","15","0.98","0.32666666666666666"
"18","200","1","2","342","0.8181818181818182","0.40601503759398494"
"20","200","1","2","174","0.9393939393939394","0.46616541353383456"
"21","200","1","3","128","1.14","0.38"
"19","200","1","2","181","0.803030303030303","0.39849624060150374"
"23","200","1","3","16","0.94","0.31333333333333335"
"22","200","1","3","16","1.04","0.3466666666666667"
"21","200","1","3","129","1.06","0.35333333333333333"
"20","200","1","2","175","0.803030303030303","0.39849624060150374"
"19","200","1","2","182","1","0.49624060150375937"
"18","200","1","2","343","0.8484848484848485","0.42105263157894735"
"23","200","1","3","17","1.02","0.34"
"22","200","1","3","17","0.94","0.31333333333333335"
"21","200","1","3","130","1.08","0.36"
"20","200","1","2","176","0.9848484848484849","0.48872180451127817"
"19","200","1","2","183","0.8787878787878788","0.43609022556390975"
"22","200","1","3","18","1","0.3333333333333333"
"23","200","1","3","18","0.98","0.32666666666666666"
"21","200","1","3","131","0.88","0.29333333333333333"
"18","200","1","2","344","0.8787878787878788","0.43609022556390975"
"20","200","1","2","177","0.9545454545454546","0.47368421052631576"
"22","200","1","3","19","0.92","0.30666666666666664"
"19","200","1","2","184","0.8787878787878788","0.43609022556390975"
"23","200","1","3","19","1.1","0.36666666666666664"
"21","200","1","3","132","0.84","0.28"
"22","200","1","3","20","1.1","0.36666666666666664"
"20","200","1","2","178","0.8484848484848485","0.42105263157894735"
"23","200","1","3","20","1.06","0.35333333333333333"
"18","200","1","2","345","0.7424242424242424","0.3684210526315789"
"19","200","1","2","185","0.8484848484848485","0.42105263157894735"
"21","200","1","3","133","1.1","0.36666666666666664"
"22","200","1","3","21","0.92","0.30666666666666664"
"23","200","1","3","21","1.22","0.4066666666666667"
"20","200","1","2","179","0.7727272727272727","0.38345864661654133"
"21","200","1","3","134","0.98","0.32666666666666666"
"19","200","1","2","186","0.8636363636363636","0.42857142857142855"
"23","200","1","3","22","1.16","0.38666666666666666"
"22","200","1","3","22","1.16","0.38666666666666666"
"20","200","1","2","180","0.8181818181818182","0.40601503759398494"
"18","200","1","2","346","0.8333333333333334","0.41353383458646614"
"21","200","1","3","135","1.06","0.35333333333333333"
"19","200","1","2","187","0.8787878787878788","0.43609022556390975"
"23","200","1","3","23","0.72","0.24"
"22","200","1","3","23","0.9","0.3"
"21","200","1","3","136","0.86","0.2866666666666667"
"20","200","1","2","181","0.8636363636363636","0.42857142857142855"
"19","200","1","2","188","0.803030303030303","0.39849624060150374"
"23","200","1","3","24","0.98","0.32666666666666666"
"18","200","1","2","347","0.9090909090909091","0.45112781954887216"
"22","200","1","3","24","0.96","0.32"
"21","200","1","3","137","0.76","0.25333333333333335"
"20","200","1","2","182","0.7575757575757576","0.37593984962406013"
"19","200","1","2","189","0.6363636363636364","0.3157894736842105"
"23","200","1","3","25","0.8","0.26666666666666666"
"22","200","1","3","25","0.9","0.3"
"21","200","1","3","138","1","0.3333333333333333"
"18","200","1","2","348","0.7575757575757576","0.37593984962406013"
"20","200","1","2","183","1.0454545454545454","0.518796992481203"
"23","200","1","3","26","1","0.3333333333333333"
"19","200","1","2","190","0.7878787878787878","0.39097744360902253"
"22","200","1","3","26","0.98","0.32666666666666666"
"21","200","1","3","139","0.92","0.30666666666666664"
"22","200","1","3","27","1.02","0.34"
"23","200","1","3","27","0.98","0.32666666666666666"
"20","200","1","2","184","0.8636363636363636","0.42857142857142855"
"19","200","1","2","191","0.6363636363636364","0.3157894736842105"
"21","200","1","3","140","0.78","0.26"
"22","200","1","3","28","0.96","0.32"
"18","200","1","2","349","0.7424242424242424","0.3684210526315789"
"23","200","1","3","28","0.88","0.29333333333333333"
"20","200","1","2","185","0.6666666666666666","0.3308270676691729"
"21","200","1","3","141","1.08","0.36"
"22","200","1","3","29","0.9","0.3"
"19","200","1","2","192","0.7878787878787878","0.39097744360902253"
"18","200","1","2","350","0.8939393939393939","0.44360902255639095"
"23","200","1","3","29","0.96","0.32"
"22","200","1","3","30","0.76","0.25333333333333335"
"20","200","1","2","186","0.8939393939393939","0.44360902255639095"
"21","200","1","3","142","1","0.3333333333333333"
"19","200","1","2","193","0.8636363636363636","0.42857142857142855"
"22","200","1","3","31","0.92","0.30666666666666664"
"23","200","1","3","30","1.06","0.35333333333333333"
"20","200","1","2","187","0.9696969696969697","0.48120300751879697"
"21","200","1","3","143","0.8","0.26666666666666666"
"18","200","1","2","351","0.7575757575757576","0.37593984962406013"
"19","200","1","2","194","1","0.49624060150375937"
"22","200","1","3","32","0.96","0.32"
"23","200","1","3","31","0.94","0.31333333333333335"
"21","200","1","3","144","1.08","0.36"
"20","200","1","2","188","0.8484848484848485","0.42105263157894735"
"19","200","1","2","195","0.7575757575757576","0.37593984962406013"
"22","200","1","3","33","0.88","0.29333333333333333"
"23","200","1","3","32","1.04","0.3466666666666667"
"18","200","1","2","352","0.6515151515151515","0.3233082706766917"
"21","200","1","3","145","0.88","0.29333333333333333"
"22","200","1","3","34","0.88","0.29333333333333333"
"20","200","1","2","189","0.9545454545454546","0.47368421052631576"
"23","200","1","3","33","0.92","0.30666666666666664"
"19","200","1","2","196","0.6818181818181818","0.3383458646616541"
"21","200","1","3","146","0.94","0.31333333333333335"
"18","200","1","2","353","0.7272727272727273","0.3609022556390977"
"22","200","1","3","35","0.94","0.31333333333333335"
"20","200","1","2","190","0.6666666666666666","0.3308270676691729"
"23","200","1","3","34","1.02","0.34"
"19","200","1","2","197","0.8333333333333334","0.41353383458646614"
"22","200","1","3","36","0.92","0.30666666666666664"
"21","200","1","3","147","0.98","0.32666666666666666"
"23","200","1","3","35","0.92","0.30666666666666664"
"18","200","1","2","354","0.7727272727272727","0.38345864661654133"
"20","200","1","2","191","0.7424242424242424","0.3684210526315789"
"23","200","1","3","36","0.86","0.2866666666666667"
"20","200","1","2","192","0.9545454545454546","0.47368421052631576"
"22","200","1","3","37","0.86","0.2866666666666667"
"19","200","1","2","198","0.8181818181818182","0.40601503759398494"
"21","200","1","3","148","0.82","0.2733333333333333"
"18","200","1","2","355","0.6212121212121212","0.3082706766917293"
"22","200","1","3","38","1.04","0.3466666666666667"
"23","200","1","3","37","1.02","0.34"
"20","200","1","2","193","0.8484848484848485","0.42105263157894735"
"21","200","1","3","149","0.88","0.29333333333333333"
"19","200","1","2","199","1.0303030303030303","0.5112781954887218"
"22","200","1","3","39","0.96","0.32"
"23","200","1","3","38","0.78","0.26"
"21","200","1","3","150","1.04","0.3466666666666667"
"18","200","1","2","356","0.8181818181818182","0.40601503759398494"
"20","200","1","2","194","0.7727272727272727","0.38345864661654133"
"19","200","1","2","200","0.803030303030303","0.39849624060150374"
"22","200","1","3","40","1.2","0.4"
"23","200","1","3","39","0.86","0.2866666666666667"
"21","200","1","3","151","0.98","0.32666666666666666"
"20","200","1","2","195","0.9090909090909091","0.45112781954887216"
"22","200","1","3","41","1.02","0.34"
"19","200","1","2","201","0.8787878787878788","0.43609022556390975"
"23","200","1","3","40","0.84","0.28"
"18","200","1","2","357","0.7272727272727273","0.3609022556390977"
"20","200","1","2","196","0.7575757575757576","0.37593984962406013"
"21","200","1","3","152","0.92","0.30666666666666664"
"22","200","1","3","42","1.14","0.38"
"19","200","1","2","202","0.9090909090909091","0.45112781954887216"
"23","200","1","3","41","0.9","0.3"
"21","200","1","3","153","0.86","0.2866666666666667"
"22","200","1","3","43","0.86","0.2866666666666667"
"18","200","1","2","358","0.8636363636363636","0.42857142857142855"
"20","200","1","2","197","0.8787878787878788","0.43609022556390975"
"23","200","1","3","42","0.82","0.2733333333333333"
"19","200","1","2","203","0.9393939393939394","0.46616541353383456"
"21","200","1","3","154","1.02","0.34"
"22","200","1","3","44","0.68","0.22666666666666666"
"20","200","1","2","198","0.8636363636363636","0.42857142857142855"
"23","200","1","3","43","0.92","0.30666666666666664"
"19","200","1","2","204","0.7272727272727273","0.3609022556390977"
"22","200","1","3","45","0.76","0.25333333333333335"
"18","200","1","2","359","0.8484848484848485","0.42105263157894735"
"21","200","1","3","155","0.86","0.2866666666666667"
"19","200","1","2","205","0.7424242424242424","0.3684210526315789"
"22","200","1","3","46","0.92","0.30666666666666664"
"20","200","1","2","199","0.8333333333333334","0.41353383458646614"
"23","200","1","3","44","1.06","0.35333333333333333"
"21","200","1","3","156","0.94","0.31333333333333335"
"22","200","1","3","47","0.84","0.28"
"20","200","1","2","200","0.7575757575757576","0.37593984962406013"
"19","200","1","2","206","0.8636363636363636","0.42857142857142855"
"23","200","1","3","45","0.88","0.29333333333333333"
"21","200","1","3","157","0.94","0.31333333333333335"
"22","200","1","3","48","0.82","0.2733333333333333"
"20","200","1","2","201","0.8939393939393939","0.44360902255639095"
"18","200","1","2","360","0.7424242424242424","0.3684210526315789"
"19","200","1","2","207","0.6666666666666666","0.3308270676691729"
"21","200","1","3","158","1","0.3333333333333333"
"23","200","1","3","46","1.02","0.34"
"22","200","1","3","49","0.9","0.3"
"20","200","1","2","202","0.7121212121212122","0.3533834586466165"
"19","200","1","2","208","0.8787878787878788","0.43609022556390975"
"21","200","1","3","159","0.88","0.29333333333333333"
"23","200","1","3","47","1.14","0.38"
"18","200","1","2","361","0.8181818181818182","0.40601503759398494"
"22","200","1","3","50","0.94","0.31333333333333335"
"20","200","1","2","203","0.8333333333333334","0.41353383458646614"
"19","200","1","2","209","0.9090909090909091","0.45112781954887216"
"21","200","1","3","160","1.22","0.4066666666666667"
"22","200","1","3","51","0.6","0.2"
"20","200","1","2","204","0.8939393939393939","0.44360902255639095"
"23","200","1","3","48","1.1","0.36666666666666664"
"18","200","1","2","362","0.803030303030303","0.39849624060150374"
"22","200","1","3","52","0.76","0.25333333333333335"
"20","200","1","2","205","0.7575757575757576","0.37593984962406013"
"19","200","1","2","210","0.9848484848484849","0.48872180451127817"
"21","200","1","3","161","1.08","0.36"
"23","200","1","3","49","1.1","0.36666666666666664"
"22","200","1","3","53","0.92","0.30666666666666664"
"20","200","1","2","206","0.8939393939393939","0.44360902255639095"
"18","200","1","2","363","0.8787878787878788","0.43609022556390975"
"21","200","1","3","162","1.08","0.36"
"19","200","1","2","211","0.7272727272727273","0.3609022556390977"
"23","200","1","3","50","1.1","0.36666666666666664"
"22","200","1","3","54","0.7","0.23333333333333334"
"20","200","1","2","207","0.7121212121212122","0.3533834586466165"
"19","200","1","2","212","0.8181818181818182","0.40601503759398494"
"21","200","1","3","163","0.96","0.32"
"18","200","1","2","364","0.9545454545454546","0.47368421052631576"
"23","200","1","3","51","1.02","0.34"
"22","200","1","3","55","0.86","0.2866666666666667"
"19","200","1","2","213","0.696969696969697","0.3458646616541353"
"20","200","1","2","208","0.6515151515151515","0.3233082706766917"
"21","200","1","3","164","0.88","0.29333333333333333"
"23","200","1","3","52","1.08","0.36"
"20","200","1","2","209","0.8181818181818182","0.40601503759398494"
"21","200","1","3","165","1","0.3333333333333333"
"19","200","1","2","214","0.8181818181818182","0.40601503759398494"
"18","200","1","2","365","0.8939393939393939","0.44360902255639095"
"22","200","1","3","56","1.06","0.35333333333333333"
"21","200","1","3","166","0.96","0.32"
"23","200","1","3","53","0.92","0.30666666666666664"
"20","200","1","2","210","0.803030303030303","0.39849624060150374"
"19","200","1","2","215","0.8181818181818182","0.40601503759398494"
"22","200","1","3","57","0.98","0.32666666666666666"
"20","200","1","2","211","0.7424242424242424","0.3684210526315789"
"23","200","1","3","54","1","0.3333333333333333"
"21","200","1","3","167","0.84","0.28"
"18","200","1","2","366","0.8787878787878788","0.43609022556390975"
"19","200","1","2","216","0.6212121212121212","0.3082706766917293"
"22","200","1","3","58","0.9","0.3"
"23","200","1","3","55","0.86","0.2866666666666667"
"20","200","1","2","212","0.7878787878787878","0.39097744360902253"
"21","200","1","3","168","1.04","0.3466666666666667"
"19","200","1","2","217","0.7121212121212122","0.3533834586466165"
"22","200","1","3","59","0.96","0.32"
"23","200","1","3","56","0.9","0.3"
"18","200","1","2","367","0.7575757575757576","0.37593984962406013"
"21","200","1","3","169","0.98","0.32666666666666666"
"19","200","1","2","218","0.8636363636363636","0.42857142857142855"
"22","200","1","3","60","0.78","0.26"
"21","200","1","3","170","0.8","0.26666666666666666"
"23","200","1","3","57","0.98","0.32666666666666666"
"19","200","1","2","219","0.9696969696969697","0.48120300751879697"
"22","200","1","3","61","0.82","0.2733333333333333"
"23","200","1","3","58","0.96","0.32"
"21","200","1","3","171","0.82","0.2733333333333333"
"18","200","1","2","368","0.9090909090909091","0.45112781954887216"
"22","200","1","3","62","0.9","0.3"
"19","200","1","2","220","0.8333333333333334","0.41353383458646614"
"23","200","1","3","59","0.88","0.29333333333333333"
"21","200","1","3","172","0.84","0.28"
"22","200","1","3","63","0.86","0.2866666666666667"
"23","200","1","3","60","1.04","0.3466666666666667"
"18","200","1","2","369","0.8636363636363636","0.42857142857142855"
"19","200","1","2","221","0.9545454545454546","0.47368421052631576"
"21","200","1","3","173","0.84","0.28"
"23","200","1","3","61","1.04","0.3466666666666667"
"22","200","1","3","64","0.8","0.26666666666666666"
"19","200","1","2","222","1.0151515151515151","0.5037593984962406"
"22","200","1","3","65","0.88","0.29333333333333333"
"21","200","1","3","174","0.82","0.2733333333333333"
"18","200","1","2","370","0.9242424242424242","0.45864661654135336"
"23","200","1","3","62","1.02","0.34"
"22","200","1","3","66","0.96","0.32"
"21","200","1","3","175","1","0.3333333333333333"
"19","200","1","2","223","1.0151515151515151","0.5037593984962406"
"23","200","1","3","63","1","0.3333333333333333"
"22","200","1","3","67","0.86","0.2866666666666667"
"18","200","1","2","371","0.8636363636363636","0.42857142857142855"
"21","200","1","3","176","1.04","0.3466666666666667"
"23","200","1","3","64","1.12","0.37333333333333335"
"22","200","1","3","68","0.98","0.32666666666666666"
"19","200","1","2","224","0.9545454545454546","0.47368421052631576"
"21","200","1","3","177","0.98","0.32666666666666666"
"18","200","1","2","372","0.9242424242424242","0.45864661654135336"
"19","200","1","2","225","0.9545454545454546","0.47368421052631576"
"22","200","1","3","69","0.86","0.2866666666666667"
"21","200","1","3","178","0.96","0.32"
"23","200","1","3","65","0.88","0.29333333333333333"
"19","200","1","2","226","0.8484848484848485","0.42105263157894735"
"22","200","1","3","70","1.06","0.35333333333333333"
"23","200","1","3","66","1.02","0.34"
"18","200","1","2","373","0.8787878787878788","0.43609022556390975"
"21","200","1","3","179","1.16","0.38666666666666666"
"23","200","1","3","67","1.02","0.34"
"22","200","1","3","71","1.06","0.35333333333333333"
"19","200","1","2","227","0.7727272727272727","0.38345864661654133"
"21","200","1","3","180","0.74","0.24666666666666667"
"22","200","1","3","72","0.96","0.32"
"23","200","1","3","68","1.08","0.36"
"18","200","1","2","374","1.0303030303030303","0.5112781954887218"
"19","200","1","2","228","0.9848484848484849","0.48872180451127817"
"22","200","1","3","73","0.88","0.29333333333333333"
"23","200","1","3","69","1.18","0.3933333333333333"
"21","200","1","3","181","1","0.3333333333333333"
"18","200","1","2","375","0.8787878787878788","0.43609022556390975"
"23","200","1","3","70","1.16","0.38666666666666666"
"22","200","1","3","74","1.32","0.44"
"19","200","1","2","229","0.9848484848484849","0.48872180451127817"
"21","200","1","3","182","1.18","0.3933333333333333"
"22","200","1","3","75","1.06","0.35333333333333333"
"23","200","1","3","71","0.98","0.32666666666666666"
"18","200","1","2","376","1","0.49624060150375937"
"19","200","1","2","230","0.7121212121212122","0.3533834586466165"
"21","200","1","3","183","1.1","0.36666666666666664"
"23","200","1","3","72","1.04","0.3466666666666667"
"22","200","1","3","76","1.24","0.41333333333333333"
"21","200","1","3","184","0.96","0.32"
"19","200","1","2","231","0.7575757575757576","0.37593984962406013"
"18","200","1","2","377","1","0.49624060150375937"
"23","200","1","3","73","1.02","0.34"
"22","200","1","3","77","0.88","0.29333333333333333"
"21","200","1","3","185","1.14","0.38"
"19","200","1","2","232","0.8333333333333334","0.41353383458646614"
"18","200","1","2","378","0.8787878787878788","0.43609022556390975"
"22","200","1","3","78","0.98","0.32666666666666666"
"23","200","1","3","74","0.88","0.29333333333333333"
"21","200","1","3","186","0.88","0.29333333333333333"
"19","200","1","2","233","0.9090909090909091","0.45112781954887216"
"23","200","1","3","75","1.04","0.3466666666666667"
"22","200","1","3","79","0.98","0.32666666666666666"
"20","200","1","2","213","0.8484848484848485","0.42105263157894735"
"21","200","1","3","187","0.92","0.30666666666666664"
"19","200","1","2","234","0.9696969696969697","0.48120300751879697"
"22","200","1","3","80","0.84","0.28"
"23","200","1","3","76","1.02","0.34"
"20","200","1","2","214","1.0454545454545454","0.518796992481203"
"21","200","1","3","188","1.04","0.3466666666666667"
"18","200","1","2","379","1.0757575757575757","0.5338345864661654"
"21","200","1","3","189","0.86","0.2866666666666667"
"23","200","1","3","77","0.76","0.25333333333333335"
"19","200","1","2","235","0.8333333333333334","0.41353383458646614"
"22","200","1","3","81","0.76","0.25333333333333335"
"20","200","1","2","215","0.803030303030303","0.39849624060150374"
"22","200","1","3","82","0.82","0.2733333333333333"
"21","200","1","3","190","0.68","0.22666666666666666"
"19","200","1","2","236","0.7727272727272727","0.38345864661654133"
"23","200","1","3","78","1.14","0.38"
"18","200","1","2","380","0.9545454545454546","0.47368421052631576"
"20","200","1","2","216","0.8939393939393939","0.44360902255639095"
"22","200","1","3","83","0.96","0.32"
"19","200","1","2","237","0.7727272727272727","0.38345864661654133"
"21","200","1","3","191","0.72","0.24"
"23","200","1","3","79","1.28","0.4266666666666667"
"18","200","1","2","381","0.8484848484848485","0.42105263157894735"
"20","200","1","2","217","0.7727272727272727","0.38345864661654133"
"22","200","1","3","84","0.8","0.26666666666666666"
"23","200","1","3","80","1.4","0.4666666666666667"
"21","200","1","3","192","0.88","0.29333333333333333"
"19","200","1","2","238","0.9696969696969697","0.48120300751879697"
"20","200","1","2","218","0.9393939393939394","0.46616541353383456"
"22","200","1","3","85","1.1","0.36666666666666664"
"18","200","1","2","382","0.8333333333333334","0.41353383458646614"
"21","200","1","3","193","0.78","0.26"
"23","200","1","3","81","1.32","0.44"
"19","200","1","2","239","0.9545454545454546","0.47368421052631576"
"20","200","1","2","219","0.8939393939393939","0.44360902255639095"
"22","200","1","3","86","1.16","0.38666666666666666"
"21","200","1","3","194","1.02","0.34"
"23","200","1","3","82","1","0.3333333333333333"
"18","200","1","2","383","0.5909090909090909","0.2932330827067669"
"19","200","1","2","240","0.9090909090909091","0.45112781954887216"
"20","200","1","2","220","0.7575757575757576","0.37593984962406013"
"22","200","1","3","87","0.98","0.32666666666666666"
"21","200","1","3","195","1","0.3333333333333333"
"23","200","1","3","83","1.04","0.3466666666666667"
"19","200","1","2","241","0.8484848484848485","0.42105263157894735"
"22","200","1","3","88","0.84","0.28"
"18","200","1","2","384","0.8484848484848485","0.42105263157894735"
"20","200","1","2","221","0.9848484848484849","0.48872180451127817"
"23","200","1","3","84","1.14","0.38"
"21","200","1","3","196","1.08","0.36"
"19","200","1","2","242","0.8939393939393939","0.44360902255639095"
"22","200","1","3","89","0.9","0.3"
"23","200","1","3","85","1.12","0.37333333333333335"
"20","200","1","2","222","0.9090909090909091","0.45112781954887216"
"21","200","1","3","197","1.1","0.36666666666666664"
"18","200","1","2","385","0.7878787878787878","0.39097744360902253"
"22","200","1","3","90","0.88","0.29333333333333333"
"19","200","1","2","243","0.9090909090909091","0.45112781954887216"
"21","200","1","3","198","0.76","0.25333333333333335"
"23","200","1","3","86","0.88","0.29333333333333333"
"20","200","1","2","223","0.8484848484848485","0.42105263157894735"
"22","200","1","3","91","0.9","0.3"
"19","200","1","2","244","0.9393939393939394","0.46616541353383456"
"18","200","1","2","386","0.7424242424242424","0.3684210526315789"
"22","200","1","3","92","0.88","0.29333333333333333"
"23","200","1","3","87","0.86","0.2866666666666667"
"21","200","1","3","199","1.02","0.34"
"20","200","1","2","224","0.9242424242424242","0.45864661654135336"
"19","200","1","2","245","0.9090909090909091","0.45112781954887216"
"21","200","1","3","200","0.88","0.29333333333333333"
"23","200","1","3","88","0.9","0.3"
"22","200","1","3","93","0.94","0.31333333333333335"
"20","200","1","2","225","0.9242424242424242","0.45864661654135336"
"18","200","1","2","387","0.7727272727272727","0.38345864661654133"
"19","200","1","2","246","0.8787878787878788","0.43609022556390975"
"23","200","1","3","89","1.02","0.34"
"20","200","1","2","226","0.7424242424242424","0.3684210526315789"
"22","200","1","3","94","0.92","0.30666666666666664"
"21","200","1","3","201","1.06","0.35333333333333333"
"23","200","1","3","90","0.92","0.30666666666666664"
"19","200","1","2","247","1.0151515151515151","0.5037593984962406"
"18","200","1","2","388","0.803030303030303","0.39849624060150374"
"22","200","1","3","95","1.08","0.36"
"20","200","1","2","227","0.8181818181818182","0.40601503759398494"
"21","200","1","3","202","1.22","0.4066666666666667"
"19","200","1","2","248","0.8939393939393939","0.44360902255639095"
"23","200","1","3","91","0.92","0.30666666666666664"
"22","200","1","3","96","0.88","0.29333333333333333"
"20","200","1","2","228","0.8484848484848485","0.42105263157894735"
"21","200","1","3","203","1.22","0.4066666666666667"
"23","200","1","3","92","0.86","0.2866666666666667"
"18","200","1","2","389","0.7424242424242424","0.3684210526315789"
"19","200","1","2","249","0.9696969696969697","0.48120300751879697"
"22","200","1","3","97","1.12","0.37333333333333335"
"23","200","1","3","93","1.06","0.35333333333333333"
"21","200","1","3","204","1.12","0.37333333333333335"
"19","200","1","2","250","0.9545454545454546","0.47368421052631576"
"20","200","1","2","229","0.7272727272727273","0.3609022556390977"
"18","200","1","2","390","0.8181818181818182","0.40601503759398494"
"22","200","1","3","98","1.08","0.36"
"23","200","1","3","94","1.16","0.38666666666666666"
"21","200","1","3","205","1.02","0.34"
"20","200","1","2","230","0.7424242424242424","0.3684210526315789"
"22","200","1","3","99","0.9","0.3"
"19","200","1","2","251","1.0151515151515151","0.5037593984962406"
"23","200","1","3","95","1.06","0.35333333333333333"
"18","200","1","2","391","0.696969696969697","0.3458646616541353"
"21","200","1","3","206","0.98","0.32666666666666666"
"19","200","1","2","252","0.9848484848484849","0.48872180451127817"
"22","200","1","3","100","1.1","0.36666666666666664"
"23","200","1","3","96","1.06","0.35333333333333333"
"20","200","1","2","231","0.6515151515151515","0.3233082706766917"
"19","200","1","2","253","0.7878787878787878","0.39097744360902253"
"23","200","1","3","97","0.94","0.31333333333333335"
"18","200","1","2","392","0.9090909090909091","0.45112781954887216"
"20","200","1","2","232","0.7878787878787878","0.39097744360902253"
"22","200","1","3","101","0.94","0.31333333333333335"
"21","200","1","3","207","0.96","0.32"
"21","200","1","3","208","1","0.3333333333333333"
"23","200","1","3","98","1.12","0.37333333333333335"
"22","200","1","3","102","1","0.3333333333333333"
"19","200","1","2","254","1.0303030303030303","0.5112781954887218"
"20","200","1","2","233","0.6818181818181818","0.3383458646616541"
"18","200","1","2","393","1","0.49624060150375937"
"21","200","1","3","209","0.98","0.32666666666666666"
"23","200","1","3","99","1.12","0.37333333333333335"
"22","200","1","3","103","0.74","0.24666666666666667"
"21","200","1","3","210","1.04","0.3466666666666667"
"19","200","1","2","255","1.0606060606060606","0.5263157894736842"
"20","200","1","2","234","0.8333333333333334","0.41353383458646614"
"18","200","1","2","394","0.7878787878787878","0.39097744360902253"
"23","200","1","3","100","1.04","0.3466666666666667"
"22","200","1","3","104","0.74","0.24666666666666667"
"20","200","1","2","235","0.9545454545454546","0.47368421052631576"
"21","200","1","3","211","1.04","0.3466666666666667"
"19","200","1","2","256","0.9696969696969697","0.48120300751879697"
"22","200","1","3","105","0.8","0.26666666666666666"
"23","200","1","3","101","1.08","0.36"
"20","200","1","2","236","1.0757575757575757","0.5338345864661654"
"18","200","1","2","395","0.8181818181818182","0.40601503759398494"
"21","200","1","3","212","0.88","0.29333333333333333"
"19","200","1","2","257","0.8787878787878788","0.43609022556390975"
"22","200","1","3","106","0.84","0.28"
"23","200","1","3","102","1.3","0.43333333333333335"
"20","200","1","2","237","0.9090909090909091","0.45112781954887216"
"23","200","1","3","103","1.28","0.4266666666666667"
"21","200","1","3","213","0.86","0.2866666666666667"
"18","200","1","2","396","1.0303030303030303","0.5112781954887218"
"22","200","1","3","107","0.9","0.3"
"19","200","1","2","258","0.7121212121212122","0.3533834586466165"
"20","200","1","2","238","0.9242424242424242","0.45864661654135336"
"23","200","1","3","104","1.22","0.4066666666666667"
"22","200","1","3","108","0.82","0.2733333333333333"
"21","200","1","3","214","0.9","0.3"
"19","200","1","2","259","0.9242424242424242","0.45864661654135336"
"22","200","1","3","109","0.88","0.29333333333333333"
"23","200","1","3","105","1.02","0.34"
"20","200","1","2","239","0.8787878787878788","0.43609022556390975"
"21","200","1","3","215","0.88","0.29333333333333333"
"19","200","1","2","260","0.9848484848484849","0.48872180451127817"
"18","200","1","2","397","0.9090909090909091","0.45112781954887216"
"20","200","1","2","240","0.803030303030303","0.39849624060150374"
"22","200","1","3","110","1.02","0.34"
"23","200","1","3","106","0.94","0.31333333333333335"
"21","200","1","3","216","0.72","0.24"
"19","200","1","2","261","0.9090909090909091","0.45112781954887216"
"22","200","1","3","111","1","0.3333333333333333"
"23","200","1","3","107","0.96","0.32"
"20","200","1","2","241","0.9242424242424242","0.45864661654135336"
"19","200","1","2","262","1.106060606060606","0.5488721804511278"
"21","200","1","3","217","0.78","0.26"
"18","200","1","2","398","0.8333333333333334","0.41353383458646614"
"23","200","1","3","108","0.86","0.2866666666666667"
"22","200","1","3","112","1.02","0.34"
"20","200","1","2","242","0.8636363636363636","0.42857142857142855"
"19","200","1","2","263","1.121212121212121","0.556390977443609"
"22","200","1","3","113","0.88","0.29333333333333333"
"21","200","1","3","218","0.96","0.32"
"18","200","1","2","399","0.8484848484848485","0.42105263157894735"
"20","200","1","2","243","0.7575757575757576","0.37593984962406013"
"23","200","1","3","109","1.02","0.34"
"19","200","1","2","264","0.9696969696969697","0.48120300751879697"
"22","200","1","3","114","0.72","0.24"
"21","200","1","3","219","0.88","0.29333333333333333"
"20","200","1","2","244","0.9242424242424242","0.45864661654135336"
"23","200","1","3","110","1.04","0.3466666666666667"
"19","200","1","2","265","1","0.49624060150375937"
"22","200","1","3","115","0.9","0.3"
"18","200","1","2","400","1.0909090909090908","0.5413533834586466"
"21","200","1","3","220","0.84","0.28"
"20","200","1","2","245","0.9545454545454546","0.47368421052631576"
"23","200","1","3","111","1","0.3333333333333333"
"19","200","1","2","266","0.7727272727272727","0.38345864661654133"
"22","200","1","3","116","1.06","0.35333333333333333"
"21","200","1","3","221","0.9","0.3"
"18","200","1","2","401","0.9090909090909091","0.45112781954887216"
"20","200","1","2","246","0.9090909090909091","0.45112781954887216"
"23","200","1","3","112","0.98","0.32666666666666666"
"19","200","1","2","267","0.7878787878787878","0.39097744360902253"
"22","200","1","3","117","0.96","0.32"
"21","200","1","3","222","0.86","0.2866666666666667"
"22","200","1","3","118","0.98","0.32666666666666666"
"20","200","1","2","247","0.9090909090909091","0.45112781954887216"
"23","200","1","3","113","1.04","0.3466666666666667"
"19","200","1","2","268","1","0.49624060150375937"
"18","200","1","2","402","0.8787878787878788","0.43609022556390975"
"21","200","1","3","223","0.86","0.2866666666666667"
"22","200","1","3","119","0.84","0.28"
"23","200","1","3","114","1","0.3333333333333333"
"20","200","1","2","248","0.8484848484848485","0.42105263157894735"
"21","200","1","3","224","0.98","0.32666666666666666"
"19","200","1","2","269","0.8484848484848485","0.42105263157894735"
"22","200","1","3","120","0.88","0.29333333333333333"
"18","200","1","2","403","1","0.49624060150375937"
"23","200","1","3","115","0.94","0.31333333333333335"
"21","200","1","3","225","0.94","0.31333333333333335"
"19","200","1","2","270","0.8636363636363636","0.42857142857142855"
"20","200","1","2","249","0.8636363636363636","0.42857142857142855"
"22","200","1","3","121","0.8","0.26666666666666666"
"23","200","1","3","116","1.02","0.34"
"20","200","1","2","250","0.7878787878787878","0.39097744360902253"
"19","200","1","2","271","1","0.49624060150375937"
"21","200","1","3","226","0.98","0.32666666666666666"
"22","200","1","3","122","0.88","0.29333333333333333"
"18","200","1","2","404","0.8939393939393939","0.44360902255639095"
"23","200","1","3","117","0.84","0.28"
"20","200","1","2","251","0.6212121212121212","0.3082706766917293"
"19","200","1","2","272","0.9545454545454546","0.47368421052631576"
"22","200","1","3","123","0.88","0.29333333333333333"
"21","200","1","3","227","0.92","0.30666666666666664"
"18","200","1","2","405","0.7575757575757576","0.37593984962406013"
"22","200","1","3","124","0.82","0.2733333333333333"
"23","200","1","3","118","0.78","0.26"
"19","200","1","2","273","0.9242424242424242","0.45864661654135336"
"20","200","1","2","252","0.7272727272727273","0.3609022556390977"
"21","200","1","3","228","0.9","0.3"
"22","200","1","3","125","0.84","0.28"
"23","200","1","3","119","0.88","0.29333333333333333"
"18","200","1","2","406","0.6818181818181818","0.3383458646616541"
"20","200","1","2","253","0.7575757575757576","0.37593984962406013"
"19","200","1","2","274","0.8484848484848485","0.42105263157894735"
"21","200","1","3","229","1.08","0.36"
"22","200","1","3","126","0.84","0.28"
"23","200","1","3","120","0.9","0.3"
"20","200","1","2","254","0.803030303030303","0.39849624060150374"
"21","200","1","3","230","1.2","0.4"
"22","200","1","3","127","0.88","0.29333333333333333"
"18","200","1","2","407","0.6212121212121212","0.3082706766917293"
"19","200","1","2","275","0.7424242424242424","0.3684210526315789"
"23","200","1","3","121","1.12","0.37333333333333335"
"19","200","1","2","276","0.8787878787878788","0.43609022556390975"
"21","200","1","3","231","1.14","0.38"
"20","200","1","2","255","0.8484848484848485","0.42105263157894735"
"22","200","1","3","128","0.94","0.31333333333333335"
"23","200","1","3","122","1.16","0.38666666666666666"
"18","200","1","2","408","0.7575757575757576","0.37593984962406013"
"21","200","1","3","232","1.28","0.4266666666666667"
"19","200","1","2","277","0.8333333333333334","0.41353383458646614"
"22","200","1","3","129","0.74","0.24666666666666667"
"20","200","1","2","256","0.8484848484848485","0.42105263157894735"
"23","200","1","3","123","1","0.3333333333333333"
"21","200","1","3","233","0.84","0.28"
"19","200","1","2","278","0.803030303030303","0.39849624060150374"
"20","200","1","2","257","1","0.49624060150375937"
"22","200","1","3","130","0.9","0.3"
"18","200","1","2","409","0.8181818181818182","0.40601503759398494"
"23","200","1","3","124","1","0.3333333333333333"
"21","200","1","3","234","1.1","0.36666666666666664"
"23","200","1","3","125","1","0.3333333333333333"
"19","200","1","2","279","0.8636363636363636","0.42857142857142855"
"20","200","1","2","258","0.8939393939393939","0.44360902255639095"
"22","200","1","3","131","0.86","0.2866666666666667"
"18","200","1","2","410","0.7272727272727273","0.3609022556390977"
"21","200","1","3","235","0.94","0.31333333333333335"
"19","200","1","2","280","0.8787878787878788","0.43609022556390975"
"22","200","1","3","132","0.86","0.2866666666666667"
"20","200","1","2","259","0.8636363636363636","0.42857142857142855"
"23","200","1","3","126","0.9","0.3"
"21","200","1","3","236","1.24","0.41333333333333333"
"18","200","1","2","411","0.7121212121212122","0.3533834586466165"
"22","200","1","3","133","0.94","0.31333333333333335"
"20","200","1","2","260","0.6666666666666666","0.3308270676691729"
"19","200","1","2","281","0.8787878787878788","0.43609022556390975"
"23","200","1","3","127","0.94","0.31333333333333335"
"19","200","1","2","282","0.9545454545454546","0.47368421052631576"
"21","200","1","3","237","0.86","0.2866666666666667"
"22","200","1","3","134","0.86","0.2866666666666667"
"23","200","1","3","128","0.98","0.32666666666666666"
"20","200","1","2","261","0.6363636363636364","0.3157894736842105"
"18","200","1","2","412","0.9242424242424242","0.45864661654135336"
"19","200","1","2","283","1.0454545454545454","0.518796992481203"
"21","200","1","3","238","1.12","0.37333333333333335"
"22","200","1","3","135","0.8","0.26666666666666666"
"23","200","1","3","129","1.04","0.3466666666666667"
"20","200","1","2","262","0.7424242424242424","0.3684210526315789"
"22","200","1","3","136","0.92","0.30666666666666664"
"21","200","1","3","239","1.26","0.42"
"18","200","1","2","413","0.8787878787878788","0.43609022556390975"
"23","200","1","3","130","0.9","0.3"
"19","200","1","2","284","0.803030303030303","0.39849624060150374"
"22","200","1","3","137","0.94","0.31333333333333335"
"20","200","1","2","263","0.9242424242424242","0.45864661654135336"
"21","200","1","3","240","1.04","0.3466666666666667"
"23","200","1","3","131","1.1","0.36666666666666664"
"19","200","1","2","285","0.8484848484848485","0.42105263157894735"
"22","200","1","3","138","0.84","0.28"
"20","200","1","2","264","0.8181818181818182","0.40601503759398494"
"21","200","1","3","241","0.8","0.26666666666666666"
"23","200","1","3","132","0.98","0.32666666666666666"
"18","200","1","2","414","0.9545454545454546","0.47368421052631576"
"19","200","1","2","286","0.8787878787878788","0.43609022556390975"
"21","200","1","3","242","0.96","0.32"
"22","200","1","3","139","1.1","0.36666666666666664"
"23","200","1","3","133","1.12","0.37333333333333335"
"20","200","1","2","265","0.7727272727272727","0.38345864661654133"
"21","200","1","3","243","0.84","0.28"
"22","200","1","3","140","1.1","0.36666666666666664"
"23","200","1","3","134","0.9","0.3"
"19","200","1","2","287","1","0.49624060150375937"
"18","200","1","2","415","0.696969696969697","0.3458646616541353"
"20","200","1","2","266","0.9242424242424242","0.45864661654135336"
"23","200","1","3","135","0.9","0.3"
"22","200","1","3","141","1.08","0.36"
"21","200","1","3","244","0.86","0.2866666666666667"
"19","200","1","2","288","0.9848484848484849","0.48872180451127817"
"18","200","1","2","416","0.9242424242424242","0.45864661654135336"
"20","200","1","2","267","0.9242424242424242","0.45864661654135336"
"22","200","1","3","142","1.02","0.34"
"21","200","1","3","245","1.24","0.41333333333333333"
"23","200","1","3","136","0.86","0.2866666666666667"
"20","200","1","2","268","0.9090909090909091","0.45112781954887216"
"19","200","1","2","289","0.803030303030303","0.39849624060150374"
"21","200","1","3","246","1.08","0.36"
"22","200","1","3","143","1.1","0.36666666666666664"
"23","200","1","3","137","0.86","0.2866666666666667"
"18","200","1","2","417","0.9393939393939394","0.46616541353383456"
"20","200","1","2","269","1.0303030303030303","0.5112781954887218"
"19","200","1","2","290","0.8939393939393939","0.44360902255639095"
"22","200","1","3","144","1.12","0.37333333333333335"
"23","200","1","3","138","0.86","0.2866666666666667"
"21","200","1","3","247","0.9","0.3"
"18","200","1","2","418","1.0454545454545454","0.518796992481203"
"20","200","1","2","270","0.9696969696969697","0.48120300751879697"
"21","200","1","3","248","1.16","0.38666666666666666"
"19","200","1","2","291","0.8333333333333334","0.41353383458646614"
"22","200","1","3","145","1.08","0.36"
"23","200","1","3","139","0.76","0.25333333333333335"
"23","200","1","3","140","1","0.3333333333333333"
"19","200","1","2","292","0.9393939393939394","0.46616541353383456"
"20","200","1","2","271","0.7727272727272727","0.38345864661654133"
"22","200","1","3","146","0.94","0.31333333333333335"
"21","200","1","3","249","1.04","0.3466666666666667"
"18","200","1","2","419","0.9242424242424242","0.45864661654135336"
"23","200","1","3","141","0.78","0.26"
"22","200","1","3","147","0.96","0.32"
"20","200","1","2","272","0.803030303030303","0.39849624060150374"
"19","200","1","2","293","0.8333333333333334","0.41353383458646614"
"21","200","1","3","250","0.94","0.31333333333333335"
"21","200","1","3","251","0.92","0.30666666666666664"
"23","200","1","3","142","0.82","0.2733333333333333"
"22","200","1","3","148","0.9","0.3"
"18","200","1","2","420","0.8939393939393939","0.44360902255639095"
"20","200","1","2","273","0.6818181818181818","0.3383458646616541"
"19","200","1","2","294","0.8636363636363636","0.42857142857142855"
"23","200","1","3","143","0.96","0.32"
"21","200","1","3","252","1.14","0.38"
"22","200","1","3","149","0.84","0.28"
"18","200","1","2","421","0.8484848484848485","0.42105263157894735"
"20","200","1","2","274","0.7272727272727273","0.3609022556390977"
"19","200","1","2","295","0.9696969696969697","0.48120300751879697"
"22","200","1","3","150","0.96","0.32"
"23","200","1","3","144","1.06","0.35333333333333333"
"20","200","1","2","275","0.7272727272727273","0.3609022556390977"
"21","200","1","3","253","0.98","0.32666666666666666"
"19","200","1","2","296","0.8181818181818182","0.40601503759398494"
"18","200","1","2","422","1","0.49624060150375937"
"23","200","1","3","145","0.98","0.32666666666666666"
"22","200","1","3","151","1.04","0.3466666666666667"
"21","200","1","3","254","0.88","0.29333333333333333"
"19","200","1","2","297","0.8333333333333334","0.41353383458646614"
"20","200","1","2","276","1.121212121212121","0.556390977443609"
"18","200","1","2","423","0.8636363636363636","0.42857142857142855"
"23","200","1","3","146","1.06","0.35333333333333333"
"22","200","1","3","152","1.04","0.3466666666666667"
"20","200","1","2","277","0.8181818181818182","0.40601503759398494"
"21","200","1","3","255","0.74","0.24666666666666667"
"19","200","1","2","298","0.8939393939393939","0.44360902255639095"
"23","200","1","3","147","0.84","0.28"
"22","200","1","3","153","0.86","0.2866666666666667"
"18","200","1","2","424","0.9696969696969697","0.48120300751879697"
"20","200","1","2","278","0.8787878787878788","0.43609022556390975"
"21","200","1","3","256","0.82","0.2733333333333333"
"19","200","1","2","299","0.9696969696969697","0.48120300751879697"
"22","200","1","3","154","0.92","0.30666666666666664"
"23","200","1","3","148","0.94","0.31333333333333335"
"20","200","1","2","279","0.7575757575757576","0.37593984962406013"
"18","200","1","2","425","0.7727272727272727","0.38345864661654133"
"21","200","1","3","257","0.84","0.28"
"19","200","1","2","300","0.9696969696969697","0.48120300751879697"
"23","200","1","3","149","1.2","0.4"
"22","200","1","3","155","0.98","0.32666666666666666"
"20","200","1","2","280","0.7727272727272727","0.38345864661654133"
"18","200","1","2","426","0.803030303030303","0.39849624060150374"
"21","200","1","3","258","0.92","0.30666666666666664"
"19","200","1","2","301","0.9545454545454546","0.47368421052631576"
"23","200","1","3","150","1.24","0.41333333333333333"
"22","200","1","3","156","0.88","0.29333333333333333"
"20","200","1","2","281","0.7121212121212122","0.3533834586466165"
"23","200","1","3","151","1.3","0.43333333333333335"
"21","200","1","3","259","0.92","0.30666666666666664"
"19","200","1","2","302","0.8484848484848485","0.42105263157894735"
"22","200","1","3","157","0.88","0.29333333333333333"
"18","200","1","2","427","0.7424242424242424","0.3684210526315789"
"20","200","1","2","282","0.8333333333333334","0.41353383458646614"
"23","200","1","3","152","1.26","0.42"
"21","200","1","3","260","1.02","0.34"
"22","200","1","3","158","0.72","0.24"
"19","200","1","2","303","0.9848484848484849","0.48872180451127817"
"23","200","1","3","153","1.06","0.35333333333333333"
"20","200","1","2","283","0.8787878787878788","0.43609022556390975"
"18","200","1","2","428","1.0303030303030303","0.5112781954887218"
"22","200","1","3","159","0.8","0.26666666666666666"
"21","200","1","3","261","1.04","0.3466666666666667"
"19","200","1","2","304","0.8181818181818182","0.40601503759398494"
"23","200","1","3","154","1.26","0.42"
"20","200","1","2","284","1.0454545454545454","0.518796992481203"
"19","200","1","2","305","0.7727272727272727","0.38345864661654133"
"22","200","1","3","160","0.88","0.29333333333333333"
"21","200","1","3","262","1.12","0.37333333333333335"
"18","200","1","2","429","0.8939393939393939","0.44360902255639095"
"23","200","1","3","155","1.06","0.35333333333333333"
"20","200","1","2","285","0.8333333333333334","0.41353383458646614"
"22","200","1","3","161","0.98","0.32666666666666666"
"19","200","1","2","306","0.8636363636363636","0.42857142857142855"
"21","200","1","3","263","1.08","0.36"
"23","200","1","3","156","0.94","0.31333333333333335"
"20","200","1","2","286","0.8484848484848485","0.42105263157894735"
"18","200","1","2","430","0.9090909090909091","0.45112781954887216"
"22","200","1","3","162","0.96","0.32"
"21","200","1","3","264","1.14","0.38"
"23","200","1","3","157","0.84","0.28"
"19","200","1","2","307","0.9545454545454546","0.47368421052631576"
"20","200","1","2","287","0.8181818181818182","0.40601503759398494"
"22","200","1","3","163","0.94","0.31333333333333335"
"23","200","1","3","158","1.04","0.3466666666666667"
"18","200","1","2","431","0.9090909090909091","0.45112781954887216"
"21","200","1","3","265","1.08","0.36"
"19","200","1","2","308","0.9545454545454546","0.47368421052631576"
"22","200","1","3","164","0.94","0.31333333333333335"
"20","200","1","2","288","0.7878787878787878","0.39097744360902253"
"23","200","1","3","159","1.02","0.34"
"21","200","1","3","266","1","0.3333333333333333"
"19","200","1","2","309","0.9545454545454546","0.47368421052631576"
"22","200","1","3","165","0.9","0.3"
"20","200","1","2","289","0.9696969696969697","0.48120300751879697"
"23","200","1","3","160","0.84","0.28"
"21","200","1","3","267","1.2","0.4"
"18","200","1","2","432","0.6212121212121212","0.3082706766917293"
"20","200","1","2","290","0.7121212121212122","0.3533834586466165"
"22","200","1","3","166","0.82","0.2733333333333333"
"19","200","1","2","310","0.8181818181818182","0.40601503759398494"
"21","200","1","3","268","0.98","0.32666666666666666"
"23","200","1","3","161","1.02","0.34"
"20","200","1","2","291","0.7575757575757576","0.37593984962406013"
"22","200","1","3","167","0.98","0.32666666666666666"
"21","200","1","3","269","0.88","0.29333333333333333"
"19","200","1","2","311","1.0151515151515151","0.5037593984962406"
"18","200","1","2","433","0.8333333333333334","0.41353383458646614"
"23","200","1","3","162","1.02","0.34"
"22","200","1","3","168","0.94","0.31333333333333335"
"21","200","1","3","270","0.98","0.32666666666666666"
"20","200","1","2","292","0.9848484848484849","0.48872180451127817"
"23","200","1","3","163","0.88","0.29333333333333333"
"19","200","1","2","312","0.8939393939393939","0.44360902255639095"
"22","200","1","3","169","1.04","0.3466666666666667"
"18","200","1","2","434","0.7727272727272727","0.38345864661654133"
"21","200","1","3","271","0.84","0.28"
"20","200","1","2","293","0.8484848484848485","0.42105263157894735"
"23","200","1","3","164","1.14","0.38"
"19","200","1","2","313","0.9848484848484849","0.48872180451127817"
"21","200","1","3","272","1","0.3333333333333333"
"18","200","1","2","435","0.7575757575757576","0.37593984962406013"
"22","200","1","3","170","0.92","0.30666666666666664"
"23","200","1","3","165","1.08","0.36"
"20","200","1","2","294","0.8484848484848485","0.42105263157894735"
"19","200","1","2","314","1.0303030303030303","0.5112781954887218"
"22","200","1","3","171","0.8","0.26666666666666666"
"21","200","1","3","273","1.06","0.35333333333333333"
"18","200","1","2","436","0.7121212121212122","0.3533834586466165"
"23","200","1","3","166","0.86","0.2866666666666667"
"20","200","1","2","295","0.7727272727272727","0.38345864661654133"
"22","200","1","3","172","0.9","0.3"
"19","200","1","2","315","0.9545454545454546","0.47368421052631576"
"21","200","1","3","274","1.06","0.35333333333333333"
"23","200","1","3","167","1.14","0.38"
"20","200","1","2","296","0.6666666666666666","0.3308270676691729"
"18","200","1","2","437","0.8787878787878788","0.43609022556390975"
"19","200","1","2","316","0.9545454545454546","0.47368421052631576"
"22","200","1","3","173","0.88","0.29333333333333333"
"21","200","1","3","275","1.1","0.36666666666666664"
"23","200","1","3","168","0.96","0.32"
"20","200","1","2","297","0.803030303030303","0.39849624060150374"
"19","200","1","2","317","0.9242424242424242","0.45864661654135336"
"18","200","1","2","438","0.8939393939393939","0.44360902255639095"
"22","200","1","3","174","0.82","0.2733333333333333"
"21","200","1","3","276","0.96","0.32"
"23","200","1","3","169","1.02","0.34"
"20","200","1","2","298","0.803030303030303","0.39849624060150374"
"19","200","1","2","318","1.0757575757575757","0.5338345864661654"
"22","200","1","3","175","0.74","0.24666666666666667"
"23","200","1","3","170","1.14","0.38"
"21","200","1","3","277","1.12","0.37333333333333335"
"18","200","1","2","439","0.8181818181818182","0.40601503759398494"
"20","200","1","2","299","0.8181818181818182","0.40601503759398494"
"22","200","1","3","176","0.94","0.31333333333333335"
"19","200","1","2","319","0.9090909090909091","0.45112781954887216"
"21","200","1","3","278","0.98","0.32666666666666666"
"23","200","1","3","171","1.14","0.38"
"18","200","1","2","440","0.9393939393939394","0.46616541353383456"
"20","200","1","2","300","0.9848484848484849","0.48872180451127817"
"22","200","1","3","177","0.92","0.30666666666666664"
"21","200","1","3","279","0.92","0.30666666666666664"
"19","200","1","2","320","0.9545454545454546","0.47368421052631576"
"23","200","1","3","172","0.9","0.3"
"22","200","1","3","178","0.86","0.2866666666666667"
"21","200","1","3","280","0.8","0.26666666666666666"
"19","200","1","2","321","0.8787878787878788","0.43609022556390975"
"20","200","1","2","301","0.803030303030303","0.39849624060150374"
"18","200","1","2","441","0.7878787878787878","0.39097744360902253"
"23","200","1","3","173","1","0.3333333333333333"
"21","200","1","3","281","0.82","0.2733333333333333"
"22","200","1","3","179","0.78","0.26"
"19","200","1","2","322","0.9242424242424242","0.45864661654135336"
"20","200","1","2","302","0.8333333333333334","0.41353383458646614"
"23","200","1","3","174","0.98","0.32666666666666666"
"18","200","1","2","442","0.8484848484848485","0.42105263157894735"
"21","200","1","3","282","1","0.3333333333333333"
"22","200","1","3","180","0.9","0.3"
"19","200","1","2","323","0.7424242424242424","0.3684210526315789"
"20","200","1","2","303","0.8787878787878788","0.43609022556390975"
"23","200","1","3","175","1","0.3333333333333333"
"18","200","1","2","443","0.8333333333333334","0.41353383458646614"
"22","200","1","3","181","0.86","0.2866666666666667"
"21","200","1","3","283","0.96","0.32"
"19","200","1","2","324","0.8333333333333334","0.41353383458646614"
"23","200","1","3","176","0.96","0.32"
"20","200","1","2","304","0.8181818181818182","0.40601503759398494"
"22","200","1","3","182","1.16","0.38666666666666666"
"21","200","1","3","284","1.08","0.36"
"19","200","1","2","325","0.9696969696969697","0.48120300751879697"
"18","200","1","2","444","0.9242424242424242","0.45864661654135336"
"20","200","1","2","305","0.8484848484848485","0.42105263157894735"
"23","200","1","3","177","1.06","0.35333333333333333"
"22","200","1","3","183","1.08","0.36"
"21","200","1","3","285","1.14","0.38"
"19","200","1","2","326","0.803030303030303","0.39849624060150374"
"23","200","1","3","178","0.84","0.28"
"18","200","1","2","445","0.8939393939393939","0.44360902255639095"
"20","200","1","2","306","0.803030303030303","0.39849624060150374"
"22","200","1","3","184","0.82","0.2733333333333333"
"21","200","1","3","286","1.02","0.34"
"19","200","1","2","327","0.8636363636363636","0.42857142857142855"
"20","200","1","2","307","0.8333333333333334","0.41353383458646614"
"23","200","1","3","179","0.82","0.2733333333333333"
"22","200","1","3","185","0.82","0.2733333333333333"
"21","200","1","3","287","1.14","0.38"
"19","200","1","2","328","0.7575757575757576","0.37593984962406013"
"18","200","1","2","446","0.803030303030303","0.39849624060150374"
"20","200","1","2","308","0.696969696969697","0.3458646616541353"
"23","200","1","3","180","0.78","0.26"
"21","200","1","3","288","1.06","0.35333333333333333"
"22","200","1","3","186","0.78","0.26"
"19","200","1","2","329","0.696969696969697","0.3458646616541353"
"23","200","1","3","181","0.88","0.29333333333333333"
"21","200","1","3","289","1.18","0.3933333333333333"
"20","200","1","2","309","0.8787878787878788","0.43609022556390975"
"22","200","1","3","187","1.1","0.36666666666666664"
"19","200","1","2","330","0.803030303030303","0.39849624060150374"
"18","200","1","2","447","0.8181818181818182","0.40601503759398494"
"23","200","1","3","182","0.8","0.26666666666666666"
"22","200","1","3","188","1","0.3333333333333333"
"21","200","1","3","290","1.04","0.3466666666666667"
"23","200","1","3","183","0.84","0.28"
"19","200","1","2","331","0.8636363636363636","0.42857142857142855"
"20","200","1","2","310","0.7727272727272727","0.38345864661654133"
"18","200","1","2","448","0.803030303030303","0.39849624060150374"
"23","200","1","3","184","0.98","0.32666666666666666"
"22","200","1","3","189","1.08","0.36"
"19","200","1","2","332","0.8787878787878788","0.43609022556390975"
"21","200","1","3","291","0.98","0.32666666666666666"
"20","200","1","2","311","0.7272727272727273","0.3609022556390977"
"18","200","1","2","449","0.6515151515151515","0.3233082706766917"
"22","200","1","3","190","1.06","0.35333333333333333"
"23","200","1","3","185","1.08","0.36"
"21","200","1","3","292","0.82","0.2733333333333333"
"19","200","1","2","333","1.0151515151515151","0.5037593984962406"
"20","200","1","2","312","0.9242424242424242","0.45864661654135336"
"22","200","1","3","191","0.96","0.32"
"19","200","1","2","334","0.8636363636363636","0.42857142857142855"
"18","200","1","2","450","0.8484848484848485","0.42105263157894735"
"23","200","1","3","186","1.2","0.4"
"21","200","1","3","293","0.9","0.3"
"20","200","1","2","313","0.8636363636363636","0.42857142857142855"
"22","200","1","3","192","0.96","0.32"
"19","200","1","2","335","1.0151515151515151","0.5037593984962406"
"21","200","1","3","294","0.82","0.2733333333333333"
"20","200","1","2","314","0.8181818181818182","0.40601503759398494"
"23","200","1","3","187","0.64","0.21333333333333335"
"22","200","1","3","193","0.9","0.3"
"18","200","1","2","451","0.8333333333333334","0.41353383458646614"
"20","200","1","2","315","0.8333333333333334","0.41353383458646614"
"22","200","1","3","194","0.92","0.30666666666666664"
"21","200","1","3","295","1.06","0.35333333333333333"
"19","200","1","2","336","0.9696969696969697","0.48120300751879697"
"23","200","1","3","188","1.14","0.38"
"18","200","1","2","452","0.8181818181818182","0.40601503759398494"
"20","200","1","2","316","0.9242424242424242","0.45864661654135336"
"22","200","1","3","195","1.08","0.36"
"21","200","1","3","296","0.92","0.30666666666666664"
"23","200","1","3","189","1.08","0.36"
"19","200","1","2","337","0.8181818181818182","0.40601503759398494"
"18","200","1","2","453","0.8787878787878788","0.43609022556390975"
"20","200","1","2","317","0.8484848484848485","0.42105263157894735"
"22","200","1","3","196","0.92","0.30666666666666664"
"23","200","1","3","190","1.26","0.42"
"21","200","1","3","297","1.18","0.3933333333333333"
"19","200","1","2","338","0.9242424242424242","0.45864661654135336"
"20","200","1","2","318","0.9090909090909091","0.45112781954887216"
"18","200","1","2","454","0.8939393939393939","0.44360902255639095"
"19","200","1","2","339","0.9545454545454546","0.47368421052631576"
"23","200","1","3","191","1.02","0.34"
"22","200","1","3","197","0.72","0.24"
"21","200","1","3","298","0.92","0.30666666666666664"
"20","200","1","2","319","1.0151515151515151","0.5037593984962406"
"22","200","1","3","198","1.02","0.34"
"21","200","1","3","299","0.96","0.32"
"23","200","1","3","192","0.98","0.32666666666666666"
"18","200","1","2","455","1.1363636363636365","0.5639097744360902"
"19","200","1","2","340","0.8636363636363636","0.42857142857142855"
"20","200","1","2","320","1.0151515151515151","0.5037593984962406"
"21","200","1","3","300","0.82","0.2733333333333333"
"19","200","1","2","341","0.8939393939393939","0.44360902255639095"
"23","200","1","3","193","1.26","0.42"
"22","200","1","3","199","0.84","0.28"
"18","200","1","2","456","0.9393939393939394","0.46616541353383456"
"20","200","1","2","321","0.9242424242424242","0.45864661654135336"
"21","200","1","3","301","0.84","0.28"
"19","200","1","2","342","0.8181818181818182","0.40601503759398494"
"22","200","1","3","200","0.94","0.31333333333333335"
"23","200","1","3","194","1.1","0.36666666666666664"
"18","200","1","2","457","0.9242424242424242","0.45864661654135336"
"20","200","1","2","322","0.7424242424242424","0.3684210526315789"
"21","200","1","3","302","0.82","0.2733333333333333"
"19","200","1","2","343","0.9090909090909091","0.45112781954887216"
"22","200","1","3","201","0.9","0.3"
"23","200","1","3","195","1.02","0.34"
"20","200","1","2","323","0.7575757575757576","0.37593984962406013"
"21","200","1","3","303","0.92","0.30666666666666664"
"22","200","1","3","202","1.08","0.36"
"18","200","1","2","458","0.8636363636363636","0.42857142857142855"
"19","200","1","2","344","0.9696969696969697","0.48120300751879697"
"23","200","1","3","196","1.06","0.35333333333333333"
"20","200","1","2","324","0.8787878787878788","0.43609022556390975"
"22","200","1","3","203","1.02","0.34"
"21","200","1","3","304","0.86","0.2866666666666667"
"23","200","1","3","197","0.88","0.29333333333333333"
"19","200","1","2","345","0.9545454545454546","0.47368421052631576"
"22","200","1","3","204","0.98","0.32666666666666666"
"18","200","1","2","459","0.8939393939393939","0.44360902255639095"
"20","200","1","2","325","0.7878787878787878","0.39097744360902253"
"21","200","1","3","305","0.92","0.30666666666666664"
"23","200","1","3","198","1.04","0.3466666666666667"
"22","200","1","3","205","0.88","0.29333333333333333"
"19","200","1","2","346","0.8787878787878788","0.43609022556390975"
"18","200","1","2","460","1.121212121212121","0.556390977443609"
"21","200","1","3","306","1.1","0.36666666666666664"
"20","200","1","2","326","0.9090909090909091","0.45112781954887216"
"23","200","1","3","199","0.9","0.3"
"22","200","1","3","206","0.92","0.30666666666666664"
"19","200","1","2","347","0.9393939393939394","0.46616541353383456"
"21","200","1","3","307","1.06","0.35333333333333333"
"18","200","1","2","461","1","0.49624060150375937"
"20","200","1","2","327","0.8484848484848485","0.42105263157894735"
"23","200","1","3","200","1.12","0.37333333333333335"
"22","200","1","3","207","0.94","0.31333333333333335"
"20","200","1","2","328","0.9090909090909091","0.45112781954887216"
"21","200","1","3","308","0.74","0.24666666666666667"
"18","200","1","2","462","0.8333333333333334","0.41353383458646614"
"19","200","1","2","348","0.9393939393939394","0.46616541353383456"
"23","200","1","3","201","1.02","0.34"
"22","200","1","3","208","1","0.3333333333333333"
"21","200","1","3","309","1.02","0.34"
"20","200","1","2","329","0.8181818181818182","0.40601503759398494"
"19","200","1","2","349","1.0151515151515151","0.5037593984962406"
"20","200","1","2","330","0.9090909090909091","0.45112781954887216"
"22","200","1","3","209","0.88","0.29333333333333333"
"23","200","1","3","202","1","0.3333333333333333"
"21","200","1","3","310","0.94","0.31333333333333335"
"19","200","1","2","350","0.8636363636363636","0.42857142857142855"
"18","200","1","2","463","0.9545454545454546","0.47368421052631576"
"23","200","1","3","203","0.84","0.28"
"20","200","1","2","331","0.8787878787878788","0.43609022556390975"
"22","200","1","3","210","0.96","0.32"
"21","200","1","3","311","0.7","0.23333333333333334"
"19","200","1","2","351","0.8787878787878788","0.43609022556390975"
"20","200","1","2","332","0.8333333333333334","0.41353383458646614"
"23","200","1","3","204","1.18","0.3933333333333333"
"22","200","1","3","211","0.98","0.32666666666666666"
"19","200","1","2","352","0.8939393939393939","0.44360902255639095"
"21","200","1","3","312","0.9","0.3"
"18","200","1","2","464","0.9545454545454546","0.47368421052631576"
"22","200","1","3","212","1","0.3333333333333333"
"20","200","1","2","333","0.9242424242424242","0.45864661654135336"
"19","200","1","2","353","0.9696969696969697","0.48120300751879697"
"21","200","1","3","313","0.78","0.26"
"23","200","1","3","205","1.04","0.3466666666666667"
"18","200","1","2","465","0.6818181818181818","0.3383458646616541"
"22","200","1","3","213","0.84","0.28"
"21","200","1","3","314","0.84","0.28"
"19","200","1","2","354","1.0303030303030303","0.5112781954887218"
"20","200","1","2","334","1.0757575757575757","0.5338345864661654"
"23","200","1","3","206","1.08","0.36"
"20","200","1","2","335","0.8333333333333334","0.41353383458646614"
"22","200","1","3","214","0.98","0.32666666666666666"
"19","200","1","2","355","0.8181818181818182","0.40601503759398494"
"21","200","1","3","315","1.02","0.34"
"18","200","1","2","466","0.9393939393939394","0.46616541353383456"
"23","200","1","3","207","0.86","0.2866666666666667"
"22","200","1","3","215","0.84","0.28"
"20","200","1","2","336","0.9696969696969697","0.48120300751879697"
"21","200","1","3","316","1.04","0.3466666666666667"
"19","200","1","2","356","0.7878787878787878","0.39097744360902253"
"23","200","1","3","208","0.9","0.3"
"18","200","1","2","467","0.8787878787878788","0.43609022556390975"
"20","200","1","2","337","0.9696969696969697","0.48120300751879697"
"22","200","1","3","216","0.94","0.31333333333333335"
"21","200","1","3","317","0.86","0.2866666666666667"
"23","200","1","3","209","0.84","0.28"
"19","200","1","2","357","0.7878787878787878","0.39097744360902253"
"21","200","1","3","318","1.2","0.4"
"22","200","1","3","217","0.82","0.2733333333333333"
"20","200","1","2","338","0.9696969696969697","0.48120300751879697"
"18","200","1","2","468","1.0303030303030303","0.5112781954887218"
"23","200","1","3","210","0.9","0.3"
"19","200","1","2","358","0.8484848484848485","0.42105263157894735"
"21","200","1","3","319","0.94","0.31333333333333335"
"20","200","1","2","339","0.9393939393939394","0.46616541353383456"
"22","200","1","3","218","0.74","0.24666666666666667"
"18","200","1","2","469","0.9393939393939394","0.46616541353383456"
"23","200","1","3","211","0.9","0.3"
"19","200","1","2","359","0.8484848484848485","0.42105263157894735"
"22","200","1","3","219","0.8","0.26666666666666666"
"20","200","1","2","340","0.7424242424242424","0.3684210526315789"
"21","200","1","3","320","1.12","0.37333333333333335"
"22","200","1","3","220","0.94","0.31333333333333335"
"23","200","1","3","212","0.74","0.24666666666666667"
"18","200","1","2","470","0.8939393939393939","0.44360902255639095"
"19","200","1","2","360","0.9696969696969697","0.48120300751879697"
"20","200","1","2","341","0.8787878787878788","0.43609022556390975"
"23","200","1","3","213","0.8","0.26666666666666666"
"22","200","1","3","221","0.92","0.30666666666666664"
"21","200","1","3","321","1.08","0.36"
"19","200","1","2","361","0.9242424242424242","0.45864661654135336"
"18","200","1","2","471","0.7575757575757576","0.37593984962406013"
"23","200","1","3","214","1.02","0.34"
"20","200","1","2","342","0.696969696969697","0.3458646616541353"
"22","200","1","3","222","1.3","0.43333333333333335"
"21","200","1","3","322","1.28","0.4266666666666667"
"19","200","1","2","362","0.803030303030303","0.39849624060150374"
"18","200","1","2","472","0.8333333333333334","0.41353383458646614"
"23","200","1","3","215","0.74","0.24666666666666667"
"22","200","1","3","223","1.16","0.38666666666666666"
"21","200","1","3","323","1.24","0.41333333333333333"
"20","200","1","2","343","0.8787878787878788","0.43609022556390975"
"19","200","1","2","363","0.7575757575757576","0.37593984962406013"
"18","200","1","2","473","0.7727272727272727","0.38345864661654133"
"23","200","1","3","216","1.04","0.3466666666666667"
"21","200","1","3","324","1.18","0.3933333333333333"
"20","200","1","2","344","0.9848484848484849","0.48872180451127817"
"22","200","1","3","224","1.14","0.38"
"19","200","1","2","364","0.7121212121212122","0.3533834586466165"
"21","200","1","3","325","1.12","0.37333333333333335"
"23","200","1","3","217","1.14","0.38"
"20","200","1","2","345","0.7575757575757576","0.37593984962406013"
"22","200","1","3","225","1","0.3333333333333333"
"18","200","1","2","474","0.8181818181818182","0.40601503759398494"
"19","200","1","2","365","1","0.49624060150375937"
"20","200","1","2","346","0.7878787878787878","0.39097744360902253"
"23","200","1","3","218","1.24","0.41333333333333333"
"21","200","1","3","326","1.1","0.36666666666666664"
"22","200","1","3","226","1.04","0.3466666666666667"
"18","200","1","2","475","0.7575757575757576","0.37593984962406013"
"19","200","1","2","366","1","0.49624060150375937"
"20","200","1","2","347","1.0303030303030303","0.5112781954887218"
"23","200","1","3","219","1.08","0.36"
"21","200","1","3","327","1","0.3333333333333333"
"22","200","1","3","227","1.02","0.34"
"18","200","1","2","476","0.7878787878787878","0.39097744360902253"
"23","200","1","3","220","0.98","0.32666666666666666"
"20","200","1","2","348","0.7727272727272727","0.38345864661654133"
"19","200","1","2","367","1.106060606060606","0.5488721804511278"
"21","200","1","3","328","1.04","0.3466666666666667"
"22","200","1","3","228","1","0.3333333333333333"
"18","200","1","2","477","0.8484848484848485","0.42105263157894735"
"22","200","1","3","229","1.12","0.37333333333333335"
"23","200","1","3","221","0.72","0.24"
"21","200","1","3","329","0.9","0.3"
"19","200","1","2","368","0.9242424242424242","0.45864661654135336"
"20","200","1","2","349","0.9242424242424242","0.45864661654135336"
"21","200","1","3","330","1.02","0.34"
"23","200","1","3","222","0.78","0.26"
"22","200","1","3","230","0.98","0.32666666666666666"
"20","200","1","2","350","0.8636363636363636","0.42857142857142855"
"18","200","1","2","478","0.9545454545454546","0.47368421052631576"
"20","200","1","2","351","0.7121212121212122","0.3533834586466165"
"23","200","1","3","223","0.82","0.2733333333333333"
"21","200","1","3","331","0.9","0.3"
"22","200","1","3","231","0.9","0.3"
"18","200","1","2","479","0.7424242424242424","0.3684210526315789"
"22","200","1","3","232","1","0.3333333333333333"
"23","200","1","3","224","0.96","0.32"
"21","200","1","3","332","1.08","0.36"
"20","200","1","2","352","0.8484848484848485","0.42105263157894735"
"18","200","1","2","480","0.8484848484848485","0.42105263157894735"
"23","200","1","3","225","0.9","0.3"
"21","200","1","3","333","1.36","0.4533333333333333"
"20","200","1","2","353","0.8939393939393939","0.44360902255639095"
"22","200","1","3","233","0.9","0.3"
"21","200","1","3","334","1.14","0.38"
"20","200","1","2","354","0.8787878787878788","0.43609022556390975"
"23","200","1","3","226","1.1","0.36666666666666664"
"22","200","1","3","234","0.84","0.28"
"21","200","1","3","335","1.04","0.3466666666666667"
"18","200","1","2","481","0.9393939393939394","0.46616541353383456"
"20","200","1","2","355","0.9090909090909091","0.45112781954887216"
"22","200","1","3","235","0.94","0.31333333333333335"
"23","200","1","3","227","0.74","0.24666666666666667"
"21","200","1","3","336","0.86","0.2866666666666667"
"22","200","1","3","236","0.94","0.31333333333333335"
"20","200","1","2","356","0.9242424242424242","0.45864661654135336"
"18","200","1","2","482","0.8484848484848485","0.42105263157894735"
"23","200","1","3","228","1.02","0.34"
"21","200","1","3","337","0.9","0.3"
"23","200","1","3","229","0.92","0.30666666666666664"
"20","200","1","2","357","0.9696969696969697","0.48120300751879697"
"22","200","1","3","237","0.76","0.25333333333333335"
"18","200","1","2","483","0.8636363636363636","0.42857142857142855"
"21","200","1","3","338","0.86","0.2866666666666667"
"23","200","1","3","230","1.08","0.36"
"22","200","1","3","238","0.96","0.32"
"20","200","1","2","358","0.9545454545454546","0.47368421052631576"
"18","200","1","2","484","0.9545454545454546","0.47368421052631576"
"21","200","1","3","339","0.9","0.3"
"23","200","1","3","231","0.96","0.32"
"22","200","1","3","239","0.94","0.31333333333333335"
"20","200","1","2","359","0.7575757575757576","0.37593984962406013"
"21","200","1","3","340","0.76","0.25333333333333335"
"20","200","1","2","360","0.8484848484848485","0.42105263157894735"
"22","200","1","3","240","1.04","0.3466666666666667"
"18","200","1","2","485","0.7575757575757576","0.37593984962406013"
"23","200","1","3","232","1","0.3333333333333333"
"21","200","1","3","341","0.72","0.24"
"22","200","1","3","241","1.04","0.3466666666666667"
"20","200","1","2","361","0.7424242424242424","0.3684210526315789"
"23","200","1","3","233","0.88","0.29333333333333333"
"18","200","1","2","486","0.803030303030303","0.39849624060150374"
"22","200","1","3","242","1.18","0.3933333333333333"
"21","200","1","3","342","0.96","0.32"
"20","200","1","2","362","0.9393939393939394","0.46616541353383456"
"23","200","1","3","234","1.18","0.3933333333333333"
"21","200","1","3","343","0.88","0.29333333333333333"
"18","200","1","2","487","0.9090909090909091","0.45112781954887216"
"22","200","1","3","243","1","0.3333333333333333"
"20","200","1","2","363","0.7575757575757576","0.37593984962406013"
"19","200","1","2","369","0.8484848484848485","0.42105263157894735"
"23","200","1","3","235","1.12","0.37333333333333335"
"21","200","1","3","344","0.94","0.31333333333333335"
"22","200","1","3","244","1.14","0.38"
"20","200","1","2","364","0.9696969696969697","0.48120300751879697"
"18","200","1","2","488","0.8484848484848485","0.42105263157894735"
"19","200","1","2","370","0.7878787878787878","0.39097744360902253"
"23","200","1","3","236","1.42","0.47333333333333333"
"21","200","1","3","345","1.06","0.35333333333333333"
"22","200","1","3","245","1.02","0.34"
"20","200","1","2","365","0.9242424242424242","0.45864661654135336"
"19","200","1","2","371","0.7272727272727273","0.3609022556390977"
"18","200","1","2","489","0.9090909090909091","0.45112781954887216"
"23","200","1","3","237","1.06","0.35333333333333333"
"21","200","1","3","346","1.12","0.37333333333333335"
"22","200","1","3","246","0.98","0.32666666666666666"
"20","200","1","2","366","0.7575757575757576","0.37593984962406013"
"19","200","1","2","372","0.7575757575757576","0.37593984962406013"
"23","200","1","3","238","0.98","0.32666666666666666"
"21","200","1","3","347","0.88","0.29333333333333333"
"22","200","1","3","247","1.06","0.35333333333333333"
"18","200","1","2","490","0.7878787878787878","0.39097744360902253"
"20","200","1","2","367","0.7878787878787878","0.39097744360902253"
"23","200","1","3","239","1.1","0.36666666666666664"
"21","200","1","3","348","0.92","0.30666666666666664"
"22","200","1","3","248","1.06","0.35333333333333333"
"19","200","1","2","373","0.803030303030303","0.39849624060150374"
"20","200","1","2","368","0.7424242424242424","0.3684210526315789"
"18","200","1","2","491","0.7575757575757576","0.37593984962406013"
"21","200","1","3","349","1","0.3333333333333333"
"19","200","1","2","374","0.696969696969697","0.3458646616541353"
"23","200","1","3","240","0.94","0.31333333333333335"
"22","200","1","3","249","0.8","0.26666666666666666"
"20","200","1","2","369","0.7727272727272727","0.38345864661654133"
"18","200","1","2","492","0.803030303030303","0.39849624060150374"
"21","200","1","3","350","1.28","0.4266666666666667"
"19","200","1","2","375","0.696969696969697","0.3458646616541353"
"23","200","1","3","241","1.06","0.35333333333333333"
"22","200","1","3","250","0.88","0.29333333333333333"
"20","200","1","2","370","0.803030303030303","0.39849624060150374"
"18","200","1","2","493","0.8181818181818182","0.40601503759398494"
"21","200","1","3","351","1.08","0.36"
"19","200","1","2","376","0.8181818181818182","0.40601503759398494"
"23","200","1","3","242","0.86","0.2866666666666667"
"20","200","1","2","371","0.8787878787878788","0.43609022556390975"
"22","200","1","3","251","1.1","0.36666666666666664"
"19","200","1","2","377","0.7727272727272727","0.38345864661654133"
"19","200","1","2","378","0.696969696969697","0.3458646616541353"
"19","200","1","2","379","0.803030303030303","0.39849624060150374"
"19","200","1","2","380","0.9090909090909091","0.45112781954887216"
"23","200","1","3","243","0.82","0.2733333333333333"
"21","200","1","3","352","1","0.3333333333333333"
"22","200","1","3","252","0.72","0.24"
"19","200","1","2","381","0.8939393939393939","0.44360902255639095"
"18","200","1","2","494","0.9090909090909091","0.45112781954887216"
"19","200","1","2","382","0.803030303030303","0.39849624060150374"
"20","200","1","2","372","0.8787878787878788","0.43609022556390975"
"23","200","1","3","244","0.74","0.24666666666666667"
"19","200","1","2","383","0.803030303030303","0.39849624060150374"
"19","200","1","2","384","0.9393939393939394","0.46616541353383456"
"19","200","1","2","385","0.6515151515151515","0.3233082706766917"
"21","200","1","3","353","1.12","0.37333333333333335"
"19","200","1","2","386","0.7727272727272727","0.38345864661654133"
"20","200","1","2","373","0.8333333333333334","0.41353383458646614"
"19","200","1","2","387","0.7424242424242424","0.3684210526315789"
"18","200","1","2","495","0.8636363636363636","0.42857142857142855"
"22","200","1","3","253","0.68","0.22666666666666666"
"23","200","1","3","245","0.78","0.26"
"19","200","1","2","388","0.7727272727272727","0.38345864661654133"
"21","200","1","3","354","0.92","0.30666666666666664"
"20","200","1","2","374","0.7575757575757576","0.37593984962406013"
"22","200","1","3","254","1.02","0.34"
"18","200","1","2","496","0.803030303030303","0.39849624060150374"
"19","200","1","2","389","0.7727272727272727","0.38345864661654133"
"23","200","1","3","246","1.04","0.3466666666666667"
"21","200","1","3","355","0.84","0.28"
"22","200","1","3","255","0.9","0.3"
"20","200","1","2","375","0.6060606060606061","0.3007518796992481"
"18","200","1","2","497","0.9848484848484849","0.48872180451127817"
"19","200","1","2","390","0.8484848484848485","0.42105263157894735"
"21","200","1","3","356","0.72","0.24"
"23","200","1","3","247","0.86","0.2866666666666667"
"22","200","1","3","256","0.82","0.2733333333333333"
"20","200","1","2","376","0.7424242424242424","0.3684210526315789"
"19","200","1","2","391","0.7424242424242424","0.3684210526315789"
"18","200","1","2","498","1.0303030303030303","0.5112781954887218"
"21","200","1","3","357","1","0.3333333333333333"
"22","200","1","3","257","0.7","0.23333333333333334"
"19","200","1","2","392","0.7727272727272727","0.38345864661654133"
"23","200","1","3","248","0.76","0.25333333333333335"
"18","200","1","2","499","0.8181818181818182","0.40601503759398494"
"20","200","1","2","377","0.7424242424242424","0.3684210526315789"
"22","200","1","3","258","0.88","0.29333333333333333"
"21","200","1","3","358","0.9","0.3"
"23","200","1","3","249","0.66","0.22"
"19","200","1","2","393","0.7575757575757576","0.37593984962406013"
"20","200","1","2","378","0.9393939393939394","0.46616541353383456"
"22","200","1","3","259","0.92","0.30666666666666664"
"21","200","1","3","359","1.12","0.37333333333333335"
"18","200","1","2","500","1","0.49624060150375937"
"19","200","1","2","394","0.9393939393939394","0.46616541353383456"
"23","200","1","3","250","0.84","0.28"
"22","200","1","3","260","1.18","0.3933333333333333"
"21","200","1","3","360","0.84","0.28"
"20","200","1","2","379","0.8636363636363636","0.42857142857142855"
"19","200","1","2","395","0.9242424242424242","0.45864661654135336"
"23","200","1","3","251","0.86","0.2866666666666667"
"21","200","1","3","361","0.94","0.31333333333333335"
"24","200","1","3","0","0","0"
"20","200","1","2","380","0.696969696969697","0.3458646616541353"
"19","200","1","2","396","0.8333333333333334","0.41353383458646614"
"22","200","1","3","261","1.06","0.35333333333333333"
"23","200","1","3","252","1","0.3333333333333333"
"21","200","1","3","362","0.82","0.2733333333333333"
"24","200","1","3","1","1.08","0.36"
"19","200","1","2","397","0.6363636363636364","0.3157894736842105"
"20","200","1","2","381","0.6818181818181818","0.3383458646616541"
"24","200","1","3","2","0.9","0.3"
"22","200","1","3","262","1.02","0.34"
"23","200","1","3","253","0.84","0.28"
"21","200","1","3","363","1","0.3333333333333333"
"24","200","1","3","3","0.92","0.30666666666666664"
"19","200","1","2","398","0.8181818181818182","0.40601503759398494"
"23","200","1","3","254","0.86","0.2866666666666667"
"22","200","1","3","263","0.96","0.32"
"21","200","1","3","364","1.08","0.36"
"20","200","1","2","382","0.8484848484848485","0.42105263157894735"
"24","200","1","3","4","0.96","0.32"
"19","200","1","2","399","0.8333333333333334","0.41353383458646614"
"23","200","1","3","255","0.88","0.29333333333333333"
"21","200","1","3","365","1.06","0.35333333333333333"
"20","200","1","2","383","0.803030303030303","0.39849624060150374"
"24","200","1","3","5","1.04","0.3466666666666667"
"22","200","1","3","264","0.94","0.31333333333333335"
"19","200","1","2","400","0.6818181818181818","0.3383458646616541"
"24","200","1","3","6","1.18","0.3933333333333333"
"20","200","1","2","384","0.7727272727272727","0.38345864661654133"
"23","200","1","3","256","0.78","0.26"
"21","200","1","3","366","0.88","0.29333333333333333"
"24","200","1","3","7","1","0.3333333333333333"
"22","200","1","3","265","0.96","0.32"
"19","200","1","2","401","0.9242424242424242","0.45864661654135336"
"20","200","1","2","385","0.8636363636363636","0.42857142857142855"
"24","200","1","3","8","0.84","0.28"
"21","200","1","3","367","1.04","0.3466666666666667"
"23","200","1","3","257","0.9","0.3"
"22","200","1","3","266","0.78","0.26"
"24","200","1","3","9","0.76","0.25333333333333335"
"19","200","1","2","402","0.7727272727272727","0.38345864661654133"
"20","200","1","2","386","0.8939393939393939","0.44360902255639095"
"23","200","1","3","258","0.76","0.25333333333333335"
"24","200","1","3","10","0.98","0.32666666666666666"
"21","200","1","3","368","1.06","0.35333333333333333"
"22","200","1","3","267","0.94","0.31333333333333335"
"24","200","1","3","11","1.08","0.36"
"20","200","1","2","387","0.803030303030303","0.39849624060150374"
"23","200","1","3","259","0.7","0.23333333333333334"
"19","200","1","2","403","0.8939393939393939","0.44360902255639095"
"22","200","1","3","268","0.84","0.28"
"24","200","1","3","12","0.84","0.28"
"21","200","1","3","369","0.94","0.31333333333333335"
"23","200","1","3","260","1","0.3333333333333333"
"19","200","1","2","404","0.7575757575757576","0.37593984962406013"
"20","200","1","2","388","0.6818181818181818","0.3383458646616541"
"24","200","1","3","13","0.98","0.32666666666666666"
"22","200","1","3","269","0.86","0.2866666666666667"
"21","200","1","3","370","0.9","0.3"
"24","200","1","3","14","0.9","0.3"
"23","200","1","3","261","0.74","0.24666666666666667"
"20","200","1","2","389","0.8484848484848485","0.42105263157894735"
"19","200","1","2","405","0.7121212121212122","0.3533834586466165"
"23","200","1","3","262","0.94","0.31333333333333335"
"22","200","1","3","270","0.98","0.32666666666666666"
"21","200","1","3","371","0.98","0.32666666666666666"
"19","200","1","2","406","0.7878787878787878","0.39097744360902253"
"20","200","1","2","390","0.7575757575757576","0.37593984962406013"
"24","200","1","3","15","1.06","0.35333333333333333"
"20","200","1","2","391","0.8636363636363636","0.42857142857142855"
"19","200","1","2","407","0.803030303030303","0.39849624060150374"
"21","200","1","3","372","0.96","0.32"
"22","200","1","3","271","1.18","0.3933333333333333"
"23","200","1","3","263","0.74","0.24666666666666667"
"24","200","1","3","16","0.94","0.31333333333333335"
"23","200","1","3","264","1.02","0.34"
"20","200","1","2","392","0.8333333333333334","0.41353383458646614"
"19","200","1","2","408","0.6212121212121212","0.3082706766917293"
"21","200","1","3","373","1.06","0.35333333333333333"
"24","200","1","3","17","0.98","0.32666666666666666"
"22","200","1","3","272","0.74","0.24666666666666667"
"23","200","1","3","265","1","0.3333333333333333"
"20","200","1","2","393","0.803030303030303","0.39849624060150374"
"19","200","1","2","409","0.5151515151515151","0.2556390977443609"
"21","200","1","3","374","1.02","0.34"
"24","200","1","3","18","1.06","0.35333333333333333"
"22","200","1","3","273","1.08","0.36"
"23","200","1","3","266","1.06","0.35333333333333333"
"20","200","1","2","394","0.8787878787878788","0.43609022556390975"
"24","200","1","3","19","0.94","0.31333333333333335"
"21","200","1","3","375","1.06","0.35333333333333333"
"19","200","1","2","410","0.8333333333333334","0.41353383458646614"
"22","200","1","3","274","0.86","0.2866666666666667"
"23","200","1","3","267","1.06","0.35333333333333333"
"24","200","1","3","20","1.08","0.36"
"20","200","1","2","395","0.7424242424242424","0.3684210526315789"
"21","200","1","3","376","1.08","0.36"
"19","200","1","2","411","0.8636363636363636","0.42857142857142855"
"22","200","1","3","275","0.96","0.32"
"24","200","1","3","21","0.98","0.32666666666666666"
"23","200","1","3","268","0.9","0.3"
"20","200","1","2","396","0.803030303030303","0.39849624060150374"
"21","200","1","3","377","1.12","0.37333333333333335"
"22","200","1","3","276","1","0.3333333333333333"
"19","200","1","2","412","0.8484848484848485","0.42105263157894735"
"24","200","1","3","22","1.06","0.35333333333333333"
"23","200","1","3","269","1.02","0.34"
"20","200","1","2","397","0.6212121212121212","0.3082706766917293"
"24","200","1","3","23","1.1","0.36666666666666664"
"21","200","1","3","378","0.98","0.32666666666666666"
"22","200","1","3","277","0.84","0.28"
"23","200","1","3","270","0.94","0.31333333333333335"
"19","200","1","2","413","0.9242424242424242","0.45864661654135336"
"24","200","1","3","24","0.98","0.32666666666666666"
"20","200","1","2","398","0.8181818181818182","0.40601503759398494"
"21","200","1","3","379","0.9","0.3"
"24","200","1","3","25","1.14","0.38"
"22","200","1","3","278","0.78","0.26"
"23","200","1","3","271","1.04","0.3466666666666667"
"19","200","1","2","414","0.8636363636363636","0.42857142857142855"
"20","200","1","2","399","0.8484848484848485","0.42105263157894735"
"21","200","1","3","380","0.92","0.30666666666666664"
"24","200","1","3","26","0.96","0.32"
"22","200","1","3","279","0.72","0.24"
"23","200","1","3","272","0.96","0.32"
"20","200","1","2","400","0.8787878787878788","0.43609022556390975"
"19","200","1","2","415","0.7424242424242424","0.3684210526315789"
"24","200","1","3","27","1.26","0.42"
"21","200","1","3","381","1.06","0.35333333333333333"
"19","200","1","2","416","0.7272727272727273","0.3609022556390977"
"24","200","1","3","28","1.04","0.3466666666666667"
"20","200","1","2","401","0.9242424242424242","0.45864661654135336"
"22","200","1","3","280","0.98","0.32666666666666666"
"23","200","1","3","273","0.96","0.32"
"21","200","1","3","382","0.8","0.26666666666666666"
"24","200","1","3","29","0.94","0.31333333333333335"
"19","200","1","2","417","0.8333333333333334","0.41353383458646614"
"22","200","1","3","281","1","0.3333333333333333"
"20","200","1","2","402","0.7424242424242424","0.3684210526315789"
"23","200","1","3","274","1.22","0.4066666666666667"
"24","200","1","3","30","1","0.3333333333333333"
"21","200","1","3","383","1.18","0.3933333333333333"
"22","200","1","3","282","0.84","0.28"
"20","200","1","2","403","0.803030303030303","0.39849624060150374"
"19","200","1","2","418","0.8484848484848485","0.42105263157894735"
"24","200","1","3","31","1.06","0.35333333333333333"
"23","200","1","3","275","1.14","0.38"
"21","200","1","3","384","0.96","0.32"
"20","200","1","2","404","0.7575757575757576","0.37593984962406013"
"19","200","1","2","419","0.8484848484848485","0.42105263157894735"
"22","200","1","3","283","0.92","0.30666666666666664"
"24","200","1","3","32","1.02","0.34"
"23","200","1","3","276","0.88","0.29333333333333333"
"21","200","1","3","385","0.88","0.29333333333333333"
"20","200","1","2","405","0.7878787878787878","0.39097744360902253"
"22","200","1","3","284","1.04","0.3466666666666667"
"19","200","1","2","420","1.0606060606060606","0.5263157894736842"
"21","200","1","3","386","0.82","0.2733333333333333"
"23","200","1","3","277","1","0.3333333333333333"
"22","200","1","3","285","0.76","0.25333333333333335"
"20","200","1","2","406","0.6212121212121212","0.3082706766917293"
"19","200","1","2","421","1","0.49624060150375937"
"21","200","1","3","387","0.82","0.2733333333333333"
"22","200","1","3","286","1.12","0.37333333333333335"
"23","200","1","3","278","0.8","0.26666666666666666"
"24","200","1","3","33","0.92","0.30666666666666664"
"19","200","1","2","422","0.8484848484848485","0.42105263157894735"
"20","200","1","2","407","0.7575757575757576","0.37593984962406013"
"22","200","1","3","287","0.98","0.32666666666666666"
"21","200","1","3","388","0.92","0.30666666666666664"
"23","200","1","3","279","0.94","0.31333333333333335"
"24","200","1","3","34","1.02","0.34"
"19","200","1","2","423","0.8484848484848485","0.42105263157894735"
"21","200","1","3","389","1.08","0.36"
"23","200","1","3","280","0.92","0.30666666666666664"
"22","200","1","3","288","0.88","0.29333333333333333"
"20","200","1","2","408","0.8333333333333334","0.41353383458646614"
"24","200","1","3","35","0.9","0.3"
"24","200","1","3","36","0.84","0.28"
"21","200","1","3","390","1.1","0.36666666666666664"
"19","200","1","2","424","0.8484848484848485","0.42105263157894735"
"22","200","1","3","289","1.02","0.34"
"23","200","1","3","281","1.02","0.34"
"20","200","1","2","409","0.7272727272727273","0.3609022556390977"
"24","200","1","3","37","0.96","0.32"
"22","200","1","3","290","1.02","0.34"
"19","200","1","2","425","0.9393939393939394","0.46616541353383456"
"23","200","1","3","282","1","0.3333333333333333"
"21","200","1","3","391","0.98","0.32666666666666666"
"24","200","1","3","38","0.96","0.32"
"20","200","1","2","410","0.8484848484848485","0.42105263157894735"
"22","200","1","3","291","1.02","0.34"
"24","200","1","3","39","0.74","0.24666666666666667"
"19","200","1","2","426","0.696969696969697","0.3458646616541353"
"21","200","1","3","392","1.12","0.37333333333333335"
"23","200","1","3","283","0.94","0.31333333333333335"
"22","200","1","3","292","0.98","0.32666666666666666"
"20","200","1","2","411","0.7878787878787878","0.39097744360902253"
"19","200","1","2","427","0.7424242424242424","0.3684210526315789"
"24","200","1","3","40","0.92","0.30666666666666664"
"21","200","1","3","393","1.06","0.35333333333333333"
"23","200","1","3","284","0.94","0.31333333333333335"
"22","200","1","3","293","0.9","0.3"
"19","200","1","2","428","0.6060606060606061","0.3007518796992481"
"24","200","1","3","41","1.04","0.3466666666666667"
"20","200","1","2","412","0.9393939393939394","0.46616541353383456"
"21","200","1","3","394","1.06","0.35333333333333333"
"23","200","1","3","285","1.12","0.37333333333333335"
"24","200","1","3","42","0.92","0.30666666666666664"
"19","200","1","2","429","0.7727272727272727","0.38345864661654133"
"22","200","1","3","294","1.1","0.36666666666666664"
"24","200","1","3","43","1.06","0.35333333333333333"
"20","200","1","2","413","0.8484848484848485","0.42105263157894735"
"21","200","1","3","395","1.1","0.36666666666666664"
"23","200","1","3","286","0.82","0.2733333333333333"
"24","200","1","3","44","0.98","0.32666666666666666"
"19","200","1","2","430","0.8484848484848485","0.42105263157894735"
"22","200","1","3","295","1.08","0.36"
"21","200","1","3","396","0.9","0.3"
"20","200","1","2","414","0.9393939393939394","0.46616541353383456"
"23","200","1","3","287","0.82","0.2733333333333333"
"24","200","1","3","45","0.96","0.32"
"19","200","1","2","431","0.8636363636363636","0.42857142857142855"
"21","200","1","3","397","0.92","0.30666666666666664"
"22","200","1","3","296","1.12","0.37333333333333335"
"24","200","1","3","46","0.84","0.28"
"20","200","1","2","415","0.7575757575757576","0.37593984962406013"
"23","200","1","3","288","1.02","0.34"
"19","200","1","2","432","0.9696969696969697","0.48120300751879697"
"24","200","1","3","47","0.92","0.30666666666666664"
"21","200","1","3","398","0.82","0.2733333333333333"
"20","200","1","2","416","0.9696969696969697","0.48120300751879697"
"22","200","1","3","297","1.14","0.38"
"24","200","1","3","48","0.88","0.29333333333333333"
"19","200","1","2","433","0.7424242424242424","0.3684210526315789"
"23","200","1","3","289","1.14","0.38"
"20","200","1","2","417","0.803030303030303","0.39849624060150374"
"21","200","1","3","399","0.8","0.26666666666666666"
"22","200","1","3","298","1.12","0.37333333333333335"
"24","200","1","3","49","0.96","0.32"
"19","200","1","2","434","0.8787878787878788","0.43609022556390975"
"23","200","1","3","290","0.98","0.32666666666666666"
"20","200","1","2","418","0.8333333333333334","0.41353383458646614"
"22","200","1","3","299","1.22","0.4066666666666667"
"21","200","1","3","400","0.58","0.19333333333333333"
"24","200","1","3","50","0.96","0.32"
"22","200","1","3","300","0.98","0.32666666666666666"
"23","200","1","3","291","0.88","0.29333333333333333"
"20","200","1","2","419","0.8333333333333334","0.41353383458646614"
"19","200","1","2","435","0.7272727272727273","0.3609022556390977"
"24","200","1","3","51","0.92","0.30666666666666664"
"21","200","1","3","401","0.92","0.30666666666666664"
"24","200","1","3","52","0.86","0.2866666666666667"
"22","200","1","3","301","0.92","0.30666666666666664"
"19","200","1","2","436","0.7878787878787878","0.39097744360902253"
"20","200","1","2","420","0.7878787878787878","0.39097744360902253"
"23","200","1","3","292","1.12","0.37333333333333335"
"21","200","1","3","402","1","0.3333333333333333"
"19","200","1","2","437","0.8181818181818182","0.40601503759398494"
"24","200","1","3","53","0.8","0.26666666666666666"
"22","200","1","3","302","1.02","0.34"
"20","200","1","2","421","0.7121212121212122","0.3533834586466165"
"21","200","1","3","403","0.98","0.32666666666666666"
"23","200","1","3","293","1.06","0.35333333333333333"
"24","200","1","3","54","0.92","0.30666666666666664"
"21","200","1","3","404","1.06","0.35333333333333333"
"19","200","1","2","438","0.7424242424242424","0.3684210526315789"
"22","200","1","3","303","0.86","0.2866666666666667"
"20","200","1","2","422","0.7878787878787878","0.39097744360902253"
"23","200","1","3","294","0.82","0.2733333333333333"
"24","200","1","3","55","1.04","0.3466666666666667"
"21","200","1","3","405","0.9","0.3"
"24","200","1","3","56","1.08","0.36"
"22","200","1","3","304","0.84","0.28"
"19","200","1","2","439","0.7878787878787878","0.39097744360902253"
"20","200","1","2","423","0.803030303030303","0.39849624060150374"
"23","200","1","3","295","0.86","0.2866666666666667"
"21","200","1","3","406","0.94","0.31333333333333335"
"24","200","1","3","57","1.06","0.35333333333333333"
"22","200","1","3","305","0.96","0.32"
"19","200","1","2","440","0.7424242424242424","0.3684210526315789"
"20","200","1","2","424","0.8939393939393939","0.44360902255639095"
"24","200","1","3","58","0.98","0.32666666666666666"
"23","200","1","3","296","0.86","0.2866666666666667"
"21","200","1","3","407","1.02","0.34"
"22","200","1","3","306","0.98","0.32666666666666666"
"19","200","1","2","441","0.7727272727272727","0.38345864661654133"
"20","200","1","2","425","0.6818181818181818","0.3383458646616541"
"23","200","1","3","297","1.02","0.34"
"22","200","1","3","307","0.96","0.32"
"21","200","1","3","408","1.18","0.3933333333333333"
"24","200","1","3","59","1.02","0.34"
"20","200","1","2","426","1.106060606060606","0.5488721804511278"
"23","200","1","3","298","0.86","0.2866666666666667"
"19","200","1","2","442","0.7878787878787878","0.39097744360902253"
"22","200","1","3","308","0.86","0.2866666666666667"
"21","200","1","3","409","1.1","0.36666666666666664"
"24","200","1","3","60","0.88","0.29333333333333333"
"19","200","1","2","443","0.8333333333333334","0.41353383458646614"
"20","200","1","2","427","0.7272727272727273","0.3609022556390977"
"23","200","1","3","299","0.94","0.31333333333333335"
"22","200","1","3","309","1.08","0.36"
"21","200","1","3","410","0.88","0.29333333333333333"
"24","200","1","3","61","0.86","0.2866666666666667"
"19","200","1","2","444","0.7878787878787878","0.39097744360902253"
"23","200","1","3","300","0.98","0.32666666666666666"
"20","200","1","2","428","0.7575757575757576","0.37593984962406013"
"24","200","1","3","62","1.06","0.35333333333333333"
"22","200","1","3","310","0.92","0.30666666666666664"
"21","200","1","3","411","1","0.3333333333333333"
"19","200","1","2","445","0.7575757575757576","0.37593984962406013"
"24","200","1","3","63","1.08","0.36"
"23","200","1","3","301","1","0.3333333333333333"
"20","200","1","2","429","0.8939393939393939","0.44360902255639095"
"21","200","1","3","412","0.94","0.31333333333333335"
"22","200","1","3","311","0.88","0.29333333333333333"
"24","200","1","3","64","1.12","0.37333333333333335"
"19","200","1","2","446","0.7121212121212122","0.3533834586466165"
"23","200","1","3","302","0.86","0.2866666666666667"
"24","200","1","3","65","0.82","0.2733333333333333"
"22","200","1","3","312","1.1","0.36666666666666664"
"20","200","1","2","430","1.0606060606060606","0.5263157894736842"
"21","200","1","3","413","0.92","0.30666666666666664"
"24","200","1","3","66","1.16","0.38666666666666666"
"23","200","1","3","303","0.78","0.26"
"22","200","1","3","313","0.98","0.32666666666666666"
"19","200","1","2","447","0.6666666666666666","0.3308270676691729"
"20","200","1","2","431","0.9242424242424242","0.45864661654135336"
"21","200","1","3","414","0.86","0.2866666666666667"
"24","200","1","3","67","0.9","0.3"
"22","200","1","3","314","0.88","0.29333333333333333"
"19","200","1","2","448","0.8484848484848485","0.42105263157894735"
"23","200","1","3","304","0.86","0.2866666666666667"
"20","200","1","2","432","0.6363636363636364","0.3157894736842105"
"24","200","1","3","68","0.86","0.2866666666666667"
"21","200","1","3","415","1.16","0.38666666666666666"
"22","200","1","3","315","1.02","0.34"
"19","200","1","2","449","0.7878787878787878","0.39097744360902253"
"23","200","1","3","305","1.06","0.35333333333333333"
"20","200","1","2","433","0.9090909090909091","0.45112781954887216"
"24","200","1","3","69","0.9","0.3"
"21","200","1","3","416","1","0.3333333333333333"
"22","200","1","3","316","0.88","0.29333333333333333"
"23","200","1","3","306","0.82","0.2733333333333333"
"20","200","1","2","434","0.9090909090909091","0.45112781954887216"
"24","200","1","3","70","0.96","0.32"
"19","200","1","2","450","0.9242424242424242","0.45864661654135336"
"21","200","1","3","417","0.9","0.3"
"24","200","1","3","71","0.76","0.25333333333333335"
"22","200","1","3","317","0.8","0.26666666666666666"
"23","200","1","3","307","1.06","0.35333333333333333"
"20","200","1","2","435","0.8181818181818182","0.40601503759398494"
"19","200","1","2","451","0.8787878787878788","0.43609022556390975"
"24","200","1","3","72","0.94","0.31333333333333335"
"21","200","1","3","418","1","0.3333333333333333"
"22","200","1","3","318","0.88","0.29333333333333333"
"23","200","1","3","308","0.96","0.32"
"20","200","1","2","436","0.9242424242424242","0.45864661654135336"
"24","200","1","3","73","0.72","0.24"
"19","200","1","2","452","0.7727272727272727","0.38345864661654133"
"22","200","1","3","319","0.84","0.28"
"21","200","1","3","419","0.86","0.2866666666666667"
"23","200","1","3","309","0.82","0.2733333333333333"
"20","200","1","2","437","0.8787878787878788","0.43609022556390975"
"24","200","1","3","74","0.82","0.2733333333333333"
"22","200","1","3","320","0.96","0.32"
"19","200","1","2","453","0.9545454545454546","0.47368421052631576"
"24","200","1","3","75","0.86","0.2866666666666667"
"21","200","1","3","420","1.16","0.38666666666666666"
"20","200","1","2","438","0.803030303030303","0.39849624060150374"
"23","200","1","3","310","0.9","0.3"
"24","200","1","3","76","0.92","0.30666666666666664"
"22","200","1","3","321","1.04","0.3466666666666667"
"19","200","1","2","454","0.7878787878787878","0.39097744360902253"
"21","200","1","3","421","0.74","0.24666666666666667"
"20","200","1","2","439","1.0151515151515151","0.5037593984962406"
"24","200","1","3","77","0.92","0.30666666666666664"
"22","200","1","3","322","0.92","0.30666666666666664"
"23","200","1","3","311","0.82","0.2733333333333333"
"19","200","1","2","455","0.6363636363636364","0.3157894736842105"
"21","200","1","3","422","0.7","0.23333333333333334"
"24","200","1","3","78","0.98","0.32666666666666666"
"19","200","1","2","456","0.7878787878787878","0.39097744360902253"
"20","200","1","2","440","1.0303030303030303","0.5112781954887218"
"22","200","1","3","323","0.74","0.24666666666666667"
"23","200","1","3","312","0.94","0.31333333333333335"
"24","200","1","3","79","0.9","0.3"
"21","200","1","3","423","0.72","0.24"
"23","200","1","3","313","1","0.3333333333333333"
"20","200","1","2","441","0.9696969696969697","0.48120300751879697"
"22","200","1","3","324","0.86","0.2866666666666667"
"19","200","1","2","457","0.803030303030303","0.39849624060150374"
"24","200","1","3","80","1.16","0.38666666666666666"
"23","200","1","3","314","0.96","0.32"
"21","200","1","3","424","0.9","0.3"
"22","200","1","3","325","0.76","0.25333333333333335"
"24","200","1","3","81","1.2","0.4"
"20","200","1","2","442","0.8181818181818182","0.40601503759398494"
"19","200","1","2","458","0.8636363636363636","0.42857142857142855"
"23","200","1","3","315","0.96","0.32"
"21","200","1","3","425","1","0.3333333333333333"
"24","200","1","3","82","0.94","0.31333333333333335"
"22","200","1","3","326","0.88","0.29333333333333333"
"20","200","1","2","443","0.8181818181818182","0.40601503759398494"
"19","200","1","2","459","0.8181818181818182","0.40601503759398494"
"23","200","1","3","316","1","0.3333333333333333"
"21","200","1","3","426","0.9","0.3"
"24","200","1","3","83","1.04","0.3466666666666667"
"22","200","1","3","327","0.84","0.28"
"20","200","1","2","444","0.9393939393939394","0.46616541353383456"
"19","200","1","2","460","0.7575757575757576","0.37593984962406013"
"23","200","1","3","317","1","0.3333333333333333"
"24","200","1","3","84","0.88","0.29333333333333333"
"21","200","1","3","427","0.86","0.2866666666666667"
"22","200","1","3","328","1","0.3333333333333333"
"20","200","1","2","445","0.8333333333333334","0.41353383458646614"
"19","200","1","2","461","0.7727272727272727","0.38345864661654133"
"24","200","1","3","85","1.08","0.36"
"23","200","1","3","318","0.72","0.24"
"24","200","1","3","86","1.18","0.3933333333333333"
"20","200","1","2","446","0.7575757575757576","0.37593984962406013"
"21","200","1","3","428","0.96","0.32"
"22","200","1","3","329","1.02","0.34"
"19","200","1","2","462","0.7575757575757576","0.37593984962406013"
"23","200","1","3","319","1","0.3333333333333333"
"19","200","1","2","463","0.7424242424242424","0.3684210526315789"
"21","200","1","3","429","0.98","0.32666666666666666"
"20","200","1","2","447","0.8333333333333334","0.41353383458646614"
"22","200","1","3","330","1.06","0.35333333333333333"
"23","200","1","3","320","0.9","0.3"
"22","200","1","3","331","1.22","0.4066666666666667"
"19","200","1","2","464","0.8181818181818182","0.40601503759398494"
"21","200","1","3","430","1.02","0.34"
"24","200","1","3","87","1.04","0.3466666666666667"
"23","200","1","3","321","0.9","0.3"
"22","200","1","3","332","0.92","0.30666666666666664"
"20","200","1","2","448","0.803030303030303","0.39849624060150374"
"19","200","1","2","465","0.7727272727272727","0.38345864661654133"
"21","200","1","3","431","1.12","0.37333333333333335"
"24","200","1","3","88","1.12","0.37333333333333335"
"22","200","1","3","333","1.06","0.35333333333333333"
"19","200","1","2","466","0.7575757575757576","0.37593984962406013"
"20","200","1","2","449","0.803030303030303","0.39849624060150374"
"23","200","1","3","322","0.82","0.2733333333333333"
"21","200","1","3","432","1.06","0.35333333333333333"
"24","200","1","3","89","0.88","0.29333333333333333"
"22","200","1","3","334","0.88","0.29333333333333333"
"19","200","1","2","467","0.8636363636363636","0.42857142857142855"
"20","200","1","2","450","0.8787878787878788","0.43609022556390975"
"24","200","1","3","90","1.04","0.3466666666666667"
"23","200","1","3","323","1","0.3333333333333333"
"21","200","1","3","433","1.02","0.34"
"22","200","1","3","335","0.84","0.28"
"24","200","1","3","91","0.86","0.2866666666666667"
"19","200","1","2","468","1.0151515151515151","0.5037593984962406"
"20","200","1","2","451","0.9090909090909091","0.45112781954887216"
"23","200","1","3","324","1.02","0.34"
"21","200","1","3","434","1","0.3333333333333333"
"22","200","1","3","336","0.9","0.3"
"24","200","1","3","92","0.9","0.3"
"20","200","1","2","452","0.696969696969697","0.3458646616541353"
"19","200","1","2","469","0.7121212121212122","0.3533834586466165"
"23","200","1","3","325","0.9","0.3"
"21","200","1","3","435","0.86","0.2866666666666667"
"24","200","1","3","93","0.94","0.31333333333333335"
"22","200","1","3","337","0.78","0.26"
"20","200","1","2","453","0.8181818181818182","0.40601503759398494"
"19","200","1","2","470","0.6060606060606061","0.3007518796992481"
"23","200","1","3","326","0.8","0.26666666666666666"
"21","200","1","3","436","1.02","0.34"
"24","200","1","3","94","0.9","0.3"
"22","200","1","3","338","0.86","0.2866666666666667"
"20","200","1","2","454","0.8636363636363636","0.42857142857142855"
"23","200","1","3","327","1","0.3333333333333333"
"21","200","1","3","437","1.02","0.34"
"19","200","1","2","471","0.8787878787878788","0.43609022556390975"
"24","200","1","3","95","0.86","0.2866666666666667"
"22","200","1","3","339","0.84","0.28"
"20","200","1","2","455","0.9242424242424242","0.45864661654135336"
"23","200","1","3","328","1.14","0.38"
"24","200","1","3","96","1.06","0.35333333333333333"
"21","200","1","3","438","0.94","0.31333333333333335"
"19","200","1","2","472","0.7121212121212122","0.3533834586466165"
"22","200","1","3","340","0.92","0.30666666666666664"
"20","200","1","2","456","0.8181818181818182","0.40601503759398494"
"24","200","1","3","97","1.06","0.35333333333333333"
"23","200","1","3","329","1.22","0.4066666666666667"
"21","200","1","3","439","0.92","0.30666666666666664"
"19","200","1","2","473","0.6212121212121212","0.3082706766917293"
"24","200","1","3","98","0.94","0.31333333333333335"
"22","200","1","3","341","0.88","0.29333333333333333"
"20","200","1","2","457","0.8484848484848485","0.42105263157894735"
"21","200","1","3","440","0.8","0.26666666666666666"
"23","200","1","3","330","0.9","0.3"
"19","200","1","2","474","0.7727272727272727","0.38345864661654133"
"24","200","1","3","99","1.1","0.36666666666666664"
"22","200","1","3","342","1.08","0.36"
"20","200","1","2","458","0.8484848484848485","0.42105263157894735"
"21","200","1","3","441","1","0.3333333333333333"
"24","200","1","3","100","0.86","0.2866666666666667"
"23","200","1","3","331","0.96","0.32"
"19","200","1","2","475","0.8636363636363636","0.42857142857142855"
"22","200","1","3","343","1.02","0.34"
"20","200","1","2","459","0.7878787878787878","0.39097744360902253"
"21","200","1","3","442","0.78","0.26"
"24","200","1","3","101","1.06","0.35333333333333333"
"23","200","1","3","332","1.08","0.36"
"19","200","1","2","476","1.0454545454545454","0.518796992481203"
"22","200","1","3","344","0.9","0.3"
"20","200","1","2","460","0.8939393939393939","0.44360902255639095"
"24","200","1","3","102","1.18","0.3933333333333333"
"21","200","1","3","443","0.86","0.2866666666666667"
"23","200","1","3","333","1.06","0.35333333333333333"
"22","200","1","3","345","1.04","0.3466666666666667"
"19","200","1","2","477","0.9545454545454546","0.47368421052631576"
"20","200","1","2","461","0.9242424242424242","0.45864661654135336"
"24","200","1","3","103","0.8","0.26666666666666666"
"21","200","1","3","444","0.92","0.30666666666666664"
"23","200","1","3","334","0.9","0.3"
"22","200","1","3","346","1","0.3333333333333333"
"24","200","1","3","104","0.94","0.31333333333333335"
"20","200","1","2","462","0.7424242424242424","0.3684210526315789"
"24","200","1","3","105","1.1","0.36666666666666664"
"21","200","1","3","445","0.72","0.24"
"22","200","1","3","347","0.92","0.30666666666666664"
"23","200","1","3","335","1.06","0.35333333333333333"
"19","200","1","2","478","0.9696969696969697","0.48120300751879697"
"20","200","1","2","463","0.9090909090909091","0.45112781954887216"
"24","200","1","3","106","1.12","0.37333333333333335"
"21","200","1","3","446","0.74","0.24666666666666667"
"22","200","1","3","348","0.94","0.31333333333333335"
"23","200","1","3","336","1.1","0.36666666666666664"
"20","200","1","2","464","0.8333333333333334","0.41353383458646614"
"19","200","1","2","479","0.8333333333333334","0.41353383458646614"
"24","200","1","3","107","0.84","0.28"
"21","200","1","3","447","0.82","0.2733333333333333"
"22","200","1","3","349","0.92","0.30666666666666664"
"19","200","1","2","480","0.9848484848484849","0.48872180451127817"
"20","200","1","2","465","0.9848484848484849","0.48872180451127817"
"23","200","1","3","337","1.12","0.37333333333333335"
"24","200","1","3","108","1.08","0.36"
"21","200","1","3","448","0.86","0.2866666666666667"
"22","200","1","3","350","0.86","0.2866666666666667"
"20","200","1","2","466","0.803030303030303","0.39849624060150374"
"23","200","1","3","338","0.96","0.32"
"24","200","1","3","109","1.06","0.35333333333333333"
"19","200","1","2","481","0.9393939393939394","0.46616541353383456"
"23","200","1","3","339","0.92","0.30666666666666664"
"22","200","1","3","351","1.18","0.3933333333333333"
"21","200","1","3","449","1.02","0.34"
"24","200","1","3","110","1.02","0.34"
"20","200","1","2","467","0.8181818181818182","0.40601503759398494"
"19","200","1","2","482","0.8636363636363636","0.42857142857142855"
"23","200","1","3","340","1.04","0.3466666666666667"
"24","200","1","3","111","0.9","0.3"
"22","200","1","3","352","1.04","0.3466666666666667"
"21","200","1","3","450","1","0.3333333333333333"
"20","200","1","2","468","1.0606060606060606","0.5263157894736842"
"23","200","1","3","341","1.04","0.3466666666666667"
"21","200","1","3","451","1.08","0.36"
"19","200","1","2","483","0.9393939393939394","0.46616541353383456"
"22","200","1","3","353","1.04","0.3466666666666667"
"20","200","1","2","469","0.9090909090909091","0.45112781954887216"
"24","200","1","3","112","0.94","0.31333333333333335"
"23","200","1","3","342","1.18","0.3933333333333333"
"22","200","1","3","354","1.06","0.35333333333333333"
"21","200","1","3","452","0.94","0.31333333333333335"
"20","200","1","2","470","0.8181818181818182","0.40601503759398494"
"24","200","1","3","113","0.92","0.30666666666666664"
"22","200","1","3","355","1.02","0.34"
"19","200","1","2","484","0.9393939393939394","0.46616541353383456"
"23","200","1","3","343","0.98","0.32666666666666666"
"21","200","1","3","453","1","0.3333333333333333"
"24","200","1","3","114","0.82","0.2733333333333333"
"20","200","1","2","471","1.0757575757575757","0.5338345864661654"
"22","200","1","3","356","0.94","0.31333333333333335"
"19","200","1","2","485","0.9545454545454546","0.47368421052631576"
"23","200","1","3","344","0.82","0.2733333333333333"
"24","200","1","3","115","0.96","0.32"
"21","200","1","3","454","1.14","0.38"
"22","200","1","3","357","0.92","0.30666666666666664"
"20","200","1","2","472","0.8636363636363636","0.42857142857142855"
"19","200","1","2","486","0.9696969696969697","0.48120300751879697"
"24","200","1","3","116","0.8","0.26666666666666666"
"23","200","1","3","345","0.92","0.30666666666666664"
"21","200","1","3","455","1.02","0.34"
"22","200","1","3","358","0.7","0.23333333333333334"
"20","200","1","2","473","1","0.49624060150375937"
"24","200","1","3","117","0.92","0.30666666666666664"
"19","200","1","2","487","0.9393939393939394","0.46616541353383456"
"23","200","1","3","346","0.9","0.3"
"21","200","1","3","456","0.92","0.30666666666666664"
"22","200","1","3","359","0.8","0.26666666666666666"
"20","200","1","2","474","0.9545454545454546","0.47368421052631576"
"24","200","1","3","118","0.92","0.30666666666666664"
"19","200","1","2","488","0.9393939393939394","0.46616541353383456"
"23","200","1","3","347","0.86","0.2866666666666667"
"22","200","1","3","360","0.92","0.30666666666666664"
"21","200","1","3","457","1.06","0.35333333333333333"
"24","200","1","3","119","1.16","0.38666666666666666"
"20","200","1","2","475","0.7727272727272727","0.38345864661654133"
"24","200","1","3","120","0.82","0.2733333333333333"
"21","200","1","3","458","0.94","0.31333333333333335"
"23","200","1","3","348","0.92","0.30666666666666664"
"20","200","1","2","476","0.7575757575757576","0.37593984962406013"
"22","200","1","3","361","0.98","0.32666666666666666"
"19","200","1","2","489","1.0606060606060606","0.5263157894736842"
"24","200","1","3","121","1.08","0.36"
"23","200","1","3","349","0.96","0.32"
"21","200","1","3","459","0.86","0.2866666666666667"
"20","200","1","2","477","0.8333333333333334","0.41353383458646614"
"22","200","1","3","362","1.04","0.3466666666666667"
"24","200","1","3","122","0.98","0.32666666666666666"
"19","200","1","2","490","0.9696969696969697","0.48120300751879697"
"23","200","1","3","350","1.04","0.3466666666666667"
"21","200","1","3","460","0.98","0.32666666666666666"
"20","200","1","2","478","0.9242424242424242","0.45864661654135336"
"22","200","1","3","363","0.98","0.32666666666666666"
"24","200","1","3","123","0.92","0.30666666666666664"
"20","200","1","2","479","0.7878787878787878","0.39097744360902253"
"23","200","1","3","351","0.98","0.32666666666666666"
"21","200","1","3","461","0.9","0.3"
"22","200","1","3","364","0.98","0.32666666666666666"
"19","200","1","2","491","0.9242424242424242","0.45864661654135336"
"24","200","1","3","124","0.98","0.32666666666666666"
"21","200","1","3","462","0.82","0.2733333333333333"
"22","200","1","3","365","1.02","0.34"
"23","200","1","3","352","0.86","0.2866666666666667"
"20","200","1","2","480","0.7121212121212122","0.3533834586466165"
"24","200","1","3","125","0.94","0.31333333333333335"
"21","200","1","3","463","0.8","0.26666666666666666"
"22","200","1","3","366","0.92","0.30666666666666664"
"24","200","1","3","126","0.88","0.29333333333333333"
"23","200","1","3","353","0.8","0.26666666666666666"
"19","200","1","2","492","0.8939393939393939","0.44360902255639095"
"20","200","1","2","481","0.8484848484848485","0.42105263157894735"
"21","200","1","3","464","1.08","0.36"
"22","200","1","3","367","0.98","0.32666666666666666"
"24","200","1","3","127","0.8","0.26666666666666666"
"23","200","1","3","354","1.06","0.35333333333333333"
"20","200","1","2","482","0.8484848484848485","0.42105263157894735"
"19","200","1","2","493","0.803030303030303","0.39849624060150374"
"24","200","1","3","128","1.12","0.37333333333333335"
"21","200","1","3","465","1.06","0.35333333333333333"
"22","200","1","3","368","0.98","0.32666666666666666"
"21","200","1","3","466","1.02","0.34"
"19","200","1","2","494","0.696969696969697","0.3458646616541353"
"24","200","1","3","129","1.06","0.35333333333333333"
"23","200","1","3","355","0.88","0.29333333333333333"
"20","200","1","2","483","1.1515151515151516","0.5714285714285714"
"22","200","1","3","369","0.98","0.32666666666666666"
"21","200","1","3","467","0.96","0.32"
"24","200","1","3","130","1.12","0.37333333333333335"
"23","200","1","3","356","1.02","0.34"
"19","200","1","2","495","0.7878787878787878","0.39097744360902253"
"20","200","1","2","484","0.8787878787878788","0.43609022556390975"
"22","200","1","3","370","1.06","0.35333333333333333"
"21","200","1","3","468","0.96","0.32"
"24","200","1","3","131","1.28","0.4266666666666667"
"23","200","1","3","357","0.92","0.30666666666666664"
"19","200","1","2","496","0.8181818181818182","0.40601503759398494"
"20","200","1","2","485","0.8787878787878788","0.43609022556390975"
"22","200","1","3","371","1.12","0.37333333333333335"
"21","200","1","3","469","1.04","0.3466666666666667"
"24","200","1","3","132","1.08","0.36"
"23","200","1","3","358","0.98","0.32666666666666666"
"19","200","1","2","497","0.8484848484848485","0.42105263157894735"
"21","200","1","3","470","0.92","0.30666666666666664"
"20","200","1","2","486","0.9393939393939394","0.46616541353383456"
"22","200","1","3","372","1","0.3333333333333333"
"24","200","1","3","133","1.18","0.3933333333333333"
"19","200","1","2","498","0.7575757575757576","0.37593984962406013"
"23","200","1","3","359","0.96","0.32"
"20","200","1","2","487","1.0303030303030303","0.5112781954887218"
"21","200","1","3","471","0.96","0.32"
"24","200","1","3","134","0.84","0.28"
"20","200","1","2","488","0.9242424242424242","0.45864661654135336"
"22","200","1","3","373","1.14","0.38"
"19","200","1","2","499","0.8181818181818182","0.40601503759398494"
"23","200","1","3","360","0.96","0.32"
"21","200","1","3","472","0.84","0.28"
"20","200","1","2","489","0.9090909090909091","0.45112781954887216"
"22","200","1","3","374","0.96","0.32"
"19","200","1","2","500","0.8181818181818182","0.40601503759398494"
"23","200","1","3","361","0.88","0.29333333333333333"
"21","200","1","3","473","1.32","0.44"
"22","200","1","3","375","1.12","0.37333333333333335"
"20","200","1","2","490","0.8333333333333334","0.41353383458646614"
"24","200","1","3","135","1.02","0.34"
"25","200","1","3","0","0","0"
"21","200","1","3","474","1.12","0.37333333333333335"
"23","200","1","3","362","1.02","0.34"
"22","200","1","3","376","1.28","0.4266666666666667"
"20","200","1","2","491","0.9848484848484849","0.48872180451127817"
"25","200","1","3","1","0.98","0.32666666666666666"
"24","200","1","3","136","1.06","0.35333333333333333"
"21","200","1","3","475","1.14","0.38"
"25","200","1","3","2","1.12","0.37333333333333335"
"20","200","1","2","492","0.9848484848484849","0.48872180451127817"
"23","200","1","3","363","1.06","0.35333333333333333"
"22","200","1","3","377","1.16","0.38666666666666666"
"24","200","1","3","137","0.98","0.32666666666666666"
"25","200","1","3","3","1.32","0.44"
"21","200","1","3","476","1.02","0.34"
"25","200","1","3","4","1","0.3333333333333333"
"20","200","1","2","493","1","0.49624060150375937"
"23","200","1","3","364","0.78","0.26"
"22","200","1","3","378","0.94","0.31333333333333335"
"24","200","1","3","138","0.84","0.28"
"25","200","1","3","5","0.96","0.32"
"21","200","1","3","477","1.1","0.36666666666666664"
"24","200","1","3","139","0.84","0.28"
"25","200","1","3","6","1.02","0.34"
"22","200","1","3","379","0.86","0.2866666666666667"
"20","200","1","2","494","0.9696969696969697","0.48120300751879697"
"23","200","1","3","365","0.92","0.30666666666666664"
"25","200","1","3","7","1.04","0.3466666666666667"
"24","200","1","3","140","1.02","0.34"
"25","200","1","3","8","1","0.3333333333333333"
"21","200","1","3","478","1.16","0.38666666666666666"
"22","200","1","3","380","0.84","0.28"
"23","200","1","3","366","0.98","0.32666666666666666"
"20","200","1","2","495","1.0909090909090908","0.5413533834586466"
"24","200","1","3","141","0.72","0.24"
"25","200","1","3","9","0.96","0.32"
"25","200","1","3","10","0.78","0.26"
"22","200","1","3","381","1.04","0.3466666666666667"
"24","200","1","3","142","1.22","0.4066666666666667"
"25","200","1","3","11","1.04","0.3466666666666667"
"20","200","1","2","496","0.9090909090909091","0.45112781954887216"
"23","200","1","3","367","0.88","0.29333333333333333"
"25","200","1","3","12","0.88","0.29333333333333333"
"22","200","1","3","382","1","0.3333333333333333"
"24","200","1","3","143","1","0.3333333333333333"
"20","200","1","2","497","1.0303030303030303","0.5112781954887218"
"25","200","1","3","13","0.84","0.28"
"23","200","1","3","368","0.9","0.3"
"25","200","1","3","14","0.92","0.30666666666666664"
"24","200","1","3","144","0.92","0.30666666666666664"
"22","200","1","3","383","0.96","0.32"
"20","200","1","2","498","0.9545454545454546","0.47368421052631576"
"25","200","1","3","15","0.88","0.29333333333333333"
"23","200","1","3","369","0.9","0.3"
"24","200","1","3","145","0.86","0.2866666666666667"
"25","200","1","3","16","0.62","0.20666666666666667"
"22","200","1","3","384","1","0.3333333333333333"
"20","200","1","2","499","1.0757575757575757","0.5338345864661654"
"25","200","1","3","17","0.94","0.31333333333333335"
"24","200","1","3","146","1.02","0.34"
"23","200","1","3","370","1.02","0.34"
"25","200","1","3","18","1.02","0.34"
"22","200","1","3","385","0.98","0.32666666666666666"
"20","200","1","2","500","0.8787878787878788","0.43609022556390975"
"24","200","1","3","147","0.92","0.30666666666666664"
"25","200","1","3","19","0.88","0.29333333333333333"
"25","200","1","3","20","1.06","0.35333333333333333"
"23","200","1","3","371","0.9","0.3"
"24","200","1","3","148","1.08","0.36"
"26","200","1","3","0","0","0"
"22","200","1","3","386","0.96","0.32"
"25","200","1","3","21","1.16","0.38666666666666666"
"26","200","1","3","1","0.76","0.25333333333333335"
"25","200","1","3","22","1.02","0.34"
"23","200","1","3","372","0.92","0.30666666666666664"
"26","200","1","3","2","0.84","0.28"
"24","200","1","3","149","0.94","0.31333333333333335"
"22","200","1","3","387","1.04","0.3466666666666667"
"25","200","1","3","23","1.26","0.42"
"26","200","1","3","3","0.78","0.26"
"25","200","1","3","24","0.96","0.32"
"24","200","1","3","150","1","0.3333333333333333"
"22","200","1","3","388","1.2","0.4"
"23","200","1","3","373","0.96","0.32"
"26","200","1","3","4","0.98","0.32666666666666666"
"25","200","1","3","25","1","0.3333333333333333"
"26","200","1","3","5","0.8","0.26666666666666666"
"25","200","1","3","26","1.06","0.35333333333333333"
"24","200","1","3","151","1.08","0.36"
"26","200","1","3","6","0.94","0.31333333333333335"
"23","200","1","3","374","0.86","0.2866666666666667"
"22","200","1","3","389","0.98","0.32666666666666666"
"25","200","1","3","27","0.78","0.26"
"26","200","1","3","7","1.1","0.36666666666666664"
"24","200","1","3","152","1.04","0.3466666666666667"
"25","200","1","3","28","0.84","0.28"
"26","200","1","3","8","0.98","0.32666666666666666"
"22","200","1","3","390","0.84","0.28"
"25","200","1","3","29","0.86","0.2866666666666667"
"23","200","1","3","375","0.92","0.30666666666666664"
"26","200","1","3","9","0.88","0.29333333333333333"
"25","200","1","3","30","1","0.3333333333333333"
"24","200","1","3","153","1","0.3333333333333333"
"26","200","1","3","10","0.96","0.32"
"22","200","1","3","391","1.02","0.34"
"25","200","1","3","31","1.04","0.3466666666666667"
"26","200","1","3","11","0.98","0.32666666666666666"
"23","200","1","3","376","0.88","0.29333333333333333"
"24","200","1","3","154","0.76","0.25333333333333335"
"25","200","1","3","32","1.14","0.38"
"26","200","1","3","12","0.88","0.29333333333333333"
"22","200","1","3","392","0.82","0.2733333333333333"
"25","200","1","3","33","0.88","0.29333333333333333"
"26","200","1","3","13","1.18","0.3933333333333333"
"23","200","1","3","377","0.92","0.30666666666666664"
"24","200","1","3","155","0.96","0.32"
"25","200","1","3","34","1.04","0.3466666666666667"
"26","200","1","3","14","0.88","0.29333333333333333"
"22","200","1","3","393","0.6","0.2"
"25","200","1","3","35","1.04","0.3466666666666667"
"26","200","1","3","15","1.08","0.36"
"23","200","1","3","378","0.94","0.31333333333333335"
"24","200","1","3","156","0.84","0.28"
"26","200","1","3","16","1.08","0.36"
"25","200","1","3","36","1.04","0.3466666666666667"
"22","200","1","3","394","0.88","0.29333333333333333"
"24","200","1","3","157","0.92","0.30666666666666664"
"21","200","1","3","479","1","0.3333333333333333"
"25","200","1","3","37","1.02","0.34"
"26","200","1","3","17","0.88","0.29333333333333333"
"23","200","1","3","379","0.92","0.30666666666666664"
"26","200","1","3","18","1.1","0.36666666666666664"
"25","200","1","3","38","0.9","0.3"
"24","200","1","3","158","1.12","0.37333333333333335"
"22","200","1","3","395","0.82","0.2733333333333333"
"26","200","1","3","19","1.08","0.36"
"21","200","1","3","480","0.78","0.26"
"25","200","1","3","39","0.74","0.24666666666666667"
"23","200","1","3","380","0.86","0.2866666666666667"
"26","200","1","3","20","0.98","0.32666666666666666"
"24","200","1","3","159","0.94","0.31333333333333335"
"25","200","1","3","40","1","0.3333333333333333"
"22","200","1","3","396","0.96","0.32"
"26","200","1","3","21","1.06","0.35333333333333333"
"25","200","1","3","41","0.86","0.2866666666666667"
"21","200","1","3","481","1.18","0.3933333333333333"
"23","200","1","3","381","0.98","0.32666666666666666"
"24","200","1","3","160","1.08","0.36"
"22","200","1","3","397","0.88","0.29333333333333333"
"26","200","1","3","22","1.06","0.35333333333333333"
"25","200","1","3","42","0.66","0.22"
"26","200","1","3","23","0.94","0.31333333333333335"
"23","200","1","3","382","1","0.3333333333333333"
"21","200","1","3","482","1.02","0.34"
"25","200","1","3","43","0.78","0.26"
"24","200","1","3","161","0.9","0.3"
"22","200","1","3","398","0.88","0.29333333333333333"
"26","200","1","3","24","1.04","0.3466666666666667"
"25","200","1","3","44","0.74","0.24666666666666667"
"26","200","1","3","25","1.06","0.35333333333333333"
"21","200","1","3","483","0.84","0.28"
"25","200","1","3","45","0.84","0.28"
"26","200","1","3","26","1.1","0.36666666666666664"
"23","200","1","3","383","1.26","0.42"
"22","200","1","3","399","0.74","0.24666666666666667"
"26","200","1","3","27","1.06","0.35333333333333333"
"25","200","1","3","46","0.82","0.2733333333333333"
"24","200","1","3","162","1","0.3333333333333333"
"25","200","1","3","47","0.82","0.2733333333333333"
"26","200","1","3","28","0.96","0.32"
"23","200","1","3","384","0.92","0.30666666666666664"
"21","200","1","3","484","1","0.3333333333333333"
"22","200","1","3","400","0.64","0.21333333333333335"
"21","200","1","3","485","0.78","0.26"
"26","200","1","3","29","1.1","0.36666666666666664"
"22","200","1","3","401","0.94","0.31333333333333335"
"23","200","1","3","385","1.1","0.36666666666666664"
"25","200","1","3","48","0.9","0.3"
"24","200","1","3","163","1.18","0.3933333333333333"
"26","200","1","3","30","1.08","0.36"
"21","200","1","3","486","0.96","0.32"
"25","200","1","3","49","0.88","0.29333333333333333"
"26","200","1","3","31","0.94","0.31333333333333335"
"23","200","1","3","386","1.16","0.38666666666666666"
"22","200","1","3","402","0.82","0.2733333333333333"
"24","200","1","3","164","1.02","0.34"
"25","200","1","3","50","0.72","0.24"
"26","200","1","3","32","0.92","0.30666666666666664"
"21","200","1","3","487","1.02","0.34"
"26","200","1","3","33","0.92","0.30666666666666664"
"25","200","1","3","51","0.78","0.26"
"24","200","1","3","165","1.02","0.34"
"23","200","1","3","387","1","0.3333333333333333"
"22","200","1","3","403","0.84","0.28"
"26","200","1","3","34","0.9","0.3"
"21","200","1","3","488","1","0.3333333333333333"
"25","200","1","3","52","0.86","0.2866666666666667"
"24","200","1","3","166","0.96","0.32"
"25","200","1","3","53","0.88","0.29333333333333333"
"26","200","1","3","35","0.78","0.26"
"22","200","1","3","404","0.88","0.29333333333333333"
"23","200","1","3","388","0.94","0.31333333333333335"
"26","200","1","3","36","0.72","0.24"
"25","200","1","3","54","0.92","0.30666666666666664"
"21","200","1","3","489","1.06","0.35333333333333333"
"24","200","1","3","167","1.1","0.36666666666666664"
"25","200","1","3","55","0.92","0.30666666666666664"
"26","200","1","3","37","0.82","0.2733333333333333"
"22","200","1","3","405","0.74","0.24666666666666667"
"23","200","1","3","389","1.06","0.35333333333333333"
"25","200","1","3","56","0.9","0.3"
"21","200","1","3","490","0.94","0.31333333333333335"
"26","200","1","3","38","0.92","0.30666666666666664"
"24","200","1","3","168","0.94","0.31333333333333335"
"25","200","1","3","57","1","0.3333333333333333"
"26","200","1","3","39","1.02","0.34"
"22","200","1","3","406","0.66","0.22"
"23","200","1","3","390","0.96","0.32"
"25","200","1","3","58","0.86","0.2866666666666667"
"21","200","1","3","491","1.08","0.36"
"26","200","1","3","40","1.04","0.3466666666666667"
"24","200","1","3","169","0.94","0.31333333333333335"
"25","200","1","3","59","1.08","0.36"
"26","200","1","3","41","0.96","0.32"
"22","200","1","3","407","0.92","0.30666666666666664"
"23","200","1","3","391","1.04","0.3466666666666667"
"26","200","1","3","42","0.94","0.31333333333333335"
"25","200","1","3","60","1.04","0.3466666666666667"
"21","200","1","3","492","0.9","0.3"
"24","200","1","3","170","0.94","0.31333333333333335"
"26","200","1","3","43","0.86","0.2866666666666667"
"25","200","1","3","61","1","0.3333333333333333"
"22","200","1","3","408","0.92","0.30666666666666664"
"21","200","1","3","493","0.98","0.32666666666666666"
"23","200","1","3","392","1.02","0.34"
"26","200","1","3","44","0.94","0.31333333333333335"
"24","200","1","3","171","1","0.3333333333333333"
"25","200","1","3","62","0.84","0.28"
"22","200","1","3","409","0.82","0.2733333333333333"
"26","200","1","3","45","0.86","0.2866666666666667"
"25","200","1","3","63","0.92","0.30666666666666664"
"21","200","1","3","494","1.18","0.3933333333333333"
"23","200","1","3","393","0.9","0.3"
"24","200","1","3","172","0.92","0.30666666666666664"
"26","200","1","3","46","0.88","0.29333333333333333"
"22","200","1","3","410","1.06","0.35333333333333333"
"25","200","1","3","64","0.88","0.29333333333333333"
"26","200","1","3","47","0.98","0.32666666666666666"
"24","200","1","3","173","0.9","0.3"
"21","200","1","3","495","0.9","0.3"
"22","200","1","3","411","1.22","0.4066666666666667"
"25","200","1","3","65","0.94","0.31333333333333335"
"26","200","1","3","48","0.92","0.30666666666666664"
"23","200","1","3","394","1.02","0.34"
"26","200","1","3","49","1.06","0.35333333333333333"
"25","200","1","3","66","1.16","0.38666666666666666"
"24","200","1","3","174","0.86","0.2866666666666667"
"26","200","1","3","50","0.98","0.32666666666666666"
"22","200","1","3","412","1.2","0.4"
"21","200","1","3","496","1.06","0.35333333333333333"
"23","200","1","3","395","0.84","0.28"
"26","200","1","3","51","0.94","0.31333333333333335"
"25","200","1","3","67","0.8","0.26666666666666666"
"24","200","1","3","175","1","0.3333333333333333"
"22","200","1","3","413","1.14","0.38"
"26","200","1","3","52","0.94","0.31333333333333335"
"25","200","1","3","68","1.08","0.36"
"21","200","1","3","497","1.02","0.34"
"24","200","1","3","176","0.9","0.3"
"26","200","1","3","53","1.08","0.36"
"23","200","1","3","396","0.72","0.24"
"25","200","1","3","69","0.94","0.31333333333333335"
"22","200","1","3","414","1.06","0.35333333333333333"
"26","200","1","3","54","0.84","0.28"
"23","200","1","3","397","1.06","0.35333333333333333"
"24","200","1","3","177","0.76","0.25333333333333335"
"25","200","1","3","70","1.02","0.34"
"21","200","1","3","498","1.06","0.35333333333333333"
"22","200","1","3","415","0.86","0.2866666666666667"
"26","200","1","3","55","0.94","0.31333333333333335"
"25","200","1","3","71","1.14","0.38"
"24","200","1","3","178","0.94","0.31333333333333335"
"21","200","1","3","499","1","0.3333333333333333"
"23","200","1","3","398","0.92","0.30666666666666664"
"26","200","1","3","56","1.04","0.3466666666666667"
"22","200","1","3","416","1.04","0.3466666666666667"
"25","200","1","3","72","0.78","0.26"
"24","200","1","3","179","0.9","0.3"
"26","200","1","3","57","1.08","0.36"
"21","200","1","3","500","1.08","0.36"
"25","200","1","3","73","1.18","0.3933333333333333"
"22","200","1","3","417","1.04","0.3466666666666667"
"23","200","1","3","399","0.72","0.24"
"26","200","1","3","58","0.94","0.31333333333333335"
"24","200","1","3","180","1.14","0.38"
"25","200","1","3","74","1.04","0.3466666666666667"
"27","200","1","3","0","0","0"
"22","200","1","3","418","1","0.3333333333333333"
"26","200","1","3","59","1","0.3333333333333333"
"25","200","1","3","75","0.84","0.28"
"23","200","1","3","400","0.8","0.26666666666666666"
"27","200","1","3","1","0.96","0.32"
"26","200","1","3","60","1","0.3333333333333333"
"25","200","1","3","76","0.82","0.2733333333333333"
"22","200","1","3","419","1.14","0.38"
"24","200","1","3","181","1.08","0.36"
"26","200","1","3","61","0.94","0.31333333333333335"
"23","200","1","3","401","0.74","0.24666666666666667"
"25","200","1","3","77","0.94","0.31333333333333335"
"27","200","1","3","2","1.08","0.36"
"22","200","1","3","420","0.96","0.32"
"25","200","1","3","78","0.92","0.30666666666666664"
"27","200","1","3","3","0.92","0.30666666666666664"
"24","200","1","3","182","0.88","0.29333333333333333"
"26","200","1","3","62","0.9","0.3"
"23","200","1","3","402","0.96","0.32"
"25","200","1","3","79","0.98","0.32666666666666666"
"27","200","1","3","4","1.02","0.34"
"26","200","1","3","63","0.98","0.32666666666666666"
"22","200","1","3","421","0.94","0.31333333333333335"
"24","200","1","3","183","0.9","0.3"
"27","200","1","3","5","1","0.3333333333333333"
"25","200","1","3","80","0.96","0.32"
"26","200","1","3","64","1.14","0.38"
"27","200","1","3","6","1.08","0.36"
"23","200","1","3","403","1.06","0.35333333333333333"
"25","200","1","3","81","0.82","0.2733333333333333"
"26","200","1","3","65","0.88","0.29333333333333333"
"22","200","1","3","422","0.82","0.2733333333333333"
"24","200","1","3","184","0.98","0.32666666666666666"
"27","200","1","3","7","0.96","0.32"
"26","200","1","3","66","1","0.3333333333333333"
"25","200","1","3","82","1.1","0.36666666666666664"
"27","200","1","3","8","0.92","0.30666666666666664"
"23","200","1","3","404","0.9","0.3"
"24","200","1","3","185","1.1","0.36666666666666664"
"27","200","1","3","9","0.96","0.32"
"26","200","1","3","67","0.86","0.2866666666666667"
"22","200","1","3","423","1.02","0.34"
"25","200","1","3","83","1.24","0.41333333333333333"
"27","200","1","3","10","1.06","0.35333333333333333"
"26","200","1","3","68","1.38","0.46"
"25","200","1","3","84","0.94","0.31333333333333335"
"27","200","1","3","11","1.06","0.35333333333333333"
"23","200","1","3","405","0.74","0.24666666666666667"
"24","200","1","3","186","0.9","0.3"
"22","200","1","3","424","1.04","0.3466666666666667"
"27","200","1","3","12","0.78","0.26"
"26","200","1","3","69","1.04","0.3466666666666667"
"25","200","1","3","85","0.92","0.30666666666666664"
"27","200","1","3","13","0.88","0.29333333333333333"
"24","200","1","3","187","0.92","0.30666666666666664"
"22","200","1","3","425","0.86","0.2866666666666667"
"23","200","1","3","406","0.82","0.2733333333333333"
"27","200","1","3","14","0.88","0.29333333333333333"
"26","200","1","3","70","0.98","0.32666666666666666"
"25","200","1","3","86","0.78","0.26"
"27","200","1","3","15","1.1","0.36666666666666664"
"24","200","1","3","188","0.92","0.30666666666666664"
"26","200","1","3","71","0.84","0.28"
"25","200","1","3","87","1.06","0.35333333333333333"
"27","200","1","3","16","0.86","0.2866666666666667"
"22","200","1","3","426","1.04","0.3466666666666667"
"23","200","1","3","407","0.68","0.22666666666666666"
"26","200","1","3","72","1.06","0.35333333333333333"
"27","200","1","3","17","1.06","0.35333333333333333"
"25","200","1","3","88","0.84","0.28"
"24","200","1","3","189","0.94","0.31333333333333335"
"26","200","1","3","73","1.2","0.4"
"27","200","1","3","18","0.88","0.29333333333333333"
"22","200","1","3","427","1.04","0.3466666666666667"
"25","200","1","3","89","1.08","0.36"
"23","200","1","3","408","0.78","0.26"
"26","200","1","3","74","1.22","0.4066666666666667"
"27","200","1","3","19","0.86","0.2866666666666667"
"24","200","1","3","190","0.94","0.31333333333333335"
"25","200","1","3","90","0.98","0.32666666666666666"
"26","200","1","3","75","1.14","0.38"
"27","200","1","3","20","0.88","0.29333333333333333"
"26","200","1","3","76","0.64","0.21333333333333335"
"27","200","1","3","21","0.98","0.32666666666666666"
"25","200","1","3","91","0.86","0.2866666666666667"
"22","200","1","3","428","1.12","0.37333333333333335"
"24","200","1","3","191","1","0.3333333333333333"
"23","200","1","3","409","0.8","0.26666666666666666"
"27","200","1","3","22","0.88","0.29333333333333333"
"26","200","1","3","77","1.22","0.4066666666666667"
"25","200","1","3","92","0.9","0.3"
"24","200","1","3","192","1.1","0.36666666666666664"
"22","200","1","3","429","0.9","0.3"
"27","200","1","3","23","0.9","0.3"
"25","200","1","3","93","1","0.3333333333333333"
"26","200","1","3","78","1.3","0.43333333333333335"
"23","200","1","3","410","0.74","0.24666666666666667"
"27","200","1","3","24","0.94","0.31333333333333335"
"26","200","1","3","79","0.86","0.2866666666666667"
"25","200","1","3","94","1.02","0.34"
"24","200","1","3","193","1","0.3333333333333333"
"27","200","1","3","25","0.96","0.32"
"22","200","1","3","430","0.78","0.26"
"26","200","1","3","80","1.1","0.36666666666666664"
"23","200","1","3","411","0.78","0.26"
"25","200","1","3","95","1.14","0.38"
"27","200","1","3","26","0.9","0.3"
"26","200","1","3","81","0.98","0.32666666666666666"
"25","200","1","3","96","1.2","0.4"
"24","200","1","3","194","0.92","0.30666666666666664"
"27","200","1","3","27","1.04","0.3466666666666667"
"22","200","1","3","431","0.78","0.26"
"23","200","1","3","412","1.04","0.3466666666666667"
"26","200","1","3","82","1.12","0.37333333333333335"
"25","200","1","3","97","0.9","0.3"
"27","200","1","3","28","0.94","0.31333333333333335"
"24","200","1","3","195","0.9","0.3"
"26","200","1","3","83","1.04","0.3466666666666667"
"25","200","1","3","98","1.04","0.3466666666666667"
"27","200","1","3","29","0.88","0.29333333333333333"
"23","200","1","3","413","0.84","0.28"
"22","200","1","3","432","0.86","0.2866666666666667"
"27","200","1","3","30","0.94","0.31333333333333335"
"26","200","1","3","84","0.98","0.32666666666666666"
"25","200","1","3","99","0.84","0.28"
"24","200","1","3","196","0.96","0.32"
"27","200","1","3","31","1.06","0.35333333333333333"
"26","200","1","3","85","0.92","0.30666666666666664"
"25","200","1","3","100","0.88","0.29333333333333333"
"23","200","1","3","414","0.92","0.30666666666666664"
"27","200","1","3","32","1.12","0.37333333333333335"
"22","200","1","3","433","0.88","0.29333333333333333"
"26","200","1","3","86","0.94","0.31333333333333335"
"24","200","1","3","197","0.96","0.32"
"27","200","1","3","33","0.96","0.32"
"25","200","1","3","101","0.96","0.32"
"22","200","1","3","434","1","0.3333333333333333"
"26","200","1","3","87","0.84","0.28"
"23","200","1","3","415","0.9","0.3"
"27","200","1","3","34","0.84","0.28"
"25","200","1","3","102","1.02","0.34"
"24","200","1","3","198","0.92","0.30666666666666664"
"26","200","1","3","88","0.9","0.3"
"27","200","1","3","35","0.96","0.32"
"25","200","1","3","103","1.16","0.38666666666666666"
"22","200","1","3","435","0.96","0.32"
"23","200","1","3","416","0.96","0.32"
"26","200","1","3","89","1","0.3333333333333333"
"27","200","1","3","36","1.04","0.3466666666666667"
"24","200","1","3","199","0.82","0.2733333333333333"
"25","200","1","3","104","1.06","0.35333333333333333"
"26","200","1","3","90","0.98","0.32666666666666666"
"27","200","1","3","37","0.98","0.32666666666666666"
"24","200","1","3","200","0.96","0.32"
"26","200","1","3","91","0.98","0.32666666666666666"
"23","200","1","3","417","0.9","0.3"
"27","200","1","3","38","0.88","0.29333333333333333"
"22","200","1","3","436","0.7","0.23333333333333334"
"25","200","1","3","105","1.1","0.36666666666666664"
"27","200","1","3","39","0.64","0.21333333333333335"
"26","200","1","3","92","0.92","0.30666666666666664"
"24","200","1","3","201","0.74","0.24666666666666667"
"25","200","1","3","106","1.02","0.34"
"23","200","1","3","418","0.7","0.23333333333333334"
"22","200","1","3","437","0.84","0.28"
"27","200","1","3","40","0.84","0.28"
"26","200","1","3","93","1.34","0.44666666666666666"
"25","200","1","3","107","0.98","0.32666666666666666"
"24","200","1","3","202","0.82","0.2733333333333333"
"23","200","1","3","419","0.9","0.3"
"27","200","1","3","41","0.88","0.29333333333333333"
"26","200","1","3","94","1.06","0.35333333333333333"
"25","200","1","3","108","1.06","0.35333333333333333"
"22","200","1","3","438","0.84","0.28"
"24","200","1","3","203","0.84","0.28"
"27","200","1","3","42","0.82","0.2733333333333333"
"26","200","1","3","95","0.98","0.32666666666666666"
"25","200","1","3","109","1.06","0.35333333333333333"
"23","200","1","3","420","0.9","0.3"
"22","200","1","3","439","1.02","0.34"
"27","200","1","3","43","0.74","0.24666666666666667"
"26","200","1","3","96","1","0.3333333333333333"
"25","200","1","3","110","0.94","0.31333333333333335"
"27","200","1","3","44","0.84","0.28"
"26","200","1","3","97","0.98","0.32666666666666666"
"23","200","1","3","421","0.98","0.32666666666666666"
"25","200","1","3","111","0.94","0.31333333333333335"
"22","200","1","3","440","0.8","0.26666666666666666"
"27","200","1","3","45","0.9","0.3"
"24","200","1","3","204","0.86","0.2866666666666667"
"22","200","1","3","441","0.82","0.2733333333333333"
"27","200","1","3","46","0.9","0.3"
"26","200","1","3","98","1.12","0.37333333333333335"
"23","200","1","3","422","1.12","0.37333333333333335"
"25","200","1","3","112","1.08","0.36"
"27","200","1","3","47","0.82","0.2733333333333333"
"26","200","1","3","99","1.08","0.36"
"22","200","1","3","442","1.04","0.3466666666666667"
"25","200","1","3","113","1.04","0.3466666666666667"
"24","200","1","3","205","0.96","0.32"
"27","200","1","3","48","0.88","0.29333333333333333"
"26","200","1","3","100","1","0.3333333333333333"
"23","200","1","3","423","0.94","0.31333333333333335"
"27","200","1","3","49","0.84","0.28"
"25","200","1","3","114","0.92","0.30666666666666664"
"26","200","1","3","101","1.08","0.36"
"24","200","1","3","206","0.86","0.2866666666666667"
"22","200","1","3","443","1.12","0.37333333333333335"
"23","200","1","3","424","0.86","0.2866666666666667"
"27","200","1","3","50","1.02","0.34"
"25","200","1","3","115","0.96","0.32"
"26","200","1","3","102","1.08","0.36"
"24","200","1","3","207","1.02","0.34"
"27","200","1","3","51","0.96","0.32"
"22","200","1","3","444","0.82","0.2733333333333333"
"25","200","1","3","116","1.08","0.36"
"26","200","1","3","103","0.98","0.32666666666666666"
"27","200","1","3","52","1.08","0.36"
"23","200","1","3","425","1","0.3333333333333333"
"24","200","1","3","208","0.9","0.3"
"26","200","1","3","104","1.12","0.37333333333333335"
"27","200","1","3","53","0.96","0.32"
"25","200","1","3","117","0.98","0.32666666666666666"
"22","200","1","3","445","1.02","0.34"
"27","200","1","3","54","0.84","0.28"
"25","200","1","3","118","0.84","0.28"
"26","200","1","3","105","1.04","0.3466666666666667"
"23","200","1","3","426","1","0.3333333333333333"
"24","200","1","3","209","1","0.3333333333333333"
"27","200","1","3","55","0.8","0.26666666666666666"
"26","200","1","3","106","0.94","0.31333333333333335"
"25","200","1","3","119","1.02","0.34"
"27","200","1","3","56","0.7","0.23333333333333334"
"22","200","1","3","446","1.06","0.35333333333333333"
"24","200","1","3","210","1.1","0.36666666666666664"
"25","200","1","3","120","0.94","0.31333333333333335"
"23","200","1","3","427","1.06","0.35333333333333333"
"26","200","1","3","107","0.86","0.2866666666666667"
"27","200","1","3","57","0.74","0.24666666666666667"
"26","200","1","3","108","0.8","0.26666666666666666"
"25","200","1","3","121","0.86","0.2866666666666667"
"22","200","1","3","447","0.9","0.3"
"24","200","1","3","211","1.02","0.34"
"27","200","1","3","58","0.84","0.28"
"23","200","1","3","428","1.08","0.36"
"26","200","1","3","109","0.86","0.2866666666666667"
"25","200","1","3","122","1.1","0.36666666666666664"
"27","200","1","3","59","0.98","0.32666666666666666"
"24","200","1","3","212","0.86","0.2866666666666667"
"22","200","1","3","448","1.04","0.3466666666666667"
"26","200","1","3","110","0.86","0.2866666666666667"
"27","200","1","3","60","0.98","0.32666666666666666"
"25","200","1","3","123","1.02","0.34"
"23","200","1","3","429","1.24","0.41333333333333333"
"26","200","1","3","111","0.76","0.25333333333333335"
"25","200","1","3","124","1.14","0.38"
"27","200","1","3","61","1.18","0.3933333333333333"
"24","200","1","3","213","0.88","0.29333333333333333"
"26","200","1","3","112","1.12","0.37333333333333335"
"23","200","1","3","430","1.08","0.36"
"27","200","1","3","62","1.12","0.37333333333333335"
"25","200","1","3","125","1.1","0.36666666666666664"
"26","200","1","3","113","1.02","0.34"
"27","200","1","3","63","1","0.3333333333333333"
"24","200","1","3","214","0.84","0.28"
"23","200","1","3","431","0.9","0.3"
"25","200","1","3","126","1.26","0.42"
"27","200","1","3","64","0.96","0.32"
"26","200","1","3","114","1.04","0.3466666666666667"
"25","200","1","3","127","0.96","0.32"
"27","200","1","3","65","1.12","0.37333333333333335"
"24","200","1","3","215","0.84","0.28"
"23","200","1","3","432","0.84","0.28"
"26","200","1","3","115","1.16","0.38666666666666666"
"27","200","1","3","66","0.82","0.2733333333333333"
"25","200","1","3","128","1","0.3333333333333333"
"26","200","1","3","116","1.22","0.4066666666666667"
"27","200","1","3","67","0.68","0.22666666666666666"
"23","200","1","3","433","1.12","0.37333333333333335"
"24","200","1","3","216","0.8","0.26666666666666666"
"25","200","1","3","129","0.92","0.30666666666666664"
"27","200","1","3","68","0.92","0.30666666666666664"
"26","200","1","3","117","1.02","0.34"
"23","200","1","3","434","1.06","0.35333333333333333"
"27","200","1","3","69","0.72","0.24"
"25","200","1","3","130","0.9","0.3"
"24","200","1","3","217","0.76","0.25333333333333335"
"26","200","1","3","118","1.06","0.35333333333333333"
"27","200","1","3","70","0.98","0.32666666666666666"
"25","200","1","3","131","0.94","0.31333333333333335"
"26","200","1","3","119","0.94","0.31333333333333335"
"27","200","1","3","71","1.16","0.38666666666666666"
"23","200","1","3","435","1.06","0.35333333333333333"
"24","200","1","3","218","0.92","0.30666666666666664"
"25","200","1","3","132","1.16","0.38666666666666666"
"27","200","1","3","72","1.04","0.3466666666666667"
"26","200","1","3","120","0.9","0.3"
"27","200","1","3","73","0.96","0.32"
"23","200","1","3","436","1.02","0.34"
"25","200","1","3","133","1.1","0.36666666666666664"
"26","200","1","3","121","0.9","0.3"
"24","200","1","3","219","0.76","0.25333333333333335"
"27","200","1","3","74","0.86","0.2866666666666667"
"25","200","1","3","134","0.98","0.32666666666666666"
"26","200","1","3","122","0.86","0.2866666666666667"
"23","200","1","3","437","0.92","0.30666666666666664"
"27","200","1","3","75","1","0.3333333333333333"
"25","200","1","3","135","1","0.3333333333333333"
"24","200","1","3","220","0.7","0.23333333333333334"
"26","200","1","3","123","0.78","0.26"
"27","200","1","3","76","1.04","0.3466666666666667"
"23","200","1","3","438","1.08","0.36"
"25","200","1","3","136","1","0.3333333333333333"
"26","200","1","3","124","0.94","0.31333333333333335"
"27","200","1","3","77","1","0.3333333333333333"
"24","200","1","3","221","1.04","0.3466666666666667"
"26","200","1","3","125","0.88","0.29333333333333333"
"25","200","1","3","137","0.96","0.32"
"27","200","1","3","78","0.88","0.29333333333333333"
"23","200","1","3","439","0.9","0.3"
"26","200","1","3","126","0.98","0.32666666666666666"
"24","200","1","3","222","0.92","0.30666666666666664"
"25","200","1","3","138","0.96","0.32"
"27","200","1","3","79","0.8","0.26666666666666666"
"26","200","1","3","127","0.94","0.31333333333333335"
"27","200","1","3","80","0.98","0.32666666666666666"
"25","200","1","3","139","0.94","0.31333333333333335"
"24","200","1","3","223","0.98","0.32666666666666666"
"23","200","1","3","440","1.04","0.3466666666666667"
"27","200","1","3","81","0.94","0.31333333333333335"
"26","200","1","3","128","1.18","0.3933333333333333"
"25","200","1","3","140","1.2","0.4"
"27","200","1","3","82","1.06","0.35333333333333333"
"24","200","1","3","224","1.06","0.35333333333333333"
"26","200","1","3","129","1.12","0.37333333333333335"
"25","200","1","3","141","0.96","0.32"
"23","200","1","3","441","0.96","0.32"
"27","200","1","3","83","1.08","0.36"
"26","200","1","3","130","1.12","0.37333333333333335"
"25","200","1","3","142","1.14","0.38"
"24","200","1","3","225","1.28","0.4266666666666667"
"27","200","1","3","84","1.16","0.38666666666666666"
"23","200","1","3","442","0.86","0.2866666666666667"
"26","200","1","3","131","1.16","0.38666666666666666"
"25","200","1","3","143","0.8","0.26666666666666666"
"27","200","1","3","85","1.06","0.35333333333333333"
"22","200","1","3","449","0.92","0.30666666666666664"
"25","200","1","3","144","0.68","0.22666666666666666"
"23","200","1","3","443","0.94","0.31333333333333335"
"27","200","1","3","86","0.8","0.26666666666666666"
"26","200","1","3","132","1.26","0.42"
"24","200","1","3","226","0.9","0.3"
"22","200","1","3","450","0.76","0.25333333333333335"
"25","200","1","3","145","1.06","0.35333333333333333"
"27","200","1","3","87","0.8","0.26666666666666666"
"26","200","1","3","133","0.92","0.30666666666666664"
"23","200","1","3","444","0.86","0.2866666666666667"
"25","200","1","3","146","1.12","0.37333333333333335"
"27","200","1","3","88","1.1","0.36666666666666664"
"24","200","1","3","227","1.08","0.36"
"26","200","1","3","134","0.88","0.29333333333333333"
"22","200","1","3","451","0.72","0.24"
"23","200","1","3","445","0.74","0.24666666666666667"
"27","200","1","3","89","0.9","0.3"
"25","200","1","3","147","1.18","0.3933333333333333"
"26","200","1","3","135","1.04","0.3466666666666667"
"24","200","1","3","228","0.84","0.28"
"27","200","1","3","90","0.92","0.30666666666666664"
"22","200","1","3","452","0.94","0.31333333333333335"
"25","200","1","3","148","0.96","0.32"
"26","200","1","3","136","0.96","0.32"
"23","200","1","3","446","0.94","0.31333333333333335"
"27","200","1","3","91","0.92","0.30666666666666664"
"25","200","1","3","149","0.94","0.31333333333333335"
"26","200","1","3","137","0.98","0.32666666666666666"
"24","200","1","3","229","1.1","0.36666666666666664"
"22","200","1","3","453","0.9","0.3"
"23","200","1","3","447","0.88","0.29333333333333333"
"25","200","1","3","150","1.12","0.37333333333333335"
"27","200","1","3","92","0.94","0.31333333333333335"
"26","200","1","3","138","0.88","0.29333333333333333"
"24","200","1","3","230","1.16","0.38666666666666666"
"27","200","1","3","93","1.06","0.35333333333333333"
"25","200","1","3","151","1","0.3333333333333333"
"26","200","1","3","139","0.9","0.3"
"22","200","1","3","454","0.9","0.3"
"23","200","1","3","448","1.02","0.34"
"24","200","1","3","231","1","0.3333333333333333"
"27","200","1","3","94","1.1","0.36666666666666664"
"26","200","1","3","140","0.82","0.2733333333333333"
"25","200","1","3","152","1.12","0.37333333333333335"
"22","200","1","3","455","0.82","0.2733333333333333"
"26","200","1","3","141","0.84","0.28"
"27","200","1","3","95","1.02","0.34"
"25","200","1","3","153","1.24","0.41333333333333333"
"23","200","1","3","449","1","0.3333333333333333"
"24","200","1","3","232","0.98","0.32666666666666666"
"22","200","1","3","456","0.82","0.2733333333333333"
"27","200","1","3","96","0.98","0.32666666666666666"
"26","200","1","3","142","0.82","0.2733333333333333"
"25","200","1","3","154","1.12","0.37333333333333335"
"27","200","1","3","97","1.04","0.3466666666666667"
"24","200","1","3","233","0.94","0.31333333333333335"
"23","200","1","3","450","0.98","0.32666666666666666"
"25","200","1","3","155","0.8","0.26666666666666666"
"26","200","1","3","143","0.92","0.30666666666666664"
"22","200","1","3","457","1.06","0.35333333333333333"
"27","200","1","3","98","1.18","0.3933333333333333"
"25","200","1","3","156","1.16","0.38666666666666666"
"27","200","1","3","99","1.04","0.3466666666666667"
"24","200","1","3","234","0.94","0.31333333333333335"
"26","200","1","3","144","1.02","0.34"
"22","200","1","3","458","1.04","0.3466666666666667"
"23","200","1","3","451","1.24","0.41333333333333333"
"26","200","1","3","145","0.76","0.25333333333333335"
"25","200","1","3","157","1.04","0.3466666666666667"
"27","200","1","3","100","1.04","0.3466666666666667"
"24","200","1","3","235","0.88","0.29333333333333333"
"27","200","1","3","101","0.9","0.3"
"22","200","1","3","459","0.88","0.29333333333333333"
"26","200","1","3","146","0.84","0.28"
"25","200","1","3","158","1","0.3333333333333333"
"23","200","1","3","452","1.2","0.4"
"27","200","1","3","102","0.84","0.28"
"26","200","1","3","147","1","0.3333333333333333"
"24","200","1","3","236","0.94","0.31333333333333335"
"25","200","1","3","159","0.96","0.32"
"22","200","1","3","460","0.88","0.29333333333333333"
"27","200","1","3","103","1.1","0.36666666666666664"
"26","200","1","3","148","1.08","0.36"
"23","200","1","3","453","1.02","0.34"
"25","200","1","3","160","1.12","0.37333333333333335"
"24","200","1","3","237","1.06","0.35333333333333333"
"27","200","1","3","104","0.9","0.3"
"22","200","1","3","461","0.84","0.28"
"26","200","1","3","149","1.08","0.36"
"27","200","1","3","105","0.76","0.25333333333333335"
"23","200","1","3","454","1.08","0.36"
"25","200","1","3","161","1.14","0.38"
"24","200","1","3","238","1","0.3333333333333333"
"26","200","1","3","150","1.08","0.36"
"27","200","1","3","106","0.92","0.30666666666666664"
"22","200","1","3","462","0.84","0.28"
"25","200","1","3","162","1.16","0.38666666666666666"
"26","200","1","3","151","1.2","0.4"
"23","200","1","3","455","0.92","0.30666666666666664"
"27","200","1","3","107","0.74","0.24666666666666667"
"26","200","1","3","152","0.96","0.32"
"24","200","1","3","239","0.96","0.32"
"22","200","1","3","463","0.98","0.32666666666666666"
"25","200","1","3","163","1.06","0.35333333333333333"
"27","200","1","3","108","0.9","0.3"
"23","200","1","3","456","1.1","0.36666666666666664"
"26","200","1","3","153","1","0.3333333333333333"
"27","200","1","3","109","0.84","0.28"
"25","200","1","3","164","0.92","0.30666666666666664"
"24","200","1","3","240","0.9","0.3"
"22","200","1","3","464","0.9","0.3"
"26","200","1","3","154","0.96","0.32"
"27","200","1","3","110","1.04","0.3466666666666667"
"25","200","1","3","165","0.92","0.30666666666666664"
"23","200","1","3","457","1.08","0.36"
"24","200","1","3","241","0.76","0.25333333333333335"
"26","200","1","3","155","0.94","0.31333333333333335"
"27","200","1","3","111","1.2","0.4"
"25","200","1","3","166","1.06","0.35333333333333333"
"22","200","1","3","465","0.92","0.30666666666666664"
"23","200","1","3","458","0.94","0.31333333333333335"
"26","200","1","3","156","0.94","0.31333333333333335"
"27","200","1","3","112","0.94","0.31333333333333335"
"25","200","1","3","167","1.02","0.34"
"24","200","1","3","242","0.8","0.26666666666666666"
"22","200","1","3","466","0.84","0.28"
"27","200","1","3","113","0.84","0.28"
"23","200","1","3","459","0.84","0.28"
"26","200","1","3","157","1.14","0.38"
"25","200","1","3","168","1.02","0.34"
"27","200","1","3","114","1","0.3333333333333333"
"24","200","1","3","243","0.96","0.32"
"22","200","1","3","467","1","0.3333333333333333"
"26","200","1","3","158","0.84","0.28"
"25","200","1","3","169","1.02","0.34"
"24","200","1","3","244","1.04","0.3466666666666667"
"27","200","1","3","115","1.08","0.36"
"23","200","1","3","460","1.1","0.36666666666666664"
"22","200","1","3","468","1.08","0.36"
"25","200","1","3","170","1.04","0.3466666666666667"
"26","200","1","3","159","0.98","0.32666666666666666"
"27","200","1","3","116","0.88","0.29333333333333333"
"24","200","1","3","245","0.98","0.32666666666666666"
"23","200","1","3","461","1.08","0.36"
"25","200","1","3","171","1.02","0.34"
"26","200","1","3","160","0.9","0.3"
"27","200","1","3","117","1","0.3333333333333333"
"22","200","1","3","469","0.9","0.3"
"25","200","1","3","172","0.94","0.31333333333333335"
"27","200","1","3","118","1.12","0.37333333333333335"
"26","200","1","3","161","0.86","0.2866666666666667"
"23","200","1","3","462","0.96","0.32"
"22","200","1","3","470","1","0.3333333333333333"
"27","200","1","3","119","0.92","0.30666666666666664"
"25","200","1","3","173","1.1","0.36666666666666664"
"24","200","1","3","246","0.98","0.32666666666666666"
"26","200","1","3","162","0.98","0.32666666666666666"
"25","200","1","3","174","0.94","0.31333333333333335"
"27","200","1","3","120","1","0.3333333333333333"
"22","200","1","3","471","1.08","0.36"
"23","200","1","3","463","0.92","0.30666666666666664"
"27","200","1","3","121","1.02","0.34"
"26","200","1","3","163","0.96","0.32"
"25","200","1","3","175","1.08","0.36"
"24","200","1","3","247","0.88","0.29333333333333333"
"22","200","1","3","472","0.92","0.30666666666666664"
"23","200","1","3","464","0.84","0.28"
"27","200","1","3","122","0.94","0.31333333333333335"
"26","200","1","3","164","1.18","0.3933333333333333"
"25","200","1","3","176","1.3","0.43333333333333335"
"24","200","1","3","248","0.88","0.29333333333333333"
"27","200","1","3","123","0.76","0.25333333333333335"
"22","200","1","3","473","1.04","0.3466666666666667"
"26","200","1","3","165","1.08","0.36"
"23","200","1","3","465","0.96","0.32"
"25","200","1","3","177","1.08","0.36"
"27","200","1","3","124","1.16","0.38666666666666666"
"24","200","1","3","249","0.92","0.30666666666666664"
"25","200","1","3","178","1.14","0.38"
"27","200","1","3","125","1","0.3333333333333333"
"26","200","1","3","166","0.86","0.2866666666666667"
"22","200","1","3","474","0.98","0.32666666666666666"
"25","200","1","3","179","1.12","0.37333333333333335"
"23","200","1","3","466","0.92","0.30666666666666664"
"27","200","1","3","126","1.04","0.3466666666666667"
"26","200","1","3","167","0.98","0.32666666666666666"
"24","200","1","3","250","0.88","0.29333333333333333"
"25","200","1","3","180","0.76","0.25333333333333335"
"23","200","1","3","467","0.86","0.2866666666666667"
"27","200","1","3","127","1.06","0.35333333333333333"
"22","200","1","3","475","0.88","0.29333333333333333"
"26","200","1","3","168","1.08","0.36"
"24","200","1","3","251","1","0.3333333333333333"
"25","200","1","3","181","0.88","0.29333333333333333"
"26","200","1","3","169","1.02","0.34"
"27","200","1","3","128","0.92","0.30666666666666664"
"22","200","1","3","476","1.04","0.3466666666666667"
"23","200","1","3","468","0.96","0.32"
"25","200","1","3","182","0.84","0.28"
"24","200","1","3","252","1.06","0.35333333333333333"
"27","200","1","3","129","1.06","0.35333333333333333"
"26","200","1","3","170","1.12","0.37333333333333335"
"22","200","1","3","477","1.08","0.36"
"27","200","1","3","130","1.24","0.41333333333333333"
"23","200","1","3","469","0.88","0.29333333333333333"
"25","200","1","3","183","0.9","0.3"
"24","200","1","3","253","0.98","0.32666666666666666"
"26","200","1","3","171","0.9","0.3"
"27","200","1","3","131","1.18","0.3933333333333333"
"25","200","1","3","184","0.76","0.25333333333333335"
"22","200","1","3","478","1.2","0.4"
"26","200","1","3","172","0.78","0.26"
"23","200","1","3","470","0.92","0.30666666666666664"
"24","200","1","3","254","1.14","0.38"
"27","200","1","3","132","1.06","0.35333333333333333"
"26","200","1","3","173","0.8","0.26666666666666666"
"25","200","1","3","185","0.76","0.25333333333333335"
"22","200","1","3","479","1.24","0.41333333333333333"
"27","200","1","3","133","1.04","0.3466666666666667"
"26","200","1","3","174","0.84","0.28"
"23","200","1","3","471","0.96","0.32"
"25","200","1","3","186","0.92","0.30666666666666664"
"24","200","1","3","255","1","0.3333333333333333"
"27","200","1","3","134","0.88","0.29333333333333333"
"22","200","1","3","480","1.24","0.41333333333333333"
"26","200","1","3","175","0.98","0.32666666666666666"
"25","200","1","3","187","0.96","0.32"
"27","200","1","3","135","0.96","0.32"
"23","200","1","3","472","0.98","0.32666666666666666"
"24","200","1","3","256","0.92","0.30666666666666664"
"22","200","1","3","481","0.8","0.26666666666666666"
"27","200","1","3","136","0.8","0.26666666666666666"
"26","200","1","3","176","0.92","0.30666666666666664"
"25","200","1","3","188","1.06","0.35333333333333333"
"27","200","1","3","137","0.72","0.24"
"23","200","1","3","473","0.96","0.32"
"24","200","1","3","257","0.9","0.3"
"25","200","1","3","189","0.92","0.30666666666666664"
"26","200","1","3","177","0.94","0.31333333333333335"
"22","200","1","3","482","0.88","0.29333333333333333"
"27","200","1","3","138","0.62","0.20666666666666667"
"25","200","1","3","190","1.16","0.38666666666666666"
"26","200","1","3","178","0.84","0.28"
"23","200","1","3","474","1","0.3333333333333333"
"24","200","1","3","258","1.08","0.36"
"27","200","1","3","139","0.86","0.2866666666666667"
"22","200","1","3","483","1.06","0.35333333333333333"
"25","200","1","3","191","0.96","0.32"
"26","200","1","3","179","0.8","0.26666666666666666"
"27","200","1","3","140","1.02","0.34"
"26","200","1","3","180","0.88","0.29333333333333333"
"23","200","1","3","475","0.7","0.23333333333333334"
"24","200","1","3","259","0.98","0.32666666666666666"
"25","200","1","3","192","0.72","0.24"
"22","200","1","3","484","0.96","0.32"
"25","200","1","3","193","1.16","0.38666666666666666"
"27","200","1","3","141","1.2","0.4"
"26","200","1","3","181","0.9","0.3"
"23","200","1","3","476","1.02","0.34"
"24","200","1","3","260","0.86","0.2866666666666667"
"27","200","1","3","142","1.04","0.3466666666666667"
"25","200","1","3","194","1.1","0.36666666666666664"
"22","200","1","3","485","0.86","0.2866666666666667"
"26","200","1","3","182","0.88","0.29333333333333333"
"24","200","1","3","261","0.94","0.31333333333333335"
"25","200","1","3","195","1.1","0.36666666666666664"
"27","200","1","3","143","0.76","0.25333333333333335"
"26","200","1","3","183","1.06","0.35333333333333333"
"23","200","1","3","477","0.96","0.32"
"22","200","1","3","486","0.88","0.29333333333333333"
"27","200","1","3","144","0.84","0.28"
"25","200","1","3","196","1.1","0.36666666666666664"
"24","200","1","3","262","0.9","0.3"
"27","200","1","3","145","0.98","0.32666666666666666"
"26","200","1","3","184","1.04","0.3466666666666667"
"25","200","1","3","197","0.74","0.24666666666666667"
"22","200","1","3","487","0.9","0.3"
"26","200","1","3","185","1.14","0.38"
"23","200","1","3","478","0.86","0.2866666666666667"
"27","200","1","3","146","0.84","0.28"
"24","200","1","3","263","1.2","0.4"
"25","200","1","3","198","0.74","0.24666666666666667"
"26","200","1","3","186","0.96","0.32"
"27","200","1","3","147","1.08","0.36"
"22","200","1","3","488","0.86","0.2866666666666667"
"23","200","1","3","479","0.94","0.31333333333333335"
"25","200","1","3","199","0.74","0.24666666666666667"
"27","200","1","3","148","1.04","0.3466666666666667"
"24","200","1","3","264","1.14","0.38"
"26","200","1","3","187","0.84","0.28"
"22","200","1","3","489","0.94","0.31333333333333335"
"25","200","1","3","200","0.94","0.31333333333333335"
"23","200","1","3","480","1.1","0.36666666666666664"
"27","200","1","3","149","0.94","0.31333333333333335"
"26","200","1","3","188","0.86","0.2866666666666667"
"25","200","1","3","201","1.18","0.3933333333333333"
"26","200","1","3","189","0.8","0.26666666666666666"
"27","200","1","3","150","0.82","0.2733333333333333"
"24","200","1","3","265","0.98","0.32666666666666666"
"25","200","1","3","202","1","0.3333333333333333"
"26","200","1","3","190","0.98","0.32666666666666666"
"27","200","1","3","151","0.82","0.2733333333333333"
"22","200","1","3","490","0.9","0.3"
"23","200","1","3","481","1.06","0.35333333333333333"
"27","200","1","3","152","0.72","0.24"
"25","200","1","3","203","1.02","0.34"
"26","200","1","3","191","1.04","0.3466666666666667"
"22","200","1","3","491","1.04","0.3466666666666667"
"24","200","1","3","266","1.06","0.35333333333333333"
"23","200","1","3","482","1","0.3333333333333333"
"27","200","1","3","153","0.82","0.2733333333333333"
"25","200","1","3","204","0.92","0.30666666666666664"
"26","200","1","3","192","0.98","0.32666666666666666"
"24","200","1","3","267","1.02","0.34"
"27","200","1","3","154","0.94","0.31333333333333335"
"26","200","1","3","193","0.96","0.32"
"25","200","1","3","205","1","0.3333333333333333"
"22","200","1","3","492","0.9","0.3"
"23","200","1","3","483","1","0.3333333333333333"
"27","200","1","3","155","1.06","0.35333333333333333"
"26","200","1","3","194","1.04","0.3466666666666667"
"24","200","1","3","268","1.04","0.3466666666666667"
"25","200","1","3","206","1.04","0.3466666666666667"
"22","200","1","3","493","1.04","0.3466666666666667"
"27","200","1","3","156","0.98","0.32666666666666666"
"26","200","1","3","195","1.04","0.3466666666666667"
"23","200","1","3","484","1.02","0.34"
"25","200","1","3","207","0.86","0.2866666666666667"
"27","200","1","3","157","1.1","0.36666666666666664"
"24","200","1","3","269","0.88","0.29333333333333333"
"22","200","1","3","494","1","0.3333333333333333"
"26","200","1","3","196","1.06","0.35333333333333333"
"23","200","1","3","485","1.02","0.34"
"27","200","1","3","158","0.96","0.32"
"25","200","1","3","208","0.94","0.31333333333333335"
"26","200","1","3","197","1.06","0.35333333333333333"
"24","200","1","3","270","0.98","0.32666666666666666"
"22","200","1","3","495","0.86","0.2866666666666667"
"27","200","1","3","159","1.14","0.38"
"25","200","1","3","209","0.9","0.3"
"23","200","1","3","486","1","0.3333333333333333"
"26","200","1","3","198","1.1","0.36666666666666664"
"27","200","1","3","160","1","0.3333333333333333"
"22","200","1","3","496","0.84","0.28"
"24","200","1","3","271","1.02","0.34"
"25","200","1","3","210","0.74","0.24666666666666667"
"23","200","1","3","487","1.04","0.3466666666666667"
"26","200","1","3","199","1.12","0.37333333333333335"
"27","200","1","3","161","0.96","0.32"
"25","200","1","3","211","1.04","0.3466666666666667"
"24","200","1","3","272","0.9","0.3"
"22","200","1","3","497","0.98","0.32666666666666666"
"26","200","1","3","200","1.06","0.35333333333333333"
"27","200","1","3","162","1.06","0.35333333333333333"
"23","200","1","3","488","1.12","0.37333333333333335"
"25","200","1","3","212","0.72","0.24"
"24","200","1","3","273","0.94","0.31333333333333335"
"22","200","1","3","498","0.96","0.32"
"26","200","1","3","201","0.78","0.26"
"25","200","1","3","213","0.72","0.24"
"27","200","1","3","163","0.86","0.2866666666666667"
"26","200","1","3","202","1.02","0.34"
"23","200","1","3","489","1.14","0.38"
"24","200","1","3","274","1.04","0.3466666666666667"
"27","200","1","3","164","0.94","0.31333333333333335"
"22","200","1","3","499","0.94","0.31333333333333335"
"25","200","1","3","214","0.74","0.24666666666666667"
"24","200","1","3","275","1","0.3333333333333333"
"26","200","1","3","203","0.82","0.2733333333333333"
"27","200","1","3","165","0.98","0.32666666666666666"
"25","200","1","3","215","0.84","0.28"
"22","200","1","3","500","0.96","0.32"
"23","200","1","3","490","1.2","0.4"
"26","200","1","3","204","1.18","0.3933333333333333"
"27","200","1","3","166","0.94","0.31333333333333335"
"25","200","1","3","216","0.72","0.24"
"24","200","1","3","276","1.18","0.3933333333333333"
"26","200","1","3","205","1.1","0.36666666666666664"
"28","200","1","3","0","0","0"
"23","200","1","3","491","1.04","0.3466666666666667"
"27","200","1","3","167","1.22","0.4066666666666667"
"25","200","1","3","217","0.78","0.26"
"28","200","1","3","1","0.92","0.30666666666666664"
"27","200","1","3","168","0.98","0.32666666666666666"
"24","200","1","3","277","1.06","0.35333333333333333"
"26","200","1","3","206","1.28","0.4266666666666667"
"28","200","1","3","2","1.16","0.38666666666666666"
"25","200","1","3","218","0.92","0.30666666666666664"
"23","200","1","3","492","0.98","0.32666666666666666"
"28","200","1","3","3","1.14","0.38"
"27","200","1","3","169","1.02","0.34"
"26","200","1","3","207","1.22","0.4066666666666667"
"28","200","1","3","4","0.96","0.32"
"24","200","1","3","278","0.88","0.29333333333333333"
"25","200","1","3","219","1.04","0.3466666666666667"
"28","200","1","3","5","1.02","0.34"
"23","200","1","3","493","1.06","0.35333333333333333"
"27","200","1","3","170","1.02","0.34"
"24","200","1","3","279","1.06","0.35333333333333333"
"26","200","1","3","208","1.14","0.38"
"28","200","1","3","6","1.08","0.36"
"25","200","1","3","220","0.92","0.30666666666666664"
"28","200","1","3","7","1.1","0.36666666666666664"
"27","200","1","3","171","1","0.3333333333333333"
"24","200","1","3","280","0.88","0.29333333333333333"
"26","200","1","3","209","0.82","0.2733333333333333"
"23","200","1","3","494","0.9","0.3"
"28","200","1","3","8","1.04","0.3466666666666667"
"25","200","1","3","221","1.06","0.35333333333333333"
"28","200","1","3","9","1.1","0.36666666666666664"
"27","200","1","3","172","0.96","0.32"
"24","200","1","3","281","1.16","0.38666666666666666"
"25","200","1","3","222","0.86","0.2866666666666667"
"26","200","1","3","210","0.94","0.31333333333333335"
"28","200","1","3","10","1.26","0.42"
"23","200","1","3","495","0.86","0.2866666666666667"
"27","200","1","3","173","0.92","0.30666666666666664"
"28","200","1","3","11","1.3","0.43333333333333335"
"24","200","1","3","282","0.78","0.26"
"25","200","1","3","223","0.82","0.2733333333333333"
"26","200","1","3","211","0.9","0.3"
"28","200","1","3","12","1.02","0.34"
"27","200","1","3","174","0.9","0.3"
"28","200","1","3","13","1.12","0.37333333333333335"
"23","200","1","3","496","0.96","0.32"
"25","200","1","3","224","0.96","0.32"
"26","200","1","3","212","0.94","0.31333333333333335"
"28","200","1","3","14","1.32","0.44"
"24","200","1","3","283","0.88","0.29333333333333333"
"27","200","1","3","175","1.06","0.35333333333333333"
"28","200","1","3","15","1.02","0.34"
"25","200","1","3","225","0.8","0.26666666666666666"
"23","200","1","3","497","1","0.3333333333333333"
"26","200","1","3","213","1","0.3333333333333333"
"28","200","1","3","16","1.14","0.38"
"27","200","1","3","176","1","0.3333333333333333"
"24","200","1","3","284","1.02","0.34"
"25","200","1","3","226","0.84","0.28"
"26","200","1","3","214","0.98","0.32666666666666666"
"28","200","1","3","17","1.02","0.34"
"27","200","1","3","177","1.06","0.35333333333333333"
"23","200","1","3","498","0.86","0.2866666666666667"
"28","200","1","3","18","1.18","0.3933333333333333"
"25","200","1","3","227","1","0.3333333333333333"
"26","200","1","3","215","1.04","0.3466666666666667"
"24","200","1","3","285","1","0.3333333333333333"
"27","200","1","3","178","0.9","0.3"
"28","200","1","3","19","1.18","0.3933333333333333"
"25","200","1","3","228","0.94","0.31333333333333335"
"28","200","1","3","20","1.04","0.3466666666666667"
"23","200","1","3","499","0.84","0.28"
"26","200","1","3","216","1","0.3333333333333333"
"24","200","1","3","286","0.8","0.26666666666666666"
"27","200","1","3","179","0.86","0.2866666666666667"
"28","200","1","3","21","1","0.3333333333333333"
"25","200","1","3","229","1.04","0.3466666666666667"
"27","200","1","3","180","0.82","0.2733333333333333"
"28","200","1","3","22","1.04","0.3466666666666667"
"26","200","1","3","217","0.8","0.26666666666666666"
"23","200","1","3","500","0.96","0.32"
"24","200","1","3","287","0.92","0.30666666666666664"
"25","200","1","3","230","1.02","0.34"
"28","200","1","3","23","1.12","0.37333333333333335"
"26","200","1","3","218","0.9","0.3"
"28","200","1","3","24","0.96","0.32"
"25","200","1","3","231","0.94","0.31333333333333335"
"26","200","1","3","219","0.96","0.32"
"28","200","1","3","25","0.98","0.32666666666666666"
"29","200","1","3","0","0","0"
"25","200","1","3","232","0.88","0.29333333333333333"
"28","200","1","3","26","1.08","0.36"
"24","200","1","3","288","1","0.3333333333333333"
"29","200","1","3","1","1","0.3333333333333333"
"26","200","1","3","220","0.84","0.28"
"28","200","1","3","27","0.86","0.2866666666666667"
"29","200","1","3","2","0.96","0.32"
"26","200","1","3","221","0.9","0.3"
"25","200","1","3","233","1.08","0.36"
"24","200","1","3","289","0.62","0.20666666666666667"
"28","200","1","3","28","1","0.3333333333333333"
"29","200","1","3","3","0.82","0.2733333333333333"
"25","200","1","3","234","0.92","0.30666666666666664"
"28","200","1","3","29","0.84","0.28"
"26","200","1","3","222","0.78","0.26"
"24","200","1","3","290","0.92","0.30666666666666664"
"29","200","1","3","4","0.92","0.30666666666666664"
"28","200","1","3","30","1.12","0.37333333333333335"
"29","200","1","3","5","1.02","0.34"
"25","200","1","3","235","0.9","0.3"
"24","200","1","3","291","0.98","0.32666666666666666"
"28","200","1","3","31","0.98","0.32666666666666666"
"26","200","1","3","223","0.72","0.24"
"29","200","1","3","6","0.84","0.28"
"25","200","1","3","236","1.04","0.3466666666666667"
"28","200","1","3","32","1.14","0.38"
"29","200","1","3","7","0.96","0.32"
"26","200","1","3","224","0.78","0.26"
"24","200","1","3","292","1","0.3333333333333333"
"28","200","1","3","33","0.94","0.31333333333333335"
"29","200","1","3","8","1.02","0.34"
"25","200","1","3","237","0.96","0.32"
"28","200","1","3","34","0.86","0.2866666666666667"
"29","200","1","3","9","1.02","0.34"
"26","200","1","3","225","1.06","0.35333333333333333"
"24","200","1","3","293","0.82","0.2733333333333333"
"28","200","1","3","35","0.96","0.32"
"25","200","1","3","238","0.9","0.3"
"29","200","1","3","10","0.8","0.26666666666666666"
"28","200","1","3","36","0.82","0.2733333333333333"
"26","200","1","3","226","0.9","0.3"
"29","200","1","3","11","1.02","0.34"
"24","200","1","3","294","0.76","0.25333333333333335"
"25","200","1","3","239","1.02","0.34"
"28","200","1","3","37","0.88","0.29333333333333333"
"29","200","1","3","12","0.78","0.26"
"26","200","1","3","227","0.92","0.30666666666666664"
"28","200","1","3","38","0.94","0.31333333333333335"
"29","200","1","3","13","0.76","0.25333333333333335"
"25","200","1","3","240","1.12","0.37333333333333335"
"24","200","1","3","295","0.74","0.24666666666666667"
"28","200","1","3","39","0.96","0.32"
"26","200","1","3","228","0.98","0.32666666666666666"
"29","200","1","3","14","0.82","0.2733333333333333"
"25","200","1","3","241","1.08","0.36"
"28","200","1","3","40","0.94","0.31333333333333335"
"24","200","1","3","296","0.58","0.19333333333333333"
"26","200","1","3","229","0.9","0.3"
"29","200","1","3","15","0.78","0.26"
"28","200","1","3","41","0.94","0.31333333333333335"
"25","200","1","3","242","0.86","0.2866666666666667"
"29","200","1","3","16","0.9","0.3"
"28","200","1","3","42","0.76","0.25333333333333335"
"26","200","1","3","230","0.84","0.28"
"24","200","1","3","297","0.82","0.2733333333333333"
"25","200","1","3","243","1.06","0.35333333333333333"
"29","200","1","3","17","0.98","0.32666666666666666"
"28","200","1","3","43","0.9","0.3"
"26","200","1","3","231","1","0.3333333333333333"
"25","200","1","3","244","0.94","0.31333333333333335"
"24","200","1","3","298","0.88","0.29333333333333333"
"28","200","1","3","44","1.02","0.34"
"29","200","1","3","18","1","0.3333333333333333"
"27","200","1","3","181","0.92","0.30666666666666664"
"29","200","1","3","19","1","0.3333333333333333"
"28","200","1","3","45","1","0.3333333333333333"
"26","200","1","3","232","0.96","0.32"
"25","200","1","3","245","0.96","0.32"
"28","200","1","3","46","0.94","0.31333333333333335"
"24","200","1","3","299","0.94","0.31333333333333335"
"29","200","1","3","20","1.06","0.35333333333333333"
"27","200","1","3","182","0.88","0.29333333333333333"
"26","200","1","3","233","1.08","0.36"
"25","200","1","3","246","1.14","0.38"
"28","200","1","3","47","1.14","0.38"
"29","200","1","3","21","0.86","0.2866666666666667"
"24","200","1","3","300","0.88","0.29333333333333333"
"28","200","1","3","48","0.96","0.32"
"26","200","1","3","234","1.02","0.34"
"27","200","1","3","183","0.98","0.32666666666666666"
"29","200","1","3","22","0.92","0.30666666666666664"
"25","200","1","3","247","0.96","0.32"
"28","200","1","3","49","0.84","0.28"
"29","200","1","3","23","1","0.3333333333333333"
"27","200","1","3","184","0.92","0.30666666666666664"
"26","200","1","3","235","1.04","0.3466666666666667"
"24","200","1","3","301","0.76","0.25333333333333335"
"28","200","1","3","50","0.98","0.32666666666666666"
"25","200","1","3","248","1.14","0.38"
"29","200","1","3","24","1.02","0.34"
"28","200","1","3","51","1.04","0.3466666666666667"
"27","200","1","3","185","0.9","0.3"
"26","200","1","3","236","0.74","0.24666666666666667"
"25","200","1","3","249","1.02","0.34"
"29","200","1","3","25","0.72","0.24"
"28","200","1","3","52","0.84","0.28"
"24","200","1","3","302","0.6","0.2"
"27","200","1","3","186","0.76","0.25333333333333335"
"26","200","1","3","237","1.02","0.34"
"29","200","1","3","26","0.78","0.26"
"28","200","1","3","53","1.06","0.35333333333333333"
"25","200","1","3","250","1.18","0.3933333333333333"
"24","200","1","3","303","0.76","0.25333333333333335"
"25","200","1","3","251","0.82","0.2733333333333333"
"26","200","1","3","238","1","0.3333333333333333"
"27","200","1","3","187","0.82","0.2733333333333333"
"28","200","1","3","54","1.02","0.34"
"29","200","1","3","27","0.7","0.23333333333333334"
"28","200","1","3","55","1.16","0.38666666666666666"
"29","200","1","3","28","0.92","0.30666666666666664"
"26","200","1","3","239","0.9","0.3"
"25","200","1","3","252","0.88","0.29333333333333333"
"27","200","1","3","188","0.8","0.26666666666666666"
"24","200","1","3","304","1.02","0.34"
"28","200","1","3","56","0.76","0.25333333333333335"
"29","200","1","3","29","0.76","0.25333333333333335"
"26","200","1","3","240","0.76","0.25333333333333335"
"28","200","1","3","57","1.06","0.35333333333333333"
"27","200","1","3","189","0.8","0.26666666666666666"
"25","200","1","3","253","0.98","0.32666666666666666"
"29","200","1","3","30","0.56","0.18666666666666668"
"28","200","1","3","58","1.04","0.3466666666666667"
"24","200","1","3","305","0.74","0.24666666666666667"
"26","200","1","3","241","0.78","0.26"
"27","200","1","3","190","0.9","0.3"
"25","200","1","3","254","0.82","0.2733333333333333"
"28","200","1","3","59","1.14","0.38"
"29","200","1","3","31","0.78","0.26"
"26","200","1","3","242","0.7","0.23333333333333334"
"27","200","1","3","191","0.86","0.2866666666666667"
"24","200","1","3","306","0.9","0.3"
"28","200","1","3","60","1","0.3333333333333333"
"29","200","1","3","32","1","0.3333333333333333"
"25","200","1","3","255","0.66","0.22"
"28","200","1","3","61","0.88","0.29333333333333333"
"27","200","1","3","192","0.94","0.31333333333333335"
"26","200","1","3","243","1.04","0.3466666666666667"
"29","200","1","3","33","1.1","0.36666666666666664"
"25","200","1","3","256","0.9","0.3"
"24","200","1","3","307","1.04","0.3466666666666667"
"28","200","1","3","62","0.94","0.31333333333333335"
"28","200","1","3","63","1.02","0.34"
"27","200","1","3","193","0.94","0.31333333333333335"
"29","200","1","3","34","0.84","0.28"
"26","200","1","3","244","0.98","0.32666666666666666"
"25","200","1","3","257","0.9","0.3"
"27","200","1","3","194","0.98","0.32666666666666666"
"28","200","1","3","64","1.14","0.38"
"24","200","1","3","308","0.86","0.2866666666666667"
"29","200","1","3","35","1","0.3333333333333333"
"26","200","1","3","245","0.96","0.32"
"25","200","1","3","258","0.86","0.2866666666666667"
"28","200","1","3","65","1.02","0.34"
"27","200","1","3","195","0.92","0.30666666666666664"
"29","200","1","3","36","1.08","0.36"
"26","200","1","3","246","1.1","0.36666666666666664"
"25","200","1","3","259","0.92","0.30666666666666664"
"28","200","1","3","66","1.08","0.36"
"27","200","1","3","196","1","0.3333333333333333"
"29","200","1","3","37","0.8","0.26666666666666666"
"28","200","1","3","67","1.04","0.3466666666666667"
"26","200","1","3","247","0.94","0.31333333333333335"
"25","200","1","3","260","1.08","0.36"
"24","200","1","3","309","0.98","0.32666666666666666"
"27","200","1","3","197","1.06","0.35333333333333333"
"28","200","1","3","68","0.98","0.32666666666666666"
"25","200","1","3","261","0.82","0.2733333333333333"
"29","200","1","3","38","0.9","0.3"
"26","200","1","3","248","1.04","0.3466666666666667"
"27","200","1","3","198","1.04","0.3466666666666667"
"24","200","1","3","310","0.9","0.3"
"28","200","1","3","69","1.12","0.37333333333333335"
"29","200","1","3","39","0.88","0.29333333333333333"
"28","200","1","3","70","0.96","0.32"
"26","200","1","3","249","0.9","0.3"
"27","200","1","3","199","1","0.3333333333333333"
"25","200","1","3","262","0.84","0.28"
"24","200","1","3","311","0.84","0.28"
"29","200","1","3","40","0.86","0.2866666666666667"
"28","200","1","3","71","1","0.3333333333333333"
"29","200","1","3","41","0.86","0.2866666666666667"
"27","200","1","3","200","1.04","0.3466666666666667"
"26","200","1","3","250","1.06","0.35333333333333333"
"25","200","1","3","263","0.96","0.32"
"24","200","1","3","312","0.92","0.30666666666666664"
"28","200","1","3","72","1","0.3333333333333333"
"29","200","1","3","42","0.88","0.29333333333333333"
"27","200","1","3","201","1.02","0.34"
"26","200","1","3","251","1.18","0.3933333333333333"
"28","200","1","3","73","0.9","0.3"
"25","200","1","3","264","0.94","0.31333333333333335"
"29","200","1","3","43","0.84","0.28"
"24","200","1","3","313","1.04","0.3466666666666667"
"27","200","1","3","202","0.88","0.29333333333333333"
"28","200","1","3","74","1.06","0.35333333333333333"
"29","200","1","3","44","1.04","0.3466666666666667"
"26","200","1","3","252","0.96","0.32"
"25","200","1","3","265","0.96","0.32"
"28","200","1","3","75","0.74","0.24666666666666667"
"27","200","1","3","203","0.78","0.26"
"29","200","1","3","45","1.02","0.34"
"24","200","1","3","314","1.04","0.3466666666666667"
"25","200","1","3","266","0.92","0.30666666666666664"
"26","200","1","3","253","0.86","0.2866666666666667"
"28","200","1","3","76","1","0.3333333333333333"
"29","200","1","3","46","0.84","0.28"
"27","200","1","3","204","0.86","0.2866666666666667"
"25","200","1","3","267","1.06","0.35333333333333333"
"28","200","1","3","77","0.78","0.26"
"26","200","1","3","254","0.78","0.26"
"24","200","1","3","315","0.86","0.2866666666666667"
"29","200","1","3","47","1","0.3333333333333333"
"27","200","1","3","205","0.92","0.30666666666666664"
"28","200","1","3","78","0.82","0.2733333333333333"
"26","200","1","3","255","0.96","0.32"
"25","200","1","3","268","1.14","0.38"
"29","200","1","3","48","0.92","0.30666666666666664"
"28","200","1","3","79","1.02","0.34"
"27","200","1","3","206","0.88","0.29333333333333333"
"24","200","1","3","316","0.82","0.2733333333333333"
"26","200","1","3","256","1.28","0.4266666666666667"
"25","200","1","3","269","1","0.3333333333333333"
"28","200","1","3","80","0.94","0.31333333333333335"
"27","200","1","3","207","0.76","0.25333333333333335"
"29","200","1","3","49","0.9","0.3"
"26","200","1","3","257","0.92","0.30666666666666664"
"28","200","1","3","81","1.02","0.34"
"24","200","1","3","317","1.1","0.36666666666666664"
"25","200","1","3","270","0.94","0.31333333333333335"
"29","200","1","3","50","0.96","0.32"
"27","200","1","3","208","0.96","0.32"
"26","200","1","3","258","0.98","0.32666666666666666"
"28","200","1","3","82","0.98","0.32666666666666666"
"29","200","1","3","51","0.98","0.32666666666666666"
"25","200","1","3","271","0.92","0.30666666666666664"
"24","200","1","3","318","0.94","0.31333333333333335"
"27","200","1","3","209","1.04","0.3466666666666667"
"28","200","1","3","83","1.1","0.36666666666666664"
"29","200","1","3","52","1.08","0.36"
"26","200","1","3","259","1.14","0.38"
"25","200","1","3","272","0.8","0.26666666666666666"
"27","200","1","3","210","0.96","0.32"
"28","200","1","3","84","1.06","0.35333333333333333"
"24","200","1","3","319","1.04","0.3466666666666667"
"29","200","1","3","53","0.88","0.29333333333333333"
"25","200","1","3","273","0.9","0.3"
"28","200","1","3","85","1.18","0.3933333333333333"
"26","200","1","3","260","1.04","0.3466666666666667"
"27","200","1","3","211","1.02","0.34"
"29","200","1","3","54","0.86","0.2866666666666667"
"28","200","1","3","86","0.82","0.2733333333333333"
"24","200","1","3","320","1.1","0.36666666666666664"
"29","200","1","3","55","0.92","0.30666666666666664"
"27","200","1","3","212","0.74","0.24666666666666667"
"26","200","1","3","261","1","0.3333333333333333"
"25","200","1","3","274","1.04","0.3466666666666667"
"28","200","1","3","87","0.9","0.3"
"29","200","1","3","56","0.9","0.3"
"27","200","1","3","213","1.12","0.37333333333333335"
"25","200","1","3","275","0.96","0.32"
"24","200","1","3","321","1.1","0.36666666666666664"
"26","200","1","3","262","1","0.3333333333333333"
"28","200","1","3","88","1.1","0.36666666666666664"
"27","200","1","3","214","1.04","0.3466666666666667"
"29","200","1","3","57","1.1","0.36666666666666664"
"25","200","1","3","276","0.9","0.3"
"29","200","1","3","58","0.86","0.2866666666666667"
"26","200","1","3","263","0.94","0.31333333333333335"
"28","200","1","3","89","0.94","0.31333333333333335"
"24","200","1","3","322","0.88","0.29333333333333333"
"27","200","1","3","215","1.14","0.38"
"29","200","1","3","59","0.96","0.32"
"25","200","1","3","277","1.16","0.38666666666666666"
"26","200","1","3","264","1.08","0.36"
"28","200","1","3","90","1.12","0.37333333333333335"
"29","200","1","3","60","1","0.3333333333333333"
"27","200","1","3","216","1.06","0.35333333333333333"
"24","200","1","3","323","0.82","0.2733333333333333"
"28","200","1","3","91","0.94","0.31333333333333335"
"25","200","1","3","278","1.1","0.36666666666666664"
"26","200","1","3","265","0.72","0.24"
"27","200","1","3","217","1.16","0.38666666666666666"
"29","200","1","3","61","0.96","0.32"
"28","200","1","3","92","0.98","0.32666666666666666"
"25","200","1","3","279","1.24","0.41333333333333333"
"26","200","1","3","266","0.98","0.32666666666666666"
"29","200","1","3","62","1.06","0.35333333333333333"
"24","200","1","3","324","0.84","0.28"
"28","200","1","3","93","0.8","0.26666666666666666"
"27","200","1","3","218","1.02","0.34"
"25","200","1","3","280","1.1","0.36666666666666664"
"26","200","1","3","267","1.04","0.3466666666666667"
"29","200","1","3","63","1.16","0.38666666666666666"
"27","200","1","3","219","1","0.3333333333333333"
"28","200","1","3","94","0.86","0.2866666666666667"
"24","200","1","3","325","1.1","0.36666666666666664"
"28","200","1","3","95","0.98","0.32666666666666666"
"29","200","1","3","64","1.16","0.38666666666666666"
"25","200","1","3","281","1.3","0.43333333333333335"
"26","200","1","3","268","1.08","0.36"
"27","200","1","3","220","0.9","0.3"
"26","200","1","3","269","1.1","0.36666666666666664"
"28","200","1","3","96","0.86","0.2866666666666667"
"29","200","1","3","65","1.1","0.36666666666666664"
"24","200","1","3","326","1.18","0.3933333333333333"
"27","200","1","3","221","1","0.3333333333333333"
"25","200","1","3","282","1.16","0.38666666666666666"
"28","200","1","3","97","0.96","0.32"
"29","200","1","3","66","1.18","0.3933333333333333"
"26","200","1","3","270","1","0.3333333333333333"
"28","200","1","3","98","1.02","0.34"
"27","200","1","3","222","0.92","0.30666666666666664"
"25","200","1","3","283","1.16","0.38666666666666666"
"28","200","1","3","99","1.18","0.3933333333333333"
"29","200","1","3","67","1.12","0.37333333333333335"
"26","200","1","3","271","1.1","0.36666666666666664"
"27","200","1","3","223","1.02","0.34"
"25","200","1","3","284","0.94","0.31333333333333335"
"28","200","1","3","100","1","0.3333333333333333"
"24","200","1","3","327","1.12","0.37333333333333335"
"27","200","1","3","224","0.92","0.30666666666666664"
"25","200","1","3","285","1.12","0.37333333333333335"
"29","200","1","3","68","0.92","0.30666666666666664"
"28","200","1","3","101","0.88","0.29333333333333333"
"26","200","1","3","272","1.14","0.38"
"28","200","1","3","102","0.98","0.32666666666666666"
"29","200","1","3","69","0.94","0.31333333333333335"
"26","200","1","3","273","0.86","0.2866666666666667"
"25","200","1","3","286","1.14","0.38"
"27","200","1","3","225","1.06","0.35333333333333333"
"24","200","1","3","328","1.04","0.3466666666666667"
"26","200","1","3","274","0.74","0.24666666666666667"
"28","200","1","3","103","0.88","0.29333333333333333"
"29","200","1","3","70","0.96","0.32"
"27","200","1","3","226","1.1","0.36666666666666664"
"25","200","1","3","287","1.08","0.36"
"28","200","1","3","104","0.84","0.28"
"26","200","1","3","275","0.66","0.22"
"24","200","1","3","329","1.06","0.35333333333333333"
"27","200","1","3","227","1.02","0.34"
"29","200","1","3","71","0.92","0.30666666666666664"
"28","200","1","3","105","0.94","0.31333333333333335"
"26","200","1","3","276","0.76","0.25333333333333335"
"27","200","1","3","228","0.9","0.3"
"25","200","1","3","288","0.96","0.32"
"29","200","1","3","72","0.88","0.29333333333333333"
"24","200","1","3","330","1.24","0.41333333333333333"
"25","200","1","3","289","0.86","0.2866666666666667"
"27","200","1","3","229","0.78","0.26"
"28","200","1","3","106","0.92","0.30666666666666664"
"29","200","1","3","73","1.1","0.36666666666666664"
"26","200","1","3","277","0.98","0.32666666666666666"
"28","200","1","3","107","0.98","0.32666666666666666"
"27","200","1","3","230","0.88","0.29333333333333333"
"25","200","1","3","290","0.72","0.24"
"29","200","1","3","74","0.98","0.32666666666666666"
"24","200","1","3","331","1.2","0.4"
"28","200","1","3","108","0.7","0.23333333333333334"
"29","200","1","3","75","1.14","0.38"
"26","200","1","3","278","0.9","0.3"
"25","200","1","3","291","0.82","0.2733333333333333"
"27","200","1","3","231","0.9","0.3"
"28","200","1","3","109","1","0.3333333333333333"
"29","200","1","3","76","1.04","0.3466666666666667"
"26","200","1","3","279","0.8","0.26666666666666666"
"24","200","1","3","332","0.88","0.29333333333333333"
"25","200","1","3","292","0.88","0.29333333333333333"
"27","200","1","3","232","1.12","0.37333333333333335"
"28","200","1","3","110","0.92","0.30666666666666664"
"29","200","1","3","77","1.06","0.35333333333333333"
"24","200","1","3","333","0.9","0.3"
"26","200","1","3","280","1.04","0.3466666666666667"
"25","200","1","3","293","0.98","0.32666666666666666"
"28","200","1","3","111","1.12","0.37333333333333335"
"27","200","1","3","233","1.2","0.4"
"29","200","1","3","78","0.9","0.3"
"28","200","1","3","112","0.94","0.31333333333333335"
"25","200","1","3","294","0.88","0.29333333333333333"
"26","200","1","3","281","0.92","0.30666666666666664"
"27","200","1","3","234","1.06","0.35333333333333333"
"24","200","1","3","334","0.92","0.30666666666666664"
"29","200","1","3","79","0.68","0.22666666666666666"
"28","200","1","3","113","1.04","0.3466666666666667"
"27","200","1","3","235","1.1","0.36666666666666664"
"26","200","1","3","282","0.8","0.26666666666666666"
"29","200","1","3","80","1.1","0.36666666666666664"
"25","200","1","3","295","1.2","0.4"
"24","200","1","3","335","1.02","0.34"
"28","200","1","3","114","0.9","0.3"
"29","200","1","3","81","0.74","0.24666666666666667"
"27","200","1","3","236","0.88","0.29333333333333333"
"28","200","1","3","115","1.06","0.35333333333333333"
"26","200","1","3","283","0.9","0.3"
"24","200","1","3","336","0.84","0.28"
"28","200","1","3","116","1.18","0.3933333333333333"
"29","200","1","3","82","0.9","0.3"
"27","200","1","3","237","1.02","0.34"
"28","200","1","3","117","0.94","0.31333333333333335"
"26","200","1","3","284","0.78","0.26"
"24","200","1","3","337","0.7","0.23333333333333334"
"29","200","1","3","83","0.92","0.30666666666666664"
"27","200","1","3","238","1.12","0.37333333333333335"
"28","200","1","3","118","0.92","0.30666666666666664"
"26","200","1","3","285","0.76","0.25333333333333335"
"29","200","1","3","84","1.02","0.34"
"28","200","1","3","119","0.98","0.32666666666666666"
"24","200","1","3","338","0.92","0.30666666666666664"
"27","200","1","3","239","0.92","0.30666666666666664"
"26","200","1","3","286","0.88","0.29333333333333333"
"29","200","1","3","85","0.88","0.29333333333333333"
"28","200","1","3","120","0.88","0.29333333333333333"
"29","200","1","3","86","0.94","0.31333333333333335"
"24","200","1","3","339","0.88","0.29333333333333333"
"27","200","1","3","240","0.88","0.29333333333333333"
"26","200","1","3","287","0.8","0.26666666666666666"
"28","200","1","3","121","0.9","0.3"
"27","200","1","3","241","0.92","0.30666666666666664"
"29","200","1","3","87","1.14","0.38"
"24","200","1","3","340","1.16","0.38666666666666666"
"26","200","1","3","288","0.92","0.30666666666666664"
"28","200","1","3","122","0.96","0.32"
"27","200","1","3","242","0.84","0.28"
"29","200","1","3","88","0.82","0.2733333333333333"
"28","200","1","3","123","1.1","0.36666666666666664"
"26","200","1","3","289","0.92","0.30666666666666664"
"24","200","1","3","341","1.16","0.38666666666666666"
"28","200","1","3","124","0.98","0.32666666666666666"
"29","200","1","3","89","0.82","0.2733333333333333"
"27","200","1","3","243","0.84","0.28"
"26","200","1","3","290","0.86","0.2866666666666667"
"29","200","1","3","90","0.7","0.23333333333333334"
"28","200","1","3","125","0.92","0.30666666666666664"
"27","200","1","3","244","0.8","0.26666666666666666"
"26","200","1","3","291","1.12","0.37333333333333335"
"24","200","1","3","342","1.14","0.38"
"28","200","1","3","126","0.86","0.2866666666666667"
"27","200","1","3","245","0.64","0.21333333333333335"
"29","200","1","3","91","0.72","0.24"
"26","200","1","3","292","1.16","0.38666666666666666"
"28","200","1","3","127","0.76","0.25333333333333335"
"24","200","1","3","343","1.24","0.41333333333333333"
"29","200","1","3","92","1.14","0.38"
"27","200","1","3","246","0.94","0.31333333333333335"
"28","200","1","3","128","1.06","0.35333333333333333"
"26","200","1","3","293","0.86","0.2866666666666667"
"29","200","1","3","93","0.92","0.30666666666666664"
"27","200","1","3","247","0.94","0.31333333333333335"
"28","200","1","3","129","0.84","0.28"
"29","200","1","3","94","0.82","0.2733333333333333"
"27","200","1","3","248","0.84","0.28"
"26","200","1","3","294","0.88","0.29333333333333333"
"28","200","1","3","130","0.94","0.31333333333333335"
"24","200","1","3","344","1.14","0.38"
"27","200","1","3","249","0.98","0.32666666666666666"
"29","200","1","3","95","0.78","0.26"
"26","200","1","3","295","0.84","0.28"
"28","200","1","3","131","1.02","0.34"
"29","200","1","3","96","1.1","0.36666666666666664"
"27","200","1","3","250","1.02","0.34"
"28","200","1","3","132","1.04","0.3466666666666667"
"24","200","1","3","345","1","0.3333333333333333"
"26","200","1","3","296","0.92","0.30666666666666664"
"29","200","1","3","97","0.9","0.3"
"28","200","1","3","133","1.12","0.37333333333333335"
"27","200","1","3","251","0.9","0.3"
"24","200","1","3","346","0.88","0.29333333333333333"
"26","200","1","3","297","1","0.3333333333333333"
"29","200","1","3","98","0.82","0.2733333333333333"
"27","200","1","3","252","0.96","0.32"
"28","200","1","3","134","0.94","0.31333333333333335"
"25","200","1","3","296","1.2","0.4"
"29","200","1","3","99","0.82","0.2733333333333333"
"28","200","1","3","135","0.96","0.32"
"26","200","1","3","298","1.02","0.34"
"24","200","1","3","347","1","0.3333333333333333"
"27","200","1","3","253","0.74","0.24666666666666667"
"29","200","1","3","100","0.82","0.2733333333333333"
"28","200","1","3","136","0.88","0.29333333333333333"
"25","200","1","3","297","0.82","0.2733333333333333"
"27","200","1","3","254","0.92","0.30666666666666664"
"24","200","1","3","348","1","0.3333333333333333"
"26","200","1","3","299","1.06","0.35333333333333333"
"28","200","1","3","137","1.02","0.34"
"29","200","1","3","101","0.8","0.26666666666666666"
"25","200","1","3","298","0.9","0.3"
"27","200","1","3","255","1.08","0.36"
"26","200","1","3","300","0.96","0.32"
"28","200","1","3","138","1.14","0.38"
"29","200","1","3","102","0.86","0.2866666666666667"
"24","200","1","3","349","0.84","0.28"
"25","200","1","3","299","1.04","0.3466666666666667"
"27","200","1","3","256","0.74","0.24666666666666667"
"26","200","1","3","301","1.1","0.36666666666666664"
"28","200","1","3","139","0.98","0.32666666666666666"
"29","200","1","3","103","0.78","0.26"
"27","200","1","3","257","0.9","0.3"
"24","200","1","3","350","0.92","0.30666666666666664"
"25","200","1","3","300","1.02","0.34"
"28","200","1","3","140","0.92","0.30666666666666664"
"26","200","1","3","302","1.02","0.34"
"29","200","1","3","104","0.92","0.30666666666666664"
"28","200","1","3","141","0.9","0.3"
"26","200","1","3","303","0.96","0.32"
"27","200","1","3","258","1.1","0.36666666666666664"
"25","200","1","3","301","1.02","0.34"
"24","200","1","3","351","1.04","0.3466666666666667"
"29","200","1","3","105","1.28","0.4266666666666667"
"28","200","1","3","142","0.94","0.31333333333333335"
"25","200","1","3","302","0.94","0.31333333333333335"
"26","200","1","3","304","1.14","0.38"
"27","200","1","3","259","1.04","0.3466666666666667"
"29","200","1","3","106","1","0.3333333333333333"
"24","200","1","3","352","0.88","0.29333333333333333"
"28","200","1","3","143","0.94","0.31333333333333335"
"25","200","1","3","303","1.02","0.34"
"27","200","1","3","260","1.1","0.36666666666666664"
"26","200","1","3","305","0.84","0.28"
"28","200","1","3","144","1.08","0.36"
"29","200","1","3","107","1.02","0.34"
"24","200","1","3","353","0.88","0.29333333333333333"
"27","200","1","3","261","1.24","0.41333333333333333"
"29","200","1","3","108","1.04","0.3466666666666667"
"25","200","1","3","304","1.02","0.34"
"26","200","1","3","306","0.92","0.30666666666666664"
"28","200","1","3","145","0.98","0.32666666666666666"
"24","200","1","3","354","0.98","0.32666666666666666"
"29","200","1","3","109","1.12","0.37333333333333335"
"27","200","1","3","262","1.06","0.35333333333333333"
"25","200","1","3","305","1.06","0.35333333333333333"
"28","200","1","3","146","0.88","0.29333333333333333"
"26","200","1","3","307","1.18","0.3933333333333333"
"29","200","1","3","110","0.98","0.32666666666666666"
"24","200","1","3","355","0.84","0.28"
"27","200","1","3","263","1.1","0.36666666666666664"
"25","200","1","3","306","0.82","0.2733333333333333"
"28","200","1","3","147","0.98","0.32666666666666666"
"26","200","1","3","308","0.98","0.32666666666666666"
"29","200","1","3","111","1","0.3333333333333333"
"27","200","1","3","264","0.92","0.30666666666666664"
"25","200","1","3","307","0.88","0.29333333333333333"
"28","200","1","3","148","0.74","0.24666666666666667"
"26","200","1","3","309","1.12","0.37333333333333335"
"24","200","1","3","356","0.96","0.32"
"29","200","1","3","112","0.86","0.2866666666666667"
"27","200","1","3","265","0.96","0.32"
"28","200","1","3","149","0.9","0.3"
"25","200","1","3","308","0.8","0.26666666666666666"
"29","200","1","3","113","0.9","0.3"
"26","200","1","3","310","1","0.3333333333333333"
"24","200","1","3","357","1.16","0.38666666666666666"
"27","200","1","3","266","0.94","0.31333333333333335"
"28","200","1","3","150","0.8","0.26666666666666666"
"25","200","1","3","309","1.12","0.37333333333333335"
"29","200","1","3","114","0.98","0.32666666666666666"
"26","200","1","3","311","0.9","0.3"
"27","200","1","3","267","0.88","0.29333333333333333"
"28","200","1","3","151","0.9","0.3"
"29","200","1","3","115","0.94","0.31333333333333335"
"25","200","1","3","310","0.98","0.32666666666666666"
"24","200","1","3","358","0.86","0.2866666666666667"
"26","200","1","3","312","1.06","0.35333333333333333"
"28","200","1","3","152","1.16","0.38666666666666666"
"29","200","1","3","116","1.14","0.38"
"27","200","1","3","268","1.08","0.36"
"24","200","1","3","359","0.94","0.31333333333333335"
"25","200","1","3","311","1.16","0.38666666666666666"
"26","200","1","3","313","0.84","0.28"
"28","200","1","3","153","0.84","0.28"
"29","200","1","3","117","1.02","0.34"
"27","200","1","3","269","1.28","0.4266666666666667"
"25","200","1","3","312","0.86","0.2866666666666667"
"28","200","1","3","154","0.96","0.32"
"26","200","1","3","314","0.98","0.32666666666666666"
"24","200","1","3","360","1.02","0.34"
"27","200","1","3","270","1.06","0.35333333333333333"
"29","200","1","3","118","1.12","0.37333333333333335"
"28","200","1","3","155","0.88","0.29333333333333333"
"25","200","1","3","313","0.92","0.30666666666666664"
"26","200","1","3","315","0.74","0.24666666666666667"
"29","200","1","3","119","0.94","0.31333333333333335"
"27","200","1","3","271","1.06","0.35333333333333333"
"28","200","1","3","156","0.96","0.32"
"24","200","1","3","361","1.14","0.38"
"25","200","1","3","314","1.16","0.38666666666666666"
"26","200","1","3","316","0.78","0.26"
"29","200","1","3","120","1.1","0.36666666666666664"
"28","200","1","3","157","1.14","0.38"
"27","200","1","3","272","1.08","0.36"
"24","200","1","3","362","1.02","0.34"
"25","200","1","3","315","0.88","0.29333333333333333"
"26","200","1","3","317","0.88","0.29333333333333333"
"29","200","1","3","121","1.16","0.38666666666666666"
"28","200","1","3","158","0.82","0.2733333333333333"
"27","200","1","3","273","0.96","0.32"
"25","200","1","3","316","0.98","0.32666666666666666"
"28","200","1","3","159","1.04","0.3466666666666667"
"24","200","1","3","363","1.12","0.37333333333333335"
"26","200","1","3","318","0.88","0.29333333333333333"
"27","200","1","3","274","0.9","0.3"
"29","200","1","3","122","1.16","0.38666666666666666"
"28","200","1","3","160","1.2","0.4"
"25","200","1","3","317","1.18","0.3933333333333333"
"24","200","1","3","364","1.1","0.36666666666666664"
"26","200","1","3","319","0.78","0.26"
"29","200","1","3","123","1.12","0.37333333333333335"
"27","200","1","3","275","0.92","0.30666666666666664"
"28","200","1","3","161","1.12","0.37333333333333335"
"29","200","1","3","124","0.98","0.32666666666666666"
"25","200","1","3","318","1","0.3333333333333333"
"27","200","1","3","276","0.94","0.31333333333333335"
"26","200","1","3","320","0.96","0.32"
"28","200","1","3","162","0.94","0.31333333333333335"
"29","200","1","3","125","1.1","0.36666666666666664"
"27","200","1","3","277","0.9","0.3"
"24","200","1","3","365","1.24","0.41333333333333333"
"25","200","1","3","319","0.92","0.30666666666666664"
"26","200","1","3","321","0.98","0.32666666666666666"
"27","200","1","3","278","1.04","0.3466666666666667"
"29","200","1","3","126","0.94","0.31333333333333335"
"28","200","1","3","163","1.02","0.34"
"25","200","1","3","320","0.96","0.32"
"26","200","1","3","322","1.06","0.35333333333333333"
"24","200","1","3","366","1.12","0.37333333333333335"
"29","200","1","3","127","0.92","0.30666666666666664"
"28","200","1","3","164","0.96","0.32"
"27","200","1","3","279","0.94","0.31333333333333335"
"26","200","1","3","323","1.14","0.38"
"25","200","1","3","321","1.08","0.36"
"28","200","1","3","165","1.04","0.3466666666666667"
"29","200","1","3","128","0.82","0.2733333333333333"
"26","200","1","3","324","1.06","0.35333333333333333"
"27","200","1","3","280","0.94","0.31333333333333335"
"25","200","1","3","322","0.94","0.31333333333333335"
"24","200","1","3","367","1.1","0.36666666666666664"
"28","200","1","3","166","0.94","0.31333333333333335"
"27","200","1","3","281","0.82","0.2733333333333333"
"29","200","1","3","129","0.92","0.30666666666666664"
"26","200","1","3","325","1.04","0.3466666666666667"
"25","200","1","3","323","0.74","0.24666666666666667"
"24","200","1","3","368","0.98","0.32666666666666666"
"28","200","1","3","167","0.88","0.29333333333333333"
"27","200","1","3","282","0.86","0.2866666666666667"
"29","200","1","3","130","0.98","0.32666666666666666"
"26","200","1","3","326","0.98","0.32666666666666666"
"25","200","1","3","324","0.84","0.28"
"28","200","1","3","168","0.88","0.29333333333333333"
"27","200","1","3","283","0.98","0.32666666666666666"
"29","200","1","3","131","0.84","0.28"
"26","200","1","3","327","1.22","0.4066666666666667"
"24","200","1","3","369","0.8","0.26666666666666666"
"25","200","1","3","325","1.26","0.42"
"28","200","1","3","169","1.04","0.3466666666666667"
"27","200","1","3","284","1.1","0.36666666666666664"
"29","200","1","3","132","0.88","0.29333333333333333"
"26","200","1","3","328","1.14","0.38"
"28","200","1","3","170","0.96","0.32"
"25","200","1","3","326","1.16","0.38666666666666666"
"24","200","1","3","370","1","0.3333333333333333"
"27","200","1","3","285","0.94","0.31333333333333335"
"26","200","1","3","329","0.96","0.32"
"29","200","1","3","133","1.08","0.36"
"28","200","1","3","171","0.84","0.28"
"25","200","1","3","327","1.04","0.3466666666666667"
"27","200","1","3","286","0.94","0.31333333333333335"
"29","200","1","3","134","1","0.3333333333333333"
"26","200","1","3","330","1.02","0.34"
"28","200","1","3","172","0.82","0.2733333333333333"
"24","200","1","3","371","0.94","0.31333333333333335"
"25","200","1","3","328","1","0.3333333333333333"
"28","200","1","3","173","0.92","0.30666666666666664"
"27","200","1","3","287","0.88","0.29333333333333333"
"29","200","1","3","135","0.88","0.29333333333333333"
"26","200","1","3","331","1","0.3333333333333333"
"24","200","1","3","372","1.12","0.37333333333333335"
"25","200","1","3","329","1","0.3333333333333333"
"29","200","1","3","136","0.86","0.2866666666666667"
"28","200","1","3","174","1.12","0.37333333333333335"
"27","200","1","3","288","0.82","0.2733333333333333"
"25","200","1","3","330","1.06","0.35333333333333333"
"26","200","1","3","332","1.04","0.3466666666666667"
"24","200","1","3","373","1.24","0.41333333333333333"
"29","200","1","3","137","1","0.3333333333333333"
"28","200","1","3","175","0.88","0.29333333333333333"
"25","200","1","3","331","1.08","0.36"
"29","200","1","3","138","0.84","0.28"
"27","200","1","3","289","1.02","0.34"
"26","200","1","3","333","1.04","0.3466666666666667"
"28","200","1","3","176","1.08","0.36"
"24","200","1","3","374","1.12","0.37333333333333335"
"29","200","1","3","139","0.86","0.2866666666666667"
"27","200","1","3","290","0.8","0.26666666666666666"
"25","200","1","3","332","1.1","0.36666666666666664"
"26","200","1","3","334","1.04","0.3466666666666667"
"28","200","1","3","177","1.08","0.36"
"29","200","1","3","140","0.94","0.31333333333333335"
"24","200","1","3","375","1.3","0.43333333333333335"
"28","200","1","3","178","1.16","0.38666666666666666"
"26","200","1","3","335","0.78","0.26"
"27","200","1","3","291","0.9","0.3"
"25","200","1","3","333","0.88","0.29333333333333333"
"29","200","1","3","141","1.04","0.3466666666666667"
"28","200","1","3","179","1.16","0.38666666666666666"
"27","200","1","3","292","0.9","0.3"
"26","200","1","3","336","0.7","0.23333333333333334"
"24","200","1","3","376","0.96","0.32"
"28","200","1","3","180","1.08","0.36"
"29","200","1","3","142","0.98","0.32666666666666666"
"25","200","1","3","334","0.88","0.29333333333333333"
"26","200","1","3","337","1","0.3333333333333333"
"27","200","1","3","293","1.1","0.36666666666666664"
"29","200","1","3","143","1.1","0.36666666666666664"
"24","200","1","3","377","1.08","0.36"
"28","200","1","3","181","1","0.3333333333333333"
"26","200","1","3","338","0.96","0.32"
"27","200","1","3","294","1.14","0.38"
"25","200","1","3","335","0.86","0.2866666666666667"
"29","200","1","3","144","1.06","0.35333333333333333"
"28","200","1","3","182","0.96","0.32"
"24","200","1","3","378","1.16","0.38666666666666666"
"27","200","1","3","295","0.96","0.32"
"26","200","1","3","339","0.9","0.3"
"25","200","1","3","336","0.84","0.28"
"29","200","1","3","145","1","0.3333333333333333"
"28","200","1","3","183","1.14","0.38"
"29","200","1","3","146","0.94","0.31333333333333335"
"24","200","1","3","379","1.3","0.43333333333333335"
"27","200","1","3","296","1.02","0.34"
"25","200","1","3","337","0.92","0.30666666666666664"
"26","200","1","3","340","0.66","0.22"
"28","200","1","3","184","1.06","0.35333333333333333"
"29","200","1","3","147","0.88","0.29333333333333333"
"28","200","1","3","185","1","0.3333333333333333"
"25","200","1","3","338","0.82","0.2733333333333333"
"27","200","1","3","297","0.98","0.32666666666666666"
"29","200","1","3","148","0.74","0.24666666666666667"
"26","200","1","3","341","0.7","0.23333333333333334"
"24","200","1","3","380","0.86","0.2866666666666667"
"28","200","1","3","186","1.04","0.3466666666666667"
"27","200","1","3","298","1.02","0.34"
"25","200","1","3","339","0.88","0.29333333333333333"
"29","200","1","3","149","0.86","0.2866666666666667"
"26","200","1","3","342","0.84","0.28"
"27","200","1","3","299","1.1","0.36666666666666664"
"28","200","1","3","187","0.94","0.31333333333333335"
"29","200","1","3","150","0.94","0.31333333333333335"
"25","200","1","3","340","1.1","0.36666666666666664"
"26","200","1","3","343","0.86","0.2866666666666667"
"28","200","1","3","188","1.04","0.3466666666666667"
"27","200","1","3","300","1.02","0.34"
"24","200","1","3","381","1.06","0.35333333333333333"
"29","200","1","3","151","1.08","0.36"
"28","200","1","3","189","1.14","0.38"
"25","200","1","3","341","1.08","0.36"
"27","200","1","3","301","0.88","0.29333333333333333"
"26","200","1","3","344","1","0.3333333333333333"
"28","200","1","3","190","1.06","0.35333333333333333"
"29","200","1","3","152","1","0.3333333333333333"
"25","200","1","3","342","0.92","0.30666666666666664"
"24","200","1","3","382","0.88","0.29333333333333333"
"27","200","1","3","302","0.84","0.28"
"26","200","1","3","345","1","0.3333333333333333"
"29","200","1","3","153","1.06","0.35333333333333333"
"28","200","1","3","191","1.08","0.36"
"25","200","1","3","343","0.86","0.2866666666666667"
"27","200","1","3","303","0.86","0.2866666666666667"
"24","200","1","3","383","0.92","0.30666666666666664"
"26","200","1","3","346","1.08","0.36"
"28","200","1","3","192","1.06","0.35333333333333333"
"29","200","1","3","154","1.04","0.3466666666666667"
"27","200","1","3","304","0.9","0.3"
"25","200","1","3","344","0.74","0.24666666666666667"
"24","200","1","3","384","1.12","0.37333333333333335"
"26","200","1","3","347","1","0.3333333333333333"
"28","200","1","3","193","1.04","0.3466666666666667"
"29","200","1","3","155","1.28","0.4266666666666667"
"27","200","1","3","305","1.06","0.35333333333333333"
"25","200","1","3","345","0.78","0.26"
"28","200","1","3","194","0.84","0.28"
"29","200","1","3","156","1.18","0.3933333333333333"
"24","200","1","3","385","1.1","0.36666666666666664"
"27","200","1","3","306","0.88","0.29333333333333333"
"28","200","1","3","195","0.74","0.24666666666666667"
"29","200","1","3","157","0.98","0.32666666666666666"
"25","200","1","3","346","1.08","0.36"
"24","200","1","3","386","1.02","0.34"
"28","200","1","3","196","1.08","0.36"
"27","200","1","3","307","0.88","0.29333333333333333"
"29","200","1","3","158","0.94","0.31333333333333335"
"25","200","1","3","347","0.86","0.2866666666666667"
"27","200","1","3","308","0.88","0.29333333333333333"
"28","200","1","3","197","1.02","0.34"
"24","200","1","3","387","1.18","0.3933333333333333"
"29","200","1","3","159","1.02","0.34"
"25","200","1","3","348","1.06","0.35333333333333333"
"27","200","1","3","309","0.78","0.26"
"28","200","1","3","198","0.78","0.26"
"29","200","1","3","160","1","0.3333333333333333"
"24","200","1","3","388","1.08","0.36"
"25","200","1","3","349","1.04","0.3466666666666667"
"27","200","1","3","310","1.08","0.36"
"28","200","1","3","199","0.82","0.2733333333333333"
"29","200","1","3","161","0.9","0.3"
"24","200","1","3","389","1.12","0.37333333333333335"
"25","200","1","3","350","1","0.3333333333333333"
"27","200","1","3","311","1.14","0.38"
"28","200","1","3","200","1.08","0.36"
"29","200","1","3","162","0.96","0.32"
"24","200","1","3","390","0.86","0.2866666666666667"
"28","200","1","3","201","1.1","0.36666666666666664"
"27","200","1","3","312","1.14","0.38"
"25","200","1","3","351","0.86","0.2866666666666667"
"29","200","1","3","163","1.12","0.37333333333333335"
"24","200","1","3","391","0.74","0.24666666666666667"
"28","200","1","3","202","0.92","0.30666666666666664"
"25","200","1","3","352","1.02","0.34"
"29","200","1","3","164","1","0.3333333333333333"
"27","200","1","3","313","0.98","0.32666666666666666"
"28","200","1","3","203","1.18","0.3933333333333333"
"24","200","1","3","392","1.08","0.36"
"29","200","1","3","165","1.06","0.35333333333333333"
"25","200","1","3","353","0.98","0.32666666666666666"
"27","200","1","3","314","0.92","0.30666666666666664"
"28","200","1","3","204","1","0.3333333333333333"
"29","200","1","3","166","0.96","0.32"
"25","200","1","3","354","0.96","0.32"
"24","200","1","3","393","1.26","0.42"
"27","200","1","3","315","1.24","0.41333333333333333"
"28","200","1","3","205","0.86","0.2866666666666667"
"29","200","1","3","167","0.9","0.3"
"27","200","1","3","316","1.3","0.43333333333333335"
"25","200","1","3","355","1.04","0.3466666666666667"
"28","200","1","3","206","1","0.3333333333333333"
"29","200","1","3","168","1.22","0.4066666666666667"
"27","200","1","3","317","1.02","0.34"
"25","200","1","3","356","1.06","0.35333333333333333"
"28","200","1","3","207","1.06","0.35333333333333333"
"29","200","1","3","169","0.88","0.29333333333333333"
"27","200","1","3","318","1.06","0.35333333333333333"
"28","200","1","3","208","1.12","0.37333333333333335"
"25","200","1","3","357","0.96","0.32"
"29","200","1","3","170","1","0.3333333333333333"
"28","200","1","3","209","1.08","0.36"
"27","200","1","3","319","0.88","0.29333333333333333"
"25","200","1","3","358","0.96","0.32"
"29","200","1","3","171","0.96","0.32"
"28","200","1","3","210","1.08","0.36"
"27","200","1","3","320","0.98","0.32666666666666666"
"25","200","1","3","359","0.72","0.24"
"29","200","1","3","172","0.9","0.3"
"26","200","1","3","348","1.06","0.35333333333333333"
"29","200","1","3","173","0.88","0.29333333333333333"
"28","200","1","3","211","1","0.3333333333333333"
"25","200","1","3","360","0.86","0.2866666666666667"
"27","200","1","3","321","0.92","0.30666666666666664"
"28","200","1","3","212","1.2","0.4"
"29","200","1","3","174","1.1","0.36666666666666664"
"26","200","1","3","349","1.04","0.3466666666666667"
"27","200","1","3","322","1.2","0.4"
"25","200","1","3","361","0.82","0.2733333333333333"
"24","200","1","3","394","1.02","0.34"
"29","200","1","3","175","0.94","0.31333333333333335"
"28","200","1","3","213","0.88","0.29333333333333333"
"26","200","1","3","350","0.84","0.28"
"27","200","1","3","323","0.96","0.32"
"25","200","1","3","362","0.94","0.31333333333333335"
"29","200","1","3","176","1.02","0.34"
"28","200","1","3","214","1.16","0.38666666666666666"
"27","200","1","3","324","1.24","0.41333333333333333"
"26","200","1","3","351","0.92","0.30666666666666664"
"25","200","1","3","363","1.18","0.3933333333333333"
"24","200","1","3","395","0.94","0.31333333333333335"
"28","200","1","3","215","0.98","0.32666666666666666"
"29","200","1","3","177","0.9","0.3"
"27","200","1","3","325","1.1","0.36666666666666664"
"25","200","1","3","364","1.28","0.4266666666666667"
"26","200","1","3","352","1.18","0.3933333333333333"
"28","200","1","3","216","1.14","0.38"
"29","200","1","3","178","0.82","0.2733333333333333"
"24","200","1","3","396","1.14","0.38"
"27","200","1","3","326","0.96","0.32"
"25","200","1","3","365","1.2","0.4"
"28","200","1","3","217","0.96","0.32"
"29","200","1","3","179","0.98","0.32666666666666666"
"26","200","1","3","353","1.08","0.36"
"28","200","1","3","218","1.14","0.38"
"25","200","1","3","366","0.9","0.3"
"27","200","1","3","327","1.28","0.4266666666666667"
"29","200","1","3","180","1.22","0.4066666666666667"
"26","200","1","3","354","1.06","0.35333333333333333"
"24","200","1","3","397","0.88","0.29333333333333333"
"27","200","1","3","328","1.02","0.34"
"26","200","1","3","355","1.02","0.34"
"29","200","1","3","181","1","0.3333333333333333"
"25","200","1","3","367","0.94","0.31333333333333335"
"28","200","1","3","219","0.96","0.32"
"29","200","1","3","182","1.14","0.38"
"28","200","1","3","220","1.24","0.41333333333333333"
"24","200","1","3","398","0.9","0.3"
"26","200","1","3","356","1.1","0.36666666666666664"
"27","200","1","3","329","0.84","0.28"
"25","200","1","3","368","1.08","0.36"
"29","200","1","3","183","0.88","0.29333333333333333"
"28","200","1","3","221","1.02","0.34"
"26","200","1","3","357","1.1","0.36666666666666664"
"27","200","1","3","330","0.96","0.32"
"25","200","1","3","369","1.18","0.3933333333333333"
"24","200","1","3","399","0.86","0.2866666666666667"
"28","200","1","3","222","0.92","0.30666666666666664"
"29","200","1","3","184","0.96","0.32"
"27","200","1","3","331","1.22","0.4066666666666667"
"26","200","1","3","358","1.06","0.35333333333333333"
"25","200","1","3","370","0.78","0.26"
"24","200","1","3","400","0.98","0.32666666666666666"
"29","200","1","3","185","1","0.3333333333333333"
"28","200","1","3","223","0.94","0.31333333333333335"
"26","200","1","3","359","1.08","0.36"
"27","200","1","3","332","0.98","0.32666666666666666"
"29","200","1","3","186","0.86","0.2866666666666667"
"25","200","1","3","371","0.72","0.24"
"24","200","1","3","401","0.92","0.30666666666666664"
"26","200","1","3","360","1.12","0.37333333333333335"
"28","200","1","3","224","0.98","0.32666666666666666"
"29","200","1","3","187","0.88","0.29333333333333333"
"27","200","1","3","333","0.9","0.3"
"25","200","1","3","372","0.88","0.29333333333333333"
"28","200","1","3","225","0.84","0.28"
"26","200","1","3","361","1.18","0.3933333333333333"
"24","200","1","3","402","1.12","0.37333333333333335"
"29","200","1","3","188","1.02","0.34"
"27","200","1","3","334","1.08","0.36"
"25","200","1","3","373","1.02","0.34"
"28","200","1","3","226","1","0.3333333333333333"
"24","200","1","3","403","0.86","0.2866666666666667"
"25","200","1","3","374","0.68","0.22666666666666666"
"26","200","1","3","362","1.02","0.34"
"29","200","1","3","189","0.78","0.26"
"28","200","1","3","227","1.12","0.37333333333333335"
"27","200","1","3","335","1.18","0.3933333333333333"
"29","200","1","3","190","1.1","0.36666666666666664"
"28","200","1","3","228","1.02","0.34"
"25","200","1","3","375","0.84","0.28"
"26","200","1","3","363","0.88","0.29333333333333333"
"27","200","1","3","336","1.06","0.35333333333333333"
"24","200","1","3","404","1.02","0.34"
"28","200","1","3","229","0.92","0.30666666666666664"
"29","200","1","3","191","1","0.3333333333333333"
"27","200","1","3","337","1.1","0.36666666666666664"
"26","200","1","3","364","0.92","0.30666666666666664"
"25","200","1","3","376","0.8","0.26666666666666666"
"28","200","1","3","230","0.84","0.28"
"24","200","1","3","405","1.16","0.38666666666666666"
"29","200","1","3","192","1.08","0.36"
"26","200","1","3","365","1.12","0.37333333333333335"
"27","200","1","3","338","1.02","0.34"
"25","200","1","3","377","0.86","0.2866666666666667"
"28","200","1","3","231","0.94","0.31333333333333335"
"29","200","1","3","193","0.84","0.28"
"24","200","1","3","406","0.88","0.29333333333333333"
"26","200","1","3","366","1.08","0.36"
"27","200","1","3","339","1.08","0.36"
"25","200","1","3","378","0.78","0.26"
"28","200","1","3","232","0.98","0.32666666666666666"
"29","200","1","3","194","1.2","0.4"
"27","200","1","3","340","1.26","0.42"
"26","200","1","3","367","1.1","0.36666666666666664"
"28","200","1","3","233","0.8","0.26666666666666666"
"25","200","1","3","379","0.96","0.32"
"29","200","1","3","195","0.88","0.29333333333333333"
"28","200","1","3","234","0.82","0.2733333333333333"
"25","200","1","3","380","0.98","0.32666666666666666"
"27","200","1","3","341","0.96","0.32"
"26","200","1","3","368","0.84","0.28"
"29","200","1","3","196","1.08","0.36"
"28","200","1","3","235","0.98","0.32666666666666666"
"26","200","1","3","369","0.72","0.24"
"25","200","1","3","381","0.94","0.31333333333333335"
"29","200","1","3","197","1","0.3333333333333333"
"27","200","1","3","342","1.1","0.36666666666666664"
"28","200","1","3","236","0.94","0.31333333333333335"
"26","200","1","3","370","0.98","0.32666666666666666"
"29","200","1","3","198","1.04","0.3466666666666667"
"27","200","1","3","343","1.22","0.4066666666666667"
"25","200","1","3","382","0.78","0.26"
"28","200","1","3","237","0.96","0.32"
"29","200","1","3","199","0.96","0.32"
"26","200","1","3","371","0.9","0.3"
"27","200","1","3","344","0.92","0.30666666666666664"
"25","200","1","3","383","0.96","0.32"
"28","200","1","3","238","1.02","0.34"
"29","200","1","3","200","1.08","0.36"
"26","200","1","3","372","0.94","0.31333333333333335"
"27","200","1","3","345","0.94","0.31333333333333335"
"24","200","1","3","407","1.02","0.34"
"28","200","1","3","239","0.94","0.31333333333333335"
"25","200","1","3","384","1.04","0.3466666666666667"
"27","200","1","3","346","1","0.3333333333333333"
"29","200","1","3","201","1.04","0.3466666666666667"
"26","200","1","3","373","0.76","0.25333333333333335"
"28","200","1","3","240","1.08","0.36"
"25","200","1","3","385","0.86","0.2866666666666667"
"24","200","1","3","408","0.9","0.3"
"29","200","1","3","202","0.8","0.26666666666666666"
"27","200","1","3","347","1.24","0.41333333333333333"
"26","200","1","3","374","1.08","0.36"
"28","200","1","3","241","0.92","0.30666666666666664"
"25","200","1","3","386","1.02","0.34"
"29","200","1","3","203","0.88","0.29333333333333333"
"24","200","1","3","409","1.02","0.34"
"27","200","1","3","348","1.04","0.3466666666666667"
"28","200","1","3","242","1","0.3333333333333333"
"26","200","1","3","375","1.08","0.36"
"25","200","1","3","387","0.8","0.26666666666666666"
"29","200","1","3","204","1","0.3333333333333333"
"27","200","1","3","349","1","0.3333333333333333"
"28","200","1","3","243","1.04","0.3466666666666667"
"26","200","1","3","376","1.1","0.36666666666666664"
"25","200","1","3","388","0.94","0.31333333333333335"
"29","200","1","3","205","1.06","0.35333333333333333"
"24","200","1","3","410","0.78","0.26"
"28","200","1","3","244","0.92","0.30666666666666664"
"26","200","1","3","377","0.76","0.25333333333333335"
"27","200","1","3","350","0.92","0.30666666666666664"
"25","200","1","3","389","1.06","0.35333333333333333"
"29","200","1","3","206","0.98","0.32666666666666666"
"28","200","1","3","245","0.92","0.30666666666666664"
"24","200","1","3","411","1.1","0.36666666666666664"
"26","200","1","3","378","0.96","0.32"
"27","200","1","3","351","0.86","0.2866666666666667"
"25","200","1","3","390","0.92","0.30666666666666664"
"29","200","1","3","207","0.98","0.32666666666666666"
"28","200","1","3","246","0.88","0.29333333333333333"
"26","200","1","3","379","0.88","0.29333333333333333"
"24","200","1","3","412","0.94","0.31333333333333335"
"27","200","1","3","352","0.84","0.28"
"25","200","1","3","391","0.92","0.30666666666666664"
"29","200","1","3","208","1.06","0.35333333333333333"
"26","200","1","3","380","0.92","0.30666666666666664"
"28","200","1","3","247","1.04","0.3466666666666667"
"29","200","1","3","209","0.98","0.32666666666666666"
"27","200","1","3","353","0.98","0.32666666666666666"
"24","200","1","3","413","1.14","0.38"
"25","200","1","3","392","0.98","0.32666666666666666"
"29","200","1","3","210","1.04","0.3466666666666667"
"28","200","1","3","248","0.86","0.2866666666666667"
"26","200","1","3","381","0.94","0.31333333333333335"
"27","200","1","3","354","0.88","0.29333333333333333"
"25","200","1","3","393","1.06","0.35333333333333333"
"24","200","1","3","414","1","0.3333333333333333"
"29","200","1","3","211","0.8","0.26666666666666666"
"28","200","1","3","249","1.1","0.36666666666666664"
"27","200","1","3","355","0.8","0.26666666666666666"
"26","200","1","3","382","1.04","0.3466666666666667"
"25","200","1","3","394","1","0.3333333333333333"
"24","200","1","3","415","0.98","0.32666666666666666"
"29","200","1","3","212","0.96","0.32"
"28","200","1","3","250","1.04","0.3466666666666667"
"26","200","1","3","383","0.9","0.3"
"27","200","1","3","356","1.02","0.34"
"25","200","1","3","395","0.94","0.31333333333333335"
"29","200","1","3","213","0.98","0.32666666666666666"
"24","200","1","3","416","1.08","0.36"
"28","200","1","3","251","0.8","0.26666666666666666"
"26","200","1","3","384","0.86","0.2866666666666667"
"27","200","1","3","357","1","0.3333333333333333"
"25","200","1","3","396","1.1","0.36666666666666664"
"29","200","1","3","214","0.84","0.28"
"28","200","1","3","252","0.72","0.24"
"24","200","1","3","417","0.88","0.29333333333333333"
"26","200","1","3","385","0.78","0.26"
"29","200","1","3","215","0.62","0.20666666666666667"
"27","200","1","3","358","0.92","0.30666666666666664"
"25","200","1","3","397","1.04","0.3466666666666667"
"28","200","1","3","253","0.88","0.29333333333333333"
"29","200","1","3","216","0.88","0.29333333333333333"
"24","200","1","3","418","0.94","0.31333333333333335"
"26","200","1","3","386","1.16","0.38666666666666666"
"27","200","1","3","359","0.94","0.31333333333333335"
"28","200","1","3","254","0.72","0.24"
"25","200","1","3","398","0.92","0.30666666666666664"
"29","200","1","3","217","1.08","0.36"
"27","200","1","3","360","0.96","0.32"
"26","200","1","3","387","1.1","0.36666666666666664"
"28","200","1","3","255","0.76","0.25333333333333335"
"24","200","1","3","419","0.74","0.24666666666666667"
"29","200","1","3","218","1.14","0.38"
"25","200","1","3","399","0.88","0.29333333333333333"
"27","200","1","3","361","0.96","0.32"
"26","200","1","3","388","0.82","0.2733333333333333"
"28","200","1","3","256","0.94","0.31333333333333335"
"24","200","1","3","420","0.94","0.31333333333333335"
"29","200","1","3","219","1.06","0.35333333333333333"
"25","200","1","3","400","0.98","0.32666666666666666"
"27","200","1","3","362","1.4","0.4666666666666667"
"26","200","1","3","389","1.06","0.35333333333333333"
"28","200","1","3","257","0.98","0.32666666666666666"
"29","200","1","3","220","0.98","0.32666666666666666"
"27","200","1","3","363","0.94","0.31333333333333335"
"25","200","1","3","401","0.76","0.25333333333333335"
"24","200","1","3","421","0.96","0.32"
"26","200","1","3","390","1.04","0.3466666666666667"
"28","200","1","3","258","1.02","0.34"
"29","200","1","3","221","1.02","0.34"
"27","200","1","3","364","0.9","0.3"
"25","200","1","3","402","0.88","0.29333333333333333"
"26","200","1","3","391","1.04","0.3466666666666667"
"24","200","1","3","422","0.96","0.32"
"28","200","1","3","259","0.98","0.32666666666666666"
"29","200","1","3","222","1.02","0.34"
"25","200","1","3","403","0.8","0.26666666666666666"
"24","200","1","3","423","0.84","0.28"
"27","200","1","3","365","1.02","0.34"
"28","200","1","3","260","0.78","0.26"
"26","200","1","3","392","0.82","0.2733333333333333"
"29","200","1","3","223","1.1","0.36666666666666664"
"25","200","1","3","404","0.8","0.26666666666666666"
"27","200","1","3","366","0.98","0.32666666666666666"
"28","200","1","3","261","0.8","0.26666666666666666"
"24","200","1","3","424","0.82","0.2733333333333333"
"29","200","1","3","224","1.12","0.37333333333333335"
"26","200","1","3","393","0.98","0.32666666666666666"
"25","200","1","3","405","0.82","0.2733333333333333"
"27","200","1","3","367","0.92","0.30666666666666664"
"28","200","1","3","262","1.04","0.3466666666666667"
"29","200","1","3","225","1.18","0.3933333333333333"
"26","200","1","3","394","1.1","0.36666666666666664"
"24","200","1","3","425","1","0.3333333333333333"
"25","200","1","3","406","1.02","0.34"
"29","200","1","3","226","0.76","0.25333333333333335"
"28","200","1","3","263","1","0.3333333333333333"
"27","200","1","3","368","1.12","0.37333333333333335"
"26","200","1","3","395","1.06","0.35333333333333333"
"24","200","1","3","426","0.76","0.25333333333333335"
"25","200","1","3","407","1.1","0.36666666666666664"
"28","200","1","3","264","0.92","0.30666666666666664"
"29","200","1","3","227","0.92","0.30666666666666664"
"27","200","1","3","369","1.04","0.3466666666666667"
"26","200","1","3","396","1.08","0.36"
"25","200","1","3","408","0.74","0.24666666666666667"
"24","200","1","3","427","1.1","0.36666666666666664"
"28","200","1","3","265","0.78","0.26"
"29","200","1","3","228","0.9","0.3"
"27","200","1","3","370","1.12","0.37333333333333335"
"26","200","1","3","397","1.24","0.41333333333333333"
"25","200","1","3","409","0.88","0.29333333333333333"
"28","200","1","3","266","0.94","0.31333333333333335"
"29","200","1","3","229","0.92","0.30666666666666664"
"24","200","1","3","428","0.94","0.31333333333333335"
"27","200","1","3","371","1.34","0.44666666666666666"
"25","200","1","3","410","0.86","0.2866666666666667"
"26","200","1","3","398","1","0.3333333333333333"
"29","200","1","3","230","0.78","0.26"
"28","200","1","3","267","0.82","0.2733333333333333"
"27","200","1","3","372","0.96","0.32"
"29","200","1","3","231","0.96","0.32"
"28","200","1","3","268","1.02","0.34"
"26","200","1","3","399","1.1","0.36666666666666664"
"25","200","1","3","411","0.96","0.32"
"24","200","1","3","429","1.16","0.38666666666666666"
"29","200","1","3","232","1.12","0.37333333333333335"
"28","200","1","3","269","0.98","0.32666666666666666"
"27","200","1","3","373","0.96","0.32"
"26","200","1","3","400","1.14","0.38"
"25","200","1","3","412","0.86","0.2866666666666667"
"27","200","1","3","374","0.98","0.32666666666666666"
"29","200","1","3","233","0.86","0.2866666666666667"
"28","200","1","3","270","0.88","0.29333333333333333"
"26","200","1","3","401","1.16","0.38666666666666666"
"24","200","1","3","430","1","0.3333333333333333"
"25","200","1","3","413","0.98","0.32666666666666666"
"28","200","1","3","271","0.88","0.29333333333333333"
"27","200","1","3","375","1.06","0.35333333333333333"
"26","200","1","3","402","0.84","0.28"
"29","200","1","3","234","1.18","0.3933333333333333"
"25","200","1","3","414","1.06","0.35333333333333333"
"24","200","1","3","431","1.14","0.38"
"29","200","1","3","235","0.98","0.32666666666666666"
"28","200","1","3","272","0.92","0.30666666666666664"
"26","200","1","3","403","1.02","0.34"
"27","200","1","3","376","0.98","0.32666666666666666"
"25","200","1","3","415","1.02","0.34"
"24","200","1","3","432","0.92","0.30666666666666664"
"29","200","1","3","236","0.8","0.26666666666666666"
"28","200","1","3","273","1.02","0.34"
"27","200","1","3","377","1","0.3333333333333333"
"25","200","1","3","416","0.96","0.32"
"26","200","1","3","404","1.18","0.3933333333333333"
"24","200","1","3","433","0.98","0.32666666666666666"
"28","200","1","3","274","0.98","0.32666666666666666"
"29","200","1","3","237","0.9","0.3"
"26","200","1","3","405","0.86","0.2866666666666667"
"27","200","1","3","378","1.18","0.3933333333333333"
"25","200","1","3","417","0.86","0.2866666666666667"
"28","200","1","3","275","0.78","0.26"
"29","200","1","3","238","0.82","0.2733333333333333"
"24","200","1","3","434","0.9","0.3"
"27","200","1","3","379","1.12","0.37333333333333335"
"26","200","1","3","406","0.82","0.2733333333333333"
"28","200","1","3","276","0.8","0.26666666666666666"
"25","200","1","3","418","1","0.3333333333333333"
"29","200","1","3","239","0.8","0.26666666666666666"
"24","200","1","3","435","0.96","0.32"
"27","200","1","3","380","1.06","0.35333333333333333"
"28","200","1","3","277","0.94","0.31333333333333335"
"26","200","1","3","407","0.88","0.29333333333333333"
"29","200","1","3","240","0.9","0.3"
"25","200","1","3","419","1.12","0.37333333333333335"
"28","200","1","3","278","0.88","0.29333333333333333"
"24","200","1","3","436","0.86","0.2866666666666667"
"27","200","1","3","381","1.14","0.38"
"29","200","1","3","241","0.74","0.24666666666666667"
"26","200","1","3","408","0.88","0.29333333333333333"
"25","200","1","3","420","0.98","0.32666666666666666"
"28","200","1","3","279","0.8","0.26666666666666666"
"29","200","1","3","242","1.06","0.35333333333333333"
"27","200","1","3","382","1.06","0.35333333333333333"
"24","200","1","3","437","1.12","0.37333333333333335"
"26","200","1","3","409","1.16","0.38666666666666666"
"25","200","1","3","421","0.96","0.32"
"28","200","1","3","280","0.92","0.30666666666666664"
"29","200","1","3","243","0.96","0.32"
"27","200","1","3","383","1.12","0.37333333333333335"
"24","200","1","3","438","0.84","0.28"
"26","200","1","3","410","1.34","0.44666666666666666"
"28","200","1","3","281","0.86","0.2866666666666667"
"25","200","1","3","422","0.9","0.3"
"29","200","1","3","244","0.82","0.2733333333333333"
"27","200","1","3","384","1.08","0.36"
"26","200","1","3","411","1.04","0.3466666666666667"
"28","200","1","3","282","0.94","0.31333333333333335"
"25","200","1","3","423","0.94","0.31333333333333335"
"29","200","1","3","245","1.08","0.36"
"24","200","1","3","439","0.92","0.30666666666666664"
"27","200","1","3","385","0.84","0.28"
"28","200","1","3","283","1.04","0.3466666666666667"
"29","200","1","3","246","1.02","0.34"
"26","200","1","3","412","0.88","0.29333333333333333"
"25","200","1","3","424","1","0.3333333333333333"
"27","200","1","3","386","0.94","0.31333333333333335"
"24","200","1","3","440","1","0.3333333333333333"
"28","200","1","3","284","0.92","0.30666666666666664"
"29","200","1","3","247","0.92","0.30666666666666664"
"25","200","1","3","425","0.9","0.3"
"26","200","1","3","413","0.92","0.30666666666666664"
"27","200","1","3","387","1.14","0.38"
"24","200","1","3","441","0.82","0.2733333333333333"
"29","200","1","3","248","1","0.3333333333333333"
"28","200","1","3","285","0.74","0.24666666666666667"
"25","200","1","3","426","0.98","0.32666666666666666"
"27","200","1","3","388","1.02","0.34"
"26","200","1","3","414","1.02","0.34"
"29","200","1","3","249","0.92","0.30666666666666664"
"28","200","1","3","286","1.18","0.3933333333333333"
"24","200","1","3","442","1.02","0.34"
"25","200","1","3","427","0.98","0.32666666666666666"
"29","200","1","3","250","0.9","0.3"
"28","200","1","3","287","0.84","0.28"
"27","200","1","3","389","0.96","0.32"
"26","200","1","3","415","0.94","0.31333333333333335"
"25","200","1","3","428","1.08","0.36"
"24","200","1","3","443","0.98","0.32666666666666666"
"29","200","1","3","251","0.94","0.31333333333333335"
"28","200","1","3","288","0.78","0.26"
"27","200","1","3","390","0.96","0.32"
"26","200","1","3","416","1","0.3333333333333333"
"25","200","1","3","429","1.08","0.36"
"29","200","1","3","252","0.92","0.30666666666666664"
"24","200","1","3","444","0.76","0.25333333333333335"
"28","200","1","3","289","0.94","0.31333333333333335"
"29","200","1","3","253","0.8","0.26666666666666666"
"27","200","1","3","391","1.04","0.3466666666666667"
"26","200","1","3","417","1.12","0.37333333333333335"
"25","200","1","3","430","1.12","0.37333333333333335"
"24","200","1","3","445","1","0.3333333333333333"
"28","200","1","3","290","0.92","0.30666666666666664"
"29","200","1","3","254","0.88","0.29333333333333333"
"27","200","1","3","392","1","0.3333333333333333"
"26","200","1","3","418","0.72","0.24"
"25","200","1","3","431","1.08","0.36"
"28","200","1","3","291","0.66","0.22"
"24","200","1","3","446","0.72","0.24"
"29","200","1","3","255","0.9","0.3"
"27","200","1","3","393","1.14","0.38"
"25","200","1","3","432","0.84","0.28"
"26","200","1","3","419","0.94","0.31333333333333335"
"28","200","1","3","292","0.8","0.26666666666666666"
"25","200","1","3","433","0.88","0.29333333333333333"
"29","200","1","3","256","0.92","0.30666666666666664"
"27","200","1","3","394","0.98","0.32666666666666666"
"26","200","1","3","420","1.02","0.34"
"28","200","1","3","293","0.96","0.32"
"24","200","1","3","447","0.96","0.32"
"26","200","1","3","421","0.94","0.31333333333333335"
"27","200","1","3","395","1.02","0.34"
"25","200","1","3","434","1.04","0.3466666666666667"
"29","200","1","3","257","0.94","0.31333333333333335"
"28","200","1","3","294","0.98","0.32666666666666666"
"28","200","1","3","295","0.98","0.32666666666666666"
"27","200","1","3","396","1","0.3333333333333333"
"25","200","1","3","435","1.12","0.37333333333333335"
"24","200","1","3","448","1.04","0.3466666666666667"
"29","200","1","3","258","0.96","0.32"
"26","200","1","3","422","1","0.3333333333333333"
"28","200","1","3","296","0.9","0.3"
"27","200","1","3","397","1.12","0.37333333333333335"
"29","200","1","3","259","0.94","0.31333333333333335"
"25","200","1","3","436","1.02","0.34"
"24","200","1","3","449","0.98","0.32666666666666666"
"26","200","1","3","423","0.86","0.2866666666666667"
"27","200","1","3","398","0.9","0.3"
"29","200","1","3","260","0.76","0.25333333333333335"
"28","200","1","3","297","0.94","0.31333333333333335"
"25","200","1","3","437","1","0.3333333333333333"
"27","200","1","3","399","0.92","0.30666666666666664"
"28","200","1","3","298","0.92","0.30666666666666664"
"25","200","1","3","438","0.92","0.30666666666666664"
"24","200","1","3","450","1","0.3333333333333333"
"29","200","1","3","261","0.88","0.29333333333333333"
"26","200","1","3","424","0.78","0.26"
"26","200","1","3","425","1.04","0.3466666666666667"
"25","200","1","3","439","1.28","0.4266666666666667"
"27","200","1","3","400","1.14","0.38"
"29","200","1","3","262","0.96","0.32"
"28","200","1","3","299","0.86","0.2866666666666667"
"24","200","1","3","451","0.88","0.29333333333333333"
"27","200","1","3","401","1.04","0.3466666666666667"
"26","200","1","3","426","0.74","0.24666666666666667"
"25","200","1","3","440","1.16","0.38666666666666666"
"29","200","1","3","263","1.16","0.38666666666666666"
"28","200","1","3","300","0.96","0.32"
"24","200","1","3","452","1.08","0.36"
"27","200","1","3","402","1.04","0.3466666666666667"
"26","200","1","3","427","0.86","0.2866666666666667"
"29","200","1","3","264","0.96","0.32"
"25","200","1","3","441","0.94","0.31333333333333335"
"28","200","1","3","301","1.2","0.4"
"24","200","1","3","453","0.86","0.2866666666666667"
"27","200","1","3","403","1.12","0.37333333333333335"
"25","200","1","3","442","0.76","0.25333333333333335"
"29","200","1","3","265","0.96","0.32"
"26","200","1","3","428","0.9","0.3"
"28","200","1","3","302","0.98","0.32666666666666666"
"27","200","1","3","404","1.04","0.3466666666666667"
"24","200","1","3","454","0.94","0.31333333333333335"
"29","200","1","3","266","1.02","0.34"
"25","200","1","3","443","0.96","0.32"
"26","200","1","3","429","1.18","0.3933333333333333"
"28","200","1","3","303","0.9","0.3"
"29","200","1","3","267","1.12","0.37333333333333335"
"27","200","1","3","405","1.2","0.4"
"24","200","1","3","455","0.94","0.31333333333333335"
"26","200","1","3","430","0.96","0.32"
"25","200","1","3","444","1.04","0.3466666666666667"
"28","200","1","3","304","0.9","0.3"
"29","200","1","3","268","1.06","0.35333333333333333"
"27","200","1","3","406","1.1","0.36666666666666664"
"24","200","1","3","456","0.86","0.2866666666666667"
"25","200","1","3","445","1.12","0.37333333333333335"
"26","200","1","3","431","1.08","0.36"
"28","200","1","3","305","0.84","0.28"
"29","200","1","3","269","0.84","0.28"
"27","200","1","3","407","0.98","0.32666666666666666"
"28","200","1","3","306","1","0.3333333333333333"
"25","200","1","3","446","1.1","0.36666666666666664"
"26","200","1","3","432","0.92","0.30666666666666664"
"29","200","1","3","270","0.9","0.3"
"24","200","1","3","457","1.14","0.38"
"27","200","1","3","408","0.82","0.2733333333333333"
"28","200","1","3","307","0.9","0.3"
"25","200","1","3","447","1","0.3333333333333333"
"29","200","1","3","271","0.86","0.2866666666666667"
"26","200","1","3","433","1.06","0.35333333333333333"
"24","200","1","3","458","0.8","0.26666666666666666"
"27","200","1","3","409","1.12","0.37333333333333335"
"28","200","1","3","308","0.84","0.28"
"25","200","1","3","448","0.94","0.31333333333333335"
"24","200","1","3","459","0.94","0.31333333333333335"
"26","200","1","3","434","0.86","0.2866666666666667"
"29","200","1","3","272","0.88","0.29333333333333333"
"27","200","1","3","410","0.86","0.2866666666666667"
"25","200","1","3","449","1.18","0.3933333333333333"
"28","200","1","3","309","0.7","0.23333333333333334"
"24","200","1","3","460","0.98","0.32666666666666666"
"29","200","1","3","273","0.84","0.28"
"26","200","1","3","435","1","0.3333333333333333"
"27","200","1","3","411","0.82","0.2733333333333333"
"28","200","1","3","310","0.6","0.2"
"25","200","1","3","450","1.1","0.36666666666666664"
"24","200","1","3","461","1.02","0.34"
"29","200","1","3","274","1","0.3333333333333333"
"26","200","1","3","436","0.84","0.28"
"28","200","1","3","311","0.76","0.25333333333333335"
"27","200","1","3","412","0.94","0.31333333333333335"
"29","200","1","3","275","0.92","0.30666666666666664"
"25","200","1","3","451","0.88","0.29333333333333333"
"28","200","1","3","312","0.78","0.26"
"27","200","1","3","413","0.98","0.32666666666666666"
"26","200","1","3","437","0.76","0.25333333333333335"
"24","200","1","3","462","1.02","0.34"
"29","200","1","3","276","0.98","0.32666666666666666"
"25","200","1","3","452","0.98","0.32666666666666666"
"28","200","1","3","313","0.98","0.32666666666666666"
"27","200","1","3","414","1.12","0.37333333333333335"
"26","200","1","3","438","0.8","0.26666666666666666"
"24","200","1","3","463","1.04","0.3466666666666667"
"29","200","1","3","277","0.86","0.2866666666666667"
"28","200","1","3","314","0.88","0.29333333333333333"
"27","200","1","3","415","1.08","0.36"
"25","200","1","3","453","1.12","0.37333333333333335"
"26","200","1","3","439","0.88","0.29333333333333333"
"29","200","1","3","278","0.88","0.29333333333333333"
"24","200","1","3","464","1","0.3333333333333333"
"28","200","1","3","315","0.96","0.32"
"27","200","1","3","416","1.04","0.3466666666666667"
"29","200","1","3","279","0.94","0.31333333333333335"
"26","200","1","3","440","0.96","0.32"
"25","200","1","3","454","0.9","0.3"
"24","200","1","3","465","1.04","0.3466666666666667"
"28","200","1","3","316","0.84","0.28"
"29","200","1","3","280","1","0.3333333333333333"
"27","200","1","3","417","0.96","0.32"
"26","200","1","3","441","0.92","0.30666666666666664"
"25","200","1","3","455","1","0.3333333333333333"
"24","200","1","3","466","1.1","0.36666666666666664"
"28","200","1","3","317","0.86","0.2866666666666667"
"29","200","1","3","281","0.94","0.31333333333333335"
"27","200","1","3","418","0.88","0.29333333333333333"
"26","200","1","3","442","0.8","0.26666666666666666"
"24","200","1","3","467","1.04","0.3466666666666667"
"28","200","1","3","318","0.72","0.24"
"25","200","1","3","456","0.8","0.26666666666666666"
"29","200","1","3","282","0.88","0.29333333333333333"
"27","200","1","3","419","0.92","0.30666666666666664"
"26","200","1","3","443","0.88","0.29333333333333333"
"29","200","1","3","283","0.86","0.2866666666666667"
"28","200","1","3","319","0.82","0.2733333333333333"
"24","200","1","3","468","1.12","0.37333333333333335"
"27","200","1","3","420","0.9","0.3"
"25","200","1","3","457","0.84","0.28"
"26","200","1","3","444","0.76","0.25333333333333335"
"29","200","1","3","284","0.78","0.26"
"28","200","1","3","320","0.98","0.32666666666666666"
"24","200","1","3","469","0.92","0.30666666666666664"
"27","200","1","3","421","1.04","0.3466666666666667"
"25","200","1","3","458","0.8","0.26666666666666666"
"26","200","1","3","445","0.8","0.26666666666666666"
"29","200","1","3","285","0.64","0.21333333333333335"
"28","200","1","3","321","1","0.3333333333333333"
"27","200","1","3","422","0.94","0.31333333333333335"
"24","200","1","3","470","1.04","0.3466666666666667"
"26","200","1","3","446","0.68","0.22666666666666666"
"29","200","1","3","286","0.78","0.26"
"28","200","1","3","322","1.06","0.35333333333333333"
"25","200","1","3","459","0.88","0.29333333333333333"
"27","200","1","3","423","0.84","0.28"
"29","200","1","3","287","0.86","0.2866666666666667"
"24","200","1","3","471","1.3","0.43333333333333335"
"26","200","1","3","447","1","0.3333333333333333"
"28","200","1","3","323","0.76","0.25333333333333335"
"27","200","1","3","424","0.96","0.32"
"25","200","1","3","460","0.98","0.32666666666666666"
"29","200","1","3","288","1.08","0.36"
"26","200","1","3","448","1.06","0.35333333333333333"
"24","200","1","3","472","1.14","0.38"
"28","200","1","3","324","0.92","0.30666666666666664"
"27","200","1","3","425","1.04","0.3466666666666667"
"29","200","1","3","289","0.88","0.29333333333333333"
"26","200","1","3","449","0.78","0.26"
"25","200","1","3","461","1.14","0.38"
"28","200","1","3","325","1","0.3333333333333333"
"24","200","1","3","473","0.92","0.30666666666666664"
"27","200","1","3","426","0.82","0.2733333333333333"
"29","200","1","3","290","0.88","0.29333333333333333"
"26","200","1","3","450","0.94","0.31333333333333335"
"28","200","1","3","326","0.92","0.30666666666666664"
"29","200","1","3","291","0.88","0.29333333333333333"
"25","200","1","3","462","0.84","0.28"
"24","200","1","3","474","0.92","0.30666666666666664"
"27","200","1","3","427","0.98","0.32666666666666666"
"26","200","1","3","451","1.04","0.3466666666666667"
"28","200","1","3","327","0.98","0.32666666666666666"
"29","200","1","3","292","0.92","0.30666666666666664"
"25","200","1","3","463","0.98","0.32666666666666666"
"24","200","1","3","475","0.96","0.32"
"27","200","1","3","428","1.02","0.34"
"26","200","1","3","452","0.98","0.32666666666666666"
"29","200","1","3","293","0.96","0.32"
"28","200","1","3","328","0.9","0.3"
"24","200","1","3","476","1.12","0.37333333333333335"
"27","200","1","3","429","0.9","0.3"
"25","200","1","3","464","0.84","0.28"
"29","200","1","3","294","0.78","0.26"
"26","200","1","3","453","0.8","0.26666666666666666"
"28","200","1","3","329","1.08","0.36"
"27","200","1","3","430","0.98","0.32666666666666666"
"24","200","1","3","477","0.94","0.31333333333333335"
"25","200","1","3","465","0.88","0.29333333333333333"
"28","200","1","3","330","0.98","0.32666666666666666"
"29","200","1","3","295","0.58","0.19333333333333333"
"26","200","1","3","454","0.76","0.25333333333333335"
"27","200","1","3","431","1","0.3333333333333333"
"28","200","1","3","331","1.08","0.36"
"24","200","1","3","478","1.02","0.34"
"29","200","1","3","296","0.8","0.26666666666666666"
"25","200","1","3","466","0.98","0.32666666666666666"
"26","200","1","3","455","0.6","0.2"
"27","200","1","3","432","0.86","0.2866666666666667"
"28","200","1","3","332","1.14","0.38"
"29","200","1","3","297","0.96","0.32"
"25","200","1","3","467","1.06","0.35333333333333333"
"24","200","1","3","479","0.96","0.32"
"26","200","1","3","456","0.82","0.2733333333333333"
"27","200","1","3","433","0.98","0.32666666666666666"
"29","200","1","3","298","0.9","0.3"
"28","200","1","3","333","1.06","0.35333333333333333"
"25","200","1","3","468","1.04","0.3466666666666667"
"24","200","1","3","480","1.02","0.34"
"26","200","1","3","457","0.92","0.30666666666666664"
"29","200","1","3","299","0.82","0.2733333333333333"
"27","200","1","3","434","0.94","0.31333333333333335"
"28","200","1","3","334","1","0.3333333333333333"
"25","200","1","3","469","0.92","0.30666666666666664"
"29","200","1","3","300","0.96","0.32"
"26","200","1","3","458","0.84","0.28"
"28","200","1","3","335","1","0.3333333333333333"
"27","200","1","3","435","0.94","0.31333333333333335"
"25","200","1","3","470","1.1","0.36666666666666664"
"28","200","1","3","336","0.92","0.30666666666666664"
"24","200","1","3","481","0.9","0.3"
"27","200","1","3","436","1.12","0.37333333333333335"
"29","200","1","3","301","0.9","0.3"
"26","200","1","3","459","0.9","0.3"
"25","200","1","3","471","1.02","0.34"
"28","200","1","3","337","0.96","0.32"
"29","200","1","3","302","0.86","0.2866666666666667"
"27","200","1","3","437","1.04","0.3466666666666667"
"24","200","1","3","482","1","0.3333333333333333"
"25","200","1","3","472","0.92","0.30666666666666664"
"26","200","1","3","460","1","0.3333333333333333"
"28","200","1","3","338","0.92","0.30666666666666664"
"29","200","1","3","303","0.84","0.28"
"25","200","1","3","473","0.92","0.30666666666666664"
"27","200","1","3","438","0.96","0.32"
"24","200","1","3","483","1.02","0.34"
"26","200","1","3","461","0.74","0.24666666666666667"
"28","200","1","3","339","1.16","0.38666666666666666"
"29","200","1","3","304","1","0.3333333333333333"
"27","200","1","3","439","1.14","0.38"
"25","200","1","3","474","1.1","0.36666666666666664"
"28","200","1","3","340","1.08","0.36"
"24","200","1","3","484","1.02","0.34"
"26","200","1","3","462","0.92","0.30666666666666664"
"29","200","1","3","305","0.94","0.31333333333333335"
"27","200","1","3","440","1.12","0.37333333333333335"
"25","200","1","3","475","1.02","0.34"
"24","200","1","3","485","1.08","0.36"
"28","200","1","3","341","0.9","0.3"
"26","200","1","3","463","1.06","0.35333333333333333"
"27","200","1","3","441","0.88","0.29333333333333333"
"29","200","1","3","306","0.9","0.3"
"25","200","1","3","476","0.88","0.29333333333333333"
"24","200","1","3","486","1.1","0.36666666666666664"
"28","200","1","3","342","0.9","0.3"
"26","200","1","3","464","0.86","0.2866666666666667"
"29","200","1","3","307","1.04","0.3466666666666667"
"27","200","1","3","442","0.82","0.2733333333333333"
"25","200","1","3","477","1.08","0.36"
"28","200","1","3","343","1.14","0.38"
"26","200","1","3","465","0.96","0.32"
"29","200","1","3","308","0.96","0.32"
"24","200","1","3","487","1.22","0.4066666666666667"
"27","200","1","3","443","0.78","0.26"
"28","200","1","3","344","0.82","0.2733333333333333"
"25","200","1","3","478","1.06","0.35333333333333333"
"29","200","1","3","309","1.02","0.34"
"26","200","1","3","466","1.28","0.4266666666666667"
"27","200","1","3","444","0.74","0.24666666666666667"
"24","200","1","3","488","1.06","0.35333333333333333"
"28","200","1","3","345","0.92","0.30666666666666664"
"25","200","1","3","479","1.08","0.36"
"29","200","1","3","310","0.8","0.26666666666666666"
"26","200","1","3","467","1.04","0.3466666666666667"
"27","200","1","3","445","0.9","0.3"
"28","200","1","3","346","1.04","0.3466666666666667"
"24","200","1","3","489","1.08","0.36"
"25","200","1","3","480","0.9","0.3"
"29","200","1","3","311","0.88","0.29333333333333333"
"26","200","1","3","468","1.02","0.34"
"28","200","1","3","347","1.08","0.36"
"27","200","1","3","446","0.88","0.29333333333333333"
"24","200","1","3","490","1.02","0.34"
"25","200","1","3","481","0.72","0.24"
"29","200","1","3","312","0.94","0.31333333333333335"
"26","200","1","3","469","1.04","0.3466666666666667"
"28","200","1","3","348","1.06","0.35333333333333333"
"27","200","1","3","447","1.06","0.35333333333333333"
"24","200","1","3","491","1.02","0.34"
"28","200","1","3","349","1.24","0.41333333333333333"
"25","200","1","3","482","0.92","0.30666666666666664"
"26","200","1","3","470","1.14","0.38"
"29","200","1","3","313","0.92","0.30666666666666664"
"27","200","1","3","448","1","0.3333333333333333"
"28","200","1","3","350","0.82","0.2733333333333333"
"25","200","1","3","483","1","0.3333333333333333"
"26","200","1","3","471","1.24","0.41333333333333333"
"29","200","1","3","314","0.94","0.31333333333333335"
"24","200","1","3","492","0.98","0.32666666666666666"
"27","200","1","3","449","1.02","0.34"
"29","200","1","3","315","0.98","0.32666666666666666"
"28","200","1","3","351","1.04","0.3466666666666667"
"26","200","1","3","472","1.1","0.36666666666666664"
"25","200","1","3","484","0.82","0.2733333333333333"
"24","200","1","3","493","0.92","0.30666666666666664"
"27","200","1","3","450","0.86","0.2866666666666667"
"28","200","1","3","352","1.06","0.35333333333333333"
"29","200","1","3","316","1.14","0.38"
"25","200","1","3","485","0.88","0.29333333333333333"
"26","200","1","3","473","1.18","0.3933333333333333"
"27","200","1","3","451","0.88","0.29333333333333333"
"24","200","1","3","494","0.8","0.26666666666666666"
"28","200","1","3","353","0.96","0.32"
"29","200","1","3","317","0.74","0.24666666666666667"
"27","200","1","3","452","0.76","0.25333333333333335"
"25","200","1","3","486","1.02","0.34"
"26","200","1","3","474","1.14","0.38"
"28","200","1","3","354","1.02","0.34"
"29","200","1","3","318","0.9","0.3"
"27","200","1","3","453","0.84","0.28"
"25","200","1","3","487","0.86","0.2866666666666667"
"29","200","1","3","319","0.86","0.2866666666666667"
"25","200","1","3","488","1","0.3333333333333333"
"26","200","1","3","475","1.16","0.38666666666666666"
"27","200","1","3","454","0.88","0.29333333333333333"
"28","200","1","3","355","0.94","0.31333333333333335"
"24","200","1","3","495","0.84","0.28"
"29","200","1","3","320","0.86","0.2866666666666667"
"26","200","1","3","476","0.98","0.32666666666666666"
"25","200","1","3","489","0.86","0.2866666666666667"
"27","200","1","3","455","0.66","0.22"
"28","200","1","3","356","1.04","0.3466666666666667"
"24","200","1","3","496","0.8","0.26666666666666666"
"26","200","1","3","477","0.98","0.32666666666666666"
"25","200","1","3","490","1.06","0.35333333333333333"
"28","200","1","3","357","0.98","0.32666666666666666"
"27","200","1","3","456","0.68","0.22666666666666666"
"29","200","1","3","321","0.8","0.26666666666666666"
"25","200","1","3","491","0.78","0.26"
"26","200","1","3","478","1.04","0.3466666666666667"
"28","200","1","3","358","1.32","0.44"
"24","200","1","3","497","0.84","0.28"
"29","200","1","3","322","0.9","0.3"
"27","200","1","3","457","0.98","0.32666666666666666"
"26","200","1","3","479","1","0.3333333333333333"
"28","200","1","3","359","0.98","0.32666666666666666"
"25","200","1","3","492","0.86","0.2866666666666667"
"29","200","1","3","323","1.06","0.35333333333333333"
"24","200","1","3","498","1.04","0.3466666666666667"
"27","200","1","3","458","0.96","0.32"
"26","200","1","3","480","0.94","0.31333333333333335"
"28","200","1","3","360","0.96","0.32"
"29","200","1","3","324","1.12","0.37333333333333335"
"25","200","1","3","493","0.86","0.2866666666666667"
"26","200","1","3","481","0.82","0.2733333333333333"
"27","200","1","3","459","0.9","0.3"
"24","200","1","3","499","1.04","0.3466666666666667"
"28","200","1","3","361","1.06","0.35333333333333333"
"29","200","1","3","325","1.02","0.34"
"25","200","1","3","494","0.86","0.2866666666666667"
"26","200","1","3","482","1.06","0.35333333333333333"
"27","200","1","3","460","0.9","0.3"
"29","200","1","3","326","1","0.3333333333333333"
"24","200","1","3","500","0.94","0.31333333333333335"
"28","200","1","3","362","1.18","0.3933333333333333"
"25","200","1","3","495","1","0.3333333333333333"
"26","200","1","3","483","0.98","0.32666666666666666"
"27","200","1","3","461","0.96","0.32"
"28","200","1","3","363","1.2","0.4"
"29","200","1","3","327","1.1","0.36666666666666664"
"25","200","1","3","496","0.98","0.32666666666666666"
"30","200","1","3","0","0","0"
"26","200","1","3","484","1.12","0.37333333333333335"
"27","200","1","3","462","0.86","0.2866666666666667"
"28","200","1","3","364","1.1","0.36666666666666664"
"30","200","1","3","1","1.04","0.3466666666666667"
"29","200","1","3","328","0.96","0.32"
"25","200","1","3","497","1.08","0.36"
"26","200","1","3","485","0.86","0.2866666666666667"
"30","200","1","3","2","0.94","0.31333333333333335"
"27","200","1","3","463","1.08","0.36"
"28","200","1","3","365","0.94","0.31333333333333335"
"29","200","1","3","329","0.92","0.30666666666666664"
"25","200","1","3","498","0.96","0.32"
"30","200","1","3","3","0.86","0.2866666666666667"
"26","200","1","3","486","1.08","0.36"
"28","200","1","3","366","1.06","0.35333333333333333"
"27","200","1","3","464","0.92","0.30666666666666664"
"29","200","1","3","330","1.08","0.36"
"25","200","1","3","499","1.16","0.38666666666666666"
"30","200","1","3","4","1.02","0.34"
"28","200","1","3","367","0.98","0.32666666666666666"
"26","200","1","3","487","1.12","0.37333333333333335"
"27","200","1","3","465","0.86","0.2866666666666667"
"29","200","1","3","331","1.16","0.38666666666666666"
"30","200","1","3","5","1.26","0.42"
"25","200","1","3","500","1.2","0.4"
"29","200","1","3","332","0.92","0.30666666666666664"
"26","200","1","3","488","1.18","0.3933333333333333"
"27","200","1","3","466","0.82","0.2733333333333333"
"28","200","1","3","368","0.96","0.32"
"30","200","1","3","6","1.08","0.36"
"30","200","1","3","7","0.66","0.22"
"26","200","1","3","489","1.02","0.34"
"29","200","1","3","333","0.72","0.24"
"28","200","1","3","369","0.84","0.28"
"27","200","1","3","467","1","0.3333333333333333"
"31","200","1","4","0","0","0"
"30","200","1","3","8","1","0.3333333333333333"
"29","200","1","3","334","0.82","0.2733333333333333"
"26","200","1","3","490","1","0.3333333333333333"
"31","200","1","4","1","1.125","0.28125"
"28","200","1","3","370","0.98","0.32666666666666666"
"30","200","1","3","9","0.86","0.2866666666666667"
"27","200","1","3","468","1","0.3333333333333333"
"31","200","1","4","2","1.2","0.3"
"30","200","1","3","10","0.94","0.31333333333333335"
"29","200","1","3","335","0.66","0.22"
"27","200","1","3","469","1.02","0.34"
"26","200","1","3","491","1.02","0.34"
"31","200","1","4","3","1.05","0.2625"
"30","200","1","3","11","0.84","0.28"
"28","200","1","3","371","1.12","0.37333333333333335"
"29","200","1","3","336","0.72","0.24"
"30","200","1","3","12","0.98","0.32666666666666666"
"31","200","1","4","4","1.05","0.2625"
"27","200","1","3","470","0.96","0.32"
"30","200","1","3","13","1.06","0.35333333333333333"
"26","200","1","3","492","1.06","0.35333333333333333"
"29","200","1","3","337","0.7","0.23333333333333334"
"31","200","1","4","5","1.025","0.25625"
"27","200","1","3","471","0.96","0.32"
"30","200","1","3","14","1","0.3333333333333333"
"28","200","1","3","372","1.04","0.3466666666666667"
"31","200","1","4","6","1.15","0.2875"
"26","200","1","3","493","0.96","0.32"
"29","200","1","3","338","0.74","0.24666666666666667"
"31","200","1","4","7","1.075","0.26875"
"30","200","1","3","15","0.98","0.32666666666666666"
"27","200","1","3","472","0.82","0.2733333333333333"
"28","200","1","3","373","0.8","0.26666666666666666"
"26","200","1","3","494","0.94","0.31333333333333335"
"29","200","1","3","339","0.58","0.19333333333333333"
"31","200","1","4","8","1.075","0.26875"
"30","200","1","3","16","1.08","0.36"
"27","200","1","3","473","1.02","0.34"
"28","200","1","3","374","0.8","0.26666666666666666"
"31","200","1","4","9","0.975","0.24375"
"26","200","1","3","495","1","0.3333333333333333"
"29","200","1","3","340","0.96","0.32"
"30","200","1","3","17","0.96","0.32"
"31","200","1","4","10","1.075","0.26875"
"28","200","1","3","375","1","0.3333333333333333"
"27","200","1","3","474","0.96","0.32"
"30","200","1","3","18","0.92","0.30666666666666664"
"31","200","1","4","11","0.8","0.2"
"26","200","1","3","496","0.8","0.26666666666666666"
"29","200","1","3","341","1.02","0.34"
"30","200","1","3","19","0.88","0.29333333333333333"
"28","200","1","3","376","1.08","0.36"
"27","200","1","3","475","0.86","0.2866666666666667"
"31","200","1","4","12","0.9","0.225"
"30","200","1","3","20","1.02","0.34"
"31","200","1","4","13","0.9","0.225"
"29","200","1","3","342","0.92","0.30666666666666664"
"28","200","1","3","377","1.08","0.36"
"26","200","1","3","497","1.08","0.36"
"31","200","1","4","14","0.95","0.2375"
"30","200","1","3","21","1","0.3333333333333333"
"27","200","1","3","476","0.84","0.28"
"29","200","1","3","343","1","0.3333333333333333"
"26","200","1","3","498","0.96","0.32"
"30","200","1","3","22","1.14","0.38"
"28","200","1","3","378","1","0.3333333333333333"
"31","200","1","4","15","1.05","0.2625"
"30","200","1","3","23","1.26","0.42"
"31","200","1","4","16","1.025","0.25625"
"26","200","1","3","499","1.04","0.3466666666666667"
"27","200","1","3","477","0.98","0.32666666666666666"
"29","200","1","3","344","1","0.3333333333333333"
"28","200","1","3","379","1.14","0.38"
"31","200","1","4","17","1.25","0.3125"
"30","200","1","3","24","0.96","0.32"
"31","200","1","4","18","1.125","0.28125"
"30","200","1","3","25","1.14","0.38"
"27","200","1","3","478","0.94","0.31333333333333335"
"26","200","1","3","500","1.16","0.38666666666666666"
"31","200","1","4","19","1","0.25"
"28","200","1","3","380","0.74","0.24666666666666667"
"29","200","1","3","345","1.06","0.35333333333333333"
"30","200","1","3","26","1.12","0.37333333333333335"
"28","200","1","3","381","0.88","0.29333333333333333"
"31","200","1","4","20","0.975","0.24375"
"27","200","1","3","479","0.94","0.31333333333333335"
"30","200","1","3","27","1.16","0.38666666666666666"
"31","200","1","4","21","1.125","0.28125"
"29","200","1","3","346","0.9","0.3"
"32","200","1","4","0","0","0"
"28","200","1","3","382","0.78","0.26"
"30","200","1","3","28","0.96","0.32"
"27","200","1","3","480","0.98","0.32666666666666666"
"31","200","1","4","22","1.125","0.28125"
"32","200","1","4","1","1.1","0.275"
"28","200","1","3","383","0.94","0.31333333333333335"
"29","200","1","3","347","1.14","0.38"
"32","200","1","4","2","1","0.25"
"31","200","1","4","23","1.1","0.275"
"27","200","1","3","481","1.04","0.3466666666666667"
"30","200","1","3","29","1.1","0.36666666666666664"
"28","200","1","3","384","1.06","0.35333333333333333"
"32","200","1","4","3","1","0.25"
"30","200","1","3","30","1","0.3333333333333333"
"31","200","1","4","24","1.275","0.31875"
"27","200","1","3","482","1","0.3333333333333333"
"29","200","1","3","348","1","0.3333333333333333"
"32","200","1","4","4","1","0.25"
"30","200","1","3","31","0.74","0.24666666666666667"
"31","200","1","4","25","0.9","0.225"
"28","200","1","3","385","1.14","0.38"
"32","200","1","4","5","1.2","0.3"
"31","200","1","4","26","1.225","0.30625"
"29","200","1","3","349","0.9","0.3"
"30","200","1","3","32","0.94","0.31333333333333335"
"27","200","1","3","483","0.88","0.29333333333333333"
"32","200","1","4","6","1.1","0.275"
"31","200","1","4","27","1.175","0.29375"
"28","200","1","3","386","1.28","0.4266666666666667"
"30","200","1","3","33","1.06","0.35333333333333333"
"32","200","1","4","7","1.075","0.26875"
"29","200","1","3","350","0.9","0.3"
"27","200","1","3","484","0.88","0.29333333333333333"
"31","200","1","4","28","1.275","0.31875"
"30","200","1","3","34","1.04","0.3466666666666667"
"32","200","1","4","8","0.925","0.23125"
"28","200","1","3","387","0.92","0.30666666666666664"
"31","200","1","4","29","1.125","0.28125"
"29","200","1","3","351","0.94","0.31333333333333335"
"32","200","1","4","9","1.175","0.29375"
"30","200","1","3","35","0.92","0.30666666666666664"
"27","200","1","3","485","0.98","0.32666666666666666"
"31","200","1","4","30","1.275","0.31875"
"32","200","1","4","10","1.3","0.325"
"28","200","1","3","388","0.88","0.29333333333333333"
"29","200","1","3","352","0.94","0.31333333333333335"
"31","200","1","4","31","1.025","0.25625"
"30","200","1","3","36","1","0.3333333333333333"
"32","200","1","4","11","1.075","0.26875"
"31","200","1","4","32","1.075","0.26875"
"30","200","1","3","37","0.84","0.28"
"27","200","1","3","486","0.96","0.32"
"29","200","1","3","353","0.94","0.31333333333333335"
"28","200","1","3","389","1","0.3333333333333333"
"32","200","1","4","12","1.2","0.3"
"31","200","1","4","33","0.875","0.21875"
"30","200","1","3","38","0.88","0.29333333333333333"
"32","200","1","4","13","1.075","0.26875"
"27","200","1","3","487","0.96","0.32"
"29","200","1","3","354","1.22","0.4066666666666667"
"30","200","1","3","39","1","0.3333333333333333"
"31","200","1","4","34","0.85","0.2125"
"32","200","1","4","14","1","0.25"
"28","200","1","3","390","0.9","0.3"
"31","200","1","4","35","0.925","0.23125"
"32","200","1","4","15","0.925","0.23125"
"30","200","1","3","40","1","0.3333333333333333"
"28","200","1","3","391","0.84","0.28"
"27","200","1","3","488","0.9","0.3"
"29","200","1","3","355","0.88","0.29333333333333333"
"31","200","1","4","36","1.05","0.2625"
"32","200","1","4","16","1.3","0.325"
"30","200","1","3","41","0.84","0.28"
"28","200","1","3","392","0.9","0.3"
"27","200","1","3","489","1.1","0.36666666666666664"
"29","200","1","3","356","0.86","0.2866666666666667"
"31","200","1","4","37","1.25","0.3125"
"32","200","1","4","17","1.2","0.3"
"31","200","1","4","38","1.1","0.275"
"30","200","1","3","42","1.02","0.34"
"27","200","1","3","490","0.92","0.30666666666666664"
"32","200","1","4","18","1","0.25"
"28","200","1","3","393","0.9","0.3"
"29","200","1","3","357","0.84","0.28"
"32","200","1","4","19","1.1","0.275"
"30","200","1","3","43","1","0.3333333333333333"
"31","200","1","4","39","1.025","0.25625"
"32","200","1","4","20","1.05","0.2625"
"28","200","1","3","394","0.96","0.32"
"31","200","1","4","40","0.925","0.23125"
"30","200","1","3","44","0.98","0.32666666666666666"
"29","200","1","3","358","1.02","0.34"
"32","200","1","4","21","0.875","0.21875"
"31","200","1","4","41","1.025","0.25625"
"32","200","1","4","22","1.225","0.30625"
"28","200","1","3","395","0.8","0.26666666666666666"
"29","200","1","3","359","1.16","0.38666666666666666"
"31","200","1","4","42","0.975","0.24375"
"30","200","1","3","45","0.98","0.32666666666666666"
"32","200","1","4","23","0.875","0.21875"
"31","200","1","4","43","0.975","0.24375"
"32","200","1","4","24","0.925","0.23125"
"29","200","1","3","360","1.04","0.3466666666666667"
"28","200","1","3","396","0.84","0.28"
"31","200","1","4","44","1.15","0.2875"
"32","200","1","4","25","0.95","0.2375"
"31","200","1","4","45","1.2","0.3"
"28","200","1","3","397","1","0.3333333333333333"
"29","200","1","3","361","0.92","0.30666666666666664"
"32","200","1","4","26","1.075","0.26875"
"31","200","1","4","46","1.325","0.33125"
"30","200","1","3","46","0.92","0.30666666666666664"
"32","200","1","4","27","0.775","0.19375"
"31","200","1","4","47","1.2","0.3"
"28","200","1","3","398","1.04","0.3466666666666667"
"29","200","1","3","362","0.86","0.2866666666666667"
"32","200","1","4","28","1.15","0.2875"
"30","200","1","3","47","0.84","0.28"
"31","200","1","4","48","1.125","0.28125"
"32","200","1","4","29","1.175","0.29375"
"29","200","1","3","363","0.92","0.30666666666666664"
"28","200","1","3","399","0.94","0.31333333333333335"
"30","200","1","3","48","0.96","0.32"
"31","200","1","4","49","1.225","0.30625"
"32","200","1","4","30","1","0.25"
"27","200","1","3","491","1.1","0.36666666666666664"
"29","200","1","3","364","1.02","0.34"
"28","200","1","3","400","1.04","0.3466666666666667"
"30","200","1","3","49","0.86","0.2866666666666667"
"31","200","1","4","50","0.8","0.2"
"32","200","1","4","31","0.875","0.21875"
"27","200","1","3","492","1.1","0.36666666666666664"
"32","200","1","4","32","1.125","0.28125"
"29","200","1","3","365","1.14","0.38"
"30","200","1","3","50","0.9","0.3"
"28","200","1","3","401","1.02","0.34"
"31","200","1","4","51","1.125","0.28125"
"32","200","1","4","33","1.25","0.3125"
"27","200","1","3","493","0.7","0.23333333333333334"
"29","200","1","3","366","1.02","0.34"
"28","200","1","3","402","1.04","0.3466666666666667"
"31","200","1","4","52","1.3","0.325"
"30","200","1","3","51","1.04","0.3466666666666667"
"29","200","1","3","367","0.98","0.32666666666666666"
"31","200","1","4","53","1.275","0.31875"
"27","200","1","3","494","0.92","0.30666666666666664"
"28","200","1","3","403","0.88","0.29333333333333333"
"32","200","1","4","34","1.3","0.325"
"31","200","1","4","54","1.15","0.2875"
"30","200","1","3","52","1.06","0.35333333333333333"
"29","200","1","3","368","1.02","0.34"
"32","200","1","4","35","0.975","0.24375"
"27","200","1","3","495","1.04","0.3466666666666667"
"31","200","1","4","55","1.1","0.275"
"28","200","1","3","404","0.84","0.28"
"30","200","1","3","53","0.9","0.3"
"32","200","1","4","36","0.95","0.2375"
"31","200","1","4","56","0.825","0.20625"
"29","200","1","3","369","0.98","0.32666666666666666"
"32","200","1","4","37","1.225","0.30625"
"28","200","1","3","405","0.86","0.2866666666666667"
"27","200","1","3","496","0.86","0.2866666666666667"
"31","200","1","4","57","0.925","0.23125"
"30","200","1","3","54","0.86","0.2866666666666667"
"32","200","1","4","38","0.975","0.24375"
"29","200","1","3","370","1.06","0.35333333333333333"
"28","200","1","3","406","0.82","0.2733333333333333"
"31","200","1","4","58","0.8","0.2"
"27","200","1","3","497","1.04","0.3466666666666667"
"32","200","1","4","39","0.95","0.2375"
"30","200","1","3","55","0.66","0.22"
"28","200","1","3","407","1.04","0.3466666666666667"
"31","200","1","4","59","0.75","0.1875"
"32","200","1","4","40","1.125","0.28125"
"29","200","1","3","371","1.12","0.37333333333333335"
"27","200","1","3","498","1.12","0.37333333333333335"
"31","200","1","4","60","0.675","0.16875"
"30","200","1","3","56","0.94","0.31333333333333335"
"32","200","1","4","41","1.125","0.28125"
"28","200","1","3","408","1.02","0.34"
"32","200","1","4","42","1.1","0.275"
"31","200","1","4","61","0.8","0.2"
"29","200","1","3","372","0.94","0.31333333333333335"
"27","200","1","3","499","0.88","0.29333333333333333"
"32","200","1","4","43","1","0.25"
"31","200","1","4","62","1.025","0.25625"
"28","200","1","3","409","1","0.3333333333333333"
"32","200","1","4","44","1.05","0.2625"
"30","200","1","3","57","0.84","0.28"
"29","200","1","3","373","1.14","0.38"
"31","200","1","4","63","1.2","0.3"
"27","200","1","3","500","0.9","0.3"
"32","200","1","4","45","0.85","0.2125"
"28","200","1","3","410","0.94","0.31333333333333335"
"31","200","1","4","64","1.2","0.3"
"30","200","1","3","58","0.68","0.22666666666666666"
"32","200","1","4","46","0.825","0.20625"
"31","200","1","4","65","1.275","0.31875"
"29","200","1","3","374","1.06","0.35333333333333333"
"28","200","1","3","411","0.96","0.32"
"32","200","1","4","47","0.9","0.225"
"30","200","1","3","59","0.68","0.22666666666666666"
"31","200","1","4","66","1.05","0.2625"
"32","200","1","4","48","1.1","0.275"
"29","200","1","3","375","1.12","0.37333333333333335"
"30","200","1","3","60","0.7","0.23333333333333334"
"28","200","1","3","412","0.98","0.32666666666666666"
"31","200","1","4","67","1.225","0.30625"
"32","200","1","4","49","0.925","0.23125"
"30","200","1","3","61","0.86","0.2866666666666667"
"31","200","1","4","68","1.325","0.33125"
"29","200","1","3","376","1","0.3333333333333333"
"32","200","1","4","50","1.05","0.2625"
"28","200","1","3","413","1.02","0.34"
"30","200","1","3","62","0.74","0.24666666666666667"
"31","200","1","4","69","1.325","0.33125"
"32","200","1","4","51","0.85","0.2125"
"29","200","1","3","377","1.08","0.36"
"31","200","1","4","70","0.95","0.2375"
"28","200","1","3","414","0.94","0.31333333333333335"
"32","200","1","4","52","0.85","0.2125"
"30","200","1","3","63","0.78","0.26"
"32","200","1","4","53","0.85","0.2125"
"31","200","1","4","71","1.225","0.30625"
"30","200","1","3","64","0.94","0.31333333333333335"
"29","200","1","3","378","1.02","0.34"
"28","200","1","3","415","0.8","0.26666666666666666"
"32","200","1","4","54","0.8","0.2"
"31","200","1","4","72","1.175","0.29375"
"30","200","1","3","65","0.96","0.32"
"32","200","1","4","55","1.025","0.25625"
"29","200","1","3","379","0.92","0.30666666666666664"
"31","200","1","4","73","1.05","0.2625"
"30","200","1","3","66","0.9","0.3"
"28","200","1","3","416","0.92","0.30666666666666664"
"32","200","1","4","56","0.925","0.23125"
"29","200","1","3","380","0.98","0.32666666666666666"
"31","200","1","4","74","0.95","0.2375"
"30","200","1","3","67","0.76","0.25333333333333335"
"28","200","1","3","417","0.96","0.32"
"31","200","1","4","75","0.975","0.24375"
"29","200","1","3","381","0.78","0.26"
"30","200","1","3","68","0.78","0.26"
"31","200","1","4","76","0.95","0.2375"
"28","200","1","3","418","1.02","0.34"
"29","200","1","3","382","0.68","0.22666666666666666"
"30","200","1","3","69","0.64","0.21333333333333335"
"31","200","1","4","77","1.175","0.29375"
"30","200","1","3","70","0.84","0.28"
"31","200","1","4","78","0.9","0.225"
"28","200","1","3","419","0.74","0.24666666666666667"
"29","200","1","3","383","0.7","0.23333333333333334"
"30","200","1","3","71","0.84","0.28"
"31","200","1","4","79","1.1","0.275"
"29","200","1","3","384","1.06","0.35333333333333333"
"30","200","1","3","72","0.84","0.28"
"28","200","1","3","420","1.04","0.3466666666666667"
"31","200","1","4","80","0.95","0.2375"
"30","200","1","3","73","1","0.3333333333333333"
"31","200","1","4","81","1.2","0.3"
"29","200","1","3","385","0.88","0.29333333333333333"
"28","200","1","3","421","0.8","0.26666666666666666"
"30","200","1","3","74","0.86","0.2866666666666667"
"31","200","1","4","82","1.3","0.325"
"29","200","1","3","386","1","0.3333333333333333"
"31","200","1","4","83","1.25","0.3125"
"30","200","1","3","75","1","0.3333333333333333"
"28","200","1","3","422","1","0.3333333333333333"
"31","200","1","4","84","1.125","0.28125"
"30","200","1","3","76","1.08","0.36"
"29","200","1","3","387","0.86","0.2866666666666667"
"28","200","1","3","423","0.92","0.30666666666666664"
"31","200","1","4","85","1.15","0.2875"
"30","200","1","3","77","0.96","0.32"
"29","200","1","3","388","0.96","0.32"
"31","200","1","4","86","1.025","0.25625"
"28","200","1","3","424","0.94","0.31333333333333335"
"30","200","1","3","78","0.92","0.30666666666666664"
"31","200","1","4","87","0.975","0.24375"
"29","200","1","3","389","1","0.3333333333333333"
"28","200","1","3","425","0.84","0.28"
"30","200","1","3","79","1.12","0.37333333333333335"
"31","200","1","4","88","1","0.25"
"29","200","1","3","390","1.08","0.36"
"28","200","1","3","426","1.02","0.34"
"31","200","1","4","89","0.875","0.21875"
"30","200","1","3","80","0.98","0.32666666666666666"
"31","200","1","4","90","0.85","0.2125"
"29","200","1","3","391","0.98","0.32666666666666666"
"30","200","1","3","81","0.84","0.28"
"28","200","1","3","427","1.14","0.38"
"30","200","1","3","82","0.78","0.26"
"31","200","1","4","91","0.875","0.21875"
"28","200","1","3","428","1.06","0.35333333333333333"
"29","200","1","3","392","0.8","0.26666666666666666"
"30","200","1","3","83","0.6","0.2"
"31","200","1","4","92","1.15","0.2875"
"31","200","1","4","93","0.85","0.2125"
"29","200","1","3","393","1.02","0.34"
"30","200","1","3","84","0.76","0.25333333333333335"
"32","200","1","4","57","1.125","0.28125"
"28","200","1","3","429","0.8","0.26666666666666666"
"30","200","1","3","85","1","0.3333333333333333"
"31","200","1","4","94","1.05","0.2625"
"32","200","1","4","58","1","0.25"
"29","200","1","3","394","1","0.3333333333333333"
"32","200","1","4","59","1.05","0.2625"
"28","200","1","3","430","0.98","0.32666666666666666"
"31","200","1","4","95","0.975","0.24375"
"30","200","1","3","86","0.94","0.31333333333333335"
"32","200","1","4","60","1.15","0.2875"
"31","200","1","4","96","1","0.25"
"28","200","1","3","431","0.96","0.32"
"29","200","1","3","395","0.88","0.29333333333333333"
"32","200","1","4","61","1.2","0.3"
"31","200","1","4","97","0.925","0.23125"
"32","200","1","4","62","1.075","0.26875"
"30","200","1","3","87","1.06","0.35333333333333333"
"28","200","1","3","432","0.98","0.32666666666666666"
"29","200","1","3","396","0.82","0.2733333333333333"
"32","200","1","4","63","1.1","0.275"
"31","200","1","4","98","0.975","0.24375"
"30","200","1","3","88","1.02","0.34"
"32","200","1","4","64","0.975","0.24375"
"31","200","1","4","99","0.925","0.23125"
"28","200","1","3","433","0.94","0.31333333333333335"
"29","200","1","3","397","0.84","0.28"
"32","200","1","4","65","1.2","0.3"
"31","200","1","4","100","1","0.25"
"30","200","1","3","89","0.9","0.3"
"32","200","1","4","66","1.15","0.2875"
"28","200","1","3","434","0.88","0.29333333333333333"
"31","200","1","4","101","1","0.25"
"30","200","1","3","90","0.96","0.32"
"29","200","1","3","398","0.78","0.26"
"32","200","1","4","67","1.075","0.26875"
"31","200","1","4","102","1.15","0.2875"
"30","200","1","3","91","0.84","0.28"
"28","200","1","3","435","1.04","0.3466666666666667"
"32","200","1","4","68","1.05","0.2625"
"29","200","1","3","399","0.82","0.2733333333333333"
"31","200","1","4","103","1.05","0.2625"
"30","200","1","3","92","1.4","0.4666666666666667"
"32","200","1","4","69","1.125","0.28125"
"31","200","1","4","104","1.05","0.2625"
"28","200","1","3","436","0.66","0.22"
"32","200","1","4","70","1.25","0.3125"
"30","200","1","3","93","1.2","0.4"
"29","200","1","3","400","1.04","0.3466666666666667"
"32","200","1","4","71","0.85","0.2125"
"31","200","1","4","105","0.875","0.21875"
"30","200","1","3","94","1.22","0.4066666666666667"
"29","200","1","3","401","1","0.3333333333333333"
"28","200","1","3","437","0.86","0.2866666666666667"
"32","200","1","4","72","1.1","0.275"
"31","200","1","4","106","1.075","0.26875"
"30","200","1","3","95","1.16","0.38666666666666666"
"29","200","1","3","402","1.14","0.38"
"32","200","1","4","73","1.075","0.26875"
"28","200","1","3","438","0.94","0.31333333333333335"
"31","200","1","4","107","0.925","0.23125"
"30","200","1","3","96","0.84","0.28"
"32","200","1","4","74","1.1","0.275"
"31","200","1","4","108","0.975","0.24375"
"29","200","1","3","403","1.1","0.36666666666666664"
"32","200","1","4","75","1.15","0.2875"
"28","200","1","3","439","0.86","0.2866666666666667"
"30","200","1","3","97","0.92","0.30666666666666664"
"31","200","1","4","109","0.725","0.18125"
"32","200","1","4","76","1.125","0.28125"
"29","200","1","3","404","1.18","0.3933333333333333"
"32","200","1","4","77","1.1","0.275"
"28","200","1","3","440","0.8","0.26666666666666666"
"30","200","1","3","98","0.86","0.2866666666666667"
"31","200","1","4","110","0.9","0.225"
"32","200","1","4","78","0.875","0.21875"
"31","200","1","4","111","0.85","0.2125"
"29","200","1","3","405","0.92","0.30666666666666664"
"30","200","1","3","99","0.82","0.2733333333333333"
"28","200","1","3","441","1.06","0.35333333333333333"
"31","200","1","4","112","0.975","0.24375"
"32","200","1","4","79","1.025","0.25625"
"30","200","1","3","100","1","0.3333333333333333"
"32","200","1","4","80","1.05","0.2625"
"31","200","1","4","113","0.9","0.225"
"29","200","1","3","406","0.94","0.31333333333333335"
"28","200","1","3","442","0.76","0.25333333333333335"
"32","200","1","4","81","0.925","0.23125"
"31","200","1","4","114","0.925","0.23125"
"30","200","1","3","101","0.76","0.25333333333333335"
"28","200","1","3","443","0.98","0.32666666666666666"
"29","200","1","3","407","1.1","0.36666666666666664"
"32","200","1","4","82","1.05","0.2625"
"30","200","1","3","102","0.64","0.21333333333333335"
"31","200","1","4","115","1.15","0.2875"
"32","200","1","4","83","0.975","0.24375"
"30","200","1","3","103","0.78","0.26"
"28","200","1","3","444","0.8","0.26666666666666666"
"29","200","1","3","408","1.1","0.36666666666666664"
"31","200","1","4","116","1.05","0.2625"
"32","200","1","4","84","1.025","0.25625"
"31","200","1","4","117","1","0.25"
"30","200","1","3","104","0.74","0.24666666666666667"
"32","200","1","4","85","1.1","0.275"
"28","200","1","3","445","1.12","0.37333333333333335"
"29","200","1","3","409","1.06","0.35333333333333333"
"31","200","1","4","118","1.1","0.275"
"32","200","1","4","86","1","0.25"
"30","200","1","3","105","0.8","0.26666666666666666"
"32","200","1","4","87","0.95","0.2375"
"31","200","1","4","119","0.875","0.21875"
"28","200","1","3","446","0.72","0.24"
"29","200","1","3","410","1.2","0.4"
"30","200","1","3","106","0.96","0.32"
"32","200","1","4","88","1.1","0.275"
"31","200","1","4","120","1.125","0.28125"
"28","200","1","3","447","1.04","0.3466666666666667"
"32","200","1","4","89","0.95","0.2375"
"29","200","1","3","411","1.18","0.3933333333333333"
"30","200","1","3","107","0.94","0.31333333333333335"
"31","200","1","4","121","1.05","0.2625"
"32","200","1","4","90","0.925","0.23125"
"31","200","1","4","122","1.025","0.25625"
"28","200","1","3","448","0.98","0.32666666666666666"
"30","200","1","3","108","0.88","0.29333333333333333"
"29","200","1","3","412","0.98","0.32666666666666666"
"32","200","1","4","91","0.85","0.2125"
"30","200","1","3","109","1.26","0.42"
"31","200","1","4","123","1.1","0.275"
"29","200","1","3","413","0.92","0.30666666666666664"
"28","200","1","3","449","0.76","0.25333333333333335"
"32","200","1","4","92","0.675","0.16875"
"30","200","1","3","110","0.76","0.25333333333333335"
"31","200","1","4","124","0.825","0.20625"
"32","200","1","4","93","0.925","0.23125"
"29","200","1","3","414","1.06","0.35333333333333333"
"28","200","1","3","450","0.98","0.32666666666666666"
"31","200","1","4","125","1.075","0.26875"
"30","200","1","3","111","1","0.3333333333333333"
"32","200","1","4","94","1.125","0.28125"
"28","200","1","3","451","1.12","0.37333333333333335"
"31","200","1","4","126","0.875","0.21875"
"30","200","1","3","112","0.98","0.32666666666666666"
"29","200","1","3","415","1.06","0.35333333333333333"
"32","200","1","4","95","0.925","0.23125"
"32","200","1","4","96","0.975","0.24375"
"31","200","1","4","127","1.125","0.28125"
"30","200","1","3","113","1","0.3333333333333333"
"28","200","1","3","452","1.08","0.36"
"32","200","1","4","97","1","0.25"
"29","200","1","3","416","0.96","0.32"
"31","200","1","4","128","1","0.25"
"30","200","1","3","114","1","0.3333333333333333"
"32","200","1","4","98","0.95","0.2375"
"31","200","1","4","129","1.2","0.3"
"28","200","1","3","453","0.88","0.29333333333333333"
"29","200","1","3","417","0.84","0.28"
"32","200","1","4","99","1.15","0.2875"
"31","200","1","4","130","1.175","0.29375"
"30","200","1","3","115","1","0.3333333333333333"
"28","200","1","3","454","0.86","0.2866666666666667"
"29","200","1","3","418","1.1","0.36666666666666664"
"32","200","1","4","100","1.025","0.25625"
"31","200","1","4","131","1.15","0.2875"
"32","200","1","4","101","1.3","0.325"
"30","200","1","3","116","1","0.3333333333333333"
"28","200","1","3","455","0.98","0.32666666666666666"
"31","200","1","4","132","1","0.25"
"29","200","1","3","419","0.98","0.32666666666666666"
"32","200","1","4","102","1.075","0.26875"
"30","200","1","3","117","1.06","0.35333333333333333"
"32","200","1","4","103","0.925","0.23125"
"31","200","1","4","133","1.025","0.25625"
"28","200","1","3","456","1.06","0.35333333333333333"
"30","200","1","3","118","1.06","0.35333333333333333"
"29","200","1","3","420","0.84","0.28"
"32","200","1","4","104","0.9","0.225"
"31","200","1","4","134","1.025","0.25625"
"30","200","1","3","119","1.02","0.34"
"28","200","1","3","457","1.08","0.36"
"32","200","1","4","105","1.025","0.25625"
"29","200","1","3","421","0.84","0.28"
"31","200","1","4","135","0.9","0.225"
"30","200","1","3","120","0.94","0.31333333333333335"
"32","200","1","4","106","1.225","0.30625"
"28","200","1","3","458","0.96","0.32"
"29","200","1","3","422","0.98","0.32666666666666666"
"31","200","1","4","136","1.075","0.26875"
"32","200","1","4","107","1.1","0.275"
"30","200","1","3","121","0.68","0.22666666666666666"
"31","200","1","4","137","0.925","0.23125"
"28","200","1","3","459","1.12","0.37333333333333335"
"30","200","1","3","122","0.9","0.3"
"29","200","1","3","423","1.04","0.3466666666666667"
"32","200","1","4","108","1.025","0.25625"
"31","200","1","4","138","0.925","0.23125"
"32","200","1","4","109","0.95","0.2375"
"30","200","1","3","123","0.88","0.29333333333333333"
"28","200","1","3","460","1.2","0.4"
"29","200","1","3","424","0.78","0.26"
"32","200","1","4","110","0.8","0.2"
"31","200","1","4","139","0.6","0.15"
"30","200","1","3","124","1.04","0.3466666666666667"
"28","200","1","3","461","0.9","0.3"
"32","200","1","4","111","0.85","0.2125"
"31","200","1","4","140","1.025","0.25625"
"29","200","1","3","425","0.88","0.29333333333333333"
"30","200","1","3","125","0.92","0.30666666666666664"
"32","200","1","4","112","1.1","0.275"
"31","200","1","4","141","0.925","0.23125"
"28","200","1","3","462","1.14","0.38"
"29","200","1","3","426","0.72","0.24"
"30","200","1","3","126","0.92","0.30666666666666664"
"32","200","1","4","113","1.125","0.28125"
"31","200","1","4","142","0.975","0.24375"
"30","200","1","3","127","1.2","0.4"
"32","200","1","4","114","1.25","0.3125"
"28","200","1","3","463","0.98","0.32666666666666666"
"31","200","1","4","143","0.975","0.24375"
"29","200","1","3","427","0.92","0.30666666666666664"
"32","200","1","4","115","1.1","0.275"
"30","200","1","3","128","1.14","0.38"
"31","200","1","4","144","0.975","0.24375"
"28","200","1","3","464","1","0.3333333333333333"
"32","200","1","4","116","1","0.25"
"29","200","1","3","428","0.86","0.2866666666666667"
"31","200","1","4","145","0.85","0.2125"
"30","200","1","3","129","0.96","0.32"
"32","200","1","4","117","0.975","0.24375"
"31","200","1","4","146","0.9","0.225"
"29","200","1","3","429","0.84","0.28"
"28","200","1","3","465","0.7","0.23333333333333334"
"30","200","1","3","130","1.1","0.36666666666666664"
"32","200","1","4","118","0.95","0.2375"
"31","200","1","4","147","0.9","0.225"
"30","200","1","3","131","1.04","0.3466666666666667"
"28","200","1","3","466","0.96","0.32"
"32","200","1","4","119","1.05","0.2625"
"29","200","1","3","430","0.82","0.2733333333333333"
"31","200","1","4","148","0.85","0.2125"
"32","200","1","4","120","0.975","0.24375"
"30","200","1","3","132","0.96","0.32"
"31","200","1","4","149","1.025","0.25625"
"28","200","1","3","467","0.7","0.23333333333333334"
"29","200","1","3","431","0.96","0.32"
"32","200","1","4","121","1.175","0.29375"
"30","200","1","3","133","1.3","0.43333333333333335"
"31","200","1","4","150","1.05","0.2625"
"32","200","1","4","122","1.275","0.31875"
"28","200","1","3","468","0.8","0.26666666666666666"
"29","200","1","3","432","1.06","0.35333333333333333"
"31","200","1","4","151","1.125","0.28125"
"30","200","1","3","134","1.08","0.36"
"32","200","1","4","123","1","0.25"
"28","200","1","3","469","0.84","0.28"
"31","200","1","4","152","1.15","0.2875"
"32","200","1","4","124","1.025","0.25625"
"29","200","1","3","433","1.22","0.4066666666666667"
"30","200","1","3","135","1.14","0.38"
"31","200","1","4","153","1","0.25"
"28","200","1","3","470","1.08","0.36"
"32","200","1","4","125","1.15","0.2875"
"30","200","1","3","136","1.3","0.43333333333333335"
"29","200","1","3","434","1.06","0.35333333333333333"
"31","200","1","4","154","0.925","0.23125"
"32","200","1","4","126","1.075","0.26875"
"30","200","1","3","137","1.18","0.3933333333333333"
"28","200","1","3","471","0.8","0.26666666666666666"
"31","200","1","4","155","0.95","0.2375"
"29","200","1","3","435","0.88","0.29333333333333333"
"32","200","1","4","127","1.1","0.275"
"31","200","1","4","156","1.075","0.26875"
"30","200","1","3","138","1.22","0.4066666666666667"
"28","200","1","3","472","0.92","0.30666666666666664"
"32","200","1","4","128","1.075","0.26875"
"29","200","1","3","436","1.1","0.36666666666666664"
"31","200","1","4","157","1","0.25"
"30","200","1","3","139","0.98","0.32666666666666666"
"32","200","1","4","129","1.1","0.275"
"28","200","1","3","473","0.88","0.29333333333333333"
"32","200","1","4","130","1.05","0.2625"
"31","200","1","4","158","0.95","0.2375"
"29","200","1","3","437","0.86","0.2866666666666667"
"30","200","1","3","140","1","0.3333333333333333"
"32","200","1","4","131","1.2","0.3"
"31","200","1","4","159","1.175","0.29375"
"28","200","1","3","474","0.98","0.32666666666666666"
"30","200","1","3","141","0.96","0.32"
"29","200","1","3","438","1.14","0.38"
"32","200","1","4","132","1.125","0.28125"
"31","200","1","4","160","1.05","0.2625"
"32","200","1","4","133","1.25","0.3125"
"28","200","1","3","475","0.96","0.32"
"29","200","1","3","439","1.22","0.4066666666666667"
"31","200","1","4","161","1.175","0.29375"
"30","200","1","3","142","1.1","0.36666666666666664"
"32","200","1","4","134","1.2","0.3"
"28","200","1","3","476","0.88","0.29333333333333333"
"31","200","1","4","162","1","0.25"
"29","200","1","3","440","0.92","0.30666666666666664"
"32","200","1","4","135","1.1","0.275"
"30","200","1","3","143","1.06","0.35333333333333333"
"31","200","1","4","163","1.125","0.28125"
"32","200","1","4","136","1.175","0.29375"
"28","200","1","3","477","1.04","0.3466666666666667"
"29","200","1","3","441","0.82","0.2733333333333333"
"30","200","1","3","144","1.36","0.4533333333333333"
"32","200","1","4","137","1.275","0.31875"
"31","200","1","4","164","1.15","0.2875"
"29","200","1","3","442","0.9","0.3"
"28","200","1","3","478","0.92","0.30666666666666664"
"31","200","1","4","165","1.15","0.2875"
"30","200","1","3","145","0.98","0.32666666666666666"
"32","200","1","4","138","1.15","0.2875"
"30","200","1","3","146","1.08","0.36"
"31","200","1","4","166","1.1","0.275"
"29","200","1","3","443","0.84","0.28"
"32","200","1","4","139","1.35","0.3375"
"28","200","1","3","479","1.06","0.35333333333333333"
"30","200","1","3","147","1.18","0.3933333333333333"
"32","200","1","4","140","1.125","0.28125"
"31","200","1","4","167","1.2","0.3"
"29","200","1","3","444","0.92","0.30666666666666664"
"28","200","1","3","480","0.84","0.28"
"32","200","1","4","141","1.225","0.30625"
"30","200","1","3","148","1.06","0.35333333333333333"
"31","200","1","4","168","0.975","0.24375"
"31","200","1","4","169","0.7","0.175"
"29","200","1","3","445","1.02","0.34"
"28","200","1","3","481","0.82","0.2733333333333333"
"32","200","1","4","142","1.075","0.26875"
"30","200","1","3","149","0.92","0.30666666666666664"
"31","200","1","4","170","1.05","0.2625"
"32","200","1","4","143","0.975","0.24375"
"30","200","1","3","150","1.22","0.4066666666666667"
"29","200","1","3","446","1.08","0.36"
"28","200","1","3","482","0.8","0.26666666666666666"
"31","200","1","4","171","1.3","0.325"
"32","200","1","4","144","1.05","0.2625"
"30","200","1","3","151","0.98","0.32666666666666666"
"32","200","1","4","145","1.3","0.325"
"28","200","1","3","483","0.8","0.26666666666666666"
"29","200","1","3","447","0.9","0.3"
"31","200","1","4","172","1","0.25"
"30","200","1","3","152","0.96","0.32"
"32","200","1","4","146","1.1","0.275"
"31","200","1","4","173","0.9","0.225"
"29","200","1","3","448","1.16","0.38666666666666666"
"28","200","1","3","484","0.98","0.32666666666666666"
"30","200","1","3","153","0.78","0.26"
"32","200","1","4","147","1.075","0.26875"
"31","200","1","4","174","1","0.25"
"29","200","1","3","449","1.14","0.38"
"32","200","1","4","148","0.95","0.2375"
"30","200","1","3","154","0.98","0.32666666666666666"
"31","200","1","4","175","0.975","0.24375"
"28","200","1","3","485","0.78","0.26"
"32","200","1","4","149","0.775","0.19375"
"31","200","1","4","176","0.8","0.2"
"30","200","1","3","155","0.88","0.29333333333333333"
"29","200","1","3","450","0.88","0.29333333333333333"
"28","200","1","3","486","1.02","0.34"
"32","200","1","4","150","1.2","0.3"
"30","200","1","3","156","1.06","0.35333333333333333"
"31","200","1","4","177","0.925","0.23125"
"29","200","1","3","451","0.9","0.3"
"32","200","1","4","151","1.15","0.2875"
"28","200","1","3","487","1.24","0.41333333333333333"
"31","200","1","4","178","1.075","0.26875"
"30","200","1","3","157","1.16","0.38666666666666666"
"32","200","1","4","152","1.175","0.29375"
"31","200","1","4","179","1.05","0.2625"
"29","200","1","3","452","1.08","0.36"
"28","200","1","3","488","1.14","0.38"
"30","200","1","3","158","0.94","0.31333333333333335"
"32","200","1","4","153","1.05","0.2625"
"31","200","1","4","180","1.025","0.25625"
"30","200","1","3","159","1.08","0.36"
"29","200","1","3","453","0.9","0.3"
"32","200","1","4","154","0.875","0.21875"
"28","200","1","3","489","0.86","0.2866666666666667"
"31","200","1","4","181","1.125","0.28125"
"30","200","1","3","160","1.06","0.35333333333333333"
"31","200","1","4","182","1.075","0.26875"
"32","200","1","4","155","1.2","0.3"
"29","200","1","3","454","1.04","0.3466666666666667"
"28","200","1","3","490","0.88","0.29333333333333333"
"30","200","1","3","161","1.04","0.3466666666666667"
"32","200","1","4","156","1.175","0.29375"
"31","200","1","4","183","1.05","0.2625"
"29","200","1","3","455","0.86","0.2866666666666667"
"28","200","1","3","491","0.98","0.32666666666666666"
"30","200","1","3","162","1.02","0.34"
"32","200","1","4","157","1.025","0.25625"
"31","200","1","4","184","1.125","0.28125"
"29","200","1","3","456","0.84","0.28"
"32","200","1","4","158","0.775","0.19375"
"28","200","1","3","492","0.96","0.32"
"30","200","1","3","163","1.18","0.3933333333333333"
"31","200","1","4","185","0.9","0.225"
"32","200","1","4","159","0.925","0.23125"
"29","200","1","3","457","0.94","0.31333333333333335"
"31","200","1","4","186","1.025","0.25625"
"30","200","1","3","164","1.26","0.42"
"28","200","1","3","493","1.18","0.3933333333333333"
"32","200","1","4","160","0.975","0.24375"
"31","200","1","4","187","1.075","0.26875"
"29","200","1","3","458","0.88","0.29333333333333333"
"30","200","1","3","165","1.12","0.37333333333333335"
"32","200","1","4","161","1.175","0.29375"
"28","200","1","3","494","0.98","0.32666666666666666"
"31","200","1","4","188","1.125","0.28125"
"30","200","1","3","166","1.12","0.37333333333333335"
"32","200","1","4","162","0.9","0.225"
"29","200","1","3","459","0.86","0.2866666666666667"
"30","200","1","3","167","1.12","0.37333333333333335"
"32","200","1","4","163","1.225","0.30625"
"31","200","1","4","189","1.05","0.2625"
"28","200","1","3","495","0.78","0.26"
"32","200","1","4","164","0.8","0.2"
"31","200","1","4","190","0.925","0.23125"
"29","200","1","3","460","1.14","0.38"
"28","200","1","3","496","1.02","0.34"
"32","200","1","4","165","1.15","0.2875"
"31","200","1","4","191","1.1","0.275"
"30","200","1","3","168","1.18","0.3933333333333333"
"31","200","1","4","192","0.85","0.2125"
"32","200","1","4","166","1.025","0.25625"
"29","200","1","3","461","0.94","0.31333333333333335"
"28","200","1","3","497","0.78","0.26"
"30","200","1","3","169","1.06","0.35333333333333333"
"32","200","1","4","167","1.2","0.3"
"31","200","1","4","193","1.05","0.2625"
"28","200","1","3","498","1.02","0.34"
"29","200","1","3","462","1.14","0.38"
"30","200","1","3","170","1.24","0.41333333333333333"
"32","200","1","4","168","1.15","0.2875"
"31","200","1","4","194","1.25","0.3125"
"28","200","1","3","499","1.08","0.36"
"29","200","1","3","463","0.98","0.32666666666666666"
"30","200","1","3","171","1","0.3333333333333333"
"31","200","1","4","195","1.225","0.30625"
"32","200","1","4","169","1.05","0.2625"
"28","200","1","3","500","1.04","0.3466666666666667"
"29","200","1","3","464","0.94","0.31333333333333335"
"32","200","1","4","170","1.325","0.33125"
"31","200","1","4","196","1.2","0.3"
"30","200","1","3","172","0.98","0.32666666666666666"
"32","200","1","4","171","1.225","0.30625"
"29","200","1","3","465","0.96","0.32"
"31","200","1","4","197","1.1","0.275"
"30","200","1","3","173","1.06","0.35333333333333333"
"32","200","1","4","172","1.225","0.30625"
"31","200","1","4","198","1.025","0.25625"
"30","200","1","3","174","0.9","0.3"
"29","200","1","3","466","0.74","0.24666666666666667"
"32","200","1","4","173","1.25","0.3125"
"31","200","1","4","199","1.075","0.26875"
"30","200","1","3","175","1.06","0.35333333333333333"
"32","200","1","4","174","0.975","0.24375"
"31","200","1","4","200","1.175","0.29375"
"30","200","1","3","176","0.92","0.30666666666666664"
"29","200","1","3","467","0.8","0.26666666666666666"
"31","200","1","4","201","1.025","0.25625"
"32","200","1","4","175","0.85","0.2125"
"30","200","1","3","177","0.88","0.29333333333333333"
"29","200","1","3","468","0.96","0.32"
"31","200","1","4","202","1.25","0.3125"
"32","200","1","4","176","1.1","0.275"
"30","200","1","3","178","0.66","0.22"
"31","200","1","4","203","1.075","0.26875"
"32","200","1","4","177","1.225","0.30625"
"29","200","1","3","469","1.06","0.35333333333333333"
"30","200","1","3","179","0.94","0.31333333333333335"
"31","200","1","4","204","1.25","0.3125"
"32","200","1","4","178","1","0.25"
"30","200","1","3","180","0.88","0.29333333333333333"
"31","200","1","4","205","0.85","0.2125"
"29","200","1","3","470","0.92","0.30666666666666664"
"32","200","1","4","179","1.025","0.25625"
"30","200","1","3","181","0.96","0.32"
"31","200","1","4","206","1.025","0.25625"
"32","200","1","4","180","0.9","0.225"
"29","200","1","3","471","1.1","0.36666666666666664"
"30","200","1","3","182","0.8","0.26666666666666666"
"32","200","1","4","181","1.1","0.275"
"31","200","1","4","207","1.025","0.25625"
"30","200","1","3","183","0.9","0.3"
"32","200","1","4","182","1.05","0.2625"
"29","200","1","3","472","1.06","0.35333333333333333"
"31","200","1","4","208","0.825","0.20625"
"32","200","1","4","183","0.95","0.2375"
"31","200","1","4","209","0.8","0.2"
"30","200","1","3","184","0.8","0.26666666666666666"
"29","200","1","3","473","1.02","0.34"
"30","200","1","3","185","0.72","0.24"
"32","200","1","4","184","0.975","0.24375"
"31","200","1","4","210","0.825","0.20625"
"29","200","1","3","474","1.08","0.36"
"32","200","1","4","185","1.025","0.25625"
"30","200","1","3","186","1.06","0.35333333333333333"
"31","200","1","4","211","1.025","0.25625"
"32","200","1","4","186","1.15","0.2875"
"29","200","1","3","475","1.06","0.35333333333333333"
"30","200","1","3","187","1.16","0.38666666666666666"
"31","200","1","4","212","1.025","0.25625"
"30","200","1","3","188","1.18","0.3933333333333333"
"29","200","1","3","476","1.16","0.38666666666666666"
"31","200","1","4","213","0.825","0.20625"
"32","200","1","4","187","1.075","0.26875"
"29","200","1","3","477","0.96","0.32"
"32","200","1","4","188","1.175","0.29375"
"31","200","1","4","214","0.925","0.23125"
"30","200","1","3","189","1.06","0.35333333333333333"
"32","200","1","4","189","1.15","0.2875"
"29","200","1","3","478","1.06","0.35333333333333333"
"31","200","1","4","215","0.9","0.225"
"32","200","1","4","190","1.05","0.2625"
"30","200","1","3","190","1.02","0.34"
"29","200","1","3","479","0.72","0.24"
"30","200","1","3","191","0.92","0.30666666666666664"
"32","200","1","4","191","1","0.25"
"31","200","1","4","216","1","0.25"
"29","200","1","3","480","0.84","0.28"
"32","200","1","4","192","1.25","0.3125"
"30","200","1","3","192","0.72","0.24"
"31","200","1","4","217","0.75","0.1875"
"29","200","1","3","481","0.98","0.32666666666666666"
"32","200","1","4","193","1.125","0.28125"
"31","200","1","4","218","0.825","0.20625"
"30","200","1","3","193","0.8","0.26666666666666666"
"32","200","1","4","194","1.125","0.28125"
"29","200","1","3","482","1.08","0.36"
"30","200","1","3","194","1.04","0.3466666666666667"
"31","200","1","4","219","1.15","0.2875"
"32","200","1","4","195","1.325","0.33125"
"31","200","1","4","220","1.375","0.34375"
"30","200","1","3","195","0.78","0.26"
"29","200","1","3","483","0.84","0.28"
"32","200","1","4","196","1.225","0.30625"
"31","200","1","4","221","1.25","0.3125"
"30","200","1","3","196","0.84","0.28"
"29","200","1","3","484","1","0.3333333333333333"
"32","200","1","4","197","1.025","0.25625"
"31","200","1","4","222","0.975","0.24375"
"30","200","1","3","197","0.82","0.2733333333333333"
"29","200","1","3","485","0.9","0.3"
"32","200","1","4","198","1.1","0.275"
"31","200","1","4","223","0.975","0.24375"
"30","200","1","3","198","0.84","0.28"
"29","200","1","3","486","1.02","0.34"
"32","200","1","4","199","1.175","0.29375"
"30","200","1","3","199","0.5","0.16666666666666666"
"31","200","1","4","224","1.25","0.3125"
"32","200","1","4","200","1.125","0.28125"
"31","200","1","4","225","1.125","0.28125"
"29","200","1","3","487","1.06","0.35333333333333333"
"30","200","1","3","200","0.82","0.2733333333333333"
"31","200","1","4","226","1.25","0.3125"
"32","200","1","4","201","1.125","0.28125"
"30","200","1","3","201","0.86","0.2866666666666667"
"31","200","1","4","227","1.1","0.275"
"29","200","1","3","488","1.06","0.35333333333333333"
"32","200","1","4","202","1.05","0.2625"
"30","200","1","3","202","0.92","0.30666666666666664"
"31","200","1","4","228","1.225","0.30625"
"32","200","1","4","203","1","0.25"
"30","200","1","3","203","0.94","0.31333333333333335"
"29","200","1","3","489","1.08","0.36"
"31","200","1","4","229","1.175","0.29375"
"32","200","1","4","204","1","0.25"
"30","200","1","3","204","0.76","0.25333333333333335"
"29","200","1","3","490","0.9","0.3"
"32","200","1","4","205","0.925","0.23125"
"31","200","1","4","230","1.05","0.2625"
"30","200","1","3","205","0.86","0.2866666666666667"
"31","200","1","4","231","1.025","0.25625"
"29","200","1","3","491","0.92","0.30666666666666664"
"32","200","1","4","206","1","0.25"
"30","200","1","3","206","0.82","0.2733333333333333"
"32","200","1","4","207","0.95","0.2375"
"31","200","1","4","232","1.25","0.3125"
"29","200","1","3","492","1","0.3333333333333333"
"30","200","1","3","207","0.9","0.3"
"31","200","1","4","233","1.1","0.275"
"32","200","1","4","208","1","0.25"
"29","200","1","3","493","1.06","0.35333333333333333"
"30","200","1","3","208","0.66","0.22"
"31","200","1","4","234","0.95","0.2375"
"32","200","1","4","209","1.3","0.325"
"29","200","1","3","494","0.9","0.3"
"32","200","1","4","210","1","0.25"
"31","200","1","4","235","0.775","0.19375"
"32","200","1","4","211","1","0.25"
"31","200","1","4","236","1.05","0.2625"
"30","200","1","3","209","1","0.3333333333333333"
"29","200","1","3","495","0.86","0.2866666666666667"
"31","200","1","4","237","0.975","0.24375"
"32","200","1","4","212","1.025","0.25625"
"32","200","1","4","213","0.875","0.21875"
"30","200","1","3","210","1.08","0.36"
"31","200","1","4","238","1.125","0.28125"
"29","200","1","3","496","0.74","0.24666666666666667"
"31","200","1","4","239","1.325","0.33125"
"30","200","1","3","211","0.9","0.3"
"32","200","1","4","214","1.225","0.30625"
"29","200","1","3","497","0.88","0.29333333333333333"
"30","200","1","3","212","0.82","0.2733333333333333"
"32","200","1","4","215","1.125","0.28125"
"31","200","1","4","240","1.125","0.28125"
"29","200","1","3","498","0.86","0.2866666666666667"
"30","200","1","3","213","1.04","0.3466666666666667"
"31","200","1","4","241","1.2","0.3"
"32","200","1","4","216","1.05","0.2625"
"29","200","1","3","499","1.08","0.36"
"30","200","1","3","214","1.1","0.36666666666666664"
"32","200","1","4","217","1.05","0.2625"
"31","200","1","4","242","1.025","0.25625"
"32","200","1","4","218","1","0.25"
"29","200","1","3","500","0.92","0.30666666666666664"
"30","200","1","3","215","0.74","0.24666666666666667"
"31","200","1","4","243","1","0.25"
"32","200","1","4","219","1.075","0.26875"
"30","200","1","3","216","0.8","0.26666666666666666"
"31","200","1","4","244","0.9","0.225"
"32","200","1","4","220","1.25","0.3125"
"30","200","1","3","217","0.94","0.31333333333333335"
"31","200","1","4","245","0.9","0.225"
"32","200","1","4","221","1.125","0.28125"
"30","200","1","3","218","0.9","0.3"
"31","200","1","4","246","0.825","0.20625"
"32","200","1","4","222","1.2","0.3"
"30","200","1","3","219","0.72","0.24"
"32","200","1","4","223","1.025","0.25625"
"31","200","1","4","247","1.275","0.31875"
"30","200","1","3","220","0.86","0.2866666666666667"
"32","200","1","4","224","1","0.25"
"31","200","1","4","248","0.975","0.24375"
"31","200","1","4","249","1.1","0.275"
"32","200","1","4","225","1.15","0.2875"
"30","200","1","3","221","0.8","0.26666666666666666"
"32","200","1","4","226","0.925","0.23125"
"31","200","1","4","250","0.9","0.225"
"30","200","1","3","222","0.88","0.29333333333333333"
"30","200","1","3","223","0.96","0.32"
"32","200","1","4","227","1.1","0.275"
"31","200","1","4","251","0.925","0.23125"
"30","200","1","3","224","0.88","0.29333333333333333"
"32","200","1","4","228","1.125","0.28125"
"31","200","1","4","252","1.025","0.25625"
"30","200","1","3","225","0.84","0.28"
"32","200","1","4","229","1.05","0.2625"
"31","200","1","4","253","1.075","0.26875"
"30","200","1","3","226","1.02","0.34"
"32","200","1","4","230","1.05","0.2625"
"31","200","1","4","254","0.85","0.2125"
"30","200","1","3","227","1.02","0.34"
"32","200","1","4","231","1.3","0.325"
"31","200","1","4","255","1.05","0.2625"
"30","200","1","3","228","0.94","0.31333333333333335"
"32","200","1","4","232","0.925","0.23125"
"31","200","1","4","256","1.075","0.26875"
"30","200","1","3","229","0.98","0.32666666666666666"
"32","200","1","4","233","0.825","0.20625"
"31","200","1","4","257","0.875","0.21875"
"30","200","1","3","230","0.96","0.32"
"32","200","1","4","234","1.025","0.25625"
"31","200","1","4","258","0.95","0.2375"
"30","200","1","3","231","0.84","0.28"
"31","200","1","4","259","1.05","0.2625"
"32","200","1","4","235","1.15","0.2875"
"30","200","1","3","232","1.06","0.35333333333333333"
"31","200","1","4","260","0.825","0.20625"
"32","200","1","4","236","1.3","0.325"
"31","200","1","4","261","1.2","0.3"
"30","200","1","3","233","1","0.3333333333333333"
"32","200","1","4","237","1.05","0.2625"
"30","200","1","3","234","0.8","0.26666666666666666"
"32","200","1","4","238","1.1","0.275"
"31","200","1","4","262","0.85","0.2125"
"30","200","1","3","235","0.86","0.2866666666666667"
"32","200","1","4","239","0.975","0.24375"
"31","200","1","4","263","1.075","0.26875"
"30","200","1","3","236","0.74","0.24666666666666667"
"32","200","1","4","240","0.925","0.23125"
"31","200","1","4","264","0.975","0.24375"
"30","200","1","3","237","0.9","0.3"
"32","200","1","4","241","0.825","0.20625"
"31","200","1","4","265","0.825","0.20625"
"30","200","1","3","238","0.92","0.30666666666666664"
"32","200","1","4","242","1.15","0.2875"
"31","200","1","4","266","0.975","0.24375"
"30","200","1","3","239","1.06","0.35333333333333333"
"32","200","1","4","243","1.175","0.29375"
"30","200","1","3","240","0.88","0.29333333333333333"
"31","200","1","4","267","1.025","0.25625"
"32","200","1","4","244","1.225","0.30625"
"31","200","1","4","268","1.1","0.275"
"32","200","1","4","245","1.075","0.26875"
"30","200","1","3","241","0.94","0.31333333333333335"
"32","200","1","4","246","0.95","0.2375"
"31","200","1","4","269","0.825","0.20625"
"31","200","1","4","270","0.925","0.23125"
"30","200","1","3","242","1.02","0.34"
"32","200","1","4","247","1.1","0.275"
"31","200","1","4","271","0.75","0.1875"
"30","200","1","3","243","0.98","0.32666666666666666"
"32","200","1","4","248","1.1","0.275"
"31","200","1","4","272","0.875","0.21875"
"32","200","1","4","249","1.125","0.28125"
"30","200","1","3","244","0.78","0.26"
"31","200","1","4","273","0.8","0.2"
"30","200","1","3","245","0.86","0.2866666666666667"
"31","200","1","4","274","0.85","0.2125"
"30","200","1","3","246","0.76","0.25333333333333335"
"31","200","1","4","275","1","0.25"
"30","200","1","3","247","0.9","0.3"
"31","200","1","4","276","0.9","0.225"
"30","200","1","3","248","0.96","0.32"
"31","200","1","4","277","0.925","0.23125"
"30","200","1","3","249","0.86","0.2866666666666667"
"31","200","1","4","278","0.925","0.23125"
"30","200","1","3","250","0.82","0.2733333333333333"
"31","200","1","4","279","1.2","0.3"
"30","200","1","3","251","1.02","0.34"
"31","200","1","4","280","0.9","0.225"
"30","200","1","3","252","1.04","0.3466666666666667"
"31","200","1","4","281","0.9","0.225"
"30","200","1","3","253","1.06","0.35333333333333333"
"31","200","1","4","282","0.85","0.2125"
"30","200","1","3","254","1","0.3333333333333333"
"31","200","1","4","283","0.975","0.24375"
"30","200","1","3","255","0.98","0.32666666666666666"
"31","200","1","4","284","0.75","0.1875"
"32","200","1","4","250","1.25","0.3125"
"30","200","1","3","256","1.04","0.3466666666666667"
"31","200","1","4","285","1.05","0.2625"
"32","200","1","4","251","1.2","0.3"
"30","200","1","3","257","1.08","0.36"
"31","200","1","4","286","1.025","0.25625"
"32","200","1","4","252","0.925","0.23125"
"30","200","1","3","258","0.96","0.32"
"31","200","1","4","287","1.1","0.275"
"32","200","1","4","253","1.05","0.2625"
"30","200","1","3","259","0.9","0.3"
"31","200","1","4","288","1","0.25"
"32","200","1","4","254","1.1","0.275"
"31","200","1","4","289","0.85","0.2125"
"30","200","1","3","260","1.06","0.35333333333333333"
"32","200","1","4","255","1.05","0.2625"
"31","200","1","4","290","1.075","0.26875"
"30","200","1","3","261","0.96","0.32"
"32","200","1","4","256","1.025","0.25625"
"31","200","1","4","291","0.925","0.23125"
"30","200","1","3","262","0.86","0.2866666666666667"
"32","200","1","4","257","1.025","0.25625"
"31","200","1","4","292","1","0.25"
"30","200","1","3","263","0.94","0.31333333333333335"
"32","200","1","4","258","0.875","0.21875"
"31","200","1","4","293","1.025","0.25625"
"30","200","1","3","264","0.8","0.26666666666666666"
"32","200","1","4","259","0.875","0.21875"
"31","200","1","4","294","1.15","0.2875"
"30","200","1","3","265","0.84","0.28"
"32","200","1","4","260","0.9","0.225"
"31","200","1","4","295","1.075","0.26875"
"32","200","1","4","261","0.825","0.20625"
"31","200","1","4","296","1.15","0.2875"
"30","200","1","3","266","0.96","0.32"
"31","200","1","4","297","0.9","0.225"
"32","200","1","4","262","0.85","0.2125"
"32","200","1","4","263","0.75","0.1875"
"31","200","1","4","298","0.975","0.24375"
"30","200","1","3","267","0.94","0.31333333333333335"
"32","200","1","4","264","0.875","0.21875"
"31","200","1","4","299","1.1","0.275"
"30","200","1","3","268","0.96","0.32"
"32","200","1","4","265","0.85","0.2125"
"31","200","1","4","300","1.1","0.275"
"30","200","1","3","269","0.68","0.22666666666666666"
"32","200","1","4","266","1.175","0.29375"
"31","200","1","4","301","1.05","0.2625"
"30","200","1","3","270","0.82","0.2733333333333333"
"32","200","1","4","267","1.125","0.28125"
"31","200","1","4","302","1.075","0.26875"
"30","200","1","3","271","0.86","0.2866666666666667"
"32","200","1","4","268","1.175","0.29375"
"31","200","1","4","303","1.025","0.25625"
"30","200","1","3","272","1.08","0.36"
"32","200","1","4","269","1.15","0.2875"
"30","200","1","3","273","0.9","0.3"
"31","200","1","4","304","1.025","0.25625"
"32","200","1","4","270","1.075","0.26875"
"30","200","1","3","274","0.86","0.2866666666666667"
"31","200","1","4","305","1.325","0.33125"
"32","200","1","4","271","0.925","0.23125"
"30","200","1","3","275","1.06","0.35333333333333333"
"31","200","1","4","306","1.15","0.2875"
"32","200","1","4","272","1.1","0.275"
"30","200","1","3","276","1.04","0.3466666666666667"
"31","200","1","4","307","1.1","0.275"
"32","200","1","4","273","1.225","0.30625"
"30","200","1","3","277","1.24","0.41333333333333333"
"31","200","1","4","308","0.825","0.20625"
"32","200","1","4","274","1.225","0.30625"
"30","200","1","3","278","1.12","0.37333333333333335"
"31","200","1","4","309","1.05","0.2625"
"32","200","1","4","275","0.7","0.175"
"30","200","1","3","279","1.06","0.35333333333333333"
"31","200","1","4","310","1.25","0.3125"
"32","200","1","4","276","0.7","0.175"
"30","200","1","3","280","0.88","0.29333333333333333"
"31","200","1","4","311","1.275","0.31875"
"32","200","1","4","277","1.075","0.26875"
"30","200","1","3","281","0.96","0.32"
"31","200","1","4","312","1.175","0.29375"
"32","200","1","4","278","1.125","0.28125"
"30","200","1","3","282","1.12","0.37333333333333335"
"32","200","1","4","279","1.1","0.275"
"31","200","1","4","313","1.15","0.2875"
"30","200","1","3","283","1.06","0.35333333333333333"
"32","200","1","4","280","0.9","0.225"
"31","200","1","4","314","0.975","0.24375"
"30","200","1","3","284","1.02","0.34"
"32","200","1","4","281","1.075","0.26875"
"31","200","1","4","315","1","0.25"
"30","200","1","3","285","1.12","0.37333333333333335"
"32","200","1","4","282","1.1","0.275"
"31","200","1","4","316","1.25","0.3125"
"30","200","1","3","286","1.18","0.3933333333333333"
"32","200","1","4","283","1.125","0.28125"
"31","200","1","4","317","1.125","0.28125"
"30","200","1","3","287","1.2","0.4"
"32","200","1","4","284","1.125","0.28125"
"31","200","1","4","318","0.7","0.175"
"32","200","1","4","285","0.85","0.2125"
"30","200","1","3","288","1","0.3333333333333333"
"31","200","1","4","319","1.075","0.26875"
"32","200","1","4","286","0.9","0.225"
"30","200","1","3","289","0.86","0.2866666666666667"
"31","200","1","4","320","1.275","0.31875"
"32","200","1","4","287","1.025","0.25625"
"30","200","1","3","290","0.98","0.32666666666666666"
"31","200","1","4","321","1","0.25"
"32","200","1","4","288","0.975","0.24375"
"30","200","1","3","291","0.98","0.32666666666666666"
"31","200","1","4","322","1.05","0.2625"
"30","200","1","3","292","0.84","0.28"
"32","200","1","4","289","0.9","0.225"
"31","200","1","4","323","0.95","0.2375"
"30","200","1","3","293","0.92","0.30666666666666664"
"32","200","1","4","290","0.8","0.2"
"31","200","1","4","324","1.125","0.28125"
"32","200","1","4","291","1.025","0.25625"
"30","200","1","3","294","0.92","0.30666666666666664"
"31","200","1","4","325","1.15","0.2875"
"32","200","1","4","292","1.125","0.28125"
"30","200","1","3","295","1.06","0.35333333333333333"
"31","200","1","4","326","0.975","0.24375"
"32","200","1","4","293","1","0.25"
"30","200","1","3","296","1.06","0.35333333333333333"
"31","200","1","4","327","0.825","0.20625"
"32","200","1","4","294","1.15","0.2875"
"30","200","1","3","297","0.96","0.32"
"31","200","1","4","328","1","0.25"
"32","200","1","4","295","1.175","0.29375"
"31","200","1","4","329","1","0.25"
"32","200","1","4","296","1.1","0.275"
"30","200","1","3","298","1.14","0.38"
"32","200","1","4","297","1.075","0.26875"
"31","200","1","4","330","1.075","0.26875"
"30","200","1","3","299","1.08","0.36"
"31","200","1","4","331","0.975","0.24375"
"32","200","1","4","298","1","0.25"
"32","200","1","4","299","1.175","0.29375"
"30","200","1","3","300","1","0.3333333333333333"
"31","200","1","4","332","0.925","0.23125"
"32","200","1","4","300","1.125","0.28125"
"30","200","1","3","301","0.96","0.32"
"31","200","1","4","333","0.975","0.24375"
"32","200","1","4","301","1.1","0.275"
"31","200","1","4","334","1","0.25"
"30","200","1","3","302","1.1","0.36666666666666664"
"32","200","1","4","302","1.2","0.3"
"31","200","1","4","335","1.125","0.28125"
"30","200","1","3","303","1.1","0.36666666666666664"
"32","200","1","4","303","1.05","0.2625"
"31","200","1","4","336","1.125","0.28125"
"30","200","1","3","304","0.82","0.2733333333333333"
"32","200","1","4","304","0.875","0.21875"
"31","200","1","4","337","0.975","0.24375"
"30","200","1","3","305","0.94","0.31333333333333335"
"32","200","1","4","305","1.15","0.2875"
"31","200","1","4","338","1.075","0.26875"
"30","200","1","3","306","1.14","0.38"
"32","200","1","4","306","1.05","0.2625"
"31","200","1","4","339","1.225","0.30625"
"30","200","1","3","307","1.16","0.38666666666666666"
"32","200","1","4","307","0.975","0.24375"
"31","200","1","4","340","0.875","0.21875"
"30","200","1","3","308","1.18","0.3933333333333333"
"32","200","1","4","308","1.3","0.325"
"31","200","1","4","341","0.9","0.225"
"32","200","1","4","309","0.9","0.225"
"30","200","1","3","309","0.88","0.29333333333333333"
"31","200","1","4","342","1.075","0.26875"
"32","200","1","4","310","1.075","0.26875"
"30","200","1","3","310","1","0.3333333333333333"
"31","200","1","4","343","1.175","0.29375"
"32","200","1","4","311","1.125","0.28125"
"30","200","1","3","311","1.08","0.36"
"31","200","1","4","344","1.025","0.25625"
"30","200","1","3","312","0.96","0.32"
"32","200","1","4","312","1","0.25"
"31","200","1","4","345","1.175","0.29375"
"30","200","1","3","313","0.98","0.32666666666666666"
"32","200","1","4","313","0.975","0.24375"
"31","200","1","4","346","1.025","0.25625"
"30","200","1","3","314","0.78","0.26"
"32","200","1","4","314","0.925","0.23125"
"31","200","1","4","347","0.975","0.24375"
"32","200","1","4","315","0.975","0.24375"
"31","200","1","4","348","0.775","0.19375"
"32","200","1","4","316","1.025","0.25625"
"31","200","1","4","349","0.8","0.2"
"32","200","1","4","317","0.975","0.24375"
"31","200","1","4","350","0.825","0.20625"
"32","200","1","4","318","1.1","0.275"
"31","200","1","4","351","0.975","0.24375"
"32","200","1","4","319","1","0.25"
"31","200","1","4","352","1.05","0.2625"
"32","200","1","4","320","1.25","0.3125"
"31","200","1","4","353","0.95","0.2375"
"32","200","1","4","321","1.15","0.2875"
"31","200","1","4","354","0.825","0.20625"
"32","200","1","4","322","0.925","0.23125"
"31","200","1","4","355","0.675","0.16875"
"32","200","1","4","323","1.175","0.29375"
"31","200","1","4","356","1","0.25"
"32","200","1","4","324","0.825","0.20625"
"30","200","1","3","315","1","0.3333333333333333"
"31","200","1","4","357","1.25","0.3125"
"32","200","1","4","325","1.025","0.25625"
"32","200","1","4","326","1.275","0.31875"
"31","200","1","4","358","1.025","0.25625"
"32","200","1","4","327","1.2","0.3"
"31","200","1","4","359","1.1","0.275"
"32","200","1","4","328","0.875","0.21875"
"31","200","1","4","360","1.2","0.3"
"32","200","1","4","329","0.925","0.23125"
"31","200","1","4","361","1.075","0.26875"
"32","200","1","4","330","0.925","0.23125"
"31","200","1","4","362","1.075","0.26875"
"32","200","1","4","331","0.9","0.225"
"31","200","1","4","363","1","0.25"
"30","200","1","3","316","0.9","0.3"
"32","200","1","4","332","1.075","0.26875"
"31","200","1","4","364","1","0.25"
"30","200","1","3","317","0.84","0.28"
"32","200","1","4","333","1.2","0.3"
"31","200","1","4","365","1","0.25"
"32","200","1","4","334","0.65","0.1625"
"30","200","1","3","318","0.82","0.2733333333333333"
"31","200","1","4","366","0.95","0.2375"
"30","200","1","3","319","0.96","0.32"
"32","200","1","4","335","0.8","0.2"
"31","200","1","4","367","0.875","0.21875"
"30","200","1","3","320","0.9","0.3"
"32","200","1","4","336","0.85","0.2125"
"31","200","1","4","368","0.975","0.24375"
"32","200","1","4","337","0.975","0.24375"
"30","200","1","3","321","1.02","0.34"
"31","200","1","4","369","1.175","0.29375"
"32","200","1","4","338","1.225","0.30625"
"30","200","1","3","322","1.1","0.36666666666666664"
"32","200","1","4","339","0.725","0.18125"
"31","200","1","4","370","1.025","0.25625"
"30","200","1","3","323","0.98","0.32666666666666666"
"32","200","1","4","340","1.1","0.275"
"31","200","1","4","371","1.05","0.2625"
"30","200","1","3","324","1.3","0.43333333333333335"
"32","200","1","4","341","0.9","0.225"
"31","200","1","4","372","0.75","0.1875"
"30","200","1","3","325","0.92","0.30666666666666664"
"32","200","1","4","342","0.975","0.24375"
"31","200","1","4","373","1.05","0.2625"
"30","200","1","3","326","0.74","0.24666666666666667"
"31","200","1","4","374","1.05","0.2625"
"32","200","1","4","343","0.875","0.21875"
"30","200","1","3","327","0.94","0.31333333333333335"
"31","200","1","4","375","0.925","0.23125"
"32","200","1","4","344","1.05","0.2625"
"30","200","1","3","328","0.66","0.22"
"32","200","1","4","345","0.85","0.2125"
"31","200","1","4","376","0.95","0.2375"
"31","200","1","4","377","1.075","0.26875"
"32","200","1","4","346","0.825","0.20625"
"30","200","1","3","329","0.98","0.32666666666666666"
"32","200","1","4","347","0.85","0.2125"
"31","200","1","4","378","1.05","0.2625"
"32","200","1","4","348","1","0.25"
"30","200","1","3","330","0.76","0.25333333333333335"
"31","200","1","4","379","0.825","0.20625"
"32","200","1","4","349","1.3","0.325"
"30","200","1","3","331","1","0.3333333333333333"
"31","200","1","4","380","1","0.25"
"30","200","1","3","332","0.84","0.28"
"31","200","1","4","381","0.9","0.225"
"32","200","1","4","350","1.1","0.275"
"31","200","1","4","382","0.975","0.24375"
"30","200","1","3","333","0.92","0.30666666666666664"
"32","200","1","4","351","1","0.25"
"31","200","1","4","383","0.85","0.2125"
"30","200","1","3","334","0.88","0.29333333333333333"
"32","200","1","4","352","1.025","0.25625"
"32","200","1","4","353","1.15","0.2875"
"31","200","1","4","384","1.025","0.25625"
"30","200","1","3","335","0.82","0.2733333333333333"
"32","200","1","4","354","1.125","0.28125"
"31","200","1","4","385","0.925","0.23125"
"30","200","1","3","336","1.08","0.36"
"32","200","1","4","355","0.9","0.225"
"30","200","1","3","337","1.14","0.38"
"31","200","1","4","386","0.775","0.19375"
"32","200","1","4","356","1.15","0.2875"
"30","200","1","3","338","0.96","0.32"
"31","200","1","4","387","1.25","0.3125"
"32","200","1","4","357","0.975","0.24375"
"30","200","1","3","339","0.98","0.32666666666666666"
"31","200","1","4","388","1.075","0.26875"
"32","200","1","4","358","0.875","0.21875"
"30","200","1","3","340","1.08","0.36"
"31","200","1","4","389","0.975","0.24375"
"32","200","1","4","359","1.025","0.25625"
"30","200","1","3","341","1.08","0.36"
"31","200","1","4","390","0.925","0.23125"
"32","200","1","4","360","0.825","0.20625"
"30","200","1","3","342","1.04","0.3466666666666667"
"31","200","1","4","391","1.1","0.275"
"32","200","1","4","361","0.925","0.23125"
"30","200","1","3","343","1.2","0.4"
"31","200","1","4","392","1","0.25"
"32","200","1","4","362","1","0.25"
"30","200","1","3","344","1","0.3333333333333333"
"32","200","1","4","363","0.7","0.175"
"31","200","1","4","393","0.925","0.23125"
"30","200","1","3","345","1.08","0.36"
"32","200","1","4","364","0.85","0.2125"
"31","200","1","4","394","0.8","0.2"
"30","200","1","3","346","1.18","0.3933333333333333"
"32","200","1","4","365","1.425","0.35625"
"31","200","1","4","395","0.95","0.2375"
"30","200","1","3","347","1.08","0.36"
"32","200","1","4","366","0.95","0.2375"
"31","200","1","4","396","1","0.25"
"30","200","1","3","348","0.98","0.32666666666666666"
"32","200","1","4","367","0.975","0.24375"
"31","200","1","4","397","1.025","0.25625"
"32","200","1","4","368","1.025","0.25625"
"30","200","1","3","349","1.1","0.36666666666666664"
"31","200","1","4","398","1","0.25"
"32","200","1","4","369","0.975","0.24375"
"31","200","1","4","399","1.125","0.28125"
"30","200","1","3","350","1","0.3333333333333333"
"32","200","1","4","370","1.075","0.26875"
"30","200","1","3","351","0.82","0.2733333333333333"
"31","200","1","4","400","1.175","0.29375"
"32","200","1","4","371","1","0.25"
"30","200","1","3","352","0.94","0.31333333333333335"
"31","200","1","4","401","1.175","0.29375"
"32","200","1","4","372","1.175","0.29375"
"30","200","1","3","353","0.98","0.32666666666666666"
"31","200","1","4","402","1.1","0.275"
"32","200","1","4","373","1","0.25"
"30","200","1","3","354","0.88","0.29333333333333333"
"31","200","1","4","403","0.7","0.175"
"32","200","1","4","374","1.1","0.275"
"30","200","1","3","355","0.94","0.31333333333333335"
"31","200","1","4","404","0.825","0.20625"
"32","200","1","4","375","1.2","0.3"
"30","200","1","3","356","0.88","0.29333333333333333"
"31","200","1","4","405","1.05","0.2625"
"32","200","1","4","376","1.15","0.2875"
"30","200","1","3","357","0.9","0.3"
"31","200","1","4","406","1.2","0.3"
"32","200","1","4","377","1.3","0.325"
"30","200","1","3","358","0.8","0.26666666666666666"
"31","200","1","4","407","1.075","0.26875"
"32","200","1","4","378","1.525","0.38125"
"30","200","1","3","359","0.78","0.26"
"31","200","1","4","408","0.9","0.225"
"32","200","1","4","379","1.1","0.275"
"31","200","1","4","409","1.225","0.30625"
"32","200","1","4","380","1.025","0.25625"
"30","200","1","3","360","0.92","0.30666666666666664"
"31","200","1","4","410","0.925","0.23125"
"32","200","1","4","381","0.925","0.23125"
"30","200","1","3","361","1.02","0.34"
"32","200","1","4","382","1.075","0.26875"
"31","200","1","4","411","0.825","0.20625"
"31","200","1","4","412","1.05","0.2625"
"30","200","1","3","362","1.06","0.35333333333333333"
"32","200","1","4","383","1","0.25"
"31","200","1","4","413","0.9","0.225"
"30","200","1","3","363","0.9","0.3"
"32","200","1","4","384","1.225","0.30625"
"30","200","1","3","364","1.08","0.36"
"32","200","1","4","385","1.325","0.33125"
"31","200","1","4","414","0.9","0.225"
"32","200","1","4","386","1.2","0.3"
"30","200","1","3","365","0.98","0.32666666666666666"
"31","200","1","4","415","1","0.25"
"32","200","1","4","387","1.1","0.275"
"30","200","1","3","366","0.98","0.32666666666666666"
"31","200","1","4","416","1.025","0.25625"
"32","200","1","4","388","1.425","0.35625"
"30","200","1","3","367","0.92","0.30666666666666664"
"31","200","1","4","417","0.95","0.2375"
"32","200","1","4","389","0.95","0.2375"
"31","200","1","4","418","0.9","0.225"
"30","200","1","3","368","0.9","0.3"
"32","200","1","4","390","1.225","0.30625"
"31","200","1","4","419","1.05","0.2625"
"30","200","1","3","369","0.92","0.30666666666666664"
"32","200","1","4","391","1.2","0.3"
"31","200","1","4","420","0.775","0.19375"
"30","200","1","3","370","0.88","0.29333333333333333"
"32","200","1","4","392","1.2","0.3"
"31","200","1","4","421","0.775","0.19375"
"30","200","1","3","371","0.96","0.32"
"32","200","1","4","393","0.85","0.2125"
"30","200","1","3","372","1.16","0.38666666666666666"
"31","200","1","4","422","0.75","0.1875"
"32","200","1","4","394","1.125","0.28125"
"30","200","1","3","373","1.22","0.4066666666666667"
"31","200","1","4","423","0.95","0.2375"
"32","200","1","4","395","1.1","0.275"
"30","200","1","3","374","1.16","0.38666666666666666"
"31","200","1","4","424","1","0.25"
"32","200","1","4","396","1.05","0.2625"
"30","200","1","3","375","1.1","0.36666666666666664"
"31","200","1","4","425","0.775","0.19375"
"32","200","1","4","397","1.1","0.275"
"30","200","1","3","376","1.08","0.36"
"31","200","1","4","426","0.875","0.21875"
"32","200","1","4","398","1.025","0.25625"
"30","200","1","3","377","1.06","0.35333333333333333"
"31","200","1","4","427","1.1","0.275"
"32","200","1","4","399","0.875","0.21875"
"30","200","1","3","378","1.1","0.36666666666666664"
"31","200","1","4","428","0.95","0.2375"
"32","200","1","4","400","1.075","0.26875"
"30","200","1","3","379","0.98","0.32666666666666666"
"32","200","1","4","401","1.05","0.2625"
"31","200","1","4","429","0.925","0.23125"
"30","200","1","3","380","0.9","0.3"
"32","200","1","4","402","1.125","0.28125"
"31","200","1","4","430","0.9","0.225"
"30","200","1","3","381","1.14","0.38"
"32","200","1","4","403","1.15","0.2875"
"31","200","1","4","431","0.85","0.2125"
"30","200","1","3","382","0.96","0.32"
"32","200","1","4","404","1.125","0.28125"
"31","200","1","4","432","0.825","0.20625"
"32","200","1","4","405","1.1","0.275"
"31","200","1","4","433","0.725","0.18125"
"30","200","1","3","383","0.86","0.2866666666666667"
"32","200","1","4","406","1.025","0.25625"
"31","200","1","4","434","1.2","0.3"
"31","200","1","4","435","1.075","0.26875"
"30","200","1","3","384","1.04","0.3466666666666667"
"32","200","1","4","407","1.1","0.275"
"31","200","1","4","436","1.1","0.275"
"30","200","1","3","385","1.04","0.3466666666666667"
"32","200","1","4","408","1.15","0.2875"
"32","200","1","4","409","1.2","0.3"
"31","200","1","4","437","0.9","0.225"
"30","200","1","3","386","1","0.3333333333333333"
"32","200","1","4","410","1.3","0.325"
"30","200","1","3","387","1.02","0.34"
"31","200","1","4","438","1.15","0.2875"
"30","200","1","3","388","1.14","0.38"
"31","200","1","4","439","1.05","0.2625"
"32","200","1","4","411","1.175","0.29375"
"30","200","1","3","389","1","0.3333333333333333"
"32","200","1","4","412","1.075","0.26875"
"31","200","1","4","440","1.325","0.33125"
"30","200","1","3","390","0.9","0.3"
"32","200","1","4","413","1.075","0.26875"
"31","200","1","4","441","1.025","0.25625"
"30","200","1","3","391","1.02","0.34"
"32","200","1","4","414","1.225","0.30625"
"31","200","1","4","442","1","0.25"
"30","200","1","3","392","0.9","0.3"
"32","200","1","4","415","1.275","0.31875"
"31","200","1","4","443","1","0.25"
"30","200","1","3","393","0.76","0.25333333333333335"
"32","200","1","4","416","1.125","0.28125"
"31","200","1","4","444","1.05","0.2625"
"30","200","1","3","394","0.96","0.32"
"32","200","1","4","417","1.075","0.26875"
"31","200","1","4","445","0.9","0.225"
"30","200","1","3","395","1.08","0.36"
"32","200","1","4","418","1","0.25"
"31","200","1","4","446","0.85","0.2125"
"30","200","1","3","396","0.9","0.3"
"32","200","1","4","419","1.175","0.29375"
"31","200","1","4","447","0.875","0.21875"
"30","200","1","3","397","0.78","0.26"
"32","200","1","4","420","1.275","0.31875"
"31","200","1","4","448","1.025","0.25625"
"32","200","1","4","421","0.925","0.23125"
"30","200","1","3","398","0.88","0.29333333333333333"
"31","200","1","4","449","0.875","0.21875"
"32","200","1","4","422","0.9","0.225"
"30","200","1","3","399","0.92","0.30666666666666664"
"31","200","1","4","450","0.825","0.20625"
"32","200","1","4","423","0.975","0.24375"
"30","200","1","3","400","1.1","0.36666666666666664"
"31","200","1","4","451","0.625","0.15625"
"32","200","1","4","424","1.2","0.3"
"30","200","1","3","401","1.04","0.3466666666666667"
"31","200","1","4","452","0.85","0.2125"
"32","200","1","4","425","0.975","0.24375"
"30","200","1","3","402","1.08","0.36"
"31","200","1","4","453","1.15","0.2875"
"32","200","1","4","426","0.85","0.2125"
"30","200","1","3","403","1.12","0.37333333333333335"
"31","200","1","4","454","0.8","0.2"
"32","200","1","4","427","0.85","0.2125"
"30","200","1","3","404","1.2","0.4"
"31","200","1","4","455","0.9","0.225"
"32","200","1","4","428","1","0.25"
"30","200","1","3","405","1.02","0.34"
"32","200","1","4","429","1.05","0.2625"
"31","200","1","4","456","1.1","0.275"
"30","200","1","3","406","0.96","0.32"
"32","200","1","4","430","0.8","0.2"
"31","200","1","4","457","0.7","0.175"
"30","200","1","3","407","0.96","0.32"
"32","200","1","4","431","1.025","0.25625"
"31","200","1","4","458","1.175","0.29375"
"32","200","1","4","432","1.025","0.25625"
"30","200","1","3","408","0.92","0.30666666666666664"
"31","200","1","4","459","1.025","0.25625"
"32","200","1","4","433","1.05","0.2625"
"31","200","1","4","460","1.125","0.28125"
"30","200","1","3","409","0.9","0.3"
"32","200","1","4","434","0.925","0.23125"
"31","200","1","4","461","1.1","0.275"
"30","200","1","3","410","0.96","0.32"
"32","200","1","4","435","1.1","0.275"
"31","200","1","4","462","1.125","0.28125"
"32","200","1","4","436","1.15","0.2875"
"30","200","1","3","411","0.94","0.31333333333333335"
"31","200","1","4","463","1.325","0.33125"
"32","200","1","4","437","1.1","0.275"
"30","200","1","3","412","0.66","0.22"
"31","200","1","4","464","1.05","0.2625"
"32","200","1","4","438","0.8","0.2"
"30","200","1","3","413","0.96","0.32"
"31","200","1","4","465","1.275","0.31875"
"32","200","1","4","439","1.175","0.29375"
"30","200","1","3","414","1.1","0.36666666666666664"
"31","200","1","4","466","0.95","0.2375"
"32","200","1","4","440","1.05","0.2625"
"30","200","1","3","415","1.14","0.38"
"31","200","1","4","467","1.05","0.2625"
"32","200","1","4","441","1.075","0.26875"
"30","200","1","3","416","0.82","0.2733333333333333"
"31","200","1","4","468","0.875","0.21875"
"32","200","1","4","442","1.075","0.26875"
"30","200","1","3","417","0.92","0.30666666666666664"
"31","200","1","4","469","1.125","0.28125"
"32","200","1","4","443","0.975","0.24375"
"30","200","1","3","418","0.88","0.29333333333333333"
"31","200","1","4","470","1.125","0.28125"
"32","200","1","4","444","1.1","0.275"
"30","200","1","3","419","0.88","0.29333333333333333"
"31","200","1","4","471","1.1","0.275"
"32","200","1","4","445","1.075","0.26875"
"30","200","1","3","420","1.14","0.38"
"31","200","1","4","472","1","0.25"
"32","200","1","4","446","0.725","0.18125"
"30","200","1","3","421","1.1","0.36666666666666664"
"31","200","1","4","473","1.025","0.25625"
"32","200","1","4","447","0.8","0.2"
"30","200","1","3","422","1.02","0.34"
"31","200","1","4","474","1","0.25"
"32","200","1","4","448","0.8","0.2"
"30","200","1","3","423","1.04","0.3466666666666667"
"31","200","1","4","475","0.925","0.23125"
"32","200","1","4","449","0.95","0.2375"
"30","200","1","3","424","1.08","0.36"
"31","200","1","4","476","0.875","0.21875"
"32","200","1","4","450","0.875","0.21875"
"30","200","1","3","425","0.98","0.32666666666666666"
"32","200","1","4","451","1.05","0.2625"
"31","200","1","4","477","0.975","0.24375"
"32","200","1","4","452","0.975","0.24375"
"30","200","1","3","426","1.04","0.3466666666666667"
"31","200","1","4","478","1.025","0.25625"
"32","200","1","4","453","0.975","0.24375"
"30","200","1","3","427","0.94","0.31333333333333335"
"31","200","1","4","479","1.05","0.2625"
"32","200","1","4","454","0.975","0.24375"
"30","200","1","3","428","1","0.3333333333333333"
"31","200","1","4","480","1.05","0.2625"
"32","200","1","4","455","1","0.25"
"30","200","1","3","429","1.1","0.36666666666666664"
"31","200","1","4","481","0.925","0.23125"
"32","200","1","4","456","0.9","0.225"
"30","200","1","3","430","1.14","0.38"
"31","200","1","4","482","1.1","0.275"
"32","200","1","4","457","0.975","0.24375"
"30","200","1","3","431","1.22","0.4066666666666667"
"31","200","1","4","483","0.95","0.2375"
"32","200","1","4","458","1.05","0.2625"
"30","200","1","3","432","1.12","0.37333333333333335"
"31","200","1","4","484","1.025","0.25625"
"32","200","1","4","459","1.2","0.3"
"30","200","1","3","433","1.1","0.36666666666666664"
"32","200","1","4","460","1.2","0.3"
"31","200","1","4","485","1.4","0.35"
"30","200","1","3","434","1.14","0.38"
"32","200","1","4","461","1.1","0.275"
"31","200","1","4","486","0.975","0.24375"
"32","200","1","4","462","1.275","0.31875"
"30","200","1","3","435","0.94","0.31333333333333335"
"31","200","1","4","487","0.975","0.24375"
"32","200","1","4","463","0.95","0.2375"
"30","200","1","3","436","0.84","0.28"
"31","200","1","4","488","0.75","0.1875"
"32","200","1","4","464","0.975","0.24375"
"31","200","1","4","489","1.1","0.275"
"32","200","1","4","465","0.975","0.24375"
"30","200","1","3","437","0.92","0.30666666666666664"
"31","200","1","4","490","1.025","0.25625"
"32","200","1","4","466","1.3","0.325"
"30","200","1","3","438","1","0.3333333333333333"
"31","200","1","4","491","1.05","0.2625"
"32","200","1","4","467","1.2","0.3"
"30","200","1","3","439","1.1","0.36666666666666664"
"31","200","1","4","492","0.8","0.2"
"32","200","1","4","468","0.85","0.2125"
"30","200","1","3","440","1.2","0.4"
"31","200","1","4","493","0.875","0.21875"
"32","200","1","4","469","1.125","0.28125"
"30","200","1","3","441","1.06","0.35333333333333333"
"31","200","1","4","494","1.05","0.2625"
"32","200","1","4","470","1.05","0.2625"
"30","200","1","3","442","1.02","0.34"
"31","200","1","4","495","0.8","0.2"
"32","200","1","4","471","1.15","0.2875"
"30","200","1","3","443","0.86","0.2866666666666667"
"31","200","1","4","496","1.125","0.28125"
"32","200","1","4","472","1.075","0.26875"
"30","200","1","3","444","0.94","0.31333333333333335"
"31","200","1","4","497","0.775","0.19375"
"32","200","1","4","473","1.125","0.28125"
"30","200","1","3","445","0.88","0.29333333333333333"
"31","200","1","4","498","1.025","0.25625"
"32","200","1","4","474","1","0.25"
"30","200","1","3","446","1.08","0.36"
"32","200","1","4","475","1.025","0.25625"
"30","200","1","3","447","1.08","0.36"
"31","200","1","4","499","1.1","0.275"
"30","200","1","3","448","1.16","0.38666666666666666"
"31","200","1","4","500","1.075","0.26875"
"32","200","1","4","476","0.95","0.2375"
"32","200","1","4","477","0.8","0.2"
"30","200","1","3","449","0.96","0.32"
"30","200","1","3","450","1","0.3333333333333333"
"32","200","1","4","478","1.125","0.28125"
"30","200","1","3","451","0.94","0.31333333333333335"
"32","200","1","4","479","1.05","0.2625"
"32","200","1","4","480","1.1","0.275"
"30","200","1","3","452","0.92","0.30666666666666664"
"32","200","1","4","481","0.875","0.21875"
"30","200","1","3","453","0.72","0.24"
"32","200","1","4","482","1.1","0.275"
"30","200","1","3","454","0.84","0.28"
"32","200","1","4","483","0.825","0.20625"
"30","200","1","3","455","1.16","0.38666666666666666"
"32","200","1","4","484","1.15","0.2875"
"30","200","1","3","456","0.84","0.28"
"32","200","1","4","485","1.05","0.2625"
"30","200","1","3","457","1.02","0.34"
"32","200","1","4","486","1.325","0.33125"
"30","200","1","3","458","1.02","0.34"
"32","200","1","4","487","1.05","0.2625"
"30","200","1","3","459","0.94","0.31333333333333335"
"32","200","1","4","488","0.975","0.24375"
"30","200","1","3","460","1.18","0.3933333333333333"
"32","200","1","4","489","1.025","0.25625"
"30","200","1","3","461","0.98","0.32666666666666666"
"32","200","1","4","490","0.85","0.2125"
"30","200","1","3","462","0.9","0.3"
"32","200","1","4","491","0.925","0.23125"
"30","200","1","3","463","1","0.3333333333333333"
"32","200","1","4","492","0.925","0.23125"
"30","200","1","3","464","0.84","0.28"
"32","200","1","4","493","0.7","0.175"
"32","200","1","4","494","0.975","0.24375"
"30","200","1","3","465","1","0.3333333333333333"
"32","200","1","4","495","0.825","0.20625"
"30","200","1","3","466","1.14","0.38"
"32","200","1","4","496","1.175","0.29375"
"30","200","1","3","467","1","0.3333333333333333"
"32","200","1","4","497","1.1","0.275"
"30","200","1","3","468","1","0.3333333333333333"
"32","200","1","4","498","1.15","0.2875"
"30","200","1","3","469","0.9","0.3"
"32","200","1","4","499","1","0.25"
"30","200","1","3","470","0.96","0.32"
"32","200","1","4","500","0.975","0.24375"
"30","200","1","3","471","0.88","0.29333333333333333"
"30","200","1","3","472","0.86","0.2866666666666667"
"30","200","1","3","473","0.8","0.26666666666666666"
"30","200","1","3","474","0.94","0.31333333333333335"
"30","200","1","3","475","0.92","0.30666666666666664"
"30","200","1","3","476","0.88","0.29333333333333333"
"30","200","1","3","477","0.88","0.29333333333333333"
"30","200","1","3","478","0.9","0.3"
"30","200","1","3","479","0.66","0.22"
"30","200","1","3","480","0.7","0.23333333333333334"
"30","200","1","3","481","1.06","0.35333333333333333"
"30","200","1","3","482","0.78","0.26"
"30","200","1","3","483","0.92","0.30666666666666664"
"30","200","1","3","484","0.88","0.29333333333333333"
"30","200","1","3","485","0.96","0.32"
"30","200","1","3","486","0.9","0.3"
"30","200","1","3","487","0.84","0.28"
"30","200","1","3","488","0.86","0.2866666666666667"
"30","200","1","3","489","0.92","0.30666666666666664"
"30","200","1","3","490","0.98","0.32666666666666666"
"30","200","1","3","491","0.88","0.29333333333333333"
"30","200","1","3","492","1.06","0.35333333333333333"
"30","200","1","3","493","0.94","0.31333333333333335"
"30","200","1","3","494","0.98","0.32666666666666666"
"30","200","1","3","495","1.06","0.35333333333333333"
"30","200","1","3","496","1.06","0.35333333333333333"
"30","200","1","3","497","1.08","0.36"
"30","200","1","3","498","1.04","0.3466666666666667"
"30","200","1","3","499","1.02","0.34"
"30","200","1","3","500","1.06","0.35333333333333333"
