"BehaviorSpace results (NetLogo 6.4.0)","Spreadsheet version 2.0"
"NS_Model - CAR T Cells (2).nlogo"
"unique patches visited+tp_relationship"
"02/12/2026 05:57:49:047 -0500"
"min-pxcor","max-pxcor","min-pycor","max-pycor"
"-16","16","-16","16"
"[run number]","1","1","1","1","2","2","2","2","3","3","3","3","4","4","4","4","5","5","5","5","6","6","6","6","7","7","7","7","8","8","8","8","9","9","9","9","10","10","10","10","11","11","11","11","12","12","12","12","13","13","13","13","14","14","14","14","15","15","15","15","16","16","16","16","17","17","17","17","18","18","18","18","19","19","19","19","20","20","20","20","21","21","21","21","22","22","22","22","23","23","23","23","24","24","24","24","25","25","25","25","26","26","26","26","27","27","27","27","28","28","28","28","29","29","29","29","30","30","30","30","31","31","31","31","32","32","32","32","33","33","33","33","34","34","34","34","35","35","35","35","36","36","36","36","37","37","37","37","38","38","38","38","39","39","39","39","40","40","40","40","41","41","41","41","42","42","42","42","43","43","43","43","44","44","44","44","45","45","45","45","46","46","46","46","47","47","47","47","48","48","48","48","49","49","49","49","50","50","50","50"
"c-ratio","5",,,,"5",,,,"5",,,,"5",,,,"5",,,,"5",,,,"5",,,,"5",,,,"5",,,,"5",,,,"5",,,,"5",,,,"5",,,,"5",,,,"5",,,,"5",,,,"5",,,,"5",,,,"5",,,,"5",,,,"5",,,,"5",,,,"5",,,,"5",,,,"5",,,,"5",,,,"5",,,,"5",,,,"5",,,,"5",,,,"5",,,,"5",,,,"5",,,,"5",,,,"5",,,,"5",,,,"5",,,,"5",,,,"5",,,,"5",,,,"5",,,,"5",,,,"5",,,,"5",,,,"5",,,,"5",,,,"5",,,,"5",,,,"5",,,,"5",,,
"total-cells","200",,,,"200",,,,"200",,,,"200",,,,"200",,,,"200",,,,"200",,,,"200",,,,"200",,,,"200",,,,"200",,,,"200",,,,"200",,,,"200",,,,"200",,,,"200",,,,"200",,,,"200",,,,"200",,,,"200",,,,"200",,,,"200",,,,"200",,,,"200",,,,"200",,,,"200",,,,"200",,,,"200",,,,"200",,,,"200",,,,"200",,,,"200",,,,"200",,,,"200",,,,"200",,,,"200",,,,"200",,,,"200",,,,"200",,,,"200",,,,"200",,,,"200",,,,"200",,,,"200",,,,"200",,,,"200",,,,"200",,,,"200",,,,"200",,,,"200",,,
"tp","10",,,,"10",,,,"10",,,,"10",,,,"10",,,,"20",,,,"20",,,,"20",,,,"20",,,,"20",,,,"30",,,,"30",,,,"30",,,,"30",,,,"30",,,,"40",,,,"40",,,,"40",,,,"40",,,,"40",,,,"50",,,,"50",,,,"50",,,,"50",,,,"50",,,,"60",,,,"60",,,,"60",,,,"60",,,,"60",,,,"70",,,,"70",,,,"70",,,,"70",,,,"70",,,,"80",,,,"80",,,,"80",,,,"80",,,,"80",,,,"90",,,,"90",,,,"90",,,,"90",,,,"90",,,,"100",,,,"100",,,,"100",,,,"100",,,,"100",,,
"num-cs","166.66666666666669",,,,"166.66666666666669",,,,"166.66666666666669",,,,"166.66666666666669",,,,"166.66666666666669",,,,"166.66666666666669",,,,"166.66666666666669",,,,"166.66666666666669",,,,"166.66666666666669",,,,"166.66666666666669",,,,"166.66666666666669",,,,"166.66666666666669",,,,"166.66666666666669",,,,"166.66666666666669",,,,"166.66666666666669",,,,"166.66666666666669",,,,"166.66666666666669",,,,"166.66666666666669",,,,"166.66666666666669",,,,"166.66666666666669",,,,"166.66666666666669",,,,"166.66666666666669",,,,"166.66666666666669",,,,"166.66666666666669",,,,"166.66666666666669",,,,"166.66666666666669",,,,"166.66666666666669",,,,"166.66666666666669",,,,"166.66666666666669",,,,"166.66666666666669",,,,"166.66666666666669",,,,"166.66666666666669",,,,"166.66666666666669",,,,"166.66666666666669",,,,"166.66666666666669",,,,"166.66666666666669",,,,"166.66666666666669",,,,"166.66666666666669",,,,"166.66666666666669",,,,"166.66666666666669",,,,"166.66666666666669",,,,"166.66666666666669",,,,"166.66666666666669",,,,"166.66666666666669",,,,"166.66666666666669",,,,"166.66666666666669",,,,"166.66666666666669",,,,"166.66666666666669",,,,"166.66666666666669",,,,"166.66666666666669",,,
"mp","100",,,,"100",,,,"100",,,,"100",,,,"100",,,,"100",,,,"100",,,,"100",,,,"100",,,,"100",,,,"100",,,,"100",,,,"100",,,,"100",,,,"100",,,,"100",,,,"100",,,,"100",,,,"100",,,,"100",,,,"100",,,,"100",,,,"100",,,,"100",,,,"100",,,,"100",,,,"100",,,,"100",,,,"100",,,,"100",,,,"100",,,,"100",,,,"100",,,,"100",,,,"100",,,,"100",,,,"100",,,,"100",,,,"100",,,,"100",,,,"100",,,,"100",,,,"100",,,,"100",,,,"100",,,,"100",,,,"100",,,,"100",,,,"100",,,,"100",,,
"t-ratio","1",,,,"1",,,,"1",,,,"1",,,,"1",,,,"1",,,,"1",,,,"1",,,,"1",,,,"1",,,,"1",,,,"1",,,,"1",,,,"1",,,,"1",,,,"1",,,,"1",,,,"1",,,,"1",,,,"1",,,,"1",,,,"1",,,,"1",,,,"1",,,,"1",,,,"1",,,,"1",,,,"1",,,,"1",,,,"1",,,,"1",,,,"1",,,,"1",,,,"1",,,,"1",,,,"1",,,,"1",,,,"1",,,,"1",,,,"1",,,,"1",,,,"1",,,,"1",,,,"1",,,,"1",,,,"1",,,,"1",,,,"1",,,,"1",,,,"1",,,
"num-ts","33.333333333333336",,,,"33.333333333333336",,,,"33.333333333333336",,,,"33.333333333333336",,,,"33.333333333333336",,,,"33.333333333333336",,,,"33.333333333333336",,,,"33.333333333333336",,,,"33.333333333333336",,,,"33.333333333333336",,,,"33.333333333333336",,,,"33.333333333333336",,,,"33.333333333333336",,,,"33.333333333333336",,,,"33.333333333333336",,,,"33.333333333333336",,,,"33.333333333333336",,,,"33.333333333333336",,,,"33.333333333333336",,,,"33.333333333333336",,,,"33.333333333333336",,,,"33.333333333333336",,,,"33.333333333333336",,,,"33.333333333333336",,,,"33.333333333333336",,,,"33.333333333333336",,,,"33.333333333333336",,,,"33.333333333333336",,,,"33.333333333333336",,,,"33.333333333333336",,,,"33.333333333333336",,,,"33.333333333333336",,,,"33.333333333333336",,,,"33.333333333333336",,,,"33.333333333333336",,,,"33.333333333333336",,,,"33.333333333333336",,,,"33.333333333333336",,,,"33.333333333333336",,,,"33.333333333333336",,,,"33.333333333333336",,,,"33.333333333333336",,,,"33.333333333333336",,,,"33.333333333333336",,,,"33.333333333333336",,,,"33.333333333333336",,,,"33.333333333333336",,,,"33.333333333333336",,,,"33.333333333333336",,,,"33.333333333333336",,,
"[reporter]","[step]","count unique-patches-cs","count unique-patches-ts","mean [count unique-patches-visited] of turtles","[step]","count unique-patches-cs","count unique-patches-ts","mean [count unique-patches-visited] of turtles","[step]","count unique-patches-cs","count unique-patches-ts","mean [count unique-patches-visited] of turtles","[step]","count unique-patches-cs","count unique-patches-ts","mean [count unique-patches-visited] of turtles","[step]","count unique-patches-cs","count unique-patches-ts","mean [count unique-patches-visited] of turtles","[step]","count unique-patches-cs","count unique-patches-ts","mean [count unique-patches-visited] of turtles","[step]","count unique-patches-cs","count unique-patches-ts","mean [count unique-patches-visited] of turtles","[step]","count unique-patches-cs","count unique-patches-ts","mean [count unique-patches-visited] of turtles","[step]","count unique-patches-cs","count unique-patches-ts","mean [count unique-patches-visited] of turtles","[step]","count unique-patches-cs","count unique-patches-ts","mean [count unique-patches-visited] of turtles","[step]","count unique-patches-cs","count unique-patches-ts","mean [count unique-patches-visited] of turtles","[step]","count unique-patches-cs","count unique-patches-ts","mean [count unique-patches-visited] of turtles","[step]","count unique-patches-cs","count unique-patches-ts","mean [count unique-patches-visited] of turtles","[step]","count unique-patches-cs","count unique-patches-ts","mean [count unique-patches-visited] of turtles","[step]","count unique-patches-cs","count unique-patches-ts","mean [count unique-patches-visited] of turtles","[step]","count unique-patches-cs","count unique-patches-ts","mean [count unique-patches-visited] of turtles","[step]","count unique-patches-cs","count unique-patches-ts","mean [count unique-patches-visited] of turtles","[step]","count unique-patches-cs","count unique-patches-ts","mean [count unique-patches-visited] of turtles","[step]","count unique-patches-cs","count unique-patches-ts","mean [count unique-patches-visited] of turtles","[step]","count unique-patches-cs","count unique-patches-ts","mean [count unique-patches-visited] of turtles","[step]","count unique-patches-cs","count unique-patches-ts","mean [count unique-patches-visited] of turtles","[step]","count unique-patches-cs","count unique-patches-ts","mean [count unique-patches-visited] of turtles","[step]","count unique-patches-cs","count unique-patches-ts","mean [count unique-patches-visited] of turtles","[step]","count unique-patches-cs","count unique-patches-ts","mean [count unique-patches-visited] of turtles","[step]","count unique-patches-cs","count unique-patches-ts","mean [count unique-patches-visited] of turtles","[step]","count unique-patches-cs","count unique-patches-ts","mean [count unique-patches-visited] of turtles","[step]","count unique-patches-cs","count unique-patches-ts","mean [count unique-patches-visited] of turtles","[step]","count unique-patches-cs","count unique-patches-ts","mean [count unique-patches-visited] of turtles","[step]","count unique-patches-cs","count unique-patches-ts","mean [count unique-patches-visited] of turtles","[step]","count unique-patches-cs","count unique-patches-ts","mean [count unique-patches-visited] of turtles","[step]","count unique-patches-cs","count unique-patches-ts","mean [count unique-patches-visited] of turtles","[step]","count unique-patches-cs","count unique-patches-ts","mean [count unique-patches-visited] of turtles","[step]","count unique-patches-cs","count unique-patches-ts","mean [count unique-patches-visited] of turtles","[step]","count unique-patches-cs","count unique-patches-ts","mean [count unique-patches-visited] of turtles","[step]","count unique-patches-cs","count unique-patches-ts","mean [count unique-patches-visited] of turtles","[step]","count unique-patches-cs","count unique-patches-ts","mean [count unique-patches-visited] of turtles","[step]","count unique-patches-cs","count unique-patches-ts","mean [count unique-patches-visited] of turtles","[step]","count unique-patches-cs","count unique-patches-ts","mean [count unique-patches-visited] of turtles","[step]","count unique-patches-cs","count unique-patches-ts","mean [count unique-patches-visited] of turtles","[step]","count unique-patches-cs","count unique-patches-ts","mean [count unique-patches-visited] of turtles","[step]","count unique-patches-cs","count unique-patches-ts","mean [count unique-patches-visited] of turtles","[step]","count unique-patches-cs","count unique-patches-ts","mean [count unique-patches-visited] of turtles","[step]","count unique-patches-cs","count unique-patches-ts","mean [count unique-patches-visited] of turtles","[step]","count unique-patches-cs","count unique-patches-ts","mean [count unique-patches-visited] of turtles","[step]","count unique-patches-cs","count unique-patches-ts","mean [count unique-patches-visited] of turtles","[step]","count unique-patches-cs","count unique-patches-ts","mean [count unique-patches-visited] of turtles","[step]","count unique-patches-cs","count unique-patches-ts","mean [count unique-patches-visited] of turtles","[step]","count unique-patches-cs","count unique-patches-ts","mean [count unique-patches-visited] of turtles","[step]","count unique-patches-cs","count unique-patches-ts","mean [count unique-patches-visited] of turtles","[step]","count unique-patches-cs","count unique-patches-ts","mean [count unique-patches-visited] of turtles"
"[final]","200","165","181","164.9145728643216","200","185","146","162.68341708542712","200","145","185","163.14572864321607","200","157","167","166.00502512562815","200","178","146","163.31658291457288","200","172","182","161.79396984924622","200","168","181","160.06532663316582","200","155","114","163.24120603015075","200","142","177","161.72361809045225","200","147","167","161.47738693467338","200","173","161","157.42211055276383","200","166","150","157.6532663316583","200","154","167","157.46231155778895","200","161","162","155.46231155778895","200","152","152","156.8140703517588","200","147","153","151.50251256281408","200","131","115","151.90452261306532","200","166","142","151.84422110552765","200","159","155","151.41708542713567","200","162","138","151.7537688442211","200","127","135","145.1608040201005","200","142","147","146.63316582914572","200","113","141","145.39698492462313","200","141","135","145.4824120603015","200","151","153","144.64824120603015","200","141","137","137.67336683417085","200","135","130","136.65829145728642","200","143","147","137.84924623115577","200","132","149","138.3819095477387","200","142","133","137.9497487437186","200","132","138","125.1608040201005","200","149","122","125.66834170854271","200","135","144","127.60804020100502","200","130","138","125.95477386934674","200","145","129","124.39698492462311","200","91","115","111.38190954773869","200","122","122","113.41206030150754","200","138","121","112.88442211055276","200","112","116","112.15577889447236","200","90","130","113.71859296482413","200","102","118","108.45226130653266","200","121","112","110.26633165829146","200","117","108","110.678391959799","200","125","98","111.58291457286433","200","131","131","111.35175879396985","200","149","115","127.32663316582915","200","117","103","125.80402010050251","200","133","125","126.68844221105527","200","107","109","125.42713567839196","200","150","124","126.87939698492463"
"[min]","0","0","0","0","0","0","0","0","0","0","0","0","0","0","0","0","0","0","0","0","0","0","0","0","0","0","0","0","0","0","0","0","0","0","0","0","0","0","0","0","0","0","0","0","0","0","0","0","0","0","0","0","0","0","0","0","0","0","0","0","0","0","0","0","0","0","0","0","0","0","0","0","0","0","0","0","0","0","0","0","0","0","0","0","0","0","0","0","0","0","0","0","0","0","0","0","0","0","0","0","0","0","0","0","0","0","0","0","0","0","0","0","0","0","0","0","0","0","0","0","0","0","0","0","0","0","0","0","0","0","0","0","0","0","0","0","0","0","0","0","0","0","0","0","0","0","0","0","0","0","0","0","0","0","0","0","0","0","0","0","0","0","0","0","0","0","0","0","0","0","0","0","0","0","0","0","0","0","0","0","0","0","0","0","0","0","0","0","0","0","0","0","0","0","0","0","0","0","0","0"
"[max]","200","184","182","164.9145728643216","200","185","179","162.68341708542712","200","184","188","163.14572864321607","200","179","185","166.00502512562815","200","190","175","163.31658291457288","200","175","182","161.79396984924622","200","178","181","160.06532663316582","200","177","171","163.24120603015075","200","176","182","161.72361809045225","200","172","182","161.47738693467338","200","173","173","157.42211055276383","200","174","180","157.6532663316583","200","179","168","157.46231155778895","200","165","167","155.46231155778895","200","172","171","156.8140703517588","200","164","166","151.50251256281408","200","174","162","151.90452261306532","200","166","169","151.84422110552765","200","159","159","151.41708542713567","200","162","162","151.7537688442211","200","160","158","145.1608040201005","200","156","160","146.63316582914572","200","168","166","145.39698492462313","200","167","154","145.4824120603015","200","167","156","144.64824120603015","200","158","155","137.67336683417085","200","164","147","136.65829145728642","200","144","147","137.84924623115577","200","154","149","138.3819095477387","200","152","149","137.9497487437186","200","142","138","125.1608040201005","200","149","155","125.66834170854271","200","142","144","127.60804020100502","200","137","147","125.95477386934674","200","145","140","124.39698492462311","200","133","121","111.38190954773869","200","132","141","113.41206030150754","200","138","130","112.88442211055276","200","121","135","112.15577889447236","200","131","130","113.71859296482413","200","145","122","108.45226130653266","200","125","137","110.26633165829146","200","129","142","110.678391959799","200","125","122","111.58291457286433","200","142","140","111.35175879396985","200","149","139","127.32663316582915","200","137","138","125.80402010050251","200","138","134","126.68844221105527","200","142","142","125.42713567839196","200","150","144","126.87939698492463"
"[mean]","100","86.45771144278606","86.72139303482587","86.6042651066277","100","85.30845771144278","86.41791044776119","85.98524963124075","100","85.76119402985074","86.81592039800995","86.01597539938501","100","87.31343283582089","86.51243781094527","86.65979149478734","100","85.12437810945273","86.42288557213931","85.585514637866","100","85.19900497512438","84.38805970149254","84.62634065851645","100","83.59203980099502","83.04975124378109","83.9514487862196","100","85.68159203980099","84.03482587064677","84.9726493162329","100","84.07462686567165","87.02985074626865","84.2757568939224","100","84.53731343283582","84.8407960199005","84.15642891072277","100","82.45771144278606","82.28358208955224","82.13885347133676","100","82.90049751243781","81.09452736318408","81.71931798294955","100","81.88059701492537","82.16417910447761","82.1553788844721","100","80.46268656716418","82.22885572139303","80.95912397809944","100","82.56218905472637","80.03980099502488","81.6281907047676","100","79.08955223880596","80.1044776119403","78.6115402885072","100","79.27363184079601","79.70149253731343","79.12772819320486","100","78.4776119402985","75.67661691542288","78.7448186204655","100","77.7860696517413","79.45771144278606","78.59151478786976","100","77.83582089552239","80.3681592039801","78.79941998549963","100","75.19900497512438","74.07960199004975","75.15620390509763","100","75.28358208955224","75.44278606965175","75.6740918522963","100","74.68159203980099","76.25373134328358","75.69409235230879","100","75.83582089552239","73.64179104477611","75.6087902197555","100","73.95522388059702","75.34825870646766","75.03760094002352","100","71.02487562189054","71.95024875621891","71.13805345133632","100","71.39800995024876","68.2139303482587","70.79854496362408","100","71.58706467661692","70.44278606965175","70.88162204055101","100","72.17412935323384","70.09950248756219","71.39738493462337","100","71.22388059701493","70.8955223880597","71.09057726443163","100","64.85572139303483","64.93532338308458","64.86977174429357","100","65.39800995024876","67.30348258706468","65.030350758769","100","65.31840796019901","65.28358208955224","65.93997349933748","100","66.22388059701493","66.19402985074628","65.45208630215753","100","63.8955223880597","62.07960199004975","64.61119027975698","100","59.27860696517413","56.91044776119403","58.58188954723868","100","59.711442786069654","57.930348258706466","59.60924023100575","100","60.17412935323383","61.069651741293534","59.44228605715144","100","60.149253731343286","60.049751243781095","59.29848246206158","100","59.60696517412935","59.91044776119403","59.486162154053844","100","57.766169154228855","57.71641791044776","57.627390684767136","100","57.23880597014925","59.79601990049751","58.395859896497434","100","58.830845771144276","59.308457711442784","59.113977849446215","100","59.681592039801","57.42786069651741","59.308257706442646","100","59.46766169154229","59.940298507462686","58.83889597239931","100","65.05472636815921","64.82089552238806","65.26023150578766","100","64.48756218905473","63.308457711442784","64.88332208305206","100","66.34328358208955","64.00995024875621","65.29643241081025","100","63.98009950248756","63.124378109452735","64.76194404860122","100","65.04477611940298","65.51243781094527","65.18387959698993"
"[total steps]","200","200","200","200","200","200","200","200","200","200","200","200","200","200","200","200","200","200","200","200","200","200","200","200","200","200","200","200","200","200","200","200","200","200","200","200","200","200","200","200","200","200","200","200","200","200","200","200","200","200","200","200","200","200","200","200","200","200","200","200","200","200","200","200","200","200","200","200","200","200","200","200","200","200","200","200","200","200","200","200","200","200","200","200","200","200","200","200","200","200","200","200","200","200","200","200","200","200","200","200","200","200","200","200","200","200","200","200","200","200","200","200","200","200","200","200","200","200","200","200","200","200","200","200","200","200","200","200","200","200","200","200","200","200","200","200","200","200","200","200","200","200","200","200","200","200","200","200","200","200","200","200","200","200","200","200","200","200","200","200","200","200","200","200","200","200","200","200","200","200","200","200","200","200","200","200","200","200","200","200","200","200","200","200","200","200","200","200","200","200","200","200","200","200","200","200","200","200","200","200"

"[all run data]","[step]","count unique-patches-cs","count unique-patches-ts","mean [count unique-patches-visited] of turtles","[step]","count unique-patches-cs","count unique-patches-ts","mean [count unique-patches-visited] of turtles","[step]","count unique-patches-cs","count unique-patches-ts","mean [count unique-patches-visited] of turtles","[step]","count unique-patches-cs","count unique-patches-ts","mean [count unique-patches-visited] of turtles","[step]","count unique-patches-cs","count unique-patches-ts","mean [count unique-patches-visited] of turtles","[step]","count unique-patches-cs","count unique-patches-ts","mean [count unique-patches-visited] of turtles","[step]","count unique-patches-cs","count unique-patches-ts","mean [count unique-patches-visited] of turtles","[step]","count unique-patches-cs","count unique-patches-ts","mean [count unique-patches-visited] of turtles","[step]","count unique-patches-cs","count unique-patches-ts","mean [count unique-patches-visited] of turtles","[step]","count unique-patches-cs","count unique-patches-ts","mean [count unique-patches-visited] of turtles","[step]","count unique-patches-cs","count unique-patches-ts","mean [count unique-patches-visited] of turtles","[step]","count unique-patches-cs","count unique-patches-ts","mean [count unique-patches-visited] of turtles","[step]","count unique-patches-cs","count unique-patches-ts","mean [count unique-patches-visited] of turtles","[step]","count unique-patches-cs","count unique-patches-ts","mean [count unique-patches-visited] of turtles","[step]","count unique-patches-cs","count unique-patches-ts","mean [count unique-patches-visited] of turtles","[step]","count unique-patches-cs","count unique-patches-ts","mean [count unique-patches-visited] of turtles","[step]","count unique-patches-cs","count unique-patches-ts","mean [count unique-patches-visited] of turtles","[step]","count unique-patches-cs","count unique-patches-ts","mean [count unique-patches-visited] of turtles","[step]","count unique-patches-cs","count unique-patches-ts","mean [count unique-patches-visited] of turtles","[step]","count unique-patches-cs","count unique-patches-ts","mean [count unique-patches-visited] of turtles","[step]","count unique-patches-cs","count unique-patches-ts","mean [count unique-patches-visited] of turtles","[step]","count unique-patches-cs","count unique-patches-ts","mean [count unique-patches-visited] of turtles","[step]","count unique-patches-cs","count unique-patches-ts","mean [count unique-patches-visited] of turtles","[step]","count unique-patches-cs","count unique-patches-ts","mean [count unique-patches-visited] of turtles","[step]","count unique-patches-cs","count unique-patches-ts","mean [count unique-patches-visited] of turtles","[step]","count unique-patches-cs","count unique-patches-ts","mean [count unique-patches-visited] of turtles","[step]","count unique-patches-cs","count unique-patches-ts","mean [count unique-patches-visited] of turtles","[step]","count unique-patches-cs","count unique-patches-ts","mean [count unique-patches-visited] of turtles","[step]","count unique-patches-cs","count unique-patches-ts","mean [count unique-patches-visited] of turtles","[step]","count unique-patches-cs","count unique-patches-ts","mean [count unique-patches-visited] of turtles","[step]","count unique-patches-cs","count unique-patches-ts","mean [count unique-patches-visited] of turtles","[step]","count unique-patches-cs","count unique-patches-ts","mean [count unique-patches-visited] of turtles","[step]","count unique-patches-cs","count unique-patches-ts","mean [count unique-patches-visited] of turtles","[step]","count unique-patches-cs","count unique-patches-ts","mean [count unique-patches-visited] of turtles","[step]","count unique-patches-cs","count unique-patches-ts","mean [count unique-patches-visited] of turtles","[step]","count unique-patches-cs","count unique-patches-ts","mean [count unique-patches-visited] of turtles","[step]","count unique-patches-cs","count unique-patches-ts","mean [count unique-patches-visited] of turtles","[step]","count unique-patches-cs","count unique-patches-ts","mean [count unique-patches-visited] of turtles","[step]","count unique-patches-cs","count unique-patches-ts","mean [count unique-patches-visited] of turtles","[step]","count unique-patches-cs","count unique-patches-ts","mean [count unique-patches-visited] of turtles","[step]","count unique-patches-cs","count unique-patches-ts","mean [count unique-patches-visited] of turtles","[step]","count unique-patches-cs","count unique-patches-ts","mean [count unique-patches-visited] of turtles","[step]","count unique-patches-cs","count unique-patches-ts","mean [count unique-patches-visited] of turtles","[step]","count unique-patches-cs","count unique-patches-ts","mean [count unique-patches-visited] of turtles","[step]","count unique-patches-cs","count unique-patches-ts","mean [count unique-patches-visited] of turtles","[step]","count unique-patches-cs","count unique-patches-ts","mean [count unique-patches-visited] of turtles","[step]","count unique-patches-cs","count unique-patches-ts","mean [count unique-patches-visited] of turtles","[step]","count unique-patches-cs","count unique-patches-ts","mean [count unique-patches-visited] of turtles","[step]","count unique-patches-cs","count unique-patches-ts","mean [count unique-patches-visited] of turtles","[step]","count unique-patches-cs","count unique-patches-ts","mean [count unique-patches-visited] of turtles"
,"0","0","0","0","0","0","0","0","0","0","0","0","0","0","0","0","0","0","0","0","0","0","0","0","0","0","0","0","0","0","0","0","0","0","0","0","0","0","0","0","0","0","0","0","0","0","0","0","0","0","0","0","0","0","0","0","0","0","0","0","0","0","0","0","0","0","0","0","0","0","0","0","0","0","0","0","0","0","0","0","0","0","0","0","0","0","0","0","0","0","0","0","0","0","0","0","0","0","0","0","0","0","0","0","0","0","0","0","0","0","0","0","0","0","0","0","0","0","0","0","0","0","0","0","0","0","0","0","0","0","0","0","0","0","0","0","0","0","0","0","0","0","0","0","0","0","0","0","0","0","0","0","0","0","0","0","0","0","0","0","0","0","0","0","0","0","0","0","0","0","0","0","0","0","0","0","0","0","0","0","0","0","0","0","0","0","0","0","0","0","0","0","0","0","0","0","0","0","0","0"
,"1","1","1","1","1","1","1","1","1","1","1","1","1","1","1","1","1","1","1","1","1","1","1","1","1","1","1","1","1","1","1","1","1","1","1","1","1","1","1","1","1","1","1","1","1","1","1","1","1","1","1","1","1","1","1","1","1","1","1","1","1","1","1","1","1","1","1","1","1","1","1","1","1","1","1","1","1","1","1","1","1","1","1","1","1","1","1","1","1","1","1","1","1","1","1","1","1","1","1","1","1","1","1","1","1","1","1","1","1","1","1","1","1","1","1","1","1","1","1","1","1","1","1","1","1","1","1","1","1","1","1","1","1","1","1","1","1","1","1","1","1","1","1","1","1","1","1","1","1","1","1","1","1","1","1","1","1","1","1","1","1","1","1","1","1","1","1","1","1","1","1","1","1","1","1","1","1","1","1","1","1","1","1","1","1","1","1","1","1","1","1","1","1","1","1","1","1","1","1","1"
,"2","2","2","1.9949748743718594","2","2","2","1.9698492462311559","2","2","2","1.9899497487437185","2","2","2","1.984924623115578","2","2","2","1.984924623115578","2","2","2","1.9899497487437185","2","2","2","1.9949748743718594","2","2","2","1.984924623115578","2","2","2","1.9899497487437185","2","2","2","1.979899497487437","2","2","2","1.979899497487437","2","2","2","1.9949748743718594","2","2","2","1.964824120603015","2","2","2","1.9899497487437185","2","2","2","1.9748743718592965","2","2","2","1.9698492462311559","2","2","2","1.984924623115578","2","2","2","1.9899497487437185","2","2","2","2","2","2","2","1.9949748743718594","2","2","2","2","2","2","2","2","2","2","2","1.9899497487437185","2","1","2","1.9949748743718594","2","2","2","1.9949748743718594","2","2","2","1.9949748743718594","2","2","2","2","2","2","2","2","2","2","2","2","2","2","2","1.9899497487437185","2","2","2","2","2","2","2","1.9949748743718594","2","2","2","1.9899497487437185","2","2","2","1.9899497487437185","2","2","2","2","2","2","2","2","2","2","2","2","2","2","2","1.9949748743718594","2","2","2","2","2","2","2","2","2","2","2","2","2","2","2","1.9949748743718594","2","2","2","1.9949748743718594","2","2","2","2","2","2","2","1.9949748743718594","2","2","2","2","2","2","2","2","2","2","2","2","2","2","2","2","2","2","2","2"
,"3","3","3","2.9547738693467336","3","3","3","2.8944723618090453","3","3","3","2.949748743718593","3","3","3","2.9346733668341707","3","3","3","2.9648241206030153","3","3","3","2.9447236180904524","3","3","2","2.9246231155778895","3","3","3","2.9045226130653266","3","3","3","2.9145728643216082","3","3","3","2.9045226130653266","3","2","3","2.899497487437186","3","3","3","2.92964824120603","3","2","3","2.849246231155779","3","3","3","2.8542713567839195","3","3","3","2.879396984924623","3","2","3","2.8944723618090453","3","3","3","2.879396984924623","3","3","3","2.909547738693467","3","3","3","2.909547738693467","3","3","2","2.8894472361809047","3","3","3","2.9045226130653266","3","3","3","2.864321608040201","3","3","3","2.879396984924623","3","3","3","2.899497487437186","3","3","3","2.8844221105527637","3","3","3","2.879396984924623","3","3","2","2.9045226130653266","3","3","3","2.909547738693467","3","3","3","2.8844221105527637","3","3","3","2.864321608040201","3","3","3","2.8442211055276383","3","2","3","2.8241206030150754","3","2","3","2.864321608040201","3","3","3","2.8542713567839195","3","3","2","2.8894472361809047","3","2","3","2.8894472361809047","3","3","2","2.869346733668342","3","3","3","2.9045226130653266","3","2","3","2.849246231155779","3","3","3","2.864321608040201","3","3","3","2.8743718592964824","3","3","3","2.879396984924623","3","3","3","2.8743718592964824","3","3","3","2.8844221105527637","3","3","3","2.85929648241206","3","3","3","2.85929648241206","3","3","3","2.9246231155778895","3","3","3","2.8743718592964824","3","2","3","2.8542713567839195","3","3","3","2.9045226130653266"
,"4","4","4","3.9145728643216082","4","3","4","3.8542713567839195","4","4","3","3.8944723618090453","4","4","3","3.869346733668342","4","4","4","3.92964824120603","4","4","4","3.85929648241206","4","4","4","3.8241206030150754","4","4","3","3.8241206030150754","4","4","4","3.8241206030150754","4","4","4","3.809045226130653","4","4","4","3.8040201005025125","4","4","4","3.849246231155779","4","4","4","3.7738693467336684","4","4","4","3.7185929648241207","4","4","4","3.814070351758794","4","4","4","3.7738693467336684","4","4","4","3.7386934673366836","4","3","2","3.7738693467336684","4","4","4","3.8040201005025125","4","4","3","3.7386934673366836","4","4","4","3.7537688442211055","4","4","3","3.728643216080402","4","3","4","3.7336683417085426","4","4","4","3.7386934673366836","4","4","4","3.7386934673366836","4","4","4","3.693467336683417","4","4","4","3.7236180904522613","4","4","4","3.7537688442211055","4","4","4","3.71356783919598","4","4","4","3.7537688442211055","4","3","4","3.693467336683417","4","4","4","3.608040201005025","4","3","4","3.658291457286432","4","4","4","3.71356783919598","4","3","4","3.6834170854271355","4","4","4","3.6733668341708543","4","4","4","3.6683417085427137","4","4","4","3.7386934673366836","4","4","3","3.663316582914573","4","4","4","3.6683417085427137","4","4","4","3.7236180904522613","4","4","4","3.7236180904522613","4","4","4","3.6884422110552766","4","4","4","3.7437185929648242","4","4","4","3.7185929648241207","4","4","4","3.7386934673366836","4","3","4","3.798994974874372","4","4","4","3.6331658291457285","4","4","3","3.7236180904522613","4","3","4","3.778894472361809"
,"5","5","5","4.874371859296482","5","5","5","4.788944723618091","5","5","5","4.844221105527638","5","5","3","4.788944723618091","5","5","3","4.85929648241206","5","5","5","4.778894472361809","5","5","5","4.723618090452261","5","5","5","4.748743718592965","5","4","5","4.728643216080402","5","4","5","4.668341708542713","5","5","5","4.693467336683417","5","4","3","4.758793969849246","5","5","4","4.633165829145729","5","4","5","4.592964824120603","5","5","5","4.71859296482412","5","3","5","4.628140703517588","5","5","5","4.597989949748744","5","5","5","4.623115577889447","5","5","5","4.663316582914573","5","4","5","4.542713567839196","5","5","5","4.592964824120603","5","4","5","4.562814070351759","5","4","5","4.522613065326633","5","5","5","4.623115577889447","5","5","4","4.5125628140703515","5","4","5","4.5376884422110555","5","5","5","4.492462311557789","5","4","5","4.547738693467337","5","4","5","4.532663316582915","5","4","4","4.547738693467337","5","5","5","4.5125628140703515","5","4","5","4.391959798994975","5","4","4","4.407035175879397","5","5","5","4.477386934673367","5","4","5","4.4874371859296485","5","4","4","4.4874371859296485","5","4","5","4.442211055276382","5","5","5","4.49748743718593","5","4","4","4.422110552763819","5","5","5","4.437185929648241","5","5","4","4.467336683417085","5","2","5","4.522613065326633","5","4","4","4.4874371859296485","5","5","5","4.507537688442211","5","5","5","4.507537688442211","5","5","4","4.567839195979899","5","4","5","4.592964824120603","5","5","4","4.447236180904523","5","5","5","4.50251256281407","5","5","4","4.552763819095477"
,"6","6","6","5.798994974874372","6","6","6","5.733668341708543","6","6","6","5.788944723618091","6","6","6","5.728643216080402","6","6","6","5.798994974874372","6","5","6","5.71859296482412","6","6","6","5.597989949748744","6","5","5","5.683417085427136","6","6","5","5.618090452261306","6","5","6","5.567839195979899","6","4","5","5.567839195979899","6","6","6","5.597989949748744","6","6","6","5.49748743718593","6","6","6","5.457286432160804","6","6","6","5.567839195979899","6","6","6","5.442211055276382","6","4","5","5.437185929648241","6","6","6","5.472361809045226","6","6","6","5.50251256281407","6","6","5","5.336683417085427","6","5","6","5.417085427135678","6","6","6","5.35678391959799","6","5","6","5.311557788944723","6","6","5","5.442211055276382","6","4","6","5.336683417085427","6","4","6","5.366834170854271","6","6","6","5.28140703517588","6","6","6","5.316582914572864","6","5","5","5.301507537688442","6","5","5","5.341708542713568","6","5","6","5.271356783919598","6","5","6","5.125628140703518","6","6","6","5.251256281407035","6","4","6","5.2462311557788945","6","5","5","5.261306532663316","6","3","6","5.206030150753769","6","6","6","5.190954773869347","6","6","6","5.301507537688442","6","5","6","5.1457286432160805","6","6","6","5.21608040201005","6","3","6","5.201005025125628","6","5","6","5.28643216080402","6","6","5","5.28643216080402","6","6","5","5.316582914572864","6","6","6","5.291457286432161","6","5","6","5.28643216080402","6","5","6","5.336683417085427","6","5","4","5.206030150753769","6","6","6","5.316582914572864","6","6","4","5.336683417085427"
,"7","7","7","6.748743718592965","7","7","7","6.673366834170854","7","6","7","6.733668341708543","7","6","7","6.693467336683417","7","7","5","6.728643216080402","7","7","7","6.678391959798995","7","7","5","6.4874371859296485","7","7","7","6.608040201005025","7","5","7","6.547738693467337","7","7","7","6.472361809045226","7","6","7","6.452261306532663","7","7","7","6.447236180904523","7","6","7","6.381909547738694","7","6","7","6.316582914572864","7","7","7","6.437185929648241","7","5","7","6.261306532663316","7","7","6","6.276381909547739","7","5","7","6.311557788944723","7","5","7","6.346733668341709","7","7","7","6.135678391959799","7","5","7","6.1959798994974875","7","7","6","6.155778894472362","7","5","7","6.100502512562814","7","6","7","6.261306532663316","7","7","7","6.1206030150753765","7","7","7","6.150753768844221","7","7","6","6.035175879396985","7","6","6","6.0703517587939695","7","6","7","6.065326633165829","7","5","7","6.090452261306533","7","4","7","6.050251256281407","7","5","5","5.85929648241206","7","7","7","6.045226130653266","7","6","6","5.939698492462312","7","5","5","6","7","6","4","5.944723618090452","7","7","4","5.934673366834171","7","6","5","6.025125628140704","7","7","6","5.9045226130653266","7","5","6","5.9798994974874375","7","5","5","5.934673366834171","7","7","7","6.030150753768845","7","7","6","6.045226130653266","7","5","6","6.030150753768845","7","7","6","6.040201005025126","7","5","7","6.025125628140704","7","6","7","6.060301507537688","7","7","7","5.914572864321608","7","6","7","6.100502512562814","7","6","6","6.0954773869346734"
,"8","8","8","7.673366834170854","8","8","6","7.618090452261306","8","8","8","7.703517587939698","8","8","8","7.633165829145729","8","8","8","7.668341708542713","8","7","8","7.603015075376884","8","8","7","7.437185929648241","8","8","8","7.522613065326633","8","8","8","7.477386934673367","8","8","8","7.376884422110553","8","6","7","7.35678391959799","8","8","7","7.291457286432161","8","8","8","7.28140703517588","8","6","5","7.206030150753769","8","8","8","7.336683417085427","8","6","8","7.055276381909548","8","7","8","7.1457286432160805","8","6","6","7.125628140703518","8","8","7","7.1457286432160805","8","8","7","7.015075376884422","8","7","8","6.9798994974874375","8","8","4","6.969849246231155","8","8","8","6.864321608040201","8","7","5","7.0703517587939695","8","6","8","6.934673366834171","8","7","7","6.959798994974874","8","7","8","6.793969849246231","8","7","6","6.8040201005025125","8","8","4","6.778894472361809","8","8","7","6.849246231155779","8","6","8","6.723618090452261","8","5","6","6.623115577889447","8","6","6","6.763819095477387","8","8","6","6.653266331658291","8","8","7","6.733668341708543","8","6","6","6.63819095477387","8","5","6","6.597989949748744","8","7","6","6.743718592964824","8","7","4","6.603015075376884","8","7","6","6.63819095477387","8","6","6","6.663316582914573","8","6","6","6.698492462311558","8","8","7","6.798994974874372","8","8","6","6.758793969849246","8","7","7","6.793969849246231","8","8","8","6.763819095477387","8","8","4","6.7537688442211055","8","7","7","6.663316582914573","8","6","7","6.793969849246231","8","7","7","6.8291457286432165"
,"9","9","9","8.64824120603015","9","7","9","8.517587939698492","9","9","9","8.64824120603015","9","8","9","8.56281407035176","9","9","9","8.608040201005025","9","9","9","8.537688442211055","9","8","9","8.391959798994975","9","9","9","8.391959798994975","9","9","9","8.35175879396985","9","9","7","8.296482412060302","9","9","9","8.256281407035177","9","9","9","8.140703517587939","9","9","8","8.175879396984925","9","9","5","8.035175879396984","9","9","8","8.21105527638191","9","9","9","7.869346733668341","9","9","7","7.964824120603015","9","7","6","7.9296482412060305","9","6","9","7.954773869346734","9","9","9","7.834170854271357","9","7","8","7.743718592964824","9","7","8","7.748743718592965","9","7","9","7.688442211055277","9","8","8","7.85929648241206","9","8","9","7.78391959798995","9","6","7","7.748743718592965","9","9","6","7.557788944723618","9","8","7","7.597989949748744","9","8","7","7.542713567839196","9","8","7","7.557788944723618","9","8","9","7.417085427135678","9","7","9","7.321608040201005","9","7","8","7.4874371859296485","9","5","9","7.417085427135678","9","7","9","7.50251256281407","9","8","8","7.291457286432161","9","7","9","7.336683417085427","9","9","7","7.437185929648241","9","9","7","7.326633165829146","9","5","9","7.321608040201005","9","9","8","7.407035175879397","9","7","6","7.376884422110553","9","8","5","7.557788944723618","9","9","7","7.482412060301508","9","7","7","7.472361809045226","9","6","8","7.4874371859296485","9","6","6","7.452261306532663","9","9","9","7.381909547738694","9","7","7","7.547738693467337","9","4","7","7.597989949748744"
,"10","10","10","9.597989949748744","10","10","7","9.462311557788945","10","9","9","9.608040201005025","10","10","8","9.487437185929648","10","9","8","9.552763819095478","10","10","7","9.477386934673367","10","7","10","9.28643216080402","10","9","10","9.321608040201005","10","9","10","9.21608040201005","10","10","10","9.155778894472363","10","10","10","9.125628140703517","10","9","9","9.00502512562814","10","7","9","9.020100502512562","10","8","9","8.93467336683417","10","10","9","9.075376884422111","10","10","10","8.71356783919598","10","10","9","8.824120603015075","10","7","9","8.753768844221106","10","10","9","8.773869346733669","10","7","7","8.673366834170855","10","10","10","8.477386934673367","10","10","8","8.57286432160804","10","10","9","8.557788944723619","10","6","9","8.673366834170855","10","8","10","8.633165829145728","10","8","8","8.487437185929648","10","10","8","8.341708542713567","10","7","10","8.301507537688442","10","7","9","8.301507537688442","10","6","8","8.256281407035177","10","8","9","8.06532663316583","10","8","7","7.9798994974874375","10","8","7","8.190954773869347","10","10","10","8.160804020100503","10","7","10","8.231155778894472","10","9","10","7.974874371859296","10","9","9","8.100502512562814","10","10","8","8.140703517587939","10","9","9","8","10","8","10","7.9798994974874375","10","10","9","8.115577889447236","10","8","9","8.055276381909549","10","10","8","8.236180904522612","10","8","9","8.190954773869347","10","8","10","8.125628140703517","10","7","8","8.226130653266331","10","8","6","8.160804020100503","10","9","8","8.080402010050252","10","9","9","8.316582914572864","10","8","8","8.28643216080402"
,"11","11","11","10.552763819095478","11","11","9","10.447236180904522","11","11","9","10.57286432160804","11","11","9","10.442211055276381","11","10","9","10.512562814070352","11","8","11","10.396984924623116","11","10","9","10.195979899497488","11","9","10","10.236180904522612","11","10","10","10.125628140703517","11","8","10","10.075376884422111","11","8","8","9.93969849246231","11","10","11","9.859296482412061","11","10","11","9.909547738693467","11","10","10","9.763819095477388","11","10","9","9.924623115577889","11","9","10","9.527638190954773","11","9","11","9.668341708542714","11","10","10","9.592964824120603","11","8","8","9.613065326633166","11","8","10","9.472361809045227","11","11","10","9.21105527638191","11","8","10","9.376884422110553","11","9","11","9.386934673366834","11","11","11","9.462311557788945","11","10","10","9.42713567839196","11","10","9","9.236180904522612","11","8","8","9.105527638190955","11","10","8","8.979899497487438","11","10","9","9.07035175879397","11","8","9","8.99497487437186","11","6","10","8.733668341708542","11","8","7","8.64824120603015","11","8","9","8.914572864321608","11","9","11","8.839195979899497","11","8","10","8.93467336683417","11","10","10","8.658291457286433","11","11","8","8.834170854271356","11","7","7","8.768844221105528","11","7","8","8.663316582914574","11","6","10","8.708542713567839","11","11","8","8.748743718592964","11","9","9","8.738693467336683","11","9","10","8.93467336683417","11","9","9","8.864321608040202","11","10","11","8.829145728643216","11","7","10","8.894472361809045","11","9","10","8.909547738693467","11","9","7","8.758793969849247","11","9","8","9.030150753768844","11","10","10","8.949748743718592"
,"12","12","12","11.50251256281407","12","12","12","11.422110552763819","12","12","12","11.49748743718593","12","11","11","11.391959798994975","12","12","11","11.482412060301508","12","10","12","11.28643216080402","12","12","12","11.080402010050252","12","11","11","11.150753768844222","12","12","12","11.035175879396984","12","12","8","10.974874371859297","12","12","11","10.824120603015075","12","11","11","10.748743718592964","12","11","11","10.78894472361809","12","8","12","10.618090452261306","12","8","10","10.78894472361809","12","10","9","10.321608040201005","12","11","10","10.50251256281407","12","11","10","10.417085427135678","12","11","12","10.442211055276381","12","12","12","10.326633165829145","12","12","10","10.00502512562814","12","12","11","10.170854271356784","12","10","9","10.21608040201005","12","10","12","10.261306532663317","12","9","12","10.256281407035177","12","8","10","9.944723618090451","12","10","10","9.874371859296483","12","12","10","9.748743718592964","12","10","11","9.834170854271356","12","10","9","9.768844221105528","12","11","11","9.4321608040201","12","12","10","9.346733668341708","12","11","12","9.623115577889447","12","7","10","9.512562814070352","12","10","12","9.552763819095478","12","7","8","9.291457286432161","12","8","6","9.517587939698492","12","11","10","9.452261306532664","12","11","7","9.296482412060302","12","8","4","9.391959798994975","12","11","10","9.487437185929648","12","11","9","9.4321608040201","12","10","10","9.64321608040201","12","7","11","9.582914572864322","12","11","11","9.547738693467336","12","10","11","9.603015075376884","12","10","9","9.592964824120603","12","11","8","9.472361809045227","12","11","8","9.71356783919598","12","9","11","9.673366834170855"
,"13","13","11","12.442211055276381","13","13","13","12.391959798994975","13","13","12","12.4321608040201","13","11","11","12.346733668341708","13","13","13","12.43718592964824","13","13","12","12.170854271356784","13","12","12","11.99497487437186","13","13","11","12.055276381909549","13","13","13","11.969849246231156","13","13","13","11.899497487437186","13","13","12","11.688442211055277","13","10","10","11.5678391959799","13","13","8","11.683417085427136","13","11","13","11.482412060301508","13","11","13","11.693467336683417","13","12","10","11.120603015075377","13","12","11","11.326633165829145","13","11","11","11.206030150753769","13","13","13","11.321608040201005","13","8","11","11.130653266331658","13","12","9","10.793969849246231","13","12","10","10.984924623115578","13","11","12","10.984924623115578","13","11","10","11.090452261306533","13","10","12","10.989949748743719","13","12","13","10.688442211055277","13","11","11","10.653266331658292","13","12","9","10.482412060301508","13","10","11","10.512562814070352","13","12","11","10.537688442211055","13","11","11","10.180904522613066","13","8","10","10.015075376884422","13","9","12","10.366834170854272","13","10","11","10.266331658291458","13","8","10","10.256281407035177","13","11","7","9.99497487437186","13","10","8","10.251256281407036","13","10","10","10.115577889447236","13","10","7","10.00502512562814","13","13","9","10.06532663316583","13","8","8","10.185929648241206","13","12","13","10.075376884422111","13","8","12","10.321608040201005","13","9","9","10.22110552763819","13","11","11","10.165829145728644","13","11","10","10.28643216080402","13","10","10","10.28643216080402","13","10","10","10.095477386934673","13","11","12","10.402010050251256","13","11","10","10.361809045226131"
,"14","11","14","13.366834170854272","14","14","14","13.321608040201005","14","14","14","13.386934673366834","14","14","12","13.291457286432161","14","11","14","13.396984924623116","14","14","14","13.07035175879397","14","14","14","12.899497487437186","14","14","14","12.974874371859297","14","14","14","12.85427135678392","14","14","13","12.77889447236181","14","13","13","12.507537688442211","14","14","13","12.381909547738694","14","14","11","12.542713567839195","14","13","13","12.386934673366834","14","13","14","12.517587939698492","14","14","13","11.954773869346734","14","14","12","12.165829145728644","14","12","9","11.954773869346734","14","12","11","12.170854271356784","14","10","12","11.969849246231156","14","14","9","11.582914572864322","14","12","11","11.809045226130653","14","10","11","11.743718592964823","14","11","11","11.889447236180905","14","11","6","11.773869346733669","14","11","12","11.386934673366834","14","10","11","11.386934673366834","14","13","11","11.226130653266331","14","10","9","11.241206030150753","14","12","13","11.261306532663317","14","10","5","10.919597989949748","14","9","8","10.658291457286433","14","13","12","11.135678391959798","14","14","11","10.954773869346734","14","11","6","10.979899497487438","14","9","8","10.663316582914574","14","12","8","10.959798994974875","14","11","12","10.809045226130653","14","11","10","10.64824120603015","14","10","10","10.71859296482412","14","10","7","10.839195979899497","14","10","12","10.773869346733669","14","11","10","10.93467336683417","14","12","8","10.944723618090451","14","9","13","10.77889447236181","14","13","10","10.954773869346734","14","12","11","10.959798994974875","14","7","12","10.77889447236181","14","12","13","11.06030150753769","14","9","10","11.040201005025125"
,"15","13","15","14.296482412060302","15","15","13","14.291457286432161","15","14","15","14.35678391959799","15","15","14","14.261306532663317","15","14","15","14.346733668341708","15","14","14","13.984924623115578","15","15","13","13.814070351758794","15","13","13","13.899497487437186","15","8","13","13.753768844221106","15","15","15","13.653266331658292","15","13","9","13.381909547738694","15","13","13","13.266331658291458","15","11","10","13.412060301507537","15","14","11","13.301507537688442","15","14","15","13.407035175879397","15","11","11","12.753768844221106","15","11","12","12.99497487437186","15","13","13","12.72361809045226","15","14","14","13.015075376884422","15","14","13","12.798994974874372","15","15","15","12.35678391959799","15","11","12","12.638190954773869","15","12","12","12.557788944723619","15","12","12","12.678391959798995","15","12","13","12.587939698492463","15","11","14","12.150753768844222","15","15","13","12.085427135678392","15","8","9","11.969849246231156","15","13","10","11.954773869346734","15","15","10","12","15","9","12","11.638190954773869","15","11","14","11.381909547738694","15","13","10","11.824120603015075","15","13","15","11.64321608040201","15","13","14","11.71356783919598","15","12","13","11.331658291457286","15","10","9","11.577889447236181","15","11","11","11.447236180904522","15","12","13","11.27638190954774","15","13","13","11.376884422110553","15","13","14","11.507537688442211","15","11","14","11.422110552763819","15","13","12","11.618090452261306","15","13","8","11.592964824120603","15","13","13","11.447236180904522","15","10","13","11.653266331658292","15","11","9","11.597989949748744","15","12","13","11.422110552763819","15","14","12","11.71356783919598","15","13","12","11.678391959798995"
,"16","14","16","15.256281407035177","16","15","14","15.226130653266331","16","16","14","15.301507537688442","16","11","14","15.21105527638191","16","16","15","15.28140703517588","16","16","16","14.884422110552764","16","11","14","14.71356783919598","16","15","16","14.839195979899497","16","15","16","14.628140703517587","16","15","16","14.552763819095478","16","14","14","14.251256281407036","16","16","13","14.14572864321608","16","15","15","14.306532663316583","16","11","16","14.201005025125628","16","14","16","14.306532663316583","16","14","16","13.547738693467336","16","13","13","13.814070351758794","16","14","14","13.527638190954773","16","16","15","13.85427135678392","16","16","12","13.663316582914574","16","14","15","13.14572864321608","16","15","12","13.376884422110553","16","14","13","13.35175879396985","16","11","14","13.407035175879397","16","14","14","13.417085427135678","16","13","14","12.93467336683417","16","15","15","12.793969849246231","16","13","14","12.71356783919598","16","11","14","12.673366834170855","16","14","14","12.738693467336683","16","14","14","12.331658291457286","16","14","14","12.040201005025125","16","14","11","12.49748743718593","16","14","13","12.316582914572864","16","14","12","12.452261306532664","16","10","14","11.974874371859297","16","13","9","12.28643216080402","16","14","15","12.090452261306533","16","13","9","11.889447236180905","16","9","10","12.00502512562814","16","13","11","12.155778894472363","16","9","14","12.085427135678392","16","16","14","12.291457286432161","16","11","10","12.261306532663317","16","13","14","12.130653266331658","16","12","11","12.301507537688442","16","13","9","12.331658291457286","16","10","14","12.06030150753769","16","14","14","12.381909547738694","16","15","11","12.381909547738694"
,"17","14","17","16.21608040201005","17","17","16","16.185929648241206","17","17","17","16.21608040201005","17","15","15","16.170854271356784","17","16","16","16.251256281407034","17","16","17","15.78894472361809","17","15","15","15.623115577889447","17","17","16","15.773869346733669","17","17","16","15.527638190954773","17","16","11","15.447236180904522","17","14","15","15.130653266331658","17","16","17","14.969849246231156","17","17","16","15.21105527638191","17","13","15","15.095477386934673","17","14","17","15.180904522613066","17","12","17","14.35175879396985","17","17","12","14.638190954773869","17","10","14","14.326633165829145","17","14","16","14.71356783919598","17","13","14","14.477386934673367","17","17","13","13.92964824120603","17","12","15","14.06030150753769","17","14","14","14.105527638190955","17","16","13","14.165829145728644","17","15","12","14.206030150753769","17","11","16","13.688442211055277","17","14","15","13.5678391959799","17","9","14","13.42713567839196","17","14","15","13.42713567839196","17","16","12","13.412060301507537","17","12","15","13.075376884422111","17","13","9","12.708542713567839","17","17","14","13.185929648241206","17","15","10","13.00502512562814","17","12","12","13.125628140703517","17","13","14","12.577889447236181","17","15","13","12.904522613065327","17","11","16","12.683417085427136","17","15","15","12.542713567839195","17","14","13","12.668341708542714","17","12","16","12.78391959798995","17","12","12","12.738693467336683","17","11","12","12.909547738693467","17","11","9","12.959798994974875","17","16","11","12.809045226130653","17","9","9","12.99497487437186","17","13","16","13.040201005025125","17","8","11","12.71356783919598","17","11","12","13.00502512562814","17","11","13","13.045226130653266"
,"18","16","18","17.165829145728644","18","14","18","17.150753768844222","18","18","17","17.175879396984925","18","18","18","17.1356783919598","18","18","17","17.195979899497488","18","18","15","16.718592964824122","18","15","14","16.517587939698494","18","16","18","16.71356783919598","18","16","17","16.44221105527638","18","17","16","16.35175879396985","18","18","15","16.00502512562814","18","16","16","15.773869346733669","18","14","15","16.105527638190956","18","18","14","15.969849246231156","18","12","16","16.060301507537687","18","14","14","15.160804020100503","18","18","17","15.49748743718593","18","18","16","15.135678391959798","18","18","13","15.547738693467336","18","15","17","15.28140703517588","18","14","9","14.693467336683417","18","12","16","14.859296482412061","18","14","12","14.93969849246231","18","15","18","14.92964824120603","18","15","16","14.984924623115578","18","13","13","14.402010050251256","18","12","12","14.331658291457286","18","18","14","14.165829145728644","18","11","14","14.155778894472363","18","15","15","14.095477386934673","18","14","10","13.753768844221106","18","13","10","13.366834170854272","18","14","14","13.879396984924623","18","15","12","13.708542713567839","18","15","14","13.798994974874372","18","13","16","13.175879396984925","18","16","13","13.542713567839195","18","14","12","13.301507537688442","18","15","11","13.22110552763819","18","11","13","13.28643216080402","18","13","16","13.42713567839196","18","10","15","13.447236180904522","18","14","13","13.537688442211055","18","12","14","13.5678391959799","18","8","16","13.42713567839196","18","12","15","13.623115577889447","18","15","15","13.748743718592964","18","12","15","13.402010050251256","18","10","12","13.633165829145728","18","10","10","13.743718592964823"
,"19","19","15","18.07537688442211","19","19","19","18.105527638190956","19","17","19","18.1356783919598","19","18","17","18.115577889447238","19","15","19","18.09547738693467","19","19","19","17.633165829145728","19","19","17","17.43718592964824","19","15","18","17.623115577889447","19","19","16","17.36180904522613","19","18","19","17.21105527638191","19","17","17","16.834170854271356","19","17","17","16.603015075376884","19","18","17","16.959798994974875","19","19","19","16.814070351758794","19","17","17","16.884422110552762","19","18","17","15.93467336683417","19","17","17","16.366834170854272","19","14","17","15.969849246231156","19","17","19","16.34170854271357","19","16","15","16.08542713567839","19","18","13","15.447236180904522","19","18","17","15.623115577889447","19","16","18","15.71859296482412","19","16","16","15.743718592964823","19","16","17","15.71859296482412","19","13","17","15.100502512562814","19","13","17","15.045226130653266","19","10","15","14.859296482412061","19","17","15","14.884422110552764","19","15","16","14.844221105527637","19","17","17","14.4321608040201","19","8","16","14.030150753768844","19","14","15","14.56281407035176","19","14","17","14.422110552763819","19","11","17","14.442211055276381","19","12","11","13.763819095477388","19","10","12","14.180904522613066","19","11","16","13.884422110552764","19","15","15","13.899497487437186","19","17","14","13.92964824120603","19","13","13","14.015075376884422","19","16","15","14.130653266331658","19","15","13","14.206030150753769","19","14","17","14.165829145728644","19","14","14","14.055276381909549","19","18","15","14.231155778894472","19","17","15","14.447236180904522","19","16","16","14.095477386934673","19","15","16","14.361809045226131","19","16","19","14.42713567839196"
,"20","20","18","19.015075376884422","20","19","20","19.065326633165828","20","18","19","19.105527638190956","20","20","17","19.07035175879397","20","20","19","19.025125628140703","20","20","20","18.542713567839197","20","19","18","18.376884422110553","20","20","19","18.56281407035176","20","19","18","18.29145728643216","20","19","20","18.08040201005025","20","20","19","17.693467336683415","20","16","18","17.452261306532662","20","20","20","17.834170854271356","20","18","14","17.65829145728643","20","18","18","17.753768844221106","20","14","18","16.753768844221106","20","18","17","17.160804020100503","20","17","18","16.77889447236181","20","20","17","17.1356783919598","20","20","16","16.939698492462313","20","18","15","16.241206030150753","20","18","18","16.391959798994975","20","16","17","16.507537688442213","20","15","16","16.532663316582916","20","16","16","16.487437185929647","20","17","19","15.814070351758794","20","15","17","15.819095477386934","20","19","16","15.587939698492463","20","16","16","15.5678391959799","20","17","20","15.5678391959799","20","12","20","15.06532663316583","20","13","16","14.703517587939698","20","17","16","15.226130653266331","20","15","16","15.100502512562814","20","17","15","15.130653266331658","20","16","12","14.396984924623116","20","17","19","14.869346733668342","20","13","10","14.477386934673367","20","18","16","14.50251256281407","20","12","13","14.56281407035176","20","17","15","14.668341708542714","20","12","15","14.829145728643216","20","16","13","14.85427135678392","20","16","18","14.738693467336683","20","11","13","14.683417085427136","20","17","16","14.899497487437186","20","17","16","15.14572864321608","20","17","14","14.728643216080402","20","16","14","15.030150753768844","20","14","18","15.155778894472363"
,"21","19","19","19.92964824120603","21","20","17","20","21","20","20","20.07035175879397","21","21","18","20.01005025125628","21","18","19","19.954773869346734","21","21","21","19.462311557788944","21","20","20","19.28643216080402","21","20","19","19.482412060301506","21","21","18","19.231155778894472","21","19","21","18.99497487437186","21","20","18","18.57788944723618","21","15","21","18.311557788944725","21","17","17","18.678391959798994","21","20","17","18.55276381909548","21","20","21","18.613065326633166","21","20","18","17.5678391959799","21","17","19","18.00502512562814","21","13","13","17.603015075376884","21","18","15","17.984924623115578","21","19","19","17.79396984924623","21","18","15","17.045226130653266","21","15","19","17.12562814070352","21","21","18","17.311557788944725","21","15","16","17.301507537688444","21","16","14","17.28643216080402","21","16","14","16.537688442211056","21","19","19","16.527638190954775","21","16","12","16.311557788944725","21","15","14","16.311557788944725","21","17","18","16.306532663316585","21","18","17","15.743718592964823","21","16","13","15.42713567839196","21","12","12","15.924623115577889","21","19","15","15.793969849246231","21","15","9","15.748743718592964","21","13","14","15","21","17","12","15.492462311557789","21","18","18","15.045226130653266","21","12","11","15.175879396984925","21","15","16","15.226130653266331","21","14","18","15.21105527638191","21","21","17","15.472361809045227","21","16","9","15.472361809045227","21","12","17","15.331658291457286","21","17","13","15.291457286432161","21","14","15","15.638190954773869","21","15","18","15.809045226130653","21","16","16","15.346733668341708","21","14","16","15.728643216080402","21","12","18","15.809045226130653"
,"22","19","20","20.85929648241206","22","20","21","20.964824120603016","22","22","18","21.035175879396984","22","22","19","20.974874371859297","22","18","19","20.87939698492462","22","16","20","20.371859296482413","22","19","21","20.195979899497488","22","21","22","20.381909547738694","22","21","22","20.165829145728644","22","21","19","19.889447236180903","22","17","21","19.457286432160803","22","21","22","19.180904522613066","22","20","21","19.532663316582916","22","21","18","19.407035175879397","22","17","19","19.477386934673365","22","13","19","18.386934673366834","22","21","20","18.894472361809044","22","21","19","18.391959798994975","22","20","19","18.78894472361809","22","22","20","18.623115577889447","22","18","15","17.819095477386934","22","19","17","17.90954773869347","22","16","19","18.12562814070352","22","18","18","18.09045226130653","22","19","17","18.040201005025125","22","19","14","17.276381909547737","22","13","14","17.261306532663315","22","19","16","17.035175879396984","22","21","21","17.050251256281406","22","18","13","17.030150753768844","22","19","20","16.386934673366834","22","19","14","16.040201005025125","22","15","16","16.628140703517587","22","19","19","16.467336683417084","22","19","18","16.402010050251256","22","18","16","15.608040201005025","22","18","20","16.110552763819097","22","17","21","15.653266331658292","22","14","16","15.809045226130653","22","17","16","15.839195979899497","22","17","19","15.864321608040202","22","13","18","16.155778894472363","22","14","14","16.110552763819097","22","14","17","15.99497487437186","22","15","18","15.974874371859297","22","14","14","16.306532663316585","22","16","13","16.44723618090452","22","18","17","16.01005025125628","22","12","14","16.44221105527638","22","20","19","16.44723618090452"
,"23","23","21","21.798994974874372","23","21","23","21.889447236180903","23","22","21","21.98994974874372","23","22","23","21.92462311557789","23","23","22","21.814070351758794","23","22","23","21.306532663316585","23","21","23","21.115577889447238","23","20","21","21.29145728643216","23","22","22","21.08542713567839","23","18","20","20.77889447236181","23","21","23","20.301507537688444","23","22","23","20.07035175879397","23","22","19","20.34170854271357","23","20","19","20.261306532663315","23","17","20","20.34170854271357","23","22","21","19.21608040201005","23","20","19","19.718592964824122","23","21","20","19.190954773869347","23","21","20","19.628140703517587","23","18","20","19.462311557788944","23","16","19","18.5678391959799","23","19","12","18.64321608040201","23","19","19","18.90954773869347","23","20","19","18.834170854271356","23","17","20","18.738693467336685","23","17","16","17.979899497487438","23","16","15","17.98994974874372","23","16","14","17.763819095477388","23","19","18","17.79396984924623","23","17","18","17.723618090452263","23","18","18","17.12562814070352","23","18","14","16.673366834170853","23","19","19","17.276381909547737","23","20","20","17.07537688442211","23","15","11","17.050251256281406","23","16","20","16.21105527638191","23","20","17","16.738693467336685","23","16","19","16.261306532663315","23","17","17","16.412060301507537","23","20","14","16.492462311557787","23","14","17","16.44221105527638","23","18","18","16.733668341708544","23","17","16","16.718592964824122","23","18","16","16.582914572864322","23","19","18","16.628140703517587","23","16","15","16.954773869346734","23","13","19","17.105527638190956","23","15","18","16.628140703517587","23","21","17","17.150753768844222","23","16","23","17.115577889447238"
,"24","23","23","22.763819095477388","24","23","21","22.844221105527637","24","22","22","22.939698492462313","24","22","22","22.849246231155778","24","19","22","22.763819095477388","24","23","23","22.190954773869347","24","22","23","22.045226130653266","24","24","22","22.246231155778894","24","24","23","21.98994974874372","24","24","22","21.668341708542712","24","22","22","21.14572864321608","24","23","24","20.91457286432161","24","20","19","21.185929648241206","24","22","20","21.110552763819097","24","23","23","21.180904522613066","24","22","21","20.015075376884422","24","19","19","20.527638190954775","24","18","21","20.030150753768844","24","19","21","20.44221105527638","24","23","22","20.276381909547737","24","19","19","19.34170854271357","24","22","21","19.417085427135678","24","21","20","19.698492462311556","24","24","23","19.608040201005025","24","24","18","19.497487437185928","24","18","19","18.723618090452263","24","21","18","18.688442211055275","24","20","23","18.492462311557787","24","18","20","18.542713567839197","24","20","19","18.4321608040201","24","21","19","17.839195979899497","24","19","21","17.331658291457288","24","21","11","17.969849246231156","24","14","20","17.733668341708544","24","20","12","17.698492462311556","24","18","14","16.829145728643216","24","18","15","17.35678391959799","24","18","20","16.90954773869347","24","19","20","17.060301507537687","24","16","17","17.165829145728644","24","16","20","17.015075376884422","24","19","17","17.35678391959799","24","8","16","17.35175879396985","24","17","14","17.22110552763819","24","17","16","17.256281407035175","24","18","17","17.582914572864322","24","20","13","17.738693467336685","24","18","21","17.316582914572866","24","16","21","17.844221105527637","24","20","15","17.77386934673367"
,"25","25","23","23.723618090452263","25","20","25","23.809045226130653","25","25","21","23.86934673366834","25","24","22","23.758793969849247","25","24","25","23.71356783919598","25","23","24","23.110552763819097","25","24","25","22.939698492462313","25","22","25","23.155778894472363","25","24","24","22.8643216080402","25","20","23","22.5678391959799","25","25","25","22.030150753768844","25","18","24","21.79396984924623","25","21","25","22.08542713567839","25","20","22","21.984924623115578","25","20","21","22.025125628140703","25","19","17","20.819095477386934","25","17","20","21.36180904522613","25","20","17","20.819095477386934","25","25","18","21.256281407035175","25","24","23","21.12060301507538","25","19","22","20.12060301507538","25","24","21","20.261306532663315","25","25","22","20.467336683417084","25","23","24","20.402010050251256","25","21","18","20.281407035175878","25","17","20","19.467336683417084","25","22","20","19.407035175879397","25","17","17","19.246231155778894","25","13","23","19.301507537688444","25","18","22","19.14572864321608","25","16","13","18.487437185929647","25","20","23","18","25","20","19","18.64321608040201","25","20","21","18.396984924623116","25","23","19","18.2964824120603","25","18","19","17.462311557788944","25","18","14","17.984924623115578","25","18","22","17.502512562814072","25","15","16","17.668341708542712","25","21","18","17.738693467336685","25","16","16","17.65829145728643","25","10","20","17.939698492462313","25","21","16","18.00502512562814","25","15","19","17.85427135678392","25","19","19","17.87939698492462","25","15","14","18.21608040201005","25","21","16","18.306532663316585","25","22","18","17.954773869346734","25","18","14","18.492462311557787","25","16","21","18.502512562814072"
,"26","20","24","24.64321608040201","26","24","26","24.768844221105528","26","24","25","24.79396984924623","26","25","23","24.723618090452263","26","26","26","24.65326633165829","26","22","26","24.00502512562814","26","24","24","23.839195979899497","26","23","26","24.030150753768844","26","24","25","23.748743718592966","26","23","22","23.472361809045225","26","20","22","22.894472361809044","26","23","21","22.64824120603015","26","24","21","22.974874371859297","26","24","25","22.86934673366834","26","24","26","22.87437185929648","26","16","22","21.65829145728643","26","24","24","22.22613065326633","26","24","19","21.592964824120603","26","23","24","22.105527638190956","26","22","25","22","26","21","19","20.8643216080402","26","21","20","21.045226130653266","26","15","26","21.195979899497488","26","22","20","21.20603015075377","26","22","19","21.07035175879397","26","17","25","20.160804020100503","26","16","21","20.14572864321608","26","17","23","20.00502512562814","26","20","20","20.060301507537687","26","22","21","19.85427135678392","26","16","26","19.170854271356784","26","20","16","18.7035175879397","26","24","20","19.29145728643216","26","22","17","19.065326633165828","26","22","20","18.944723618090453","26","19","14","18.12562814070352","26","18","21","18.613065326633166","26","18","18","18.14070351758794","26","18","17","18.271356783919597","26","12","20","18.366834170854272","26","16","16","18.175879396984925","26","17","21","18.55276381909548","26","15","20","18.64321608040201","26","23","19","18.507537688442213","26","18","17","18.512562814070353","26","18","17","18.849246231155778","26","22","17","18.92964824120603","26","21","21","18.57286432160804","26","23","20","19.155778894472363","26","19","16","19.190954773869347"
,"27","26","27","25.597989949748744","27","25","27","25.733668341708544","27","27","26","25.738693467336685","27","25","23","25.668341708542712","27","26","26","25.597989949748744","27","26","26","24.91457286432161","27","20","23","24.753768844221106","27","24","23","24.939698492462313","27","26","24","24.64321608040201","27","23","27","24.36180904522613","27","25","26","23.763819095477388","27","26","22","23.477386934673365","27","27","25","23.85929648241206","27","24","19","23.728643216080403","27","26","25","23.723618090452263","27","21","25","22.507537688442213","27","17","22","23.035175879396984","27","22","23","22.4321608040201","27","24","22","22.91457286432161","27","24","23","22.819095477386934","27","18","23","21.628140703517587","27","26","22","21.844221105527637","27","20","23","22.015075376884422","27","16","22","21.974874371859297","27","26","19","21.839195979899497","27","25","20","20.86934673366834","27","22","19","20.809045226130653","27","23","19","20.71356783919598","27","20","25","20.77889447236181","27","14","20","20.5678391959799","27","20","25","19.798994974874372","27","25","14","19.391959798994975","27","25","21","19.944723618090453","27","24","20","19.728643216080403","27","16","18","19.522613065326635","27","18","24","18.733668341708544","27","20","16","19.20603015075377","27","26","22","18.743718592964825","27","20","20","18.844221105527637","27","18","21","19.020100502512562","27","19","21","18.758793969849247","27","20","22","19.14572864321608","27","21","18","19.21608040201005","27","17","20","19.150753768844222","27","26","17","19.14070351758794","27","23","15","19.507537688442213","27","19","18","19.517587939698494","27","20","17","19.266331658291456","27","16","14","19.844221105527637","27","18","23","19.829145728643216"
,"28","28","27","26.542713567839197","28","28","26","26.693467336683415","28","25","24","26.693467336683415","28","26","26","26.628140703517587","28","28","27","26.55276381909548","28","26","28","25.824120603015075","28","25","25","25.683417085427134","28","28","24","25.85427135678392","28","25","25","25.56281407035176","28","25","26","25.271356783919597","28","27","25","24.603015075376884","28","27","23","24.35175879396985","28","27","22","24.7035175879397","28","22","27","24.592964824120603","28","26","28","24.613065326633166","28","20","20","23.311557788944725","28","26","20","23.90452261306533","28","19","23","23.251256281407034","28","22","19","23.743718592964825","28","16","26","23.63819095477387","28","20","24","22.472361809045225","28","22","15","22.592964824120603","28","24","25","22.804020100502512","28","26","27","22.748743718592966","28","23","21","22.608040201005025","28","19","19","21.603015075376884","28","25","17","21.512562814070353","28","25","21","21.43718592964824","28","24","14","21.487437185929647","28","19","24","21.2964824120603","28","16","24","20.386934673366834","28","22","21","20.035175879396984","28","16","21","20.55276381909548","28","20","19","20.391959798994975","28","22","21","20.08542713567839","28","20","24","19.321608040201006","28","20","20","19.768844221105528","28","14","21","19.33668341708543","28","17","19","19.452261306532662","28","17","17","19.613065326633166","28","15","21","19.34170854271357","28","17","17","19.673366834170853","28","23","18","19.844221105527637","28","20","22","19.768844221105528","28","21","20","19.77386934673367","28","27","21","20.165829145728644","28","24","26","20.190954773869347","28","24","16","19.949748743718594","28","16","20","20.472361809045225","28","22","26","20.497487437185928"
,"29","29","29","27.492462311557787","29","29","29","27.65326633165829","29","28","27","27.623115577889447","29","29","26","27.57788944723618","29","27","29","27.477386934673365","29","29","27","26.728643216080403","29","29","24","26.608040201005025","29","26","26","26.748743718592966","29","27","26","26.482412060301506","29","24","26","26.175879396984925","29","21","23","25.462311557788944","29","23","29","25.236180904522612","29","25","24","25.57286432160804","29","27","28","25.452261306532662","29","28","28","25.44723618090452","29","27","29","24.185929648241206","29","25","27","24.718592964824122","29","25","26","24.07035175879397","29","24","22","24.55276381909548","29","27","25","24.472361809045225","29","20","20","23.256281407035175","29","22","22","23.311557788944725","29","23","26","23.63819095477387","29","25","26","23.497487437185928","29","26","25","23.376884422110553","29","21","22","22.256281407035175","29","23","19","22.28643216080402","29","19","27","22.12562814070352","29","21","26","22.21608040201005","29","22","23","22","29","21","20","21.09547738693467","29","21","20","20.65326633165829","29","17","21","21.236180904522612","29","17","21","21.07537688442211","29","16","15","20.718592964824122","29","20","16","19.92462311557789","29","15","22","20.371859296482413","29","23","25","19.92964824120603","29","22","21","20.020100502512562","29","18","23","20.21105527638191","29","18","23","19.954773869346734","29","17","24","20.266331658291456","29","23","20","20.487437185929647","29","19","20","20.35678391959799","29","24","21","20.44221105527638","29","24","20","20.844221105527637","29","21","17","20.92964824120603","29","19","16","20.65829145728643","29","19","23","21.115577889447238","29","23","18","21.20603015075377"
,"30","27","30","28.43718592964824","30","28","30","28.608040201005025","30","30","26","28.57788944723618","30","26","26","28.512562814070353","30","30","28","28.417085427135678","30","26","26","27.65326633165829","30","28","24","27.527638190954775","30","30","29","27.618090452261306","30","23","27","27.391959798994975","30","27","27","27.08040201005025","30","26","28","26.331658291457288","30","27","27","26.105527638190956","30","29","29","26.42211055276382","30","25","25","26.321608040201006","30","27","28","26.29145728643216","30","26","25","25.045226130653266","30","25","26","25.527638190954775","30","20","22","24.8643216080402","30","26","24","25.331658291457288","30","27","21","25.261306532663315","30","30","25","23.974874371859297","30","22","18","24.12562814070352","30","25","24","24.396984924623116","30","21","28","24.256281407035175","30","24","30","24.155778894472363","30","27","26","23","30","27","27","23","30","21","25","22.87437185929648","30","25","18","22.91457286432161","30","19","21","22.65829145728643","30","17","23","21.78391959798995","30","23","20","21.316582914572866","30","23","21","21.894472361809044","30","19","21","21.723618090452263","30","20","15","21.331658291457288","30","19","20","20.527638190954775","30","22","18","20.949748743718594","30","18","18","20.527638190954775","30","15","21","20.57286432160804","30","21","14","20.809045226130653","30","18","26","20.55276381909548","30","22","24","20.91457286432161","30","24","18","21.050251256281406","30","22","20","20.974874371859297","30","22","22","21.07035175879397","30","15","21","21.547738693467338","30","15","20","21.582914572864322","30","21","23","21.236180904522612","30","21","22","21.763819095477388","30","20","16","21.849246231155778"
,"31","30","29","29.402010050251256","31","28","29","29.5678391959799","31","28","29","29.547738693467338","31","30","31","29.452261306532662","31","27","29","29.36180904522613","31","30","24","28.57286432160804","31","24","29","28.452261306532662","31","28","28","28.532663316582916","31","29","27","28.306532663316585","31","27","30","28","31","28","28","27.236180904522612","31","28","26","26.954773869346734","31","30","24","27.301507537688444","31","29","30","27.175879396984925","31","24","30","27.12060301507538","31","23","28","25.87437185929648","31","25","29","26.35678391959799","31","26","29","25.678391959798994","31","26","27","26.165829145728644","31","26","27","26.08542713567839","31","28","24","24.698492462311556","31","21","25","24.90452261306533","31","24","20","25.170854271356784","31","19","29","25.020100502512562","31","26","27","24.939698492462313","31","29","23","23.7035175879397","31","24","27","23.673366834170853","31","27","23","23.613065326633166","31","25","27","23.587939698492463","31","25","29","23.34170854271357","31","24","21","22.391959798994975","31","23","24","21.92462311557789","31","27","21","22.597989949748744","31","17","22","22.35175879396985","31","23","24","21.949748743718594","31","23","20","21.150753768844222","31","26","28","21.55778894472362","31","17","19","21.110552763819097","31","19","18","21.12562814070352","31","21","26","21.391959798994975","31","20","21","21.22110552763819","31","20","24","21.487437185929647","31","20","23","21.64321608040201","31","17","23","21.57286432160804","31","24","18","21.678391959798994","31","20","25","22.22613065326633","31","29","27","22.236180904522612","31","24","18","21.894472361809044","31","25","26","22.44221105527638","31","21","26","22.452261306532662"
,"32","31","32","30.33668341708543","32","30","32","30.497487437185928","32","32","29","30.517587939698494","32","32","28","30.366834170854272","32","31","31","30.28643216080402","32","28","30","29.472361809045225","32","30","26","29.381909547738694","32","27","29","29.482412060301506","32","32","28","29.20603015075377","32","31","30","28.85929648241206","32","23","29","28.09045226130653","32","28","27","27.814070351758794","32","26","30","28.12562814070352","32","25","29","28.050251256281406","32","26","31","27.974874371859297","32","25","32","26.743718592964825","32","28","24","27.201005025125628","32","21","27","26.492462311557787","32","29","24","26.979899497487438","32","28","28","26.87939698492462","32","26","29","25.457286432160803","32","21","23","25.683417085427134","32","17","28","25.939698492462313","32","23","25","25.839195979899497","32","25","25","25.693467336683415","32","23","29","24.396984924623116","32","23","17","24.33668341708543","32","21","19","24.301507537688444","32","24","22","24.271356783919597","32","21","25","24.050251256281406","32","25","22","23.045226130653266","32","18","24","22.527638190954775","32","18","22","23.236180904522612","32","27","22","22.984924623115578","32","22","21","22.603015075376884","32","27","22","21.763819095477388","32","21","19","22.110552763819097","32","25","22","21.668341708542712","32","18","21","21.723618090452263","32","26","14","22.01005025125628","32","20","24","21.819095477386934","32","29","22","22.07035175879397","32","20","24","22.195979899497488","32","19","17","22.195979899497488","32","24","26","22.236180904522612","32","26","25","22.849246231155778","32","24","21","22.844221105527637","32","22","18","22.64321608040201","32","24","25","23.08542713567839","32","25","17","23.065326633165828"
,"33","30","31","31.276381909547737","33","30","28","31.462311557788944","33","30","32","31.467336683417084","33","31","31","31.306532663316585","33","33","32","31.236180904522612","33","31","31","30.35175879396985","33","26","29","30.276381909547737","33","29","32","30.402010050251256","33","32","32","30.115577889447238","33","29","29","29.753768844221106","33","31","28","28.949748743718594","33","27","27","28.738693467336685","33","26","30","28.99497487437186","33","28","23","28.91959798994975","33","28","24","28.829145728643216","33","32","28","27.5678391959799","33","27","26","28.050251256281406","33","29","27","27.35175879396985","33","30","28","27.78894472361809","33","22","30","27.723618090452263","33","28","30","26.195979899497488","33","29","21","26.42713567839196","33","26","24","26.71356783919598","33","24","28","26.688442211055275","33","29","30","26.462311557788944","33","24","27","25.055276381909547","33","24","21","25.065326633165828","33","29","26","25.015075376884422","33","24","23","25","33","23","25","24.7035175879397","33","20","24","23.738693467336685","33","24","22","23.105527638190956","33","21","17","23.894472361809044","33","32","24","23.65829145728643","33","21","27","23.251256281407034","33","22","29","22.321608040201006","33","20","25","22.678391959798994","33","21","17","22.180904522613066","33","25","20","22.34170854271357","33","26","15","22.613065326633166","33","24","23","22.35678391959799","33","22","25","22.718592964824122","33","25","20","22.743718592964825","33","20","28","22.753768844221106","33","22","23","22.809045226130653","33","26","24","23.537688442211056","33","19","25","23.452261306532662","33","24","19","23.34673366834171","33","19","24","23.70854271356784","33","22","21","23.693467336683415"
,"34","28","34","32.221105527638194","34","33","34","32.39698492462311","34","34","34","32.41206030150754","34","32","28","32.2713567839196","34","34","28","32.175879396984925","34","32","32","31.261306532663315","34","30","29","31.185929648241206","34","34","34","31.316582914572866","34","34","33","31.020100502512562","34","28","28","30.673366834170853","34","29","31","29.824120603015075","34","30","29","29.613065326633166","34","27","29","29.899497487437184","34","27","28","29.809045226130653","34","30","32","29.70854271356784","34","27","24","28.381909547738694","34","28","20","28.894472361809044","34","27","27","28.21608040201005","34","30","34","28.623115577889447","34","25","28","28.547738693467338","34","23","28","26.979899497487438","34","28","30","27.22110552763819","34","27","25","27.522613065326635","34","30","28","27.477386934673365","34","29","26","27.236180904522612","34","28","26","25.728643216080403","34","26","29","25.77889447236181","34","28","16","25.683417085427134","34","31","29","25.768844221105528","34","23","27","25.43718592964824","34","20","25","24.407035175879397","34","24","24","23.723618090452263","34","23","25","24.582914572864322","34","27","25","24.33668341708543","34","27","26","23.849246231155778","34","26","23","22.894472361809044","34","26","25","23.326633165829147","34","22","24","22.753768844221106","34","24","20","22.939698492462313","34","25","22","23.28643216080402","34","28","20","22.939698492462313","34","23","18","23.34170854271357","34","23","25","23.381909547738694","34","19","28","23.33668341708543","34","27","24","23.376884422110553","34","20","27","24.165829145728644","34","30","29","24.115577889447238","34","28","25","24.030150753768844","34","28","26","24.331658291457288","34","23","27","24.311557788944725"
,"35","34","35","33.15577889447236","35","34","33","33.31658291457286","35","35","34","33.37185929648241","35","31","32","33.21105527638191","35","35","35","33.120603015075375","35","34","35","32.17085427135678","35","33","31","32.095477386934675","35","32","31","32.21608040201005","35","31","33","31.899497487437184","35","34","28","31.608040201005025","35","32","31","30.71356783919598","35","33","29","30.477386934673365","35","29","31","30.748743718592966","35","27","33","30.673366834170853","35","31","35","30.597989949748744","35","34","31","29.190954773869347","35","26","32","29.723618090452263","35","33","22","29.055276381909547","35","29","29","29.467336683417084","35","28","28","29.33668341708543","35","29","30","27.753768844221106","35","22","28","27.98994974874372","35","33","31","28.301507537688444","35","31","24","28.271356783919597","35","26","28","28.025125628140703","35","23","29","26.402010050251256","35","27","23","26.522613065326635","35","28","30","26.396984924623116","35","29","31","26.467336683417084","35","23","29","26.195979899497488","35","27","26","25.015075376884422","35","23","21","24.321608040201006","35","31","28","25.236180904522612","35","32","33","25.035175879396984","35","28","22","24.44723618090452","35","25","23","23.537688442211056","35","25","26","23.90954773869347","35","24","19","23.34673366834171","35","21","24","23.55276381909548","35","26","25","23.91457286432161","35","22","31","23.5678391959799","35","22","29","23.90954773869347","35","20","25","24.040201005025125","35","20","20","23.87437185929648","35","23","22","23.944723618090453","35","32","24","24.834170854271356","35","23","23","24.753768844221106","35","24","29","24.633165829145728","35","22","22","24.959798994974875","35","21","27","24.959798994974875"
,"36","35","36","34.07035175879397","36","34","33","34.256281407035175","36","36","33","34.311557788944725","36","36","33","34.09045226130653","36","36","36","34.030150753768844","36","35","32","33.085427135678394","36","32","36","33.015075376884425","36","31","35","33.12562814070352","36","32","33","32.76381909547739","36","27","29","32.54271356783919","36","31","34","31.56281407035176","36","31","32","31.33668341708543","36","35","28","31.618090452261306","36","30","24","31.5678391959799","36","33","28","31.477386934673365","36","25","31","30.035175879396984","36","29","34","30.55778894472362","36","25","33","29.91457286432161","36","30","34","30.251256281407034","36","27","31","30.14572864321608","36","27","26","28.522613065326635","36","35","27","28.763819095477388","36","30","29","29.100502512562816","36","33","33","29.045226130653266","36","29","28","28.78391959798995","36","20","34","27.13065326633166","36","27","26","27.281407035175878","36","31","34","27.08040201005025","36","24","31","27.175879396984925","36","30","19","26.86934673366834","36","28","24","25.628140703517587","36","22","28","24.949748743718594","36","27","28","25.90452261306533","36","32","30","25.678391959798994","36","16","30","25.09045226130653","36","27","18","24.160804020100503","36","24","28","24.502512562814072","36","15","26","23.939698492462313","36","25","25","24.14070351758794","36","29","25","24.522613065326635","36","29","24","24.12562814070352","36","23","27","24.492462311557787","36","17","20","24.63819095477387","36","28","29","24.492462311557787","36","22","28","24.512562814070353","36","24","30","25.497487437185928","36","27","30","25.381909547738694","36","18","24","25.231155778894472","36","28","18","25.56281407035176","36","24","26","25.56281407035176"
,"37","37","37","35","37","32","35","35.20100502512563","37","37","34","35.221105527638194","37","34","37","35.015075376884425","37","36","34","34.949748743718594","37","37","32","33.994974874371856","37","35","35","33.91959798994975","37","36","31","33.984924623115575","37","33","35","33.69346733668342","37","34","29","33.45226130653266","37","35","34","32.402010050251256","37","34","33","32.19597989949749","37","25","34","32.482412060301506","37","31","26","32.437185929648244","37","32","34","32.34170854271357","37","33","29","30.884422110552762","37","31","32","31.381909547738694","37","33","32","30.78391959798995","37","29","32","31.08040201005025","37","27","31","30.954773869346734","37","27","31","29.316582914572866","37","32","34","29.537688442211056","37","33","23","29.894472361809044","37","31","29","29.829145728643216","37","24","28","29.537688442211056","37","24","29","27.87437185929648","37","29","24","28.020100502512562","37","21","23","27.78894472361809","37","33","24","27.844221105527637","37","29","27","27.517587939698494","37","16","29","26.2964824120603","37","29","23","25.55276381909548","37","34","25","26.537688442211056","37","27","21","26.34673366834171","37","30","30","25.718592964824122","37","27","21","24.758793969849247","37","30","29","25.105527638190956","37","18","20","24.56281407035176","37","27","21","24.693467336683415","37","28","23","25.100502512562816","37","24","22","24.64824120603015","37","22","24","25.1356783919598","37","24","27","25.22110552763819","37","22","27","25.14572864321608","37","24","27","25.065326633165828","37","23","28","26.13065326633166","37","26","33","26.025125628140703","37","24","30","25.889447236180903","37","31","22","26.13065326633166","37","21","26","26.21105527638191"
,"38","36","36","35.92462311557789","38","36","38","36.15577889447236","38","34","37","36.175879396984925","38","36","35","35.92462311557789","38","36","34","35.81909547738694","38","35","32","34.914572864321606","38","27","34","34.84422110552764","38","38","35","34.834170854271356","38","23","35","34.618090452261306","38","35","34","34.346733668341706","38","35","29","33.266331658291456","38","32","34","33.06532663316583","38","27","33","33.39698492462311","38","27","35","33.321608040201006","38","33","35","33.17085427135678","38","35","31","31.688442211055275","38","36","30","32.19597989949749","38","31","21","31.597989949748744","38","37","31","31.944723618090453","38","30","32","31.78391959798995","38","34","31","30.08040201005025","38","21","34","30.2964824120603","38","30","30","30.678391959798994","38","33","32","30.587939698492463","38","36","33","30.281407035175878","38","25","31","28.57286432160804","38","22","25","28.768844221105528","38","31","27","28.57286432160804","38","25","29","28.517587939698494","38","28","28","28.21105527638191","38","29","29","27.015075376884422","38","24","24","26.165829145728644","38","31","19","27.20603015075377","38","24","25","27","38","26","29","26.391959798994975","38","22","27","25.36180904522613","38","22","32","25.698492462311556","38","26","22","25.1356783919598","38","28","25","25.175879396984925","38","35","27","25.693467336683415","38","26","25","25.231155778894472","38","23","28","25.683417085427134","38","22","26","25.79396984924623","38","33","31","25.77386934673367","38","26","25","25.608040201005025","38","32","25","26.78391959798995","38","18","23","26.65829145728643","38","20","27","26.492462311557787","38","32","27","26.78894472361809","38","20","30","26.85929648241206"
,"39","37","35","36.84924623115578","39","38","36","37.05527638190955","39","37","33","37.11557788944724","39","39","37","36.824120603015075","39","38","37","36.69346733668342","39","36","36","35.81909547738694","39","36","39","35.74874371859296","39","30","36","35.698492462311556","39","36","34","35.50251256281407","39","38","37","35.2713567839196","39","34","37","34.15075376884422","39","32","35","33.88442211055276","39","36","30","34.28643216080402","39","37","33","34.221105527638194","39","31","34","34.030150753768844","39","35","37","32.482412060301506","39","29","32","33.005025125628144","39","34","31","32.42713567839196","39","33","30","32.78894472361809","39","35","32","32.608040201005025","39","30","27","30.824120603015075","39","32","29","31.115577889447238","39","32","28","31.44221105527638","39","29","27","31.34673366834171","39","34","33","31","39","30","37","29.276381909547737","39","33","26","29.527638190954775","39","30","27","29.306532663316585","39","22","28","29.175879396984925","39","24","32","28.92462311557789","39","23","31","27.698492462311556","39","26","28","26.829145728643216","39","23","24","27.90954773869347","39","18","25","27.668341708542712","39","29","21","27.065326633165828","39","28","21","25.949748743718594","39","25","25","26.306532663316585","39","27","14","25.683417085427134","39","30","28","25.763819095477388","39","26","26","26.316582914572866","39","35","23","25.849246231155778","39","31","20","26.316582914572866","39","24","22","26.412060301507537","39","26","27","26.306532663316585","39","29","28","26.241206030150753","39","31","32","27.407035175879397","39","32","33","27.28643216080402","39","27","21","27.155778894472363","39","30","19","27.42211055276382","39","26","25","27.507537688442213"
,"40","40","37","37.76381909547739","40","35","35","37.93467336683417","40","38","38","38.005025125628144","40","37","35","37.688442211055275","40","38","40","37.562814070351756","40","37","36","36.678391959798994","40","34","35","36.67336683417086","40","38","36","36.58793969849246","40","38","32","36.37688442211055","40","37","34","36.19095477386934","40","39","34","35.01005025125628","40","35","38","34.75879396984924","40","38","39","35.120603015075375","40","35","31","35.085427135678394","40","36","38","34.88442211055276","40","28","36","33.29145728643216","40","32","38","33.80904522613066","40","37","31","33.27638190954774","40","34","33","33.55778894472362","40","32","36","33.46733668341709","40","31","33","31.628140703517587","40","26","34","31.899497487437184","40","36","38","32.1608040201005","40","33","34","32.14572864321608","40","35","32","31.743718592964825","40","23","31","29.99497487437186","40","33","27","30.236180904522612","40","36","28","30.015075376884422","40","32","28","29.86934673366834","40","25","32","29.64321608040201","40","29","33","28.311557788944725","40","33","25","27.507537688442213","40","30","29","28.517587939698494","40","23","24","28.2964824120603","40","35","25","27.698492462311556","40","17","28","26.613065326633166","40","30","22","26.889447236180903","40","30","29","26.266331658291456","40","27","23","26.281407035175878","40","23","27","26.939698492462313","40","25","24","26.44221105527638","40","30","24","26.90954773869347","40","28","31","27.045226130653266","40","32","21","26.834170854271356","40","25","26","26.834170854271356","40","29","33","28.08040201005025","40","27","35","27.8643216080402","40","36","32","27.79396984924623","40","27","27","28.050251256281406","40","26","28","28.155778894472363"
,"41","40","38","38.66834170854271","41","40","40","38.79899497487437","41","37","37","38.88442211055276","41","41","38","38.58793969849246","41","37","40","38.472361809045225","41","33","37","37.54773869346734","41","39","39","37.552763819095475","41","37","35","37.49246231155779","41","37","39","37.301507537688444","41","39","39","37.08040201005025","41","39","35","35.8643216080402","41","38","36","35.61306532663317","41","35","39","35.984924623115575","41","39","32","35.97487437185929","41","35","33","35.753768844221106","41","33","31","34.11055276381909","41","31","36","34.57286432160804","41","36","36","34.095477386934675","41","24","33","34.301507537688444","41","33","34","34.28643216080402","41","35","35","32.39698492462311","41","32","23","32.698492462311556","41","36","24","32.91959798994975","41","36","29","32.914572864321606","41","32","31","32.517587939698494","41","32","33","30.693467336683415","41","33","28","30.944723618090453","41","31","36","30.64321608040201","41","31","26","30.623115577889447","41","25","26","30.33668341708543","41","34","30","28.964824120603016","41","37","27","28.195979899497488","41","37","30","29.155778894472363","41","30","23","28.87437185929648","41","30","24","28.34673366834171","41","22","26","27.22613065326633","41","28","24","27.482412060301506","41","25","30","26.884422110552762","41","22","22","26.91457286432161","41","29","29","27.512562814070353","41","25","26","27.045226130653266","41","29","26","27.467336683417084","41","20","13","27.65326633165829","41","26","26","27.4321608040201","41","19","31","27.467336683417084","41","29","25","28.71356783919598","41","25","28","28.492462311557787","41","28","31","28.457286432160803","41","23","28","28.693467336683415","41","20","33","28.809045226130653"
,"42","40","38","39.537688442211056","42","39","42","39.64321608040201","42","39","40","39.75879396984924","42","41","40","39.49246231155779","42","40","42","39.37185929648241","42","35","38","38.41708542713568","42","38","40","38.45226130653266","42","35","41","38.35175879396985","42","40","41","38.175879396984925","42","37","36","37.96482412060301","42","34","39","36.7035175879397","42","38","38","36.482412060301506","42","36","35","36.87437185929648","42","39","40","36.85929648241206","42","39","42","36.63316582914573","42","34","37","34.93969849246231","42","36","24","35.35175879396985","42","30","40","34.94472361809045","42","26","32","35.10552763819096","42","31","39","35.095477386934675","42","37","34","33.14070351758794","42","38","37","33.52261306532663","42","36","28","33.768844221105525","42","39","30","33.688442211055275","42","37","34","33.2713567839196","42","34","33","31.407035175879397","42","30","25","31.64824120603015","42","28","36","31.34673366834171","42","34","27","31.311557788944725","42","38","34","31.065326633165828","42","31","29","29.64321608040201","42","34","31","28.87437185929648","42","32","24","29.824120603015075","42","26","30","29.522613065326635","42","34","23","29.00502512562814","42","22","34","27.748743718592966","42","23","30","28.035175879396984","42","35","33","27.44723618090452","42","26","22","27.512562814070353","42","28","22","28.035175879396984","42","22","31","27.618090452261306","42","23","32","28","42","29","31","28.21105527638191","42","26","25","28.00502512562814","42","30","23","28.025125628140703","42","30","31","29.331658291457288","42","23","30","29.1356783919598","42","30","35","29.12562814070352","42","26","30","29.311557788944725","42","31","30","29.412060301507537"
,"43","43","40","40.37688442211055","43","43","42","40.54773869346734","43","41","40","40.68341708542714","43","40","42","40.37185929648241","43","37","43","40.246231155778894","43","42","32","39.2713567839196","43","36","35","39.35175879396985","43","42","40","39.246231155778894","43","38","38","39.050251256281406","43","39","42","38.834170854271356","43","35","37","37.597989949748744","43","38","35","37.37185929648241","43","37","42","37.76381909547739","43","41","39","37.71356783919598","43","39","34","37.49246231155779","43","34","31","35.743718592964825","43","40","37","36.15075376884422","43","37","38","35.78391959798995","43","37","35","35.914572864321606","43","35","38","35.93969849246231","43","28","34","33.88944723618091","43","28","38","34.266331658291456","43","35","36","34.5678391959799","43","34","31","34.48743718592965","43","27","39","34.030150753768844","43","32","34","32.15577889447236","43","35","34","32.31658291457286","43","35","32","32.06030150753769","43","36","35","32.02512562814071","43","29","33","31.809045226130653","43","36","25","30.271356783919597","43","32","29","29.532663316582916","43","23","39","30.467336683417084","43","28","35","30.185929648241206","43","31","25","29.633165829145728","43","33","18","28.311557788944725","43","31","32","28.582914572864322","43","32","35","27.984924623115578","43","32","31","28.105527638190956","43","23","31","28.537688442211056","43","28","32","28.231155778894472","43","31","27","28.608040201005025","43","27","33","28.809045226130653","43","32","30","28.603015075376884","43","23","29","28.608040201005025","43","32","26","29.979899497487438","43","36","30","29.798994974874372","43","33","24","29.809045226130653","43","34","31","29.964824120603016","43","34","35","30.07537688442211"
,"44","44","36","41.23618090452261","44","42","39","41.4321608040201","44","44","36","41.57788944723618","44","42","39","41.24120603015076","44","40","41","41.120603015075375","44","41","40","40.09045226130653","44","41","37","40.24120603015076","44","40","42","40.15075376884422","44","38","40","39.93969849246231","44","40","38","39.71356783919598","44","38","40","38.45226130653266","44","37","36","38.221105527638194","44","39","37","38.618090452261306","44","39","34","38.562814070351756","44","41","37","38.29145728643216","44","33","37","36.5678391959799","44","43","40","37.01005025125628","44","42","38","36.58291457286432","44","38","33","36.65829145728643","44","39","37","36.78391959798995","44","31","40","34.66834170854271","44","39","39","35.08040201005025","44","32","33","35.381909547738694","44","38","32","35.301507537688444","44","33","30","34.79899497487437","44","37","35","32.88442211055276","44","31","36","32.949748743718594","44","36","39","32.78894472361809","44","30","32","32.77386934673367","44","30","18","32.52261306532663","44","39","17","30.884422110552762","44","35","28","30.150753768844222","44","33","33","31.1356783919598","44","24","32","30.768844221105528","44","25","20","30.2964824120603","44","32","26","28.91959798994975","44","37","34","29.14572864321608","44","34","28","28.5678391959799","44","33","33","28.688442211055275","44","22","30","29.035175879396984","44","29","29","28.77386934673367","44","28","28","29.180904522613066","44","28","29","29.396984924623116","44","27","30","29.266331658291456","44","34","28","29.190954773869347","44","31","31","30.592964824120603","44","34","31","30.457286432160803","44","31","30","30.462311557788944","44","28","32","30.633165829145728","44","26","31","30.70854271356784"
,"45","43","42","42.09045226130653","45","42","43","42.29145728643216","45","42","42","42.45728643216081","45","44","40","42.10552763819096","45","39","37","42.02512562814071","45","38","43","40.914572864321606","45","45","45","41.10552763819096","45","39","41","41.06532663316583","45","39","41","40.81909547738694","45","40","36","40.57788944723618","45","41","39","39.30653266331658","45","38","38","39.10552763819096","45","41","43","39.447236180904525","45","38","35","39.45226130653266","45","40","42","39.14070351758794","45","41","38","37.402010050251256","45","41","39","37.84422110552764","45","38","39","37.38693467336683","45","33","36","37.472361809045225","45","37","34","37.608040201005025","45","39","39","35.46733668341709","45","34","33","35.85929648241206","45","36","42","36.15075376884422","45","40","36","36.06030150753769","45","34","33","35.57788944723618","45","35","18","33.618090452261306","45","34","33","33.663316582914575","45","28","34","33.53266331658291","45","35","36","33.47738693467337","45","39","38","33.221105527638194","45","37","26","31.512562814070353","45","29","38","30.809045226130653","45","35","37","31.798994974874372","45","36","29","31.396984924623116","45","21","22","30.92964824120603","45","31","37","29.542713567839197","45","33","24","29.733668341708544","45","35","33","29.12562814070352","45","29","27","29.231155778894472","45","29","33","29.618090452261306","45","36","29","29.311557788944725","45","31","25","29.728643216080403","45","22","34","29.969849246231156","45","26","26","29.90452261306533","45","35","34","29.768844221105528","45","33","29","31.195979899497488","45","36","29","31.100502512562816","45","28","21","31.07035175879397","45","27","30","31.266331658291456","45","27","34","31.316582914572866"
,"46","43","43","43.005025125628144","46","43","44","43.14572864321608","46","43","42","43.26130653266332","46","36","43","42.97989949748744","46","44","41","42.90954773869347","46","44","34","41.77386934673367","46","35","44","41.984924623115575","46","41","45","41.93467336683417","46","42","41","41.688442211055275","46","38","43","41.44221105527638","46","40","42","40.1356783919598","46","34","41","39.97989949748744","46","35","44","40.29145728643216","46","39","39","40.321608040201006","46","43","42","39.994974874371856","46","44","37","38.246231155778894","46","42","34","38.67336683417086","46","43","35","38.231155778894475","46","40","35","38.301507537688444","46","38","43","38.41206030150754","46","30","36","36.23618090452261","46","43","38","36.618090452261306","46","40","38","36.914572864321606","46","44","39","36.834170854271356","46","38","39","36.35678391959799","46","26","36","34.34170854271357","46","39","43","34.391959798994975","46","37","34","34.231155778894475","46","38","35","34.19597989949749","46","37","27","33.94472361809045","46","33","35","32.17085427135678","46","39","30","31.472361809045225","46","34","34","32.482412060301506","46","37","36","32.030150753768844","46","36","23","31.547738693467338","46","21","23","30.105527638190956","46","24","24","30.331658291457288","46","23","28","29.748743718592966","46","36","32","29.839195979899497","46","23","34","30.165829145728644","46","29","30","29.804020100502512","46","27","39","30.2964824120603","46","37","34","30.582914572864322","46","36","22","30.452261306532662","46","28","31","30.36180904522613","46","27","29","31.798994974874372","46","32","38","31.753768844221106","46","23","28","31.723618090452263","46","34","30","31.959798994974875","46","36","35","31.899497487437184"
,"47","39","41","43.92462311557789","47","39","46","43.97487437185929","47","40","44","44.11055276381909","47","47","44","43.85427135678392","47","42","38","43.77386934673367","47","44","43","42.65829145728643","47","44","46","42.82914572864322","47","46","45","42.82914572864322","47","37","39","42.527638190954775","47","45","44","42.32663316582914","47","42","40","40.96482412060301","47","42","30","40.80402010050251","47","42","36","41.11557788944724","47","46","45","41.185929648241206","47","43","43","40.879396984924625","47","41","40","39.06030150753769","47","42","41","39.50251256281407","47","39","39","39.030150753768844","47","36","38","39.10050251256281","47","40","39","39.246231155778894","47","31","34","37.015075376884425","47","38","42","37.45226130653266","47","33","34","37.64824120603015","47","44","40","37.5678391959799","47","41","32","37.1356783919598","47","33","37","35.06030150753769","47","34","35","35.130653266331656","47","37","32","34.95477386934673","47","32","33","34.88442211055276","47","36","36","34.698492462311556","47","31","35","32.768844221105525","47","39","36","32.11557788944724","47","36","33","33.1608040201005","47","30","33","32.67336683417086","47","31","23","32.21105527638191","47","34","37","30.70854271356784","47","27","24","30.90452261306533","47","26","25","30.246231155778894","47","28","26","30.472361809045225","47","34","36","30.683417085427134","47","33","35","30.321608040201006","47","28","21","30.894472361809044","47","24","35","31.195979899497488","47","33","23","31.07035175879397","47","30","31","30.92462311557789","47","32","29","32.39698492462311","47","30","35","32.381909547738694","47","30","29","32.32663316582914","47","29","32","32.58291457286432","47","28","37","32.45226130653266"
,"48","48","47","44.80904522613066","48","46","45","44.778894472361806","48","46","44","44.984924623115575","48","46","48","44.7035175879397","48","45","47","44.63819095477387","48","37","46","43.527638190954775","48","42","48","43.678391959798994","48","46","43","43.653266331658294","48","46","47","43.35175879396985","48","44","45","43.175879396984925","48","33","41","41.834170854271356","48","35","40","41.64321608040201","48","46","41","41.94472361809045","48","43","44","42.04522613065327","48","44","46","41.71859296482412","48","42","37","39.8643216080402","48","36","44","40.32663316582914","48","33","32","39.814070351758794","48","43","37","39.94472361809045","48","41","44","40.085427135678394","48","31","37","37.76381909547739","48","42","38","38.231155778894475","48","34","40","38.472361809045225","48","41","37","38.30653266331658","48","39","40","37.92964824120603","48","20","46","35.834170854271356","48","38","42","35.8391959798995","48","35","33","35.67336683417086","48","33","31","35.62814070351759","48","43","35","35.41206030150754","48","30","34","33.4070351758794","48","27","31","32.778894472361806","48","34","42","33.85929648241206","48","38","40","33.28643216080402","48","27","31","32.84924623115578","48","31","18","31.306532663316585","48","40","26","31.497487437185928","48","30","29","30.87437185929648","48","34","36","31.025125628140703","48","31","34","31.20603015075377","48","32","23","30.92964824120603","48","27","24","31.482412060301506","48","33","26","31.743718592964825","48","31","31","31.673366834170853","48","38","35","31.487437185929647","48","35","33","33.06030150753769","48","33","29","33.005025125628144","48","37","32","32.93467336683417","48","26","35","33.185929648241206","48","35","32","33.07537688442211"
,"49","47","49","45.68341708542714","49","47","43","45.608040201005025","49","42","41","45.82914572864322","49","45","45","45.54773869346734","49","46","49","45.49748743718593","49","45","45","44.4070351758794","49","45","47","44.517587939698494","49","41","46","44.44221105527638","49","46","43","44.21608040201005","49","44","43","44.050251256281406","49","42","45","42.68341708542714","49","46","35","42.49748743718593","49","42","46","42.78391959798995","49","41","43","42.88442211055276","49","40","45","42.52261306532663","49","36","39","40.678391959798994","49","44","44","41.10552763819096","49","35","40","40.618090452261306","49","43","46","40.76381909547739","49","37","40","40.89949748743719","49","34","39","38.54773869346734","49","28","41","39.015075376884425","49","36","42","39.25125628140704","49","43","34","39.06532663316583","49","43","33","38.70854271356784","49","36","34","36.62814070351759","49","35","33","36.5678391959799","49","40","31","36.391959798994975","49","35","30","36.37688442211055","49","39","28","36.11055276381909","49","37","39","34.01005025125628","49","29","29","33.46733668341709","49","36","31","34.5678391959799","49","37","41","33.90954773869347","49","25","35","33.482412060301506","49","33","30","31.844221105527637","49","33","46","32.10552763819096","49","37","37","31.477386934673365","49","38","22","31.608040201005025","49","35","33","31.819095477386934","49","30","35","31.502512562814072","49","33","32","32.005025125628144","49","15","30","32.28643216080402","49","30","35","32.24120603015076","49","27","34","32.08040201005025","49","34","27","33.64321608040201","49","40","36","33.58793969849246","49","37","31","33.55778894472362","49","34","35","33.79899497487437","49","27","38","33.72361809045226"
,"50","45","47","46.54773869346734","50","47","49","46.45728643216081","50","48","44","46.69346733668342","50","45","45","46.39698492462311","50","41","47","46.36683417085427","50","45","50","45.256281407035175","50","47","45","45.37185929648241","50","41","48","45.27638190954774","50","46","46","45.04522613065327","50","43","46","44.904522613065325","50","49","44","43.51256281407035","50","42","43","43.36683417085427","50","44","46","43.597989949748744","50","42","45","43.663316582914575","50","42","48","43.37688442211055","50","47","41","41.537688442211056","50","40","41","41.91959798994975","50","45","38","41.4321608040201","50","40","46","41.57788944723618","50","39","42","41.7286432160804","50","36","40","39.28643216080402","50","37","45","39.753768844221106","50","40","39","40.040201005025125","50","45","41","39.824120603015075","50","36","38","39.46733668341709","50","38","36","37.346733668341706","50","31","35","37.24120603015076","50","39","34","37.07035175879397","50","35","38","37.09045226130653","50","39","30","36.80904522613066","50","36","30","34.663316582914575","50","35","37","34.1608040201005","50","34","27","35.266331658291456","50","22","45","34.50251256281407","50","35","31","34.11055276381909","50","31","26","32.42211055276382","50","31","25","32.76381909547739","50","31","33","32.02512562814071","50","28","32","32.27638190954774","50","40","34","32.381909547738694","50","43","29","32.07537688442211","50","37","23","32.552763819095475","50","39","29","32.824120603015075","50","36","31","32.81909547738694","50","39","36","32.5678391959799","50","31","38","34.256281407035175","50","42","40","34.22613065326633","50","37","35","34.17085427135678","50","32","37","34.472361809045225","50","34","33","34.33165829145729"
,"51","51","46","47.41708542713568","51","47","49","47.30653266331658","51","43","49","47.54773869346734","51","46","49","47.25125628140704","51","47","46","47.231155778894475","51","45","41","46.03517587939699","51","46","42","46.256281407035175","51","44","44","46.10552763819096","51","47","45","45.869346733668344","51","45","45","45.77386934673367","51","43","47","44.381909547738694","51","49","33","44.185929648241206","51","48","45","44.437185929648244","51","43","44","44.51256281407035","51","44","47","44.19095477386934","51","46","42","42.41206030150754","51","44","44","42.743718592964825","51","42","39","42.23618090452261","51","41","43","42.39698492462311","51","46","43","42.527638190954775","51","38","40","40.04522613065327","51","37","36","40.527638190954775","51","39","38","40.81909547738694","51","39","39","40.58291457286432","51","32","38","40.26130653266332","51","43","36","38.09045226130653","51","37","36","37.94472361809045","51","42","38","37.70854271356784","51","42","38","37.824120603015075","51","30","37","37.51256281407035","51","38","41","35.246231155778894","51","38","31","34.80904522613066","51","42","25","35.90954773869347","51","33","32","35.1608040201005","51","40","24","34.778894472361806","51","30","33","32.97989949748744","51","34","31","33.381909547738694","51","36","27","32.58793969849246","51","33","37","32.84924623115578","51","31","39","32.959798994974875","51","30","33","32.597989949748744","51","27","42","33.07537688442211","51","31","36","33.38693467336683","51","38","37","33.391959798994975","51","26","27","33.095477386934675","51","37","39","34.92964824120603","51","35","35","34.85427135678392","51","40","35","34.79899497487437","51","33","35","35.09045226130653","51","37","40","35.005025125628144"
,"52","50","52","48.301507537688444","52","48","46","48.15577889447236","52","50","47","48.391959798994975","52","43","47","48.120603015075375","52","51","51","48.10050251256281","52","45","40","46.85427135678392","52","44","43","47.10552763819096","52","50","48","46.98994974874372","52","47","47","46.73869346733668","52","50","50","46.62311557788945","52","50","42","45.19597989949749","52","46","51","44.994974874371856","52","46","49","45.30653266331658","52","44","41","45.35678391959799","52","42","44","45","52","38","42","43.231155778894475","52","45","46","43.5929648241206","52","38","39","43.030150753768844","52","46","47","43.231155778894475","52","40","47","43.32663316582914","52","42","39","40.80904522613066","52","39","43","41.29145728643216","52","48","43","41.562814070351756","52","31","42","41.301507537688444","52","46","44","41.01005025125628","52","42","38","38.74874371859296","52","36","38","38.60301507537689","52","44","44","38.381909547738694","52","35","40","38.57286432160804","52","39","39","38.20603015075377","52","26","33","35.79899497487437","52","36","32","35.41206030150754","52","33","42","36.49748743718593","52","30","39","35.743718592964825","52","39","24","35.42211055276382","52","34","37","33.5929648241206","52","32","33","33.97487437185929","52","35","30","33.130653266331656","52","35","36","33.4070351758794","52","32","34","33.54271356783919","52","26","37","33.14572864321608","52","37","37","33.618090452261306","52","36","38","33.949748743718594","52","31","35","33.94472361809045","52","39","29","33.698492462311556","52","35","35","35.50251256281407","52","25","38","35.48743718592965","52","22","41","35.4321608040201","52","37","35","35.71859296482412","52","34","41","35.63316582914573"
,"53","49","45","49.20100502512563","53","48","45","49.005025125628144","53","49","52","49.221105527638194","53","51","47","49.02010050251256","53","52","47","48.98994974874372","53","43","51","47.653266331658294","53","50","48","47.88944723618091","53","51","50","47.869346733668344","53","48","49","47.608040201005025","53","51","43","47.46733668341709","53","37","48","46.06030150753769","53","51","51","45.834170854271356","53","48","43","46.130653266331656","53","44","48","46.20603015075377","53","47","47","45.75879396984924","53","37","44","43.96482412060301","53","50","48","44.462311557788944","53","50","44","43.78391959798995","53","46","40","44.04522613065327","53","46","43","44.15075376884422","53","35","46","41.5929648241206","53","42","39","42.07537688442211","53","47","44","42.2964824120603","53","40","42","42.07035175879397","53","48","44","41.79899497487437","53","42","37","39.447236180904525","53","38","44","39.321608040201006","53","42","43","39.04522613065327","53","41","29","39.301507537688444","53","40","43","38.869346733668344","53","48","48","36.4070351758794","53","41","33","36.030150753768844","53","31","25","37.15577889447236","53","38","33","36.39698492462311","53","43","37","36.07537688442211","53","36","32","34.15577889447236","53","30","38","34.58793969849246","53","32","36","33.73869346733668","53","39","37","33.994974874371856","53","33","38","34.12562814070352","53","32","35","33.743718592964825","53","35","43","34.175879396984925","53","36","26","34.52261306532663","53","30","34","34.49246231155779","53","28","39","34.28643216080402","53","34","36","36.175879396984925","53","39","37","36.085427135678394","53","35","41","36.040201005025125","53","45","41","36.32663316582914","53","46","41","36.2713567839196"
,"54","50","46","50.06532663316583","54","54","51","49.88944723618091","54","53","42","50.040201005025125","54","52","48","49.89949748743719","54","52","48","49.87437185929648","54","50","50","48.51256281407035","54","51","49","48.69346733668342","54","49","51","48.72361809045226","54","46","49","48.472361809045225","54","47","51","48.29145728643216","54","47","50","46.914572864321606","54","51","50","46.663316582914575","54","52","46","46.949748743718594","54","47","46","47","54","50","45","46.53266331658291","54","49","46","44.753768844221106","54","43","45","45.2964824120603","54","42","50","44.55778894472362","54","49","43","44.85427135678392","54","47","50","44.89949748743719","54","41","43","42.336683417085425","54","41","48","42.834170854271356","54","46","40","43.10050251256281","54","47","43","42.778894472361806","54","45","43","42.60301507537689","54","42","45","40.165829145728644","54","38","48","40.050251256281406","54","35","38","39.688442211055275","54","39","46","40.005025125628144","54","32","42","39.58793969849246","54","43","38","37.005025125628144","54","28","36","36.64321608040201","54","37","40","37.80904522613066","54","45","32","37.05527638190955","54","33","40","36.7286432160804","54","36","33","34.72361809045226","54","34","38","35.185929648241206","54","36","31","34.336683417085425","54","28","32","34.55778894472362","54","43","41","34.618090452261306","54","30","39","34.336683417085425","54","35","34","34.74874371859296","54","38","39","35.07537688442211","54","36","33","34.994974874371856","54","42","37","34.834170854271356","54","43","36","36.814070351758794","54","28","43","36.653266331658294","54","28","24","36.67336683417086","54","29","31","36.92964824120603","54","33","42","36.88944723618091"
,"55","52","51","50.88944723618091","55","55","49","50.768844221105525","55","55","51","50.88442211055276","55","50","50","50.78894472361809","55","51","52","50.73869346733668","55","50","41","49.35678391959799","55","47","52","49.51256281407035","55","51","52","49.54773869346734","55","52","52","49.31658291457286","55","55","50","49.120603015075375","55","48","44","47.733668341708544","55","51","45","47.537688442211056","55","46","53","47.778894472361806","55","47","45","47.79396984924623","55","52","42","47.346733668341706","55","43","45","45.5929648241206","55","51","49","46.17085427135678","55","43","49","45.41708542713568","55","44","49","45.63819095477387","55","40","48","45.678391959798994","55","41","34","43.07035175879397","55","37","36","43.57286432160804","55","43","44","43.85929648241206","55","46","38","43.54773869346734","55","43","46","43.336683417085425","55","37","38","40.91959798994975","55","42","29","40.72361809045226","55","45","39","40.44221105527638","55","44","47","40.72361809045226","55","43","43","40.301507537688444","55","43","43","37.62311557788945","55","33","40","37.301507537688444","55","38","32","38.437185929648244","55","43","31","37.70854271356784","55","38","41","37.321608040201006","55","33","33","35.311557788944725","55","34","29","35.79396984924623","55","40","35","34.91959798994975","55","37","36","35.130653266331656","55","27","33","35.20603015075377","55","29","40","34.89447236180904","55","39","34","35.301507537688444","55","40","37","35.64321608040201","55","43","27","35.54271356783919","55","40","32","35.41708542713568","55","26","42","37.38693467336683","55","31","43","37.301507537688444","55","38","35","37.28643216080402","55","37","35","37.54773869346734","55","38","38","37.52261306532663"
,"56","50","55","51.72361809045226","56","55","51","51.65829145728643","56","53","42","51.75879396984924","56","52","51","51.65829145728643","56","51","48","51.608040201005025","56","50","52","50.21608040201005","56","51","52","50.35175879396985","56","54","52","50.41206030150754","56","52","50","50.130653266331656","56","50","46","49.97989949748744","56","49","45","48.562814070351756","56","47","47","48.321608040201006","56","50","52","48.608040201005025","56","55","48","48.608040201005025","56","41","43","48.20603015075377","56","49","39","46.391959798994975","56","42","47","47.04522613065327","56","50","50","46.28643216080402","56","44","50","46.437185929648244","56","47","46","46.47738693467337","56","48","41","43.834170854271356","56","46","35","44.336683417085425","56","49","45","44.61306532663317","56","45","47","44.301507537688444","56","36","47","44.095477386934675","56","37","35","41.57286432160804","56","36","39","41.38693467336683","56","43","41","41.1356783919598","56","48","35","41.447236180904525","56","43","46","41.030150753768844","56","39","41","38.19095477386934","56","31","40","38.005025125628144","56","40","33","39.04522613065327","56","45","33","38.381909547738694","56","29","31","37.969849246231156","56","41","42","35.89949748743719","56","42","34","36.37185929648241","56","35","42","35.49246231155779","56","40","34","35.663316582914575","56","29","35","35.79899497487437","56","33","39","35.47738693467337","56","30","38","35.869346733668344","56","40","33","36.2713567839196","56","38","34","36.09045226130653","56","34","25","35.94472361809045","56","35","37","38.09045226130653","56","31","29","37.85427135678392","56","36","32","37.89447236180904","56","41","37","38.1608040201005","56","38","40","38.1356783919598"
,"57","52","55","52.58291457286432","57","57","50","52.527638190954775","57","55","56","52.60301507537689","57","53","50","52.552763819095475","57","54","55","52.46733668341709","57","50","53","51.085427135678394","57","56","54","51.20100502512563","57","49","55","51.23618090452261","57","57","56","50.97989949748744","57","53","53","50.824120603015075","57","45","47","49.381909547738694","57","42","54","49.1356783919598","57","50","48","49.44221105527638","57","52","49","49.402010050251256","57","46","48","49.015075376884425","57","47","44","47.20100502512563","57","41","49","47.90954773869347","57","48","38","47.120603015075375","57","51","44","47.20100502512563","57","45","49","47.28140703517588","57","49","49","44.57788944723618","57","52","49","45.175879396984925","57","51","44","45.37185929648241","57","53","53","45.08040201005025","57","50","39","44.81909547738694","57","28","45","42.26130653266332","57","44","44","42.07537688442211","57","37","46","41.78391959798995","57","36","42","42.221105527638194","57","42","41","41.75879396984924","57","30","43","38.814070351758794","57","35","42","38.64321608040201","57","46","37","39.653266331658294","57","25","34","39.03517587939699","57","34","43","38.66834170854271","57","21","34","36.437185929648244","57","37","44","36.97487437185929","57","39","37","36.02010050251256","57","45","29","36.26130653266332","57","38","38","36.34170854271357","57","37","35","36.03517587939699","57","46","25","36.39698492462311","57","38","39","36.87437185929648","57","36","35","36.65829145728643","57","37","42","36.42713567839196","57","37","43","38.69346733668342","57","42","37","38.45226130653266","57","41","35","38.46733668341709","57","40","23","38.753768844221106","57","42","27","38.74874371859296"
,"58","52","52","53.4321608040201","58","56","51","53.381909547738694","58","57","53","53.42211055276382","58","51","48","53.42211055276382","58","54","52","53.32663316582914","58","54","52","51.94472361809045","58","54","46","52","58","55","55","52.06030150753769","58","52","55","51.79899497487437","58","49","48","51.64824120603015","58","49","52","50.26130653266332","58","47","53","49.92964824120603","58","52","49","50.25125628140704","58","50","53","50.21105527638191","58","52","49","49.84924623115578","58","49","42","47.984924623115575","58","51","51","48.67336683417086","58","39","40","47.93467336683417","58","52","52","47.994974874371856","58","49","54","48.085427135678394","58","34","48","45.39698492462311","58","46","54","46.005025125628144","58","52","43","46.12562814070352","58","45","40","45.85929648241206","58","52","50","45.608040201005025","58","49","30","42.97487437185929","58","44","42","42.778894472361806","58","35","43","42.41708542713568","58","44","37","42.93969849246231","58","37","43","42.49748743718593","58","34","50","39.36683417085427","58","45","36","39.256281407035175","58","46","35","40.29145728643216","58","40","33","39.663316582914575","58","36","54","39.28140703517588","58","35","39","37.04522613065327","58","38","40","37.45226130653266","58","37","38","36.60301507537689","58","37","38","36.89447236180904","58","37","39","36.8643216080402","58","33","38","36.62311557788945","58","47","48","36.97487437185929","58","39","40","37.45226130653266","58","37","26","37.311557788944725","58","32","30","36.984924623115575","58","43","41","39.256281407035175","58","38","38","39.09045226130653","58","42","46","39.08040201005025","58","40","27","39.391959798994975","58","46","40","39.31658291457286"
,"59","58","50","54.30653266331658","59","49","51","54.20603015075377","59","59","43","54.266331658291456","59","52","56","54.28140703517588","59","57","59","54.20603015075377","59","56","47","52.79396984924623","59","57","54","52.768844221105525","59","50","50","52.87437185929648","59","53","56","52.61306532663317","59","50","55","52.447236180904525","59","50","55","51.10050251256281","59","53","47","50.70854271356784","59","54","52","51.06532663316583","59","50","52","51.005025125628144","59","47","54","50.68341708542714","59","45","50","48.78391959798995","59","50","52","49.482412060301506","59","50","42","48.71859296482412","59","48","40","48.80904522613066","59","51","46","48.88944723618091","59","56","50","46.20100502512563","59","44","43","46.78391959798995","59","39","51","46.89447236180904","59","36","47","46.618090452261306","59","38","52","46.38693467336683","59","38","42","43.61306532663317","59","49","46","43.50251256281407","59","36","46","43.05527638190955","59","40","46","43.69346733668342","59","42","37","43.20100502512563","59","47","38","40.04522613065327","59","50","38","39.92462311557789","59","31","39","40.88944723618091","59","48","53","40.2713567839196","59","38","43","39.95477386934673","59","35","30","37.597989949748744","59","43","24","37.91959798994975","59","34","28","37.23618090452261","59","40","27","37.517587939698494","59","35","45","37.4070351758794","59","42","42","37.21105527638191","59","32","44","37.52261306532663","59","35","21","38.02512562814071","59","41","40","37.93467336683417","59","37","32","37.5929648241206","59","36","46","39.89949748743719","59","43","39","39.698492462311556","59","39","47","39.68341708542714","59","29","27","40.02512562814071","59","35","36","39.97487437185929"
,"60","57","57","55.12562814070352","60","50","52","55.030150753768844","60","59","52","55.07035175879397","60","54","54","55.1608040201005","60","60","54","55.06532663316583","60","49","56","53.618090452261306","60","51","56","53.57286432160804","60","52","56","53.69346733668342","60","51","57","53.42713567839196","60","54","56","53.23618090452261","60","52","52","51.94472361809045","60","52","51","51.517587939698494","60","48","53","51.89949748743719","60","50","47","51.778894472361806","60","54","53","51.482412060301506","60","40","57","49.57286432160804","60","50","51","50.24120603015076","60","52","43","49.50753768844221","60","35","53","49.58793969849246","60","51","45","49.7035175879397","60","32","46","47","60","48","44","47.57286432160804","60","42","48","47.62814070351759","60","48","41","47.35678391959799","60","49","42","47.1356783919598","60","51","44","44.311557788944725","60","51","43","44.21105527638191","60","43","39","43.84422110552764","60","44","51","44.462311557788944","60","46","51","43.89447236180904","60","39","37","40.608040201005025","60","43","37","40.5678391959799","60","41","44","41.517587939698494","60","46","36","40.92964824120603","60","45","50","40.64824120603015","60","24","40","38.12562814070352","60","35","40","38.47738693467337","60","39","36","37.84422110552764","60","36","33","38.06030150753769","60","44","38","38.02512562814071","60","32","38","37.79899497487437","60","29","30","38.03517587939699","60","34","43","38.60301507537689","60","40","42","38.472361809045225","60","32","35","38.09045226130653","60","33","43","40.52261306532663","60","38","47","40.39698492462311","60","43","44","40.381909547738694","60","35","35","40.65829145728643","60","38","47","40.62814070351759"
,"61","57","53","55.949748743718594","61","56","52","55.84422110552764","61","49","60","55.92964824120603","61","53","54","56.06532663316583","61","55","57","55.93969849246231","61","54","61","54.447236180904525","61","52","57","54.402010050251256","61","52","61","54.54773869346734","61","55","57","54.24120603015076","61","52","59","54.050251256281406","61","55","56","52.78391959798995","61","47","52","52.32663316582914","61","57","49","52.74874371859296","61","52","55","52.58291457286432","61","56","48","52.26130653266332","61","59","53","50.41708542713568","61","51","54","50.994974874371856","61","50","50","50.321608040201006","61","49","41","50.36683417085427","61","57","51","50.49748743718593","61","52","43","47.753768844221106","61","52","47","48.34170854271357","61","41","55","48.381909547738694","61","54","47","48.10050251256281","61","48","50","47.8643216080402","61","43","38","45.03517587939699","61","48","48","44.93467336683417","61","44","42","44.50753768844221","61","43","52","45.21105527638191","61","46","50","44.61306532663317","61","40","46","41.20100502512563","61","44","40","41.2964824120603","61","48","40","42.130653266331656","61","47","42","41.5929648241206","61","51","40","41.2964824120603","61","46","40","38.678391959798994","61","37","43","39.040201005025125","61","41","38","38.38693467336683","61","29","27","38.60301507537689","61","30","34","38.482412060301506","61","35","44","38.321608040201006","61","34","28","38.597989949748744","61","27","44","39.1608040201005","61","44","32","39.07035175879397","61","45","42","38.5929648241206","61","29","43","41.1608040201005","61","41","37","41.050251256281406","61","32","39","41.02010050251256","61","46","34","41.29145728643216","61","43","45","41.26130653266332"
,"62","61","61","56.768844221105525","62","58","61","56.7035175879397","62","56","58","56.79899497487437","62","50","59","56.92964824120603","62","60","59","56.78391959798995","62","60","58","55.301507537688444","62","55","57","55.231155778894475","62","60","58","55.35175879396985","62","53","59","55.040201005025125","62","59","60","54.834170854271356","62","57","58","53.64824120603015","62","55","53","53.130653266331656","62","54","51","53.62311557788945","62","54","58","53.381909547738694","62","54","51","53.06532663316583","62","46","48","51.20100502512563","62","56","50","51.78894472361809","62","56","45","51.130653266331656","62","52","54","51.10552763819096","62","46","56","51.27638190954774","62","49","48","48.52261306532663","62","54","47","49.11557788944724","62","52","49","49.120603015075375","62","51","43","48.89949748743719","62","52","54","48.62311557788945","62","47","45","45.77386934673367","62","52","49","45.65829145728643","62","47","41","45.165829145728644","62","43","49","45.914572864321606","62","51","48","45.37185929648241","62","33","33","41.77386934673367","62","43","47","41.92462311557789","62","43","46","42.78894472361809","62","53","41","42.256281407035175","62","41","39","41.93467336683417","62","34","43","39.21608040201005","62","38","32","39.58291457286432","62","27","51","38.969849246231156","62","33","45","39.175879396984925","62","44","39","39.03517587939699","62","36","35","38.82914572864322","62","36","36","39.175879396984925","62","37","21","39.7035175879397","62","39","40","39.58793969849246","62","44","39","39.095477386934675","62","38","42","41.79396984924623","62","39","45","41.7035175879397","62","40","37","41.65829145728643","62","47","43","41.92462311557789","62","41","43","41.869346733668344"
,"63","58","60","57.60301507537689","63","58","60","57.54271356783919","63","54","54","57.65829145728643","63","60","56","57.80904522613066","63","56","61","57.64321608040201","63","54","63","56.130653266331656","63","55","54","56.06030150753769","63","52","58","56.21105527638191","63","53","58","55.80904522613066","63","52","59","55.64824120603015","63","50","55","54.45226130653266","63","54","59","53.904522613065325","63","59","53","54.41708542713568","63","59","54","54.19597989949749","63","50","56","53.85929648241206","63","53","54","52","63","54","53","52.60301507537689","63","55","56","51.949748743718594","63","53","53","51.869346733668344","63","36","55","52.085427135678394","63","48","49","49.27638190954774","63","52","45","49.8391959798995","63","50","49","49.904522613065325","63","48","50","49.62814070351759","63","42","49","49.38693467336683","63","44","40","46.46733668341709","63","51","43","46.381909547738694","63","50","48","45.814070351758794","63","58","47","46.58793969849246","63","52","40","46.04522613065327","63","37","24","42.447236180904525","63","40","48","42.5929648241206","63","45","38","43.42211055276382","63","40","48","42.88944723618091","63","36","26","42.49748743718593","63","32","25","39.81909547738694","63","43","35","40.15075376884422","63","41","46","39.54271356783919","63","45","36","39.688442211055275","63","34","37","39.62311557788945","63","41","45","39.35175879396985","63","41","52","39.653266331658294","63","38","45","40.29145728643216","63","39","32","40.06030150753769","63","35","38","39.63819095477387","63","45","35","42.45728643216081","63","48","36","42.30653266331658","63","43","38","42.32663316582914","63","53","38","42.517587939698494","63","46","46","42.50753768844221"
,"64","63","60","58.42211055276382","64","55","58","58.402010050251256","64","60","59","58.51256281407035","64","61","60","58.688442211055275","64","57","61","58.49246231155779","64","52","61","56.92462311557789","64","61","60","56.904522613065325","64","58","46","57.06532663316583","64","57","60","56.618090452261306","64","49","61","56.41708542713568","64","57","54","55.28140703517588","64","58","61","54.69346733668342","64","53","50","55.22613065326633","64","54","60","55.03517587939699","64","50","54","54.678391959798994","64","51","50","52.7286432160804","64","58","56","53.37688442211055","64","53","55","52.77386934673367","64","59","55","52.66834170854271","64","48","50","52.904522613065325","64","46","50","50","64","51","50","50.57286432160804","64","53","51","50.70854271356784","64","45","58","50.44221105527638","64","49","50","50.14572864321608","64","45","46","47.1608040201005","64","57","48","47.095477386934675","64","47","45","46.50753768844221","64","40","46","47.336683417085425","64","45","41","46.73869346733668","64","46","50","43.07537688442211","64","47","39","43.21608040201005","64","39","48","44.095477386934675","64","41","45","43.51256281407035","64","47","52","43.15577889447236","64","49","39","40.41708542713568","64","37","27","40.71859296482412","64","42","39","40.130653266331656","64","45","34","40.19095477386934","64","37","44","40.185929648241206","64","44","41","39.88442211055276","64","48","52","40.19597989949749","64","42","46","40.81909547738694","64","44","35","40.62814070351759","64","27","35","40.266331658291456","64","43","38","43.07537688442211","64","42","45","42.96482412060301","64","40","39","42.984924623115575","64","51","39","43.10050251256281","64","52","41","43.15577889447236"
,"65","57","60","59.24120603015076","65","61","62","59.23618090452261","65","56","51","59.34170854271357","65","62","58","59.537688442211056","65","61","64","59.321608040201006","65","59","63","57.75879396984924","65","64","60","57.753768844221106","65","62","60","57.879396984924625","65","53","60","57.45226130653266","65","62","59","57.23618090452261","65","57","58","56.06532663316583","65","63","56","55.46733668341709","65","55","56","56.040201005025125","65","53","57","55.84924623115578","65","50","54","55.50753768844221","65","53","51","53.527638190954775","65","48","57","54.165829145728644","65","53","42","53.50753768844221","65","57","54","53.45728643216081","65","59","57","53.68341708542714","65","52","57","50.71356783919598","65","50","49","51.28643216080402","65","51","45","51.447236180904525","65","56","45","51.21105527638191","65","56","55","50.914572864321606","65","49","42","47.84924623115578","65","52","60","47.80904522613066","65","50","50","47.14070351758794","65","45","50","48.07537688442211","65","54","40","47.447236180904525","65","52","40","43.7286432160804","65","44","44","43.814070351758794","65","43","47","44.80402010050251","65","38","37","44.14572864321608","65","51","34","43.80904522613066","65","31","39","40.969849246231156","65","37","37","41.30653266331658","65","42","41","40.71859296482412","65","41","38","40.75879396984924","65","49","41","40.76381909547739","65","41","47","40.39698492462311","65","33","44","40.768844221105525","65","36","37","41.336683417085425","65","44","30","41.175879396984925","65","47","38","40.79899497487437","65","29","50","43.698492462311556","65","48","55","43.562814070351756","65","38","52","43.63316582914573","65","32","44","43.70854271356784","65","48","45","43.74874371859296"
,"66","57","60","60.04522613065327","66","58","48","60.07035175879397","66","58","63","60.165829145728644","66","58","54","60.4070351758794","66","63","61","60.19095477386934","66","58","64","58.60301507537689","66","58","58","58.5678391959799","66","58","66","58.743718592964825","66","55","61","58.32663316582914","66","59","63","58.040201005025125","66","58","51","56.8643216080402","66","56","57","56.25125628140704","66","57","60","56.85427135678392","66","56","58","56.67336683417086","66","48","51","56.32663316582914","66","51","47","54.29145728643216","66","54","36","54.96482412060301","66","55","48","54.2713567839196","66","54","58","54.20100502512563","66","55","56","54.472361809045225","66","49","51","51.437185929648244","66","50","59","52.05527638190955","66","55","63","52.21608040201005","66","51","50","51.93969849246231","66","48","62","51.69346733668342","66","48","51","48.50753768844221","66","52","44","48.50251256281407","66","42","55","47.79899497487437","66","52","53","48.768844221105525","66","52","54","48.1608040201005","66","50","40","44.36683417085427","66","42","26","44.402010050251256","66","46","38","45.49748743718593","66","30","38","44.74874371859296","66","45","47","44.462311557788944","66","46","48","41.52261306532663","66","37","41","41.85427135678392","66","40","40","41.2713567839196","66","41","37","41.311557788944725","66","42","42","41.36180904522613","66","31","46","40.92462311557789","66","34","54","41.30653266331658","66","47","48","41.904522613065325","66","44","45","41.71859296482412","66","42","44","41.301507537688444","66","42","38","44.35175879396985","66","52","33","44.19597989949749","66","51","40","44.185929648241206","66","50","46","44.34170854271357","66","54","40","44.41206030150754"
,"67","54","61","60.88442211055276","67","60","65","60.904522613065325","67","58","61","61.005025125628144","67","65","59","61.2713567839196","67","67","63","61.030150753768844","67","61","55","59.44221105527638","67","55","57","59.391959798994975","67","60","63","59.62311557788945","67","62","60","59.17085427135678","67","64","65","58.8391959798995","67","57","63","57.68341708542714","67","60","57","57.03517587939699","67","57","59","57.65829145728643","67","54","59","57.46733668341709","67","58","51","57.085427135678394","67","55","50","55.07035175879397","67","53","53","55.77386934673367","67","53","57","55.02010050251256","67","58","50","54.959798994974875","67","59","53","55.24120603015076","67","48","61","52.231155778894475","67","53","52","52.824120603015075","67","60","64","52.96482412060301","67","54","47","52.73869346733668","67","48","54","52.41708542713568","67","48","42","49.221105527638194","67","43","54","49.1608040201005","67","44","55","48.462311557788944","67","39","53","49.472361809045225","67","28","50","48.82914572864322","67","36","51","45.02010050251256","67","52","45","45.005025125628144","67","57","42","46.15075376884422","67","49","45","45.346733668341706","67","53","36","45.09045226130653","67","39","42","42.11557788944724","67","46","41","42.447236180904525","67","49","37","41.8643216080402","67","45","43","41.84422110552764","67","49","46","41.92964824120603","67","46","43","41.462311557788944","67","41","55","41.84422110552764","67","53","41","42.48743718592965","67","44","51","42.266331658291456","67","43","44","41.8643216080402","67","44","48","44.97989949748744","67","46","38","44.85929648241206","67","46","53","44.85427135678392","67","39","47","44.904522613065325","67","47","50","45.07035175879397"
,"68","62","63","61.70854271356784","68","66","58","61.77386934673367","68","59","67","61.814070351758794","68","66","66","62.120603015075375","68","52","65","61.87437185929648","68","64","55","60.25125628140704","68","67","59","60.165829145728644","68","57","60","60.447236180904525","68","59","62","59.994974874371856","68","61","52","59.67336683417086","68","57","62","58.42713567839196","68","56","52","57.84422110552764","68","54","58","58.50251256281407","68","61","60","58.24120603015076","68","60","57","57.8643216080402","68","55","56","55.869346733668344","68","58","54","56.52261306532663","68","59","56","55.768844221105525","68","61","62","55.733668341708544","68","51","53","56.02512562814071","68","58","53","52.95477386934673","68","51","59","53.5678391959799","68","49","41","53.70854271356784","68","60","49","53.57286432160804","68","56","48","53.1356783919598","68","43","53","49.92462311557789","68","55","48","49.85929648241206","68","44","45","49.15577889447236","68","42","39","50.14572864321608","68","46","51","49.47738693467337","68","48","55","45.618090452261306","68","45","50","45.618090452261306","68","44","46","46.80904522613066","68","46","43","46.005025125628144","68","53","40","45.733668341708544","68","44","37","42.65829145728643","68","43","50","42.984924623115575","68","39","52","42.447236180904525","68","42","42","42.437185929648244","68","41","50","42.462311557788944","68","38","40","42","68","40","46","42.4070351758794","68","47","42","43.05527638190955","68","52","51","42.81909547738694","68","51","37","42.447236180904525","68","43","45","45.608040201005025","68","47","47","45.51256281407035","68","45","56","45.53266331658291","68","41","43","45.50251256281407","68","41","41","45.7286432160804"
,"69","63","67","62.58291457286432","69","61","64","62.63819095477387","69","64","68","62.653266331658294","69","65","61","62.96482412060301","69","66","61","62.653266331658294","69","68","64","61.07537688442211","69","54","59","60.949748743718594","69","64","61","61.246231155778894","69","58","63","60.80402010050251","69","62","60","60.47738693467337","69","56","60","59.28643216080402","69","62","60","58.608040201005025","69","58","65","59.30653266331658","69","57","48","59.04522613065327","69","54","53","58.68341708542714","69","52","60","56.62814070351759","69","56","57","57.256281407035175","69","52","57","56.527638190954775","69","54","54","56.49748743718593","69","52","63","56.8643216080402","69","60","52","53.65829145728643","69","54","53","54.27638190954774","69","47","51","54.45728643216081","69","63","58","54.321608040201006","69","43","47","53.87437185929648","69","43","52","50.63819095477387","69","53","45","50.58291457286432","69","48","47","49.88944723618091","69","46","47","50.869346733668344","69","47","42","50.18090452261306","69","46","41","46.21608040201005","69","45","49","46.21105527638191","69","34","44","47.482412060301506","69","44","44","46.62814070351759","69","37","37","46.34170854271357","69","39","41","43.20100502512563","69","37","46","43.49748743718593","69","40","42","43.06030150753769","69","47","30","43.01005025125628","69","34","53","42.984924623115575","69","37","45","42.51256281407035","69","45","40","42.97989949748744","69","40","45","43.60301507537689","69","40","48","43.38693467336683","69","38","48","43.01005025125628","69","47","47","46.1608040201005","69","38","50","46.130653266331656","69","44","42","46.21608040201005","69","42","44","46.085427135678394","69","39","52","46.31658291457286"
,"70","63","70","63.437185929648244","70","62","59","63.52261306532663","70","66","63","63.49246231155779","70","67","63","63.81909547738694","70","66","61","63.44221105527638","70","62","65","61.88442211055276","70","64","62","61.743718592964825","70","66","51","62.06532663316583","70","63","62","61.64321608040201","70","67","59","61.32663316582914","70","56","64","60.10050251256281","70","65","58","59.41206030150754","70","54","56","60.06532663316583","70","63","60","59.8391959798995","70","57","59","59.4321608040201","70","58","58","57.381909547738694","70","66","55","58.015075376884425","70","61","50","57.22613065326633","70","59","62","57.25125628140704","70","55","62","57.65829145728643","70","50","58","54.38693467336683","70","60","55","55.01005025125628","70","58","57","55.12562814070352","70","51","58","55.09045226130653","70","57","50","54.64824120603015","70","50","46","51.311557788944725","70","55","50","51.35175879396985","70","60","54","50.58793969849246","70","47","44","51.58793969849246","70","41","58","50.85929648241206","70","46","53","46.85929648241206","70","52","49","46.778894472361806","70","55","41","48.1356783919598","70","43","45","47.27638190954774","70","37","53","46.92964824120603","70","41","45","43.77386934673367","70","45","38","44.01005025125628","70","43","45","43.62814070351759","70","39","49","43.597989949748744","70","56","49","43.50251256281407","70","38","48","43","70","38","41","43.527638190954775","70","48","43","44.19095477386934","70","52","42","43.96482412060301","70","42","38","43.552763819095475","70","51","50","46.73869346733668","70","47","32","46.743718592964825","70","55","56","46.82914572864322","70","52","51","46.65829145728643","70","52","52","46.879396984924625"
,"71","62","63","64.25125628140704","71","66","70","64.38190954773869","71","62","69","64.38693467336684","71","67","63","64.68341708542714","71","70","69","64.26130653266331","71","62","56","62.7035175879397","71","60","60","62.55778894472362","71","67","68","62.904522613065325","71","63","62","62.462311557788944","71","60","64","62.19095477386934","71","58","64","60.904522613065325","71","59","61","60.21105527638191","71","68","63","60.8643216080402","71","58","61","60.58291457286432","71","61","54","60.21105527638191","71","53","58","58.14070351758794","71","63","59","58.733668341708544","71","50","58","58.01005025125628","71","41","55","58.015075376884425","71","58","59","58.45226130653266","71","60","54","55.14070351758794","71","55","55","55.65829145728643","71","48","52","55.84924623115578","71","56","53","55.84924623115578","71","48","60","55.39698492462311","71","55","64","52","71","55","54","52.015075376884425","71","49","54","51.24120603015076","71","50","45","52.2713567839196","71","61","54","51.62311557788945","71","48","40","47.50251256281407","71","53","51","47.39698492462311","71","45","43","48.78391959798995","71","49","51","47.84422110552764","71","42","41","47.54773869346734","71","47","35","44.266331658291456","71","45","28","44.482412060301506","71","41","43","44.15577889447236","71","52","50","44.14070351758794","71","44","51","44.02010050251256","71","39","50","43.517587939698494","71","47","40","44.03517587939699","71","33","39","44.75879396984924","71","40","49","44.482412060301506","71","45","53","44.05527638190955","71","49","46","47.336683417085425","71","43","31","47.42211055276382","71","48","46","47.437185929648244","71","51","49","47.256281407035175","71","49","40","47.55778894472362"
,"72","66","67","65.09045226130654","72","64","61","65.26633165829146","72","64","67","65.22110552763819","72","71","69","65.50753768844221","72","70","60","65.08542713567839","72","69","65","63.57788944723618","72","57","66","63.37688442211055","72","58","70","63.72361809045226","72","69","69","63.28643216080402","72","68","66","63.050251256281406","72","64","57","61.72361809045226","72","65","43","61.05527638190955","72","63","63","61.62814070351759","72","60","58","61.346733668341706","72","62","63","61.01005025125628","72","54","64","58.93467336683417","72","60","64","59.41206030150754","72","48","68","58.85929648241206","72","55","57","58.778894472361806","72","61","64","59.256281407035175","72","46","58","55.88944723618091","72","58","59","56.402010050251256","72","53","65","56.618090452261306","72","61","59","56.653266331658294","72","57","48","56.11055276381909","72","59","48","52.743718592964825","72","51","49","52.7035175879397","72","56","54","51.994974874371856","72","49","60","52.96482412060301","72","53","45","52.33165829145729","72","52","44","48.11557788944724","72","51","44","48.02512562814071","72","36","44","49.437185929648244","72","58","40","48.45226130653266","72","50","46","48.1608040201005","72","49","46","44.79396984924623","72","42","36","45.02010050251256","72","45","43","44.73869346733668","72","43","50","44.663316582914575","72","40","45","44.597989949748744","72","49","59","44.095477386934675","72","41","36","44.58291457286432","72","46","43","45.336683417085425","72","46","45","45.040201005025125","72","28","49","44.5929648241206","72","50","40","47.93969849246231","72","57","48","48","72","53","57","47.994974874371856","72","50","51","47.8391959798995","72","52","44","48.18090452261306"
,"73","64","58","65.94974874371859","73","63","65","66.07537688442211","73","70","72","66.0251256281407","73","63","67","66.31155778894473","73","56","60","65.91959798994975","73","57","69","64.41708542713567","73","67","61","64.19095477386935","73","61","58","64.53768844221105","73","64","70","64.06030150753769","73","56","62","63.89447236180904","73","61","60","62.527638190954775","73","64","58","61.85427135678392","73","58","61","62.42713567839196","73","66","64","62.04522613065327","73","63","64","61.80402010050251","73","61","57","59.7035175879397","73","64","62","60.19095477386934","73","53","53","59.63819095477387","73","60","54","59.537688442211056","73","59","69","60.06030150753769","73","61","58","56.62311557788945","73","52","60","57.1356783919598","73","56","50","57.346733668341706","73","52","43","57.391959798994975","73","52","59","56.82914572864322","73","57","58","53.472361809045225","73","52","53","53.44221105527638","73","52","49","52.768844221105525","73","43","56","53.62311557788945","73","47","62","53.01005025125628","73","52","48","48.71356783919598","73","41","44","48.68341708542714","73","36","55","50.05527638190955","73","50","45","49.09045226130653","73","50","47","48.70854271356784","73","42","51","45.321608040201006","73","43","48","45.63316582914573","73","39","49","45.301507537688444","73","33","46","45.26130653266332","73","50","48","45.15577889447236","73","42","45","44.64321608040201","73","61","55","45.10552763819096","73","37","49","45.88442211055276","73","50","44","45.597989949748744","73","41","40","45.09045226130653","73","38","58","48.57788944723618","73","53","47","48.61306532663317","73","49","58","48.552763819095475","73","45","44","48.49246231155779","73","51","55","48.80402010050251"
,"74","66","68","66.79899497487438","74","71","69","66.88442211055276","74","66","66","66.8391959798995","74","71","71","67.1105527638191","74","73","70","66.69849246231156","74","60","70","65.25628140703517","74","66","66","65.01005025125629","74","67","66","65.37688442211055","74","55","65","64.89949748743719","74","69","61","64.76381909547739","74","66","70","63.36683417085427","74","69","67","62.678391959798994","74","55","66","63.21105527638191","74","61","70","62.77386934673367","74","69","65","62.597989949748744","74","65","62","60.47738693467337","74","55","65","60.97989949748744","74","60","54","60.402010050251256","74","60","63","60.2713567839196","74","67","59","60.834170854271356","74","50","61","57.34170854271357","74","60","63","57.85427135678392","74","54","58","58.11557788944724","74","63","48","58.08040201005025","74","55","57","57.62814070351759","74","48","45","54.20100502512563","74","58","58","54.18090452261306","74","56","57","53.4321608040201","74","52","57","54.28140703517588","74","52","48","53.71859296482412","74","48","50","49.23618090452261","74","48","39","49.336683417085425","74","57","51","50.69346733668342","74","42","51","49.69346733668342","74","36","40","49.30653266331658","74","51","39","45.82914572864322","74","42","30","46.11557788944724","74","42","41","45.84924623115578","74","50","42","45.914572864321606","74","38","51","45.72361809045226","74","40","48","45.24120603015076","74","52","52","45.71356783919598","74","48","54","46.42211055276382","74","54","38","46.15577889447236","74","56","51","45.63819095477387","74","48","52","49.21105527638191","74","57","53","49.231155778894475","74","52","45","49.19095477386934","74","48","48","49.1608040201005","74","47","52","49.41708542713568"
,"75","69","72","67.61809045226131","75","63","70","67.73869346733669","75","67","63","67.68341708542714","75","64","68","67.92462311557789","75","60","69","67.52261306532664","75","68","65","66.10552763819095","75","66","58","65.82914572864321","75","64","72","66.21105527638191","75","72","58","65.7035175879397","75","65","60","65.64824120603015","75","68","65","64.21105527638191","75","69","57","63.462311557788944","75","72","66","64.01507537688443","75","56","67","63.562814070351756","75","50","62","63.37688442211055","75","70","70","61.28643216080402","75","65","70","61.72361809045226","75","59","62","61.15075376884422","75","48","58","61.05527638190955","75","63","60","61.55778894472362","75","53","60","58.05527638190955","75","55","62","58.5929648241206","75","60","62","58.85427135678392","75","60","60","58.79899497487437","75","63","63","58.36180904522613","75","57","67","54.95477386934673","75","49","60","54.88442211055276","75","52","57","54.130653266331656","75","65","53","54.994974874371856","75","56","56","54.46733668341709","75","41","51","49.8391959798995","75","47","57","49.96482412060301","75","57","52","51.28643216080402","75","47","56","50.35678391959799","75","59","54","49.89447236180904","75","42","48","46.336683417085425","75","43","49","46.688442211055275","75","48","50","46.402010050251256","75","51","42","46.50251256281407","75","47","49","46.311557788944725","75","42","46","45.79899497487437","75","35","57","46.301507537688444","75","37","53","46.91959798994975","75","44","46","46.69346733668342","75","51","46","46.221105527638194","75","52","52","49.879396984924625","75","54","53","49.80904522613066","75","47","37","49.824120603015075","75","51","54","49.743718592964825","75","56","52","50.02010050251256"
,"76","74","66","68.46733668341709","76","75","69","68.55778894472361","76","62","60","68.47236180904522","76","69","76","68.7286432160804","76","62","75","68.2713567839196","76","63","72","66.91959798994975","76","64","71","66.61809045226131","76","72","64","66.98492462311557","76","69","67","66.54773869346734","76","74","71","66.52261306532664","76","63","71","65.02010050251256","76","69","64","64.2964824120603","76","66","65","64.78894472361809","76","72","64","64.31155778894473","76","56","61","64.12562814070351","76","52","56","62.04522613065327","76","64","63","62.537688442211056","76","62","63","61.904522613065325","76","55","63","61.81909547738694","76","61","71","62.36180904522613","76","61","55","58.71356783919598","76","66","60","59.35678391959799","76","67","56","59.597989949748744","76","54","52","59.54271356783919","76","59","62","59.06532663316583","76","52","58","55.67336683417086","76","50","55","55.63316582914573","76","45","61","54.79899497487437","76","61","50","55.66834170854271","76","54","50","55.15075376884422","76","64","58","50.50753768844221","76","63","54","50.618090452261306","76","41","63","51.959798994974875","76","54","46","51.02512562814071","76","60","29","50.462311557788944","76","56","49","46.80904522613066","76","52","47","47.28643216080402","76","48","58","46.914572864321606","76","53","45","47.10552763819096","76","43","50","46.81909547738694","76","42","50","46.37185929648241","76","41","50","46.834170854271356","76","48","52","47.45226130653266","76","53","50","47.26130653266332","76","36","37","46.743718592964825","76","49","52","50.52261306532663","76","47","54","50.42211055276382","76","60","45","50.50251256281407","76","57","51","50.36683417085427","76","44","53","50.63819095477387"
,"77","64","71","69.30653266331659","77","75","70","69.35175879396985","77","65","69","69.26633165829146","77","72","63","69.54773869346734","77","72","71","69.06532663316582","77","56","70","67.74874371859296","77","70","48","67.41708542713567","77","61","63","67.78391959798995","77","72","70","67.34170854271356","77","69","66","67.34673366834171","77","68","57","65.84924623115577","77","66","65","65.07035175879398","77","72","61","65.5678391959799","77","66","64","65.10552763819095","77","70","69","64.92964824120602","77","64","71","62.78894472361809","77","61","68","63.35678391959799","77","66","54","62.67336683417086","77","62","62","62.57286432160804","77","61","62","63.17085427135678","77","54","62","59.402010050251256","77","56","57","60.12562814070352","77","58","62","60.35175879396985","77","62","53","60.311557788944725","77","66","52","59.778894472361806","77","54","54","56.41206030150754","77","60","55","56.266331658291456","77","64","41","55.52261306532663","77","65","56","56.36180904522613","77","53","49","55.80904522613066","77","56","53","51.07537688442211","77","44","55","51.2713567839196","77","50","46","52.60301507537689","77","64","67","51.63819095477387","77","37","52","51.06532663316583","77","39","57","47.32663316582914","77","42","53","47.78391959798995","77","46","51","47.44221105527638","77","55","52","47.64824120603015","77","40","52","47.35678391959799","77","45","45","46.969849246231156","77","58","52","47.38693467336683","77","37","44","48.01005025125628","77","51","57","47.768844221105525","77","38","58","47.311557788944725","77","54","44","51.17085427135678","77","54","49","51.095477386934675","77","47","59","51.04522613065327","77","55","53","51.01005025125628","77","53","43","51.2964824120603"
,"78","70","63","70.1356783919598","78","73","70","70.16582914572864","78","68","67","70.07035175879398","78","73","70","70.37185929648241","78","53","77","69.8391959798995","78","69","71","68.53266331658291","78","69","70","68.23618090452261","78","72","64","68.57286432160804","78","65","71","68.13065326633166","78","73","72","68.18090452261306","78","65","70","66.61809045226131","78","72","67","65.83417085427136","78","63","70","66.34673366834171","78","65","59","65.8391959798995","78","64","61","65.7035175879397","78","57","67","63.54773869346734","78","67","62","64.11557788944724","78","63","69","63.46733668341709","78","64","64","63.311557788944725","78","46","60","63.949748743718594","78","58","58","60.11055276381909","78","46","64","60.87437185929648","78","52","70","61.095477386934675","78","62","60","61.10050251256281","78","57","68","60.537688442211056","78","63","63","57.09045226130653","78","63","58","56.89447236180904","78","53","45","56.2713567839196","78","54","57","57.095477386934675","78","52","61","56.51256281407035","78","61","47","51.71859296482412","78","55","51","51.8643216080402","78","63","50","53.231155778894475","78","49","48","52.30653266331658","78","45","42","51.7035175879397","78","68","40","47.81909547738694","78","57","56","48.346733668341706","78","58","53","48.040201005025125","78","55","37","48.21608040201005","78","59","55","47.94472361809045","78","60","38","47.537688442211056","78","53","48","47.93969849246231","78","39","56","48.54773869346734","78","60","40","48.31658291457286","78","57","50","47.85929648241206","78","57","45","51.743718592964825","78","51","57","51.79396984924623","78","61","56","51.67336683417086","78","53","41","51.678391959798994","78","63","59","51.969849246231156"
,"79","78","61","70.95477386934674","79","65","74","70.99497487437186","79","75","58","70.87437185929649","79","71","71","71.19095477386935","79","73","74","70.62814070351759","79","67","62","69.36180904522612","79","73","74","69.05527638190955","79","75","67","69.38693467336684","79","75","70","68.90954773869346","79","70","75","68.95477386934674","79","70","67","67.39195979899498","79","56","70","66.68341708542714","79","59","63","67.14572864321607","79","68","64","66.5929648241206","79","62","69","66.48241206030151","79","75","61","64.26633165829146","79","61","68","64.8391959798995","79","66","65","64.23618090452261","79","68","65","64.08040201005025","79","58","70","64.74371859296483","79","63","60","60.834170854271356","79","58","58","61.60301507537689","79","62","61","61.78391959798995","79","67","70","61.85427135678392","79","69","66","61.24120603015076","79","62","63","57.768844221105525","79","45","50","57.552763819095475","79","55","58","56.97989949748744","79","63","49","57.80402010050251","79","61","50","57.21105527638191","79","60","54","52.2713567839196","79","59","52","52.45226130653266","79","59","58","53.88944723618091","79","63","51","52.95477386934673","79","58","62","52.28140703517588","79","41","43","48.321608040201006","79","51","50","48.95477386934673","79","51","45","48.618090452261306","79","57","49","48.78391959798995","79","48","52","48.50753768844221","79","47","45","48.11557788944724","79","45","53","48.47738693467337","79","40","63","49.08040201005025","79","52","46","48.87437185929648","79","48","51","48.42211055276382","79","42","54","52.37688442211055","79","54","37","52.51256281407035","79","51","48","52.231155778894475","79","49","49","52.33165829145729","79","60","55","52.62814070351759"
,"80","73","73","71.77386934673366","80","77","75","71.82412060301507","80","67","59","71.65829145728644","80","76","72","72.06532663316582","80","73","75","71.46231155778895","80","73","59","70.14070351758794","80","69","72","69.85929648241206","80","67","74","70.21105527638191","80","71","77","69.70854271356784","80","65","73","69.74371859296483","80","69","65","68.17587939698493","80","61","69","67.48743718592965","80","69","67","67.96482412060301","80","73","74","67.35175879396985","80","73","72","67.2462311557789","80","66","59","65.03517587939699","80","66","62","65.59798994974874","80","64","60","65.06030150753769","80","57","71","64.84422110552764","80","69","71","65.53768844221105","80","53","64","61.562814070351756","80","60","66","62.321608040201006","80","66","64","62.48743718592965","80","70","65","62.58793969849246","80","52","52","61.97989949748744","80","47","55","58.50251256281407","80","56","55","58.221105527638194","80","51","45","57.68341708542714","80","70","67","58.4321608040201","80","67","61","57.904522613065325","80","60","47","52.84924623115578","80","49","50","53.11557788944724","80","49","56","54.447236180904525","80","59","49","53.663316582914575","80","45","45","52.914572864321606","80","65","44","48.84924623115578","80","42","33","49.49246231155779","80","51","38","49.19095477386934","80","48","36","49.301507537688444","80","45","54","49.06030150753769","80","45","47","48.618090452261306","80","41","54","48.994974874371856","80","51","61","49.58793969849246","80","48","43","49.391959798994975","80","54","49","48.98994974874372","80","57","59","53.01005025125628","80","52","33","53.130653266331656","80","59","49","52.824120603015075","80","53","60","52.94472361809045","80","51","55","53.22613065326633"
,"81","77","76","72.62311557788945","81","72","74","72.66331658291458","81","75","58","72.48743718592965","81","70","72","72.87939698492463","81","78","78","72.26633165829146","81","72","67","70.97989949748744","81","73","76","70.678391959799","81","74","77","70.99497487437186","81","76","75","70.54773869346734","81","75","75","70.5427135678392","81","69","75","68.98994974874371","81","68","69","68.24120603015075","81","66","67","68.73869346733669","81","72","74","68.08040201005025","81","72","66","68.10050251256281","81","76","67","65.79899497487438","81","69","66","66.40201005025126","81","59","60","65.79899497487438","81","63","68","65.53266331658291","81","71","60","66.321608040201","81","63","64","62.32663316582914","81","48","52","63.03517587939699","81","69","56","63.19095477386934","81","73","72","63.321608040201006","81","62","56","62.7286432160804","81","58","61","59.25125628140704","81","66","53","58.914572864321606","81","65","54","58.38693467336683","81","60","63","59.06532663316583","81","56","48","58.63316582914573","81","42","56","53.49246231155779","81","63","57","53.834170854271356","81","66","62","55.095477386934675","81","51","53","54.336683417085425","81","55","58","53.562814070351756","81","51","45","49.4070351758794","81","41","65","49.994974874371856","81","46","61","49.743718592964825","81","49","64","49.834170854271356","81","41","49","49.64824120603015","81","53","52","49.11055276381909","81","38","38","49.57286432160804","81","52","54","50.095477386934675","81","55","52","49.89447236180904","81","47","52","49.54773869346734","81","58","47","53.54271356783919","81","55","57","53.80904522613066","81","49","50","53.42211055276382","81","57","49","53.5678391959799","81","59","45","53.87437185929648"
,"82","70","64","73.45226130653266","82","66","82","73.50251256281408","82","75","61","73.26633165829146","82","74","74","73.678391959799","82","73","70","73.05025125628141","82","69","66","71.82412060301507","82","72","74","71.45226130653266","82","73","73","71.79899497487438","82","74","76","71.37185929648241","82","73","63","71.36180904522612","82","71","69","69.77889447236181","82","59","64","69.00502512562814","82","69","73","69.5678391959799","82","72","68","68.82412060301507","82","63","64","68.91959798994975","82","70","68","66.5929648241206","82","74","64","67.13065326633166","82","66","66","66.49748743718592","82","60","60","66.31155778894473","82","66","74","67.06030150753769","82","61","51","63.07035175879397","82","60","71","63.75879396984924","82","65","67","63.87437185929648","82","73","59","64.06030150753769","82","73","54","63.44221105527638","82","58","55","59.95477386934673","82","48","58","59.61306532663317","82","69","53","59.06030150753769","82","62","54","59.778894472361806","82","63","61","59.321608040201006","82","64","45","54.085427135678394","82","59","51","54.447236180904525","82","45","49","55.73869346733668","82","65","64","54.96482412060301","82","52","64","54.175879396984925","82","55","47","49.949748743718594","82","56","61","50.53266331658291","82","54","63","50.30653266331658","82","51","36","50.39698492462311","82","42","44","50.21608040201005","82","50","66","49.66834170854271","82","39","56","50.120603015075375","82","48","47","50.61306532663317","82","48","44","50.42211055276382","82","55","40","50.015075376884425","82","56","52","54.14070351758794","82","42","68","54.472361809045225","82","59","54","54.040201005025125","82","59","61","54.22613065326633","82","51","57","54.48743718592965"
,"83","60","76","74.28140703517587","83","75","75","74.2964824120603","83","76","80","74.03015075376885","83","69","68","74.46733668341709","83","71","79","73.79899497487438","83","78","61","72.67336683417085","83","79","64","72.23618090452261","83","75","68","72.56281407035176","83","72","76","72.20603015075378","83","79","75","72.16582914572864","83","79","67","70.58793969849246","83","62","65","69.79396984924622","83","67","73","70.38693467336684","83","75","79","69.54773869346734","83","66","68","69.7035175879397","83","66","66","67.35678391959799","83","66","77","67.8391959798995","83","71","57","67.26633165829146","83","66","62","67.07537688442211","83","67","69","67.83417085427136","83","68","59","63.814070351758794","83","60","74","64.47738693467336","83","72","61","64.61306532663316","83","61","66","64.79899497487438","83","61","58","64.12562814070351","83","58","56","60.65829145728643","83","50","67","60.336683417085425","83","54","46","59.733668341708544","83","59","44","60.49748743718593","83","70","68","60","83","52","58","54.663316582914575","83","48","63","55.06532663316583","83","57","54","56.402010050251256","83","64","50","55.54773869346734","83","64","58","54.78391959798995","83","46","43","50.48743718592965","83","60","54","51.07537688442211","83","46","62","50.82914572864322","83","60","37","50.88944723618091","83","43","56","50.76381909547739","83","46","35","50.20603015075377","83","56","44","50.64824120603015","83","51","30","51.120603015075375","83","47","42","51","83","47","40","50.527638190954775","83","51","59","54.78391959798995","83","53","60","55.14070351758794","83","59","57","54.68341708542714","83","62","43","54.87437185929648","83","53","62","55.09045226130653"
,"84","80","79","75.1105527638191","84","72","75","75.10050251256281","84","73","75","74.84924623115577","84","78","76","75.25628140703517","84","69","71","74.55276381909547","84","76","63","73.49246231155779","84","75","69","73.05025125628141","84","69","65","73.37185929648241","84","66","77","72.99497487437186","84","73","77","72.99497487437186","84","68","69","71.38693467336684","84","75","70","70.57788944723617","84","68","75","71.20603015075378","84","74","72","70.34170854271356","84","70","73","70.53266331658291","84","76","74","68.00502512562814","84","64","63","68.58793969849246","84","59","80","68.04522613065326","84","72","76","67.82914572864321","84","62","63","68.56281407035176","84","70","63","64.57788944723617","84","68","74","65.2462311557789","84","71","68","65.30653266331659","84","66","52","65.52763819095478","84","59","49","64.79899497487438","84","50","68","61.35175879396985","84","67","59","61.05527638190955","84","57","67","60.437185929648244","84","65","54","61.185929648241206","84","65","62","60.688442211055275","84","51","51","55.246231155778894","84","64","61","55.73869346733668","84","68","52","57","84","62","54","56.120603015075375","84","49","50","55.42211055276382","84","55","47","51.03517587939699","84","48","55","51.66834170854271","84","57","52","51.381909547738694","84","60","50","51.45728643216081","84","47","59","51.36683417085427","84","44","48","50.72361809045226","84","54","44","51.165829145728644","84","49","54","51.58793969849246","84","53","57","51.50753768844221","84","46","47","51.130653266331656","84","59","48","55.39698492462311","84","53","57","55.73869346733668","84","60","41","55.31658291457286","84","42","56","55.57788944723618","84","53","57","55.67336683417086"
,"85","73","73","75.93969849246231","85","79","74","75.88442211055276","85","77","60","75.68844221105527","85","77","77","76.04522613065326","85","81","79","75.34170854271356","85","62","80","74.30150753768844","85","77","72","73.84422110552764","85","80","76","74.17587939698493","85","75","69","73.80904522613065","85","69","75","73.7537688442211","85","71","69","72.19095477386935","85","57","65","71.37185929648241","85","70","68","72.05527638190955","85","78","78","71.12060301507537","85","79","76","71.32663316582915","85","77","74","68.73366834170854","85","68","77","69.30150753768844","85","72","60","68.81909547738694","85","68","69","68.55778894472361","85","72","70","69.29145728643216","85","64","58","65.31155778894473","85","71","69","65.94974874371859","85","66","64","66.03015075376885","85","67","64","66.27638190954774","85","55","68","65.51758793969849","85","69","64","62.07537688442211","85","51","71","61.74874371859296","85","67","68","61.19095477386934","85","61","55","61.89447236180904","85","52","55","61.37185929648241","85","64","56","55.90954773869347","85","62","62","56.41708542713568","85","56","53","57.597989949748744","85","50","59","56.77386934673367","85","67","64","56.030150753768844","85","54","59","51.608040201005025","85","51","61","52.21105527638191","85","65","59","51.93969849246231","85","58","64","51.969849246231156","85","60","49","51.88442211055276","85","44","63","51.15577889447236","85","57","48","51.663316582914575","85","51","66","52.03517587939699","85","53","58","52.02010050251256","85","56","58","51.7286432160804","85","56","48","56.015075376884425","85","62","59","56.311557788944725","85","66","49","55.959798994974875","85","61","65","56.26130653266332","85","60","60","56.266331658291456"
,"86","83","79","76.77889447236181","86","77","79","76.69346733668341","86","83","68","76.52261306532664","86","77","77","76.84924623115577","86","78","82","76.16582914572864","86","72","76","75.07035175879398","86","77","72","74.62814070351759","86","74","75","74.98994974874371","86","78","81","74.65326633165829","86","78","76","74.53768844221105","86","67","78","72.97989949748744","86","70","73","72.1356783919598","86","68","70","72.90452261306532","86","60","75","71.94472361809045","86","77","75","72.14070351758794","86","77","62","69.45226130653266","86","69","64","70.06532663316582","86","63","73","69.52261306532664","86","80","69","69.32663316582915","86","76","65","70.04020100502512","86","69","69","66.03517587939699","86","75","61","66.60301507537689","86","62","76","66.72361809045226","86","78","67","67.00502512562814","86","62","63","66.25628140703517","86","64","64","62.743718592964825","86","54","58","62.482412060301506","86","60","65","61.904522613065325","86","49","64","62.5678391959799","86","64","60","62.09045226130653","86","51","52","56.527638190954775","86","62","52","57.02512562814071","86","55","60","58.20603015075377","86","59","57","57.42713567839196","86","58","58","56.65829145728643","86","51","43","52.09045226130653","86","54","45","52.753768844221106","86","48","66","52.54773869346734","86","53","50","52.49748743718593","86","51","60","52.41206030150754","86","49","56","51.64321608040201","86","52","60","52.14070351758794","86","42","61","52.53266331658291","86","54","57","52.53266331658291","86","40","62","52.301507537688444","86","57","67","56.65829145728643","86","49","60","56.869346733668344","86","62","49","56.55778894472362","86","62","59","56.879396984924625","86","49","53","56.84924623115578"
,"87","80","72","77.57788944723617","87","76","76","77.48743718592965","87","83","77","77.33668341708542","87","80","72","77.63819095477388","87","75","75","76.94472361809045","87","75","70","75.85427135678393","87","71","76","75.42713567839196","87","77","79","75.8140703517588","87","79","78","75.48743718592965","87","71","67","75.30653266331659","87","76","70","73.72361809045226","87","75","58","72.92964824120602","87","65","68","73.71356783919597","87","80","74","72.72361809045226","87","72","79","72.95979899497488","87","65","66","70.19597989949749","87","69","75","70.83417085427136","87","70","62","70.28140703517587","87","69","67","70.11557788944724","87","77","66","70.76884422110552","87","70","63","66.74874371859296","87","70","75","67.2713567839196","87","67","65","67.42713567839196","87","62","55","67.74371859296483","87","75","72","66.98994974874371","87","68","65","63.472361809045225","87","55","58","63.18090452261306","87","59","60","62.60301507537689","87","53","57","63.25125628140704","87","67","61","62.79899497487437","87","62","70","57.130653266331656","87","70","63","57.67336683417086","87","57","50","58.79899497487437","87","52","53","58.09045226130653","87","55","68","57.256281407035175","87","54","44","52.57286432160804","87","52","60","53.321608040201006","87","52","62","53.02010050251256","87","53","51","52.97989949748744","87","51","58","52.91959798994975","87","39","57","52.17085427135678","87","65","38","52.65829145728643","87","64","61","53.015075376884425","87","60","46","53.120603015075375","87","59","63","52.8391959798995","87","61","62","57.31658291457286","87","50","55","57.48743718592965","87","54","67","57.18090452261306","87","60","63","57.54773869346734","87","57","60","57.462311557788944"
,"88","79","73","78.41708542713567","88","76","75","78.321608040201","88","83","79","78.13065326633166","88","76","80","78.43718592964824","88","82","75","77.74874371859296","88","81","78","76.5929648241206","88","77","83","76.22110552763819","88","81","81","76.60804020100502","88","82","77","76.321608040201","88","83","80","76.1608040201005","88","72","76","74.52261306532664","88","58","72","73.78391959798995","88","73","77","74.53266331658291","88","70","79","73.49748743718592","88","65","68","73.73366834170854","88","70","70","70.90452261306532","88","69","70","71.60804020100502","88","72","63","71.04020100502512","88","67","79","70.91959798994975","88","72","78","71.52763819095478","88","73","63","67.46733668341709","88","69","69","67.96984924623115","88","73","71","68.19597989949749","88","65","75","68.46231155778895","88","65","67","67.69849246231156","88","63","68","64.15075376884423","88","69","64","63.87437185929648","88","65","49","63.301507537688444","88","64","68","63.959798994974875","88","70","58","63.527638190954775","88","50","46","57.778894472361806","88","65","54","58.39698492462311","88","70","58","59.41206030150754","88","69","52","58.71859296482412","88","67","60","57.824120603015075","88","48","48","53.05527638190955","88","52","61","53.914572864321606","88","54","45","53.552763819095475","88","54","53","53.50251256281407","88","55","59","53.44221105527638","88","61","55","52.753768844221106","88","52","63","53.165829145728644","88","61","30","53.517587939698494","88","56","54","53.698492462311556","88","56","45","53.346733668341706","88","45","63","57.984924623115575","88","56","45","58.1608040201005","88","49","48","57.869346733668344","88","62","45","58.185929648241206","88","48","64","58.10552763819096"
,"89","83","88","79.25125628140704","89","76","80","79.15577889447236","89","81","83","78.89447236180905","89","56","82","79.2713567839196","89","79","77","78.51256281407035","89","74","83","77.41708542713567","89","72","84","77.0251256281407","89","77","76","77.44723618090453","89","80","68","77.15075376884423","89","69","82","76.96482412060301","89","76","81","75.2964824120603","89","76","81","74.59798994974874","89","72","70","75.35678391959799","89","75","79","74.2462311557789","89","77","75","74.47738693467336","89","72","76","71.60804020100502","89","73","79","72.321608040201","89","71","74","71.78391959798995","89","73","68","71.66834170854271","89","71","68","72.30150753768844","89","65","65","68.23618090452261","89","77","62","68.69849246231156","89","61","52","68.90452261306532","89","71","68","69.16582914572864","89","55","63","68.37185929648241","89","66","66","64.8140703517588","89","68","67","64.56281407035176","89","74","50","64.04020100502512","89","60","51","64.65326633165829","89","65","69","64.26130653266331","89","64","52","58.44221105527638","89","63","55","59.05527638190955","89","59","66","59.984924623115575","89","46","44","59.391959798994975","89","54","61","58.437185929648244","89","63","54","53.60301507537689","89","48","52","54.48743718592965","89","62","61","54.085427135678394","89","56","59","54.02010050251256","89","57","63","54.02010050251256","89","30","55","53.28140703517588","89","47","54","53.698492462311556","89","62","52","54.095477386934675","89","61","45","54.34170854271357","89","52","65","53.89447236180904","89","53","53","58.57286432160804","89","58","65","58.78894472361809","89","46","68","58.52261306532663","89","40","53","58.84422110552764","89","43","66","58.753768844221106"
,"90","86","82","80.04522613065326","90","84","85","79.95979899497488","90","76","80","79.67336683417085","90","85","82","80.07537688442211","90","76","78","79.2713567839196","90","74","85","78.21105527638191","90","70","68","77.84422110552764","90","75","81","78.25125628140704","90","73","81","77.96482412060301","90","83","82","77.74371859296483","90","73","69","76.11557788944724","90","79","79","75.41708542713567","90","80","75","76.1859296482412","90","82","79","74.97989949748744","90","75","73","75.21608040201005","90","80","78","72.34170854271356","90","86","70","73.09045226130654","90","78","76","72.50251256281408","90","73","76","72.42713567839196","90","78","72","73.08542713567839","90","68","72","68.96984924623115","90","59","67","69.41206030150754","90","64","67","69.59798994974874","90","82","75","69.92462311557789","90","79","75","69.10050251256281","90","54","73","65.49246231155779","90","56","61","65.1608040201005","90","58","69","64.78391959798995","90","68","69","65.321608040201","90","71","70","64.97989949748744","90","59","65","59.10050251256281","90","49","65","59.678391959798994","90","59","69","60.608040201005025","90","65","76","60.06532663316583","90","57","45","59.01005025125628","90","54","61","54.10050251256281","90","52","61","55.07035175879397","90","52","46","54.618090452261306","90","45","65","54.517587939698494","90","54","51","54.63819095477387","90","45","46","53.85427135678392","90","52","54","54.21105527638191","90","61","47","54.618090452261306","90","62","48","54.914572864321606","90","58","60","54.42211055276382","90","59","51","59.22613065326633","90","58","48","59.37688442211055","90","62","68","59.165829145728644","90","74","50","59.462311557788944","90","70","56","59.381909547738694"
,"91","83","83","80.84422110552764","91","76","86","80.74371859296483","91","82","86","80.47738693467336","91","85","87","80.91457286432161","91","85","71","80.05527638190955","91","74","85","79.02010050251256","91","84","80","78.64321608040201","91","78","78","79.06532663316582","91","74","85","78.77889447236181","91","80","85","78.52763819095478","91","78","76","76.95477386934674","91","76","81","76.26633165829146","91","73","73","76.9748743718593","91","74","74","75.68844221105527","91","81","72","76","91","64","80","73.11557788944724","91","68","75","73.83417085427136","91","80","72","73.2462311557789","91","70","67","73.19597989949749","91","72","80","73.82914572864321","91","79","64","69.70854271356784","91","75","71","70.09547738693468","91","76","67","70.32663316582915","91","80","66","70.63819095477388","91","70","76","69.82412060301507","91","67","58","66.18090452261306","91","71","62","65.84924623115577","91","69","64","65.48743718592965","91","71","61","65.99497487437186","91","64","75","65.68844221105527","91","60","56","59.71356783919598","91","54","53","60.336683417085425","91","54","50","61.28140703517588","91","43","49","60.66834170854271","91","58","56","59.663316582914575","91","47","54","54.55778894472362","91","59","43","55.60301507537689","91","65","52","55.175879396984925","91","61","54","55.050251256281406","91","62","61","55.21105527638191","91","70","52","54.447236180904525","91","56","67","54.71356783919598","91","53","58","55.10050251256281","91","57","51","55.462311557788944","91","63","53","54.92964824120603","91","55","66","59.84422110552764","91","53","59","59.95477386934673","91","67","50","59.79396984924623","91","61","55","60.10552763819096","91","66","60","59.97487437185929"
,"92","82","80","81.64321608040201","92","82","82","81.56281407035176","92","74","86","81.2964824120603","92","86","84","81.75879396984925","92","80","71","80.87939698492463","92","74","80","79.82412060301507","92","86","75","79.44221105527639","92","79","83","79.84924623115577","92","79","79","79.59798994974874","92","88","72","79.29145728643216","92","83","69","77.79396984924622","92","70","67","77.06532663316582","92","71","78","77.74371859296483","92","72","74","76.43718592964824","92","90","72","76.79396984924622","92","64","80","73.85929648241206","92","75","58","74.54773869346734","92","75","70","74.03015075376885","92","79","74","73.93969849246231","92","76","81","74.63819095477388","92","74","65","70.44221105527639","92","70","78","70.79396984924622","92","75","66","71.00502512562814","92","77","68","71.37688442211055","92","71","77","70.56281407035176","92","69","74","66.89447236180905","92","69","52","66.51256281407035","92","75","69","66.18090452261306","92","77","61","66.678391959799","92","63","52","66.45226130653266","92","52","66","60.30653266331658","92","69","57","61.01005025125628","92","67","71","61.904522613065325","92","56","66","61.30653266331658","92","61","59","60.256281407035175","92","42","37","55.05527638190955","92","58","52","56.11055276381909","92","57","45","55.73869346733668","92","63","56","55.597989949748744","92","58","55","55.81909547738694","92","47","44","55.02010050251256","92","62","63","55.23618090452261","92","48","53","55.62814070351759","92","46","64","55.994974874371856","92","48","50","55.46733668341709","92","62","67","60.44221105527638","92","47","71","60.54773869346734","92","63","65","60.41708542713568","92","66","64","60.68341708542714","92","68","64","60.5678391959799"
,"93","76","85","82.42211055276383","93","85","84","82.35175879396985","93","88","81","82.15577889447236","93","87","85","82.58291457286433","93","76","81","81.70854271356784","93","82","88","80.64321608040201","93","74","82","80.1859296482412","93","85","74","80.59798994974874","93","71","83","80.44723618090453","93","85","89","80.13065326633166","93","87","77","78.57286432160804","93","72","77","77.82412060301507","93","81","85","78.58291457286433","93","79","76","77.20100502512562","93","80","73","77.60804020100502","93","75","82","74.63819095477388","93","86","69","75.21608040201005","93","78","59","74.79396984924622","93","73","76","74.69346733668341","93","77","71","75.42713567839196","93","74","58","71.1608040201005","93","76","67","71.49246231155779","93","73","67","71.74874371859296","93","81","68","72.12060301507537","93","72","67","71.32663316582915","93","71","75","67.60301507537689","93","62","61","67.17587939698493","93","72","74","66.89949748743719","93","68","70","67.39698492462311","93","62","78","67.14572864321607","93","71","59","60.92462311557789","93","71","69","61.65829145728643","93","61","75","62.537688442211056","93","77","58","61.92964824120603","93","72","59","60.87437185929648","93","54","46","55.597989949748744","93","71","54","56.67336683417086","93","64","58","56.38693467336683","93","43","67","56.1356783919598","93","59","55","56.35678391959799","93","50","53","55.537688442211056","93","52","58","55.75879396984924","93","52","44","56.21608040201005","93","51","53","56.517587939698494","93","58","45","56","93","66","61","61.06030150753769","93","56","47","61.1608040201005","93","64","56","61.07035175879397","93","62","70","61.28643216080402","93","68","65","61.23618090452261"
,"94","72","79","83.23618090452261","94","82","89","83.16582914572864","94","89","85","82.96984924623115","94","76","83","83.39195979899498","94","85","85","82.5427135678392","94","80","88","81.44723618090453","94","80","79","81.02010050251256","94","80","86","81.39195979899498","94","72","87","81.2713567839196","94","75","81","80.91457286432161","94","85","80","79.37185929648241","94","79","81","78.61306532663316","94","79","80","79.39698492462311","94","84","81","77.94472361809045","94","80","76","78.38693467336684","94","69","81","75.4070351758794","94","68","76","75.91959798994975","94","77","77","75.54773869346734","94","74","69","75.41708542713567","94","80","75","76.19597989949749","94","65","73","71.92462311557789","94","75","73","72.22613065326634","94","79","83","72.46733668341709","94","66","73","72.83417085427136","94","60","72","72.05025125628141","94","73","66","68.33165829145729","94","73","64","67.85427135678393","94","74","63","67.60301507537689","94","62","63","68.09045226130654","94","72","73","67.84422110552764","94","63","62","61.50251256281407","94","59","67","62.311557788944725","94","54","64","63.12562814070352","94","67","81","62.517587939698494","94","65","66","61.48743718592965","94","55","53","56.05527638190955","94","50","43","57.2713567839196","94","47","37","56.98994974874372","94","62","63","56.688442211055275","94","71","49","56.89949748743719","94","69","59","56.040201005025125","94","54","61","56.27638190954774","94","43","56","56.80904522613066","94","55","45","57.11557788944724","94","72","45","56.49246231155779","94","63","72","61.678391959798994","94","55","69","61.74874371859296","94","62","58","61.67336683417086","94","72","57","61.88442211055276","94","61","66","61.869346733668344"
,"95","88","80","84.04020100502512","95","88","90","83.96482412060301","95","90","91","83.77889447236181","95","87","73","84.24120603015075","95","86","87","83.33165829145729","95","87","87","82.23618090452261","95","86","83","81.8391959798995","95","78","90","82.25125628140704","95","78","89","82.10050251256281","95","72","82","81.67336683417085","95","72","69","80.16582914572864","95","82","76","79.43718592964824","95","81","79","80.15577889447236","95","73","75","78.7286432160804","95","78","77","79.1859296482412","95","85","74","76.1105527638191","95","82","83","76.65829145728644","95","71","74","76.30653266331659","95","73","75","76.18090452261306","95","73","74","77.00502512562814","95","75","70","72.67336683417085","95","75","69","72.94472361809045","95","81","65","73.20603015075378","95","86","72","73.56281407035176","95","62","81","72.77889447236181","95","78","76","69.03517587939699","95","68","67","68.51758793969849","95","57","76","68.28643216080403","95","69","69","68.80904522613065","95","71","81","68.50753768844221","95","65","54","62.11055276381909","95","59","71","62.969849246231156","95","60","62","63.71859296482412","95","55","62","63.10050251256281","95","70","51","62.12562814070352","95","58","56","56.53266331658291","95","45","53","57.85427135678392","95","51","57","57.58793969849246","95","57","56","57.28140703517588","95","65","51","57.41708542713568","95","51","57","56.552763819095475","95","55","50","56.75879396984924","95","67","63","57.35678391959799","95","59","46","57.688442211055275","95","61","52","57.02010050251256","95","61","66","62.301507537688444","95","75","42","62.29145728643216","95","75","71","62.36180904522613","95","71","67","62.50753768844221","95","57","67","62.537688442211056"
,"96","91","65","84.8643216080402","96","85","72","84.7286432160804","96","82","86","84.60301507537689","96","89","95","85.07537688442211","96","89","75","84.14572864321607","96","87","89","83.03015075376885","96","87","78","82.59798994974874","96","92","75","83.05025125628141","96","90","94","82.91959798994975","96","92","82","82.44723618090453","96","86","82","80.9748743718593","96","91","77","80.25628140703517","96","88","89","80.91959798994975","96","67","87","79.48743718592965","96","78","77","80.01507537688443","96","81","78","76.84422110552764","96","70","80","77.37688442211055","96","67","69","77.06030150753769","96","76","74","76.93467336683418","96","80","85","77.78894472361809","96","81","79","73.37688442211055","96","79","70","73.64321608040201","96","64","70","73.9748743718593","96","66","57","74.22613065326634","96","71","76","73.4572864321608","96","60","72","69.68844221105527","96","66","73","69.20603015075378","96","66","66","69.0251256281407","96","69","75","69.49748743718592","96","78","69","69.16582914572864","96","73","52","62.75879396984924","96","66","68","63.63819095477387","96","64","74","64.25125628140704","96","55","59","63.71356783919598","96","68","70","62.74874371859296","96","59","66","57.07537688442211","96","61","54","58.45226130653266","96","60","61","58.15075376884422","96","74","56","57.88944723618091","96","57","68","57.95477386934673","96","56","46","57.06030150753769","96","50","69","57.321608040201006","96","61","61","57.85427135678392","96","52","63","58.221105527638194","96","60","57","57.517587939698494","96","66","60","62.89447236180904","96","45","65","62.89447236180904","96","74","60","63.01005025125628","96","53","68","63.10552763819096","96","69","63","63.15577889447236"
,"97","66","94","85.68341708542714","97","97","82","85.55276381909547","97","78","63","85.44723618090453","97","78","87","85.88442211055276","97","68","79","84.95477386934674","97","87","68","83.87939698492463","97","88","75","83.39698492462311","97","87","90","83.84422110552764","97","87","76","83.65829145728644","97","91","93","83.25125628140704","97","81","85","81.74371859296483","97","79","73","81.09547738693468","97","80","85","81.69346733668341","97","76","93","80.27638190954774","97","83","66","80.80402010050251","97","75","84","77.57788944723617","97","78","80","78.09547738693468","97","65","72","77.77386934673366","97","77","85","77.69346733668341","97","77","82","78.49748743718592","97","63","77","74.09547738693468","97","76","60","74.35678391959799","97","77","77","74.75879396984925","97","80","65","74.94472361809045","97","72","68","74.19597989949749","97","73","74","70.36683417085428","97","68","68","69.91959798994975","97","70","52","69.70854271356784","97","78","75","70.18090452261306","97","63","71","69.85929648241206","97","62","71","63.37185929648241","97","68","70","64.28643216080403","97","61","58","64.8140703517588","97","65","64","64.36180904522612","97","59","54","63.36180904522613","97","70","47","57.5929648241206","97","65","67","59.01005025125628","97","68","65","58.678391959798994","97","60","44","58.45728643216081","97","50","56","58.472361809045225","97","61","42","57.58291457286432","97","61","65","57.8391959798995","97","74","52","58.391959798994975","97","59","64","58.78894472361809","97","56","66","58.005025125628144","97","48","61","63.51256281407035","97","70","65","63.527638190954775","97","56","62","63.597989949748744","97","58","51","63.66834170854271","97","65","67","63.733668341708544"
,"98","89","87","86.50753768844221","98","88","89","86.37185929648241","98","88","87","86.2462311557789","98","86","70","86.68341708542714","98","92","82","85.73366834170854","98","84","84","84.68844221105527","98","87","79","84.18090452261306","98","79","85","84.61306532663316","98","91","91","84.41708542713567","98","79","88","84.05025125628141","98","87","74","82.52763819095478","98","81","80","81.87939698492463","98","83","89","82.50251256281408","98","73","88","81.07035175879398","98","89","74","81.63819095477388","98","77","85","78.31658291457286","98","84","83","78.8643216080402","98","71","83","78.52261306532664","98","78","87","78.43718592964824","98","85","82","79.21105527638191","98","74","72","74.84422110552764","98","76","75","75.09547738693468","98","71","86","75.47738693467336","98","72","74","75.72361809045226","98","85","82","74.95477386934674","98","65","65","71.09547738693468","98","60","61","70.64321608040201","98","72","54","70.33165829145729","98","72","85","70.88442211055276","98","68","72","70.57286432160804","98","69","57","64.02010050251256","98","64","71","64.90452261306532","98","54","54","65.38693467336684","98","71","65","65.06532663316582","98","73","70","63.96482412060301","98","66","55","58.12562814070352","98","65","45","59.54773869346734","98","59","56","59.30653266331658","98","60","58","59.02010050251256","98","62","70","59.040201005025125","98","63","52","58.06030150753769","98","49","75","58.36180904522613","98","49","70","58.96482412060301","98","41","63","59.2964824120603","98","60","52","58.53266331658291","98","64","63","64.12562814070351","98","61","49","64.08040201005025","98","71","60","64.20603015075378","98","55","48","64.28643216080403","98","47","69","64.34170854271356"
,"99","85","96","87.36683417085428","99","82","96","87.1859296482412","99","92","88","87.05025125628141","99","90","91","87.49748743718592","99","82","91","86.53768844221105","99","83","68","85.47738693467336","99","95","77","84.92462311557789","99","76","91","85.35175879396985","99","93","87","85.21608040201005","99","94","80","84.84422110552764","99","89","72","83.31155778894473","99","83","88","82.62311557788945","99","81","80","83.30653266331659","99","86","80","81.86934673366834","99","85","83","82.41708542713567","99","85","86","79.08040201005025","99","71","69","79.66331658291458","99","75","69","79.321608040201","99","86","75","79.19597989949749","99","75","84","79.90452261306532","99","73","75","75.62814070351759","99","82","72","75.8643216080402","99","83","68","76.18090452261306","99","76","80","76.44221105527639","99","63","82","75.67336683417085","99","77","76","71.82412060301507","99","61","64","71.2964824120603","99","72","75","71.0251256281407","99","74","65","71.61306532663316","99","77","65","71.25628140703517","99","56","72","64.65326633165829","99","76","72","65.52261306532664","99","80","66","65.96984924623115","99","58","53","65.71859296482413","99","55","51","64.54773869346734","99","71","48","58.63819095477387","99","64","61","60.085427135678394","99","62","67","59.914572864321606","99","73","62","59.597989949748744","99","56","62","59.552763819095475","99","65","71","58.57788944723618","99","54","48","58.84924623115578","99","48","48","59.462311557788944","99","68","57","59.814070351758794","99","60","64","59.08040201005025","99","64","71","64.80402010050251","99","47","64","64.69346733668341","99","54","55","64.82412060301507","99","68","70","64.8894472361809","99","50","54","64.94974874371859"
,"100","71","97","88.21105527638191","100","70","84","88","100","95","88","87.84422110552764","100","98","94","88.30653266331659","100","88","85","87.31155778894473","100","82","96","86.26130653266331","100","96","88","85.68844221105527","100","84","85","86.14572864321607","100","92","90","85.98994974874371","100","89","95","85.67336683417085","100","88","87","84.09045226130654","100","82","87","83.42211055276383","100","76","81","84.1105527638191","100","86","84","82.63316582914572","100","80","75","83.18090452261306","100","88","85","79.85427135678393","100","81","86","80.42713567839196","100","83","66","80.08542713567839","100","81","87","79.92964824120602","100","87","78","80.56281407035176","100","86","76","76.38190954773869","100","81","86","76.5929648241206","100","76","87","76.87437185929649","100","71","80","77.1356783919598","100","78","76","76.45226130653266","100","70","71","72.50251256281408","100","79","76","71.97989949748744","100","70","70","71.73366834170854","100","55","73","72.30150753768844","100","69","81","71.96482412060301","100","52","35","65.32663316582915","100","65","65","66.15075376884423","100","38","58","66.59798994974874","100","70","66","66.34673366834171","100","60","73","65.1105527638191","100","44","77","59.14572864321608","100","72","56","60.653266331658294","100","58","75","60.472361809045225","100","77","63","60.25125628140704","100","53","71","60.02512562814071","100","48","61","59.07035175879397","100","58","67","59.32663316582914","100","62","64","60.02512562814071","100","54","54","60.35678391959799","100","75","68","59.61306532663317","100","71","58","65.45226130653266","100","82","64","65.34170854271356","100","64","76","65.47236180904522","100","70","56","65.54773869346734","100","53","70","65.56281407035176"
,"101","93","90","89.04020100502512","101","84","96","88.84422110552764","101","95","90","88.64824120603015","101","84","87","89.11557788944724","101","91","90","88.08040201005025","101","95","90","87.07035175879398","101","94","86","86.46733668341709","101","85","92","86.91457286432161","101","97","94","86.77889447236181","101","88","84","86.48743718592965","101","76","81","84.85427135678393","101","89","81","84.21105527638191","101","87","85","84.87437185929649","101","91","78","83.34170854271356","101","93","92","84.00502512562814","101","87","82","80.5929648241206","101","79","67","81.10552763819095","101","82","81","80.84924623115577","101","79","76","80.67336683417085","101","77","94","81.2964824120603","101","77","74","77.11557788944724","101","75","74","77.25628140703517","101","78","81","77.5929648241206","101","78","80","77.86934673366834","101","83","73","77.23115577889448","101","60","71","73.13065326633166","101","81","64","72.63316582914572","101","89","65","72.42713567839196","101","73","59","72.98492462311557","101","77","82","72.678391959799","101","73","74","66.00502512562814","101","68","76","66.77889447236181","101","73","54","67.23115577889448","101","78","83","66.9748743718593","101","57","68","65.71859296482413","101","51","41","59.663316582914575","101","73","71","61.21105527638191","101","75","63","61.02512562814071","101","40","63","60.824120603015075","101","57","67","60.58291457286432","101","66","59","59.62311557788945","101","56","68","59.85427135678392","101","60","38","60.58291457286432","101","79","57","60.94472361809045","101","56","66","60.12562814070352","101","75","63","66.03015075376885","101","56","55","65.95979899497488","101","46","72","66.07537688442211","101","58","65","66.15577889447236","101","65","75","66.18090452261306"
,"102","91","95","89.84422110552764","102","93","96","89.61306532663316","102","79","74","89.43718592964824","102","95","92","89.88442211055276","102","95","87","88.8643216080402","102","89","85","87.87437185929649","102","83","85","87.26130653266331","102","89","92","87.70854271356784","102","86","92","87.61306532663316","102","84","98","87.27638190954774","102","83","73","85.63819095477388","102","85","87","84.96984924623115","102","90","84","85.62814070351759","102","87","89","84.07035175879398","102","85","91","84.76884422110552","102","84","89","81.31658291457286","102","84","75","81.77386934673366","102","67","74","81.5427135678392","102","77","85","81.44221105527639","102","86","82","82.0251256281407","102","87","83","77.88442211055276","102","70","90","77.98994974874371","102","83","82","78.32663316582915","102","72","80","78.60301507537689","102","85","65","77.95979899497488","102","70","69","73.7286432160804","102","86","69","73.30150753768844","102","67","69","73.14070351758794","102","76","68","73.69849246231156","102","71","80","73.43718592964824","102","74","75","66.63316582914572","102","63","72","67.43718592964824","102","82","78","67.80402010050251","102","62","72","67.58793969849246","102","63","71","66.34673366834171","102","82","47","60.21608040201005","102","54","67","61.74874371859296","102","53","68","61.58291457286432","102","71","54","61.41206030150754","102","54","51","61.14070351758794","102","62","57","60.130653266331656","102","62","65","60.35175879396985","102","47","62","61.185929648241206","102","54","51","61.53266331658291","102","49","58","60.698492462311556","102","72","65","66.62814070351759","102","61","51","66.50753768844221","102","67","63","66.73869346733669","102","77","71","66.77889447236181","102","83","77","66.84422110552764"
,"103","86","95","90.678391959799","103","96","92","90.40201005025126","103","82","94","90.27638190954774","103","81","93","90.65326633165829","103","95","97","89.678391959799","103","85","91","88.64321608040201","103","86","85","88.01507537688443","103","95","82","88.50753768844221","103","86","88","88.44221105527639","103","95","91","88.10552763819095","103","92","85","86.41206030150754","103","89","81","85.75879396984925","103","83","92","86.36180904522612","103","88","88","84.84924623115577","103","85","92","85.5427135678392","103","82","92","82.09045226130654","103","89","92","82.47236180904522","103","78","73","82.2713567839196","103","76","86","82.17085427135679","103","78","88","82.74371859296483","103","70","70","78.65326633165829","103","82","78","78.7286432160804","103","82","85","79.09045226130654","103","86","77","79.36683417085428","103","83","88","78.67336683417085","103","76","73","74.42211055276383","103","80","77","73.96984924623115","103","72","59","73.84924623115577","103","80","60","74.42713567839196","103","55","80","74.16582914572864","103","77","64","67.30653266331659","103","74","73","68.03517587939699","103","62","66","68.35175879396985","103","82","73","68.20603015075378","103","69","69","66.94472361809045","103","71","78","60.778894472361806","103","75","60","62.29145728643216","103","62","66","62.14572864321608","103","65","71","61.93467336683417","103","64","67","61.7035175879397","103","59","63","60.64824120603015","103","61","53","60.89949748743719","103","49","60","61.76381909547739","103","78","52","62.08040201005025","103","70","37","61.20603015075377","103","60","64","67.2713567839196","103","55","71","67.04522613065326","103","82","59","67.42713567839196","103","77","70","67.37688442211055","103","80","57","67.4572864321608"
,"104","94","101","91.46733668341709","104","101","76","91.17085427135679","104","87","95","91.09045226130654","104","97","87","91.44221105527639","104","81","90","90.46733668341709","104","89","99","89.43718592964824","104","93","91","88.77889447236181","104","92","94","89.30653266331659","104","86","98","89.24120603015075","104","90","89","88.91457286432161","104","92","93","87.20603015075378","104","89","77","86.48743718592965","104","88","76","87.12562814070351","104","85","81","85.5427135678392","104","80","92","86.31658291457286","104","82","91","82.84924623115577","104","83","82","83.21608040201005","104","89","78","83.0251256281407","104","84","78","82.93969849246231","104","97","94","83.50251256281408","104","82","83","79.33165829145729","104","80","81","79.45226130653266","104","81","82","79.80402010050251","104","75","78","80.06030150753769","104","80","73","79.35678391959799","104","77","75","75.11557788944724","104","63","62","74.64321608040201","104","63","70","74.47738693467336","104","84","83","75.09045226130654","104","71","82","74.91457286432161","104","62","65","67.93467336683418","104","63","70","68.68341708542714","104","83","69","68.92964824120602","104","66","71","68.87437185929649","104","60","50","67.57286432160804","104","57","70","61.28643216080402","104","63","68","62.75879396984924","104","47","56","62.663316582914575","104","69","76","62.50251256281407","104","50","62","62.301507537688444","104","69","56","61.175879396984925","104","60","67","61.38693467336683","104","67","59","62.28643216080402","104","64","56","62.5929648241206","104","69","75","61.78391959798995","104","68","63","67.93467336683418","104","72","62","67.63819095477388","104","65","56","68.04020100502512","104","67","65","67.94974874371859","104","43","70","68.09547738693468"
,"105","93","93","92.23115577889448","105","90","89","91.94472361809045","105","86","93","91.84422110552764","105","100","95","92.23618090452261","105","97","96","91.25628140703517","105","94","81","90.22110552763819","105","84","77","89.61306532663316","105","98","75","90.1356783919598","105","83","96","89.98994974874371","105","76","88","89.70854271356784","105","88","94","87.98994974874371","105","84","90","87.23618090452261","105","85","97","87.92964824120602","105","84","90","86.321608040201","105","96","84","87.07537688442211","105","78","86","83.61306532663316","105","79","83","83.96984924623115","105","85","77","83.79396984924622","105","92","91","83.69849246231156","105","90","75","84.26130653266331","105","73","74","80.04020100502512","105","66","81","80.15577889447236","105","72","88","80.55276381909547","105","75","76","80.7286432160804","105","82","74","80.05527638190955","105","80","70","75.78391959798995","105","89","73","75.30150753768844","105","61","76","75.12562814070351","105","85","62","75.78391959798995","105","85","83","75.64824120603015","105","76","77","68.57286432160804","105","87","78","69.36683417085428","105","65","60","69.52261306532664","105","68","75","69.47236180904522","105","70","78","68.18090452261306","105","69","64","61.81909547738694","105","57","57","63.29145728643216","105","59","65","63.20100502512563","105","63","50","63.05527638190955","105","69","60","62.79899497487437","105","59","61","61.63819095477387","105","68","53","61.88944723618091","105","68","65","62.82914572864322","105","73","55","63.1608040201005","105","68","38","62.33165829145729","105","61","77","68.59798994974874","105","75","72","68.25125628140704","105","52","65","68.7035175879397","105","72","56","68.5427135678392","105","79","55","68.69346733668341"
,"106","94","93","93.03517587939699","106","97","95","92.74371859296483","106","90","96","92.678391959799","106","102","97","93.07537688442211","106","96","90","92.07537688442211","106","96","94","91.01507537688443","106","97","91","90.44221105527639","106","98","96","90.95477386934674","106","83","99","90.79899497487438","106","95","94","90.46733668341709","106","96","90","88.78391959798995","106","93","93","88.01507537688443","106","79","97","88.70854271356784","106","96","92","87.08040201005025","106","88","71","87.84924623115577","106","87","89","84.37688442211055","106","93","81","84.73366834170854","106","87","88","84.55276381909547","106","85","84","84.42713567839196","106","87","90","84.98492462311557","106","84","79","80.7286432160804","106","87","82","80.90954773869346","106","84","84","81.31155778894473","106","78","76","81.42211055276383","106","75","80","80.74874371859296","106","78","80","76.44221105527639","106","76","86","75.99497487437186","106","76","80","75.85427135678393","106","78","83","76.50753768844221","106","89","80","76.30150753768844","106","72","76","69.15075376884423","106","75","78","69.94472361809045","106","81","75","70.10552763819095","106","68","73","70.10050251256281","106","48","55","68.81909547738694","106","54","54","62.35175879396985","106","58","45","63.77386934673367","106","62","52","63.71859296482412","106","74","75","63.60301507537689","106","60","67","63.311557788944725","106","67","73","62.11055276381909","106","63","66","62.336683417085425","106","79","64","63.346733668341706","106","63","69","63.73869346733668","106","77","60","62.8643216080402","106","68","76","69.26633165829146","106","71","84","68.80904522613065","106","75","67","69.40201005025126","106","68","69","69.12060301507537","106","66","72","69.28643216080403"
,"107","95","99","93.8894472361809","107","88","92","93.58793969849246","107","95","101","93.49748743718592","107","94","82","93.86934673366834","107","89","103","92.90954773869346","107","94","98","91.81909547738694","107","97","94","91.19095477386935","107","93","82","91.74874371859296","107","92","92","91.60804020100502","107","92","93","91.31155778894473","107","90","93","89.51758793969849","107","98","91","88.78894472361809","107","91","82","89.46733668341709","107","87","94","87.81909547738694","107","90","89","88.60804020100502","107","84","91","85.15075376884423","107","97","86","85.46733668341709","107","93","72","85.31658291457286","107","86","87","85.19095477386935","107","87","86","85.66331658291458","107","81","89","81.45226130653266","107","84","83","81.62311557788945","107","84","71","82.07035175879398","107","73","83","82.1356783919598","107","88","76","81.47236180904522","107","59","72","77.1105527638191","107","74","64","76.678391959799","107","79","83","76.53768844221105","107","77","76","77.1608040201005","107","87","77","77","107","76","66","69.75879396984925","107","74","81","70.5929648241206","107","63","74","70.68341708542714","107","70","65","70.66834170854271","107","70","67","69.43718592964824","107","64","56","62.869346733668344","107","70","61","64.2964824120603","107","50","82","64.30150753768844","107","57","60","64.15075376884423","107","64","67","63.91959798994975","107","56","69","62.61306532663317","107","68","48","62.824120603015075","107","63","68","63.89447236180904","107","53","52","64.21608040201005","107","65","57","63.4070351758794","107","85","65","69.96482412060301","107","64","79","69.37688442211055","107","74","71","70.10050251256281","107","64","69","69.73366834170854","107","70","70","69.86934673366834"
,"108","102","105","94.73869346733669","108","87","94","94.4070351758794","108","105","87","94.31155778894473","108","93","90","94.68844221105527","108","98","82","93.73366834170854","108","87","90","92.66331658291458","108","70","96","91.92964824120602","108","89","100","92.55276381909547","108","94","93","92.4572864321608","108","74","93","92.14070351758794","108","87","89","90.28140703517587","108","90","87","89.50251256281408","108","90","90","90.2713567839196","108","87","77","88.50251256281408","108","96","96","89.38190954773869","108","83","72","85.87437185929649","108","94","84","86.22110552763819","108","90","89","86.11557788944724","108","87","91","85.94472361809045","108","88","75","86.35175879396985","108","85","87","82.15577889447236","108","76","83","82.37688442211055","108","86","74","82.84422110552764","108","76","68","82.84924623115577","108","72","82","82.17587939698493","108","79","83","77.72361809045226","108","84","76","77.31155778894473","108","77","83","77.23618090452261","108","83","66","77.85929648241206","108","87","81","77.7286432160804","108","76","66","70.40201005025126","108","75","79","71.26633165829146","108","81","67","71.27638190954774","108","79","67","71.321608040201","108","70","52","70.05025125628141","108","54","81","63.437185929648244","108","59","76","64.79899497487438","108","61","51","64.83417085427136","108","78","78","64.70854271356784","108","69","67","64.40201005025126","108","73","61","63.120603015075375","108","70","66","63.34170854271357","108","65","43","64.41206030150754","108","64","59","64.74874371859296","108","71","58","63.93467336683417","108","68","73","70.66834170854271","108","71","77","69.97989949748744","108","65","67","70.78391959798995","108","83","64","70.31658291457286","108","75","74","70.51758793969849"
,"109","102","88","95.56281407035176","109","103","92","95.2462311557789","109","94","105","95.10552763819095","109","96","100","95.51256281407035","109","99","103","94.59798994974874","109","97","91","93.4572864321608","109","89","96","92.71859296482413","109","101","99","93.37185929648241","109","90","93","93.24120603015075","109","101","105","92.93969849246231","109","89","88","91.04522613065326","109","93","89","90.26633165829146","109","99","91","91.03015075376885","109","84","86","89.24120603015075","109","87","91","90.18090452261306","109","102","77","86.5929648241206","109","79","88","86.98492462311557","109","89","82","86.86934673366834","109","72","89","86.63819095477388","109","86","97","87.07035175879398","109","73","82","82.82914572864321","109","86","78","83.09547738693468","109","77","89","83.61809045226131","109","87","80","83.55778894472361","109","85","84","82.8140703517588","109","85","87","78.40201005025126","109","82","73","77.95477386934674","109","92","86","77.94472361809045","109","86","78","78.54773869346734","109","82","69","78.38190954773869","109","70","61","70.96984924623115","109","81","79","71.85427135678393","109","64","65","71.89447236180905","109","60","70","71.91959798994975","109","51","67","70.63819095477388","109","72","61","63.98994974874372","109","63","73","65.321608040201","109","81","76","65.37185929648241","109","66","67","65.23618090452261","109","63","45","64.92964824120602","109","52","67","63.60301507537689","109","65","42","63.85929648241206","109","57","69","64.97989949748744","109","76","59","65.28140703517587","109","69","74","64.49246231155779","109","66","85","71.31155778894473","109","66","79","70.57788944723617","109","83","75","71.42713567839196","109","76","57","70.93969849246231","109","75","75","71.17085427135679"
,"110","102","92","96.36683417085428","110","101","98","96.05527638190955","110","98","77","95.91457286432161","110","105","76","96.33165829145729","110","105","107","95.4321608040201","110","76","105","94.26130653266331","110","95","94","93.4572864321608","110","93","85","94.20603015075378","110","95","95","94.00502512562814","110","96","76","93.75879396984925","110","90","99","91.75879396984925","110","96","89","91.04522613065326","110","93","90","91.76884422110552","110","92","90","90.02010050251256","110","89","92","90.94974874371859","110","88","91","87.33668341708542","110","96","82","87.74874371859296","110","84","87","87.60804020100502","110","82","90","87.37185929648241","110","85","84","87.77889447236181","110","91","91","83.57788944723617","110","85","85","83.84924623115577","110","90","87","84.38693467336684","110","97","82","84.22613065326634","110","83","72","83.50251256281408","110","97","75","79.03517587939699","110","84","77","78.62311557788945","110","85","84","78.60301507537689","110","86","89","79.22613065326634","110","73","87","79.07537688442211","110","53","78","71.5929648241206","110","79","80","72.4321608040201","110","74","79","72.51256281407035","110","80","78","72.50251256281408","110","69","59","71.23115577889448","110","43","65","64.51256281407035","110","73","64","65.80402010050251","110","74","62","65.91959798994975","110","68","66","65.75879396984925","110","65","81","65.49748743718592","110","59","81","64.06532663316582","110","57","71","64.35678391959799","110","90","65","65.51758793969849","110","79","60","65.83417085427136","110","48","58","65.0251256281407","110","63","60","71.96984924623115","110","44","78","71.18090452261306","110","72","71","72.08040201005025","110","73","64","71.55276381909547","110","75","58","71.80402010050251"
,"111","89","92","97.20100502512562","111","94","106","96.8894472361809","111","73","95","96.73366834170854","111","95","91","97.1356783919598","111","99","105","96.19095477386935","111","101","78","95.06030150753769","111","98","93","94.21105527638191","111","91","81","95.04020100502512","111","103","99","94.76884422110552","111","103","101","94.5678391959799","111","99","92","92.52763819095478","111","90","90","91.79899497487438","111","88","93","92.52261306532664","111","86","88","90.78894472361809","111","106","85","91.7035175879397","111","91","73","88.09547738693468","111","88","89","88.49748743718592","111","90","95","88.42713567839196","111","98","79","88.07537688442211","111","82","89","88.49246231155779","111","99","90","84.31658291457286","111","85","94","84.59798994974874","111","89","80","85.11557788944724","111","86","82","84.86934673366834","111","82","78","84.20603015075378","111","76","88","79.66331658291458","111","86","84","79.30150753768844","111","86","79","79.31155778894473","111","77","83","79.91457286432161","111","80","90","79.79899497487438","111","68","65","72.20603015075378","111","78","73","73.07035175879398","111","63","69","73.10552763819095","111","74","73","73.10552763819095","111","69","62","71.83417085427136","111","64","59","65.08542713567839","111","73","55","66.30653266331659","111","59","83","66.47738693467336","111","47","65","66.31155778894473","111","63","66","66.06030150753769","111","66","63","64.51256281407035","111","57","46","64.83417085427136","111","54","66","66.01507537688443","111","58","73","66.40201005025126","111","63","69","65.63819095477388","111","84","87","72.61809045226131","111","57","76","71.76381909547739","111","70","60","72.71859296482413","111","55","75","72.1608040201005","111","70","58","72.44221105527639"
,"112","106","97","98.01507537688443","112","96","88","97.64824120603015","112","105","104","97.52763819095478","112","99","103","97.94472361809045","112","84","98","96.93467336683418","112","100","88","95.81909547738694","112","96","97","94.94974874371859","112","97","95","95.8643216080402","112","103","93","95.51758793969849","112","89","97","95.36180904522612","112","96","94","93.25628140703517","112","101","86","92.58793969849246","112","100","92","93.33165829145729","112","84","96","91.52261306532664","112","90","102","92.48241206030151","112","92","100","88.91457286432161","112","81","97","89.2713567839196","112","93","86","89.19597989949749","112","96","84","88.82914572864321","112","91","98","89.22613065326634","112","80","79","85.03015075376885","112","91","87","85.31658291457286","112","80","76","85.85427135678393","112","97","97","85.53768844221105","112","87","81","84.92964824120602","112","85","95","80.33165829145729","112","68","74","79.99497487437186","112","84","87","79.99497487437186","112","82","84","80.57788944723617","112","83","89","80.47236180904522","112","71","82","72.84924623115577","112","69","76","73.74874371859296","112","75","78","73.67336683417085","112","67","70","73.68844221105527","112","79","76","72.46733668341709","112","69","75","65.65326633165829","112","60","78","66.78894472361809","112","74","75","67.00502512562814","112","59","68","66.90452261306532","112","55","68","66.5929648241206","112","70","63","64.98994974874371","112","69","69","65.38693467336684","112","61","58","66.55778894472361","112","62","66","66.92964824120602","112","74","69","66.20100502512562","112","61","63","73.23115577889448","112","71","68","72.44221105527639","112","72","74","73.321608040201","112","75","63","72.76884422110552","112","63","59","73.03015075376885"
,"113","106","97","98.81909547738694","113","107","85","98.44221105527639","113","92","104","98.30150753768844","113","101","103","98.7537688442211","113","97","102","97.73366834170854","113","93","77","96.59798994974874","113","87","90","95.71356783919597","113","86","98","96.71859296482413","113","93","103","96.28643216080403","113","103","98","96.14572864321607","113","103","94","93.98994974874371","113","68","100","93.32663316582915","113","97","104","94.10552763819095","113","101","100","92.21608040201005","113","96","94","93.18090452261306","113","83","92","89.67336683417085","113","81","96","90.07035175879398","113","88","81","89.93969849246231","113","86","93","89.53768844221105","113","88","87","89.94974874371859","113","69","86","85.73366834170854","113","85","79","86.05025125628141","113","103","89","86.59798994974874","113","86","84","86.23115577889448","113","89","76","85.68844221105527","113","81","83","80.95477386934674","113","88","77","80.67336683417085","113","83","88","80.70854271356784","113","80","76","81.30653266331659","113","85","89","81.17085427135679","113","67","82","73.48743718592965","113","81","76","74.41708542713567","113","79","74","74.25125628140704","113","74","66","74.27638190954774","113","68","76","73.07537688442211","113","65","72","66.17587939698493","113","58","67","67.33165829145729","113","75","85","67.55276381909547","113","59","69","67.4572864321608","113","65","56","67.18090452261306","113","63","54","65.47738693467336","113","60","84","65.95979899497488","113","55","69","67.09045226130654","113","62","71","67.49246231155779","113","83","72","66.77889447236181","113","72","81","73.86934673366834","113","71","80","73.05025125628141","113","81","74","73.93467336683418","113","76","85","73.32663316582915","113","60","77","73.64824120603015"
,"114","108","92","99.61306532663316","114","88","98","99.2713567839196","114","102","96","99.07035175879398","114","90","102","99.55778894472361","114","96","102","98.51758793969849","114","98","103","97.38693467336684","114","74","97","96.49748743718592","114","92","104","97.5678391959799","114","100","102","97.09045226130654","114","103","102","96.90452261306532","114","90","87","94.78391959798995","114","78","101","94.06030150753769","114","101","94","94.84924623115577","114","105","101","92.92462311557789","114","102","100","93.94974874371859","114","97","98","90.39195979899498","114","81","82","90.8643216080402","114","79","92","90.73869346733669","114","98","91","90.26633165829146","114","97","86","90.68844221105527","114","93","92","86.44723618090453","114","83","86","86.8140703517588","114","98","93","87.30653266331659","114","84","83","86.98492462311557","114","86","93","86.47738693467336","114","76","78","81.5678391959799","114","89","73","81.35175879396985","114","66","92","81.38693467336684","114","80","81","81.94974874371859","114","72","83","81.8894472361809","114","78","73","74.14070351758794","114","67","82","74.98994974874371","114","81","61","74.87437185929649","114","70","93","74.83417085427136","114","64","57","73.69346733668341","114","83","70","66.77386934673366","114","67","80","67.84924623115577","114","56","59","68.12060301507537","114","69","81","67.93969849246231","114","72","47","67.7286432160804","114","58","70","65.91959798994975","114","54","61","66.47738693467336","114","76","47","67.65829145728644","114","80","62","68.05025125628141","114","57","68","67.321608040201","114","72","71","74.50251256281408","114","90","57","73.68844221105527","114","83","62","74.51758793969849","114","67","64","73.87437185929649","114","80","71","74.28643216080403"
,"115","99","89","100.42713567839196","115","107","110","100.1105527638191","115","83","92","99.8894472361809","115","103","103","100.35175879396985","115","97","106","99.31658291457286","115","104","96","98.18090452261306","115","89","94","97.2713567839196","115","99","100","98.38693467336684","115","100","96","97.91457286432161","115","78","99","97.678391959799","115","104","86","95.53266331658291","115","98","84","94.77386934673366","115","95","104","95.5929648241206","115","95","89","93.64824120603015","115","94","94","94.78391959798995","115","88","97","91.13065326633166","115","96","95","91.59798994974874","115","93","82","91.52261306532664","115","91","92","91.01005025125629","115","96","86","91.38693467336684","115","89","92","87.1356783919598","115","90","101","87.5929648241206","115","92","89","87.95477386934674","115","97","90","87.68844221105527","115","81","82","87.20603015075378","115","90","79","82.24120603015075","115","86","71","82.05025125628141","115","72","81","82.06030150753769","115","99","73","82.63819095477388","115","81","80","82.52763819095478","115","71","86","74.77386934673366","115","74","80","75.5929648241206","115","80","72","75.50251256281408","115","91","71","75.45226130653266","115","73","75","74.27638190954774","115","60","65","67.33668341708542","115","57","57","68.37185929648241","115","81","59","68.68341708542714","115","69","79","68.50753768844221","115","54","76","68.33165829145729","115","70","63","66.32663316582915","115","65","71","67.03015075376885","115","62","62","68.17085427135679","115","67","71","68.62311557788945","115","82","73","67.82914572864321","115","74","79","75.12060301507537","115","82","83","74.31658291457286","115","86","81","75.12060301507537","115","79","69","74.37688442211055","115","78","91","74.93969849246231"
,"116","99","98","101.26633165829146","116","93","92","100.91457286432161","116","96","101","100.678391959799","116","102","95","101.15075376884423","116","102","109","100.10552763819095","116","95","102","99.03517587939699","116","101","99","98.01005025125629","116","95","100","99.18090452261306","116","100","95","98.67336683417085","116","101","93","98.47738693467336","116","99","105","96.23618090452261","116","99","98","95.52763819095478","116","100","82","96.33668341708542","116","78","101","94.4070351758794","116","97","87","95.5929648241206","116","92","89","91.83417085427136","116","87","102","92.35175879396985","116","90","84","92.28643216080403","116","91","84","91.73366834170854","116","84","105","92.06030150753769","116","77","87","87.85427135678393","116","83","92","88.30653266331659","116","84","92","88.66331658291458","116","76","79","88.33165829145729","116","95","94","87.93467336683418","116","79","86","82.8643216080402","116","84","65","82.67336683417085","116","80","80","82.70854271356784","116","74","71","83.32663316582915","116","87","93","83.16582914572864","116","76","75","75.4070351758794","116","71","82","76.15075376884423","116","74","75","76.1608040201005","116","79","61","76.06030150753769","116","94","72","74.8894472361809","116","68","65","67.82412060301507","116","63","50","68.91959798994975","116","53","87","69.23618090452261","116","66","56","69.09045226130654","116","63","68","68.83417085427136","116","55","71","66.70854271356784","116","71","76","67.5678391959799","116","73","68","68.73366834170854","116","83","66","69.21608040201005","116","59","72","68.33165829145729","116","72","74","75.68341708542714","116","74","55","74.98492462311557","116","67","76","75.75879396984925","116","72","85","74.95477386934674","116","82","70","75.5427135678392"
,"117","110","99","102.07035175879398","117","106","98","101.74874371859296","117","78","99","101.44723618090453","117","90","106","101.97989949748744","117","113","96","100.89447236180905","117","99","96","99.8643216080402","117","102","103","98.78894472361809","117","92","87","99.97989949748744","117","93","101","99.47236180904522","117","91","101","99.2713567839196","117","107","103","96.95979899497488","117","105","85","96.31155778894473","117","96","87","97.13065326633166","117","101","91","95.16582914572864","117","106","95","96.37688442211055","117","88","94","92.57788944723617","117","106","82","93.08542713567839","117","97","90","93.07035175879398","117","92","97","92.49246231155779","117","78","99","92.79396984924622","117","95","81","88.5427135678392","117","97","77","89.03517587939699","117","84","91","89.34170854271356","117","84","72","89.01507537688443","117","83","95","88.65829145728644","117","87","84","83.50251256281408","117","85","64","83.29145728643216","117","87","88","83.41206030150754","117","79","86","84.00502512562814","117","92","78","83.85427135678393","117","64","69","76.05527638190955","117","69","81","76.73869346733669","117","74","77","76.78894472361809","117","70","71","76.66834170854271","117","83","73","75.49246231155779","117","59","62","68.33165829145729","117","76","67","69.4321608040201","117","85","71","69.78391959798995","117","71","67","69.62814070351759","117","82","62","69.38190954773869","117","60","71","67.1859296482412","117","78","81","68.06532663316582","117","50","68","69.30653266331659","117","59","73","69.7537688442211","117","68","70","68.82412060301507","117","87","63","76.30150753768844","117","83","55","75.58793969849246","117","77","87","76.4070351758794","117","76","64","75.5427135678392","117","92","69","76.15075376884423"
,"118","103","107","102.87437185929649","118","98","93","102.58793969849246","118","115","100","102.25628140703517","118","91","81","102.82412060301507","118","104","111","101.69849246231156","118","95","107","100.7035175879397","118","108","105","99.60301507537689","118","101","109","100.78894472361809","118","102","112","100.26130653266331","118","107","105","100.06030150753769","118","96","92","97.68341708542714","118","107","105","97.07035175879398","118","98","87","97.90452261306532","118","101","101","95.89949748743719","118","99","95","97.19095477386935","118","105","90","93.30653266331659","118","100","94","93.85427135678393","118","93","102","93.83417085427136","118","92","96","93.1859296482412","118","94","81","93.53266331658291","118","89","91","89.30653266331659","118","88","81","89.72361809045226","118","94","83","90.0251256281407","118","85","68","89.76884422110552","118","95","94","89.35175879396985","118","75","89","84.17085427135679","118","79","91","83.8894472361809","118","70","92","84.08542713567839","118","87","89","84.65829145728644","118","85","80","84.60804020100502","118","66","72","76.74874371859296","118","78","73","77.34170854271356","118","94","86","77.46733668341709","118","84","77","77.25125628140704","118","61","84","76.12060301507537","118","85","60","68.89949748743719","118","75","75","69.94472361809045","118","79","71","70.29145728643216","118","77","60","70.15075376884423","118","65","61","69.97989949748744","118","63","73","67.64321608040201","118","64","73","68.61809045226131","118","72","58","69.8894472361809","118","83","55","70.2964824120603","118","76","60","69.33165829145729","118","78","82","76.87939698492463","118","63","66","76.19095477386935","118","74","97","77.06030150753769","118","82","86","76.14572864321607","118","68","82","76.76381909547739"
,"119","99","100","103.678391959799","119","104","109","103.39195979899498","119","113","110","103.03015075376885","119","110","109","103.66834170854271","119","101","100","102.48241206030151","119","97","97","101.50753768844221","119","99","101","100.4070351758794","119","88","107","101.5929648241206","119","92","102","101.05025125628141","119","106","100","100.86934673366834","119","97","100","98.4070351758794","119","94","104","97.84422110552764","119","103","79","98.67336683417085","119","89","94","96.65326633165829","119","109","98","97.97989949748744","119","90","100","94.01507537688443","119","91","88","94.58291457286433","119","91","95","94.57788944723617","119","89","102","93.89447236180905","119","99","104","94.25628140703517","119","88","87","89.99497487437186","119","76","81","90.42713567839196","119","92","93","90.69346733668341","119","95","86","90.45226130653266","119","93","91","90.04020100502512","119","82","81","84.71859296482413","119","94","81","84.53266331658291","119","94","84","84.78391959798995","119","84","80","85.321608040201","119","85","69","85.26130653266331","119","72","71","77.38190954773869","119","72","81","77.95477386934674","119","81","76","78.1356783919598","119","80","84","77.82412060301507","119","55","82","76.71356783919597","119","63","61","69.50251256281408","119","56","59","70.46733668341709","119","76","79","70.89447236180905","119","61","68","70.65829145728644","119","75","61","70.53266331658291","119","54","73","68.15577889447236","119","69","44","69.21608040201005","119","58","71","70.4572864321608","119","85","74","70.82914572864321","119","57","60","69.90452261306532","119","77","91","77.4572864321608","119","76","71","76.79396984924622","119","99","77","77.71859296482413","119","71","87","76.74371859296483","119","90","82","77.41708542713567"
,"120","109","105","104.49748743718592","120","118","117","104.17587939698493","120","95","96","103.80904522613065","120","111","111","104.4572864321608","120","117","105","103.2713567839196","120","107","102","102.33668341708542","120","104","90","101.20603015075378","120","105","112","102.36683417085428","120","114","111","101.8140703517588","120","102","107","101.63819095477388","120","106","99","99.14572864321607","120","101","95","98.57286432160804","120","102","109","99.44221105527639","120","95","96","97.42211055276383","120","83","98","98.77889447236181","120","90","104","94.78391959798995","120","100","91","95.29145728643216","120","88","98","95.321608040201","120","84","91","94.65326633165829","120","103","97","94.97989949748744","120","100","88","90.678391959799","120","94","91","91.1859296482412","120","83","83","91.38693467336684","120","97","86","91.15075376884423","120","95","95","90.70854271356784","120","80","85","85.36683417085428","120","93","88","85.22110552763819","120","82","84","85.47738693467336","120","94","87","86.03517587939699","120","79","84","85.8894472361809","120","94","79","78.04020100502512","120","64","87","78.53768844221105","120","101","87","78.78894472361809","120","88","75","78.41206030150754","120","70","87","77.30653266331659","120","70","63","70.03015075376885","120","65","72","71","120","69","80","71.47236180904522","120","63","71","71.21105527638191","120","55","75","71.09045226130654","120","64","69","68.64321608040201","120","78","65","69.7286432160804","120","79","75","71.00502512562814","120","76","55","71.41206030150754","120","65","72","70.38693467336684","120","84","91","78.08542713567839","120","73","68","77.33668341708542","120","77","71","78.38190954773869","120","87","79","77.33165829145729","120","73","84","77.98492462311557"
,"121","105","90","105.31155778894473","121","95","114","104.96482412060301","121","105","96","104.63316582914572","121","109","112","105.23618090452261","121","90","108","104.01507537688443","121","106","107","103.17587939698493","121","94","91","102.00502512562814","121","111","92","103.15577889447236","121","107","108","102.65326633165829","121","108","102","102.39698492462311","121","98","107","99.86934673366834","121","97","96","99.30653266331659","121","101","101","100.22613065326634","121","112","105","98.1608040201005","121","107","95","99.53266331658291","121","95","102","95.50251256281408","121","95","92","96.02010050251256","121","98","93","96.04020100502512","121","98","91","95.42211055276383","121","102","93","95.73869346733669","121","108","102","91.40201005025126","121","93","84","91.89949748743719","121","92","101","92.10552763819095","121","99","88","91.85427135678393","121","84","96","91.4070351758794","121","86","88","86.05527638190955","121","85","92","85.83417085427136","121","89","90","86.07035175879398","121","94","94","86.72361809045226","121","85","79","86.55778894472361","121","83","52","78.678391959799","121","72","74","79.10050251256281","121","79","81","79.39195979899498","121","89","90","79.07035175879398","121","72","80","77.95477386934674","121","69","62","70.5929648241206","121","67","77","71.53266331658291","121","64","73","71.98994974874371","121","75","88","71.72361809045226","121","79","62","71.66834170854271","121","94","76","69.12562814070351","121","70","49","70.28643216080403","121","80","85","71.55276381909547","121","73","75","71.91959798994975","121","66","67","70.93467336683418","121","85","78","78.7035175879397","121","69","70","77.9748743718593","121","94","77","78.98492462311557","121","90","89","77.87939698492463","121","81","82","78.5929648241206"
,"122","106","114","106.09547738693468","122","97","106","105.73366834170854","122","110","113","105.4321608040201","122","116","100","106.04522613065326","122","107","102","104.76884422110552","122","101","81","104","122","104","104","102.75879396984925","122","110","112","103.96482412060301","122","100","97","103.47738693467336","122","103","103","103.15577889447236","122","86","104","100.63316582914572","122","99","104","100.04020100502512","122","116","104","101.01005025125629","122","102","104","98.90452261306532","122","95","99","100.22613065326634","122","92","99","96.17085427135679","122","85","96","96.77889447236181","122","80","87","96.75879396984925","122","81","92","96.20603015075378","122","100","99","96.47236180904522","122","99","77","92.14572864321607","122","99","84","92.62814070351759","122","94","84","92.76884422110552","122","86","95","92.59798994974874","122","94","98","92.06030150753769","122","85","85","86.67336683417085","122","81","87","86.49748743718592","122","84","91","86.72361809045226","122","84","95","87.39195979899498","122","96","86","87.19597989949749","122","83","81","79.26633165829146","122","75","81","79.69346733668341","122","96","79","79.98994974874371","122","84","72","79.69849246231156","122","82","77","78.57788944723617","122","65","67","71.11557788944724","122","90","85","72.02010050251256","122","58","77","72.58291457286433","122","56","76","72.22110552763819","122","82","82","72.23618090452261","122","91","75","69.65829145728644","122","60","77","70.80904522613065","122","76","79","72.05025125628141","122","83","68","72.43718592964824","122","79","73","71.45226130653266","122","74","85","79.30653266331659","122","79","85","78.64321608040201","122","77","87","79.678391959799","122","67","57","78.45226130653266","122","52","75","79.1608040201005"
,"123","108","94","106.87939698492463","123","114","112","106.50753768844221","123","117","99","106.25628140703517","123","116","86","106.83417085427136","123","85","114","105.51758793969849","123","109","103","104.82412060301507","123","104","93","103.53266331658291","123","109","115","104.74371859296483","123","105","114","104.30150753768844","123","110","119","103.89949748743719","123","109","110","101.41206030150754","123","106","97","100.76884422110552","123","99","91","101.78894472361809","123","115","104","99.63819095477388","123","101","102","100.93969849246231","123","97","104","96.90954773869346","123","98","107","97.56281407035176","123","87","90","97.48743718592965","123","87","92","96.95979899497488","123","93","96","97.22110552763819","123","93","97","92.80402010050251","123","94","110","93.30150753768844","123","97","101","93.4572864321608","123","92","103","93.26130653266331","123","73","91","92.7286432160804","123","98","92","87.31155778894473","123","96","92","87.20100502512562","123","83","66","87.38693467336684","123","90","73","88.08542713567839","123","98","80","87.85427135678393","123","83","88","79.85929648241206","123","66","80","80.28140703517587","123","65","87","80.64824120603015","123","54","93","80.31658291457286","123","82","84","79.22613065326634","123","84","75","71.63316582914572","123","74","67","72.50251256281408","123","90","92","73.16582914572864","123","66","73","72.7537688442211","123","64","62","72.77889447236181","123","77","71","70.21105527638191","123","72","63","71.31658291457286","123","79","78","72.61306532663316","123","76","65","72.90452261306532","123","64","86","71.97989949748744","123","87","67","80.00502512562814","123","72","92","79.26130653266331","123","75","65","80.29145728643216","123","59","90","79.09045226130654","123","84","87","79.71859296482413"
,"124","106","107","107.678391959799","124","102","110","107.28643216080403","124","118","117","107.02010050251256","124","101","111","107.62814070351759","124","101","113","106.26130653266331","124","106","113","105.60301507537689","124","104","93","104.30653266331659","124","113","88","105.53266331658291","124","95","102","105.06532663316582","124","108","112","104.62311557788945","124","99","88","102.18090452261306","124","110","99","101.52261306532664","124","103","103","102.52763819095478","124","94","106","100.36180904522612","124","105","113","101.64824120603015","124","91","101","97.64824120603015","124","99","100","98.36180904522612","124","100","94","98.19597989949749","124","94","100","97.7035175879397","124","99","86","97.94974874371859","124","103","88","93.50251256281408","124","97","89","93.98492462311557","124","90","93","94.17085427135679","124","98","95","93.91959798994975","124","88","96","93.36180904522612","124","97","90","88.0251256281407","124","85","92","87.86934673366834","124","92","84","88.08040201005025","124","93","79","88.77386934673366","124","93","80","88.55778894472361","124","69","75","80.46231155778895","124","87","87","80.88442211055276","124","81","78","81.28643216080403","124","75","92","80.8894472361809","124","76","82","79.8894472361809","124","77","68","72.18090452261306","124","93","81","73.0251256281407","124","70","94","73.7286432160804","124","86","73","73.33165829145729","124","61","67","73.34673366834171","124","71","83","70.72361809045226","124","66","67","71.85427135678393","124","67","68","73.17587939698493","124","67","66","73.47236180904522","124","86","75","72.52763819095478","124","66","71","80.62814070351759","124","80","59","79.87939698492463","124","79","72","80.92964824120602","124","70","74","79.72361809045226","124","72","92","80.29145728643216"
,"125","112","109","108.48241206030151","125","110","110","108.01005025125629","125","90","115","107.73366834170854","125","107","117","108.38190954773869","125","111","110","107.06532663316582","125","110","114","106.34170854271356","125","113","104","105.03015075376885","125","112","107","106.31155778894473","125","105","112","105.8140703517588","125","107","91","105.39698492462311","125","108","114","102.8894472361809","125","115","111","102.27638190954774","125","110","100","103.24120603015075","125","91","109","101.09045226130654","125","107","107","102.42713567839196","125","100","88","98.41708542713567","125","100","101","99.14572864321607","125","100","93","98.88442211055276","125","92","105","98.41708542713567","125","99","104","98.63819095477388","125","99","86","94.25628140703517","125","103","98","94.64321608040201","125","94","105","94.85929648241206","125","93","73","94.67336683417085","125","91","96","94.01005025125629","125","83","104","88.678391959799","125","97","88","88.55778894472361","125","95","99","88.78894472361809","125","92","98","89.47738693467336","125","105","81","89.2713567839196","125","73","89","81.07537688442211","125","84","93","81.52763819095478","125","55","91","81.93467336683418","125","84","68","81.52261306532664","125","77","90","80.4572864321608","125","54","66","72.68844221105527","125","77","82","73.5427135678392","125","88","79","74.29145728643216","125","74","88","73.89447236180905","125","78","78","73.94974874371859","125","72","76","71.29145728643216","125","82","77","72.39195979899498","125","57","84","73.7286432160804","125","83","70","73.98492462311557","125","85","78","73.07035175879398","125","61","70","81.30653266331659","125","96","63","80.52261306532664","125","80","81","81.53768844221105","125","75","86","80.28643216080403","125","73","88","80.88442211055276"
,"126","114","106","109.31658291457286","126","93","110","108.74874371859296","126","86","118","108.46733668341709","126","101","116","109.16582914572864","126","120","113","107.84924623115577","126","112","99","107.07537688442211","126","104","109","105.76381909547739","126","106","114","107.1105527638191","126","114","114","106.5427135678392","126","105","113","106.14572864321607","126","103","105","103.65326633165829","126","114","104","102.98994974874371","126","104","103","103.96482412060301","126","106","108","101.80402010050251","126","104","107","103.19597989949749","126","99","105","99.1608040201005","126","96","89","99.88442211055276","126","100","83","99.59798994974874","126","103","90","99.15075376884423","126","91","112","99.35678391959799","126","92","94","94.96482412060301","126","101","90","95.25628140703517","126","98","85","95.57788944723617","126","94","94","95.37688442211055","126","96","102","94.7035175879397","126","91","91","89.33668341708542","126","95","76","89.21105527638191","126","100","98","89.50251256281408","126","73","106","90.17587939698493","126","81","85","89.95477386934674","126","82","88","81.68844221105527","126","88","74","82.11557788944724","126","94","73","82.53266331658291","126","83","91","82.15075376884423","126","76","79","81.07537688442211","126","67","67","73.19597989949749","126","68","80","74.08040201005025","126","77","70","74.86934673366834","126","85","74","74.4572864321608","126","79","78","74.49748743718592","126","53","59","71.82412060301507","126","80","76","72.84422110552764","126","78","68","74.29145728643216","126","78","66","74.46733668341709","126","85","88","73.60804020100502","126","78","67","81.92964824120602","126","80","96","81.17085427135679","126","92","72","82.17587939698493","126","90","89","80.86934673366834","126","84","79","81.47236180904522"
,"127","116","96","110.14070351758794","127","107","122","109.51256281407035","127","105","101","109.23115577889448","127","114","96","109.97989949748744","127","109","102","108.65326633165829","127","112","99","107.79899497487438","127","110","92","106.55276381909547","127","108","113","107.90452261306532","127","88","110","107.30653266331659","127","96","83","106.91959798994975","127","110","104","104.4070351758794","127","112","110","103.77386934673366","127","96","111","104.65326633165829","127","96","109","102.5427135678392","127","112","107","104.01507537688443","127","95","97","99.89447236180905","127","92","108","100.64824120603015","127","106","105","100.27638190954774","127","98","108","99.85427135678393","127","95","93","100.07537688442211","127","97","86","95.71356783919597","127","101","99","95.93969849246231","127","94","90","96.27638190954774","127","94","73","96.04522613065326","127","89","99","95.44221105527639","127","97","95","89.99497487437186","127","78","79","89.90452261306532","127","102","89","90.12562814070351","127","91","88","90.8643216080402","127","85","90","90.65829145728644","127","93","95","82.31658291457286","127","73","91","82.7035175879397","127","85","88","83.18090452261306","127","94","95","82.79899497487438","127","89","84","81.71356783919597","127","82","56","73.70854271356784","127","67","88","74.60301507537689","127","76","94","75.41206030150754","127","89","76","74.98994974874371","127","73","75","75.13065326633166","127","93","78","72.38190954773869","127","68","79","73.31155778894473","127","79","81","74.84924623115577","127","88","84","75.00502512562814","127","71","94","74.14070351758794","127","61","71","82.52261306532664","127","87","72","81.82412060301507","127","83","86","82.85929648241206","127","86","64","81.41708542713567","127","88","65","82.09045226130654"
,"128","122","105","110.94974874371859","128","119","111","110.30150753768844","128","96","101","110.00502512562814","128","115","119","110.7537688442211","128","115","102","109.44221105527639","128","108","119","108.52261306532664","128","105","113","107.35678391959799","128","108","105","108.71356783919597","128","107","110","108.01005025125629","128","117","93","107.7035175879397","128","103","107","105.10552763819095","128","112","99","104.52763819095478","128","107","83","105.4070351758794","128","95","103","103.2462311557789","128","102","88","104.73869346733669","128","109","101","100.66331658291458","128","92","109","101.37185929648241","128","89","85","101.02010050251256","128","82","91","100.55778894472361","128","108","93","100.78391959798995","128","99","101","96.4321608040201","128","83","87","96.60804020100502","128","101","106","96.94974874371859","128","89","93","96.74371859296483","128","88","103","96.1608040201005","128","90","91","90.678391959799","128","103","109","90.61306532663316","128","74","88","90.77889447236181","128","91","99","91.52261306532664","128","89","92","91.29145728643216","128","80","73","82.89447236180905","128","58","88","83.28140703517587","128","97","81","83.77386934673366","128","86","79","83.40201005025126","128","76","78","82.36683417085428","128","90","91","74.22110552763819","128","82","61","75.10050251256281","128","91","80","75.91959798994975","128","90","75","75.51256281407035","128","69","72","75.69849246231156","128","69","74","72.88442211055276","128","66","78","73.84422110552764","128","64","74","75.34673366834171","128","71","72","75.58291457286433","128","80","80","74.65829145728644","128","83","90","83.12060301507537","128","95","97","82.51256281407035","128","90","81","83.42713567839196","128","83","90","82.03015075376885","128","104","84","82.71356783919597"
,"129","121","117","111.72361809045226","129","118","113","111.09547738693468","129","122","120","110.7537688442211","129","117","118","111.57788944723617","129","100","114","110.19597989949749","129","118","120","109.25125628140704","129","112","103","108.17587939698493","129","93","87","109.50251256281408","129","113","108","108.73366834170854","129","108","112","108.44723618090453","129","105","113","105.85427135678393","129","111","101","105.29145728643216","129","83","113","106.14572864321607","129","103","91","103.96984924623115","129","115","95","105.49246231155779","129","87","100","101.35175879396985","129","95","93","102.09045226130654","129","105","99","101.77386934673366","129","108","104","101.2713567839196","129","92","99","101.51256281407035","129","100","88","97.14070351758794","129","96","96","97.32663316582915","129","83","92","97.69849246231156","129","99","88","97.4321608040201","129","95","94","96.80402010050251","129","93","95","91.4070351758794","129","86","81","91.26633165829146","129","90","95","91.48743718592965","129","97","80","92.20100502512562","129","72","98","91.91457286432161","129","83","88","83.50753768844221","129","97","89","83.88442211055276","129","96","79","84.37688442211055","129","87","83","84.00502512562814","129","89","72","82.98994974874371","129","83","78","74.76884422110552","129","69","72","75.65829145728644","129","84","75","76.39195979899498","129","79","70","76.08542713567839","129","74","61","76.21608040201005","129","75","57","73.41206030150754","129","73","78","74.28643216080403","129","77","78","75.93467336683418","129","86","68","76.1105527638191","129","78","72","75.1356783919598","129","86","88","83.73366834170854","129","89","75","83.1608040201005","129","85","75","84.03517587939699","129","81","80","82.63316582914572","129","83","97","83.33165829145729"
,"130","98","114","112.44221105527639","130","120","116","111.8391959798995","130","86","120","111.5427135678392","130","119","103","112.34170854271356","130","104","114","110.94472361809045","130","117","86","109.98492462311557","130","120","101","108.92964824120602","130","117","114","110.25628140703517","130","118","122","109.50251256281408","130","111","102","109.21105527638191","130","105","109","106.60301507537689","130","105","104","106.02010050251256","130","108","110","106.88442211055276","130","108","113","104.70854271356784","130","106","99","106.20603015075378","130","105","115","102","130","120","100","102.83417085427136","130","108","96","102.51256281407035","130","110","105","102.0251256281407","130","83","115","102.22613065326634","130","100","93","97.85427135678393","130","100","82","98.09547738693468","130","99","108","98.41708542713567","130","111","100","98.15075376884423","130","89","100","97.48743718592965","130","79","98","92.08040201005025","130","93","89","91.90954773869346","130","92","85","92.14070351758794","130","97","108","92.8643216080402","130","86","78","92.59798994974874","130","88","96","84.12562814070351","130","100","87","84.4321608040201","130","73","94","84.9748743718593","130","95","91","84.63819095477388","130","90","63","83.60301507537689","130","67","59","75.28643216080403","130","68","84","76.23618090452261","130","70","81","76.87939698492463","130","69","77","76.62311557788945","130","80","77","76.75879396984925","130","65","81","73.8894472361809","130","77","84","74.73366834170854","130","69","84","76.43718592964824","130","73","91","76.64824120603015","130","64","73","75.68844221105527","130","83","69","84.321608040201","130","83","89","83.78391959798995","130","92","69","84.64321608040201","130","94","99","83.24120603015075","130","94","83","83.93467336683418"
,"131","120","124","113.22613065326634","131","116","110","112.60301507537689","131","114","125","112.2964824120603","131","112","127","113.13065326633166","131","114","106","111.71859296482413","131","120","90","110.678391959799","131","90","108","109.68844221105527","131","109","113","111","131","110","105","110.24120603015075","131","115","94","110.01507537688443","131","101","96","107.37688442211055","131","98","91","106.75879396984925","131","98","116","107.58291457286433","131","95","102","105.45226130653266","131","106","118","106.94472361809045","131","101","102","102.78391959798995","131","109","99","103.56281407035176","131","101","107","103.21608040201005","131","81","106","102.76381909547739","131","101","116","102.95477386934674","131","101","107","98.56281407035176","131","106","98","98.77889447236181","131","98","109","99.13065326633166","131","113","104","98.84422110552764","131","101","104","98.15075376884423","131","95","99","92.78391959798995","131","89","83","92.60301507537689","131","98","92","92.78894472361809","131","91","93","93.53266331658291","131","96","87","93.26633165829146","131","71","76","84.7286432160804","131","93","73","85.06030150753769","131","83","77","85.61306532663316","131","91","97","85.25628140703517","131","87","67","84.2462311557789","131","62","68","75.82914572864321","131","89","82","76.76381909547739","131","80","70","77.37185929648241","131","73","72","77.13065326633166","131","85","82","77.25125628140704","131","79","81","74.40201005025126","131","60","86","75.22613065326634","131","59","64","76.96482412060301","131","64","75","77.21608040201005","131","63","70","76.15577889447236","131","91","89","84.85929648241206","131","70","89","84.43718592964824","131","96","81","85.28643216080403","131","77","71","83.80904522613065","131","66","81","84.5427135678392"
,"132","112","120","114.00502512562814","132","119","120","113.37688442211055","132","107","122","113.0251256281407","132","126","110","113.93467336683418","132","120","116","112.43718592964824","132","118","91","111.41206030150754","132","99","120","110.44221105527639","132","100","106","111.76884422110552","132","113","110","110.99497487437186","132","110","109","110.76884422110552","132","110","91","108.12060301507537","132","98","98","107.50753768844221","132","117","111","108.2964824120603","132","117","108","106.19095477386935","132","107","101","107.69849246231156","132","103","102","103.56281407035176","132","111","110","104.28643216080403","132","101","94","104.02010050251256","132","106","106","103.46231155778895","132","108","101","103.7035175879397","132","86","106","99.30653266331659","132","98","99","99.44723618090453","132","79","92","99.81909547738694","132","100","108","99.52261306532664","132","111","95","98.8140703517588","132","88","98","93.41206030150754","132","88","113","93.23618090452261","132","87","100","93.43718592964824","132","100","78","94.22110552763819","132","81","87","93.94472361809045","132","68","101","85.31155778894473","132","77","80","85.63819095477388","132","64","87","86.21105527638191","132","103","90","85.89447236180905","132","76","96","84.8643216080402","132","74","74","76.35175879396985","132","73","73","77.30150753768844","132","77","81","77.88442211055276","132","92","82","77.66331658291458","132","64","86","77.80402010050251","132","83","81","74.87939698492463","132","77","97","75.76884422110552","132","72","84","77.46733668341709","132","82","79","77.80904522613065","132","88","77","76.68341708542714","132","81","89","85.4321608040201","132","98","95","85.01005025125629","132","90","85","85.91959798994975","132","89","72","84.35678391959799","132","85","94","85.14070351758794"
,"133","115","126","114.7537688442211","133","107","117","114.15577889447236","133","104","122","113.77386934673366","133","117","115","114.66834170854271","133","96","122","113.20100502512562","133","118","119","112.18090452261306","133","100","104","111.16582914572864","133","121","124","112.5678391959799","133","113","106","111.81909547738694","133","111","87","111.49748743718592","133","118","114","108.91457286432161","133","110","88","108.27638190954774","133","114","115","109.01507537688443","133","117","106","106.88442211055276","133","117","120","108.46733668341709","133","105","98","104.27638190954774","133","81","102","105.02010050251256","133","114","105","104.77386934673366","133","104","102","104.13065326633166","133","111","110","104.4321608040201","133","91","94","100.00502512562814","133","104","101","100.15577889447236","133","96","106","100.52763819095478","133","95","97","100.17085427135679","133","112","87","99.51758793969849","133","90","99","94.05527638190955","133","87","92","93.89447236180905","133","98","90","94.10552763819095","133","111","101","94.8140703517588","133","87","87","94.61306532663316","133","92","97","85.8391959798995","133","94","89","86.21608040201005","133","90","88","86.8391959798995","133","78","87","86.51758793969849","133","81","63","85.46231155778895","133","75","75","76.89949748743719","133","60","71","77.82914572864321","133","89","96","78.4321608040201","133","57","94","78.25628140703517","133","58","66","78.35175879396985","133","70","83","75.35678391959799","133","76","82","76.29145728643216","133","69","68","78.02010050251256","133","89","89","78.35678391959799","133","92","73","77.21105527638191","133","74","75","86.05025125628141","133","77","77","85.61809045226131","133","79","83","86.57286432160804","133","99","64","85.0251256281407","133","61","83","85.76381909547739"
,"134","116","126","115.5678391959799","134","122","128","114.91457286432161","134","128","95","114.49748743718592","134","118","89","115.38693467336684","134","110","108","113.9748743718593","134","98","107","112.92964824120602","134","114","106","111.90954773869346","134","111","120","113.36180904522612","134","102","111","112.58793969849246","134","111","111","112.2462311557789","134","89","103","109.63819095477388","134","106","101","108.98492462311557","134","111","100","109.76381909547739","134","108","114","107.62814070351759","134","119","103","109.26633165829146","134","105","117","105.06532663316582","134","103","97","105.73869346733669","134","97","87","105.50251256281408","134","96","118","104.79899497487438","134","111","109","105.1356783919598","134","97","98","100.72361809045226","134","108","91","100.8391959798995","134","93","105","101.23115577889448","134","110","109","100.90954773869346","134","95","95","100.26130653266331","134","99","80","94.71859296482413","134","101","93","94.58793969849246","134","77","85","94.73366834170854","134","98","89","95.44221105527639","134","74","92","95.26130653266331","134","82","98","86.39698492462311","134","84","81","86.8140703517588","134","76","84","87.41206030150754","134","91","95","87.14572864321607","134","83","66","86.09547738693468","134","83","80","77.47236180904522","134","69","72","78.44221105527639","134","90","74","78.92462311557789","134","98","88","78.83417085427136","134","89","83","78.86934673366834","134","90","80","75.87939698492463","134","100","76","76.83417085427136","134","90","90","78.5427135678392","134","61","95","78.89447236180905","134","75","92","77.72361809045226","134","83","101","86.69346733668341","134","79","78","86.2462311557789","134","88","89","87.21105527638191","134","88","75","85.66331658291458","134","78","85","86.40201005025126"
,"135","107","107","116.36180904522612","135","109","125","115.65326633165829","135","129","112","115.26633165829146","135","129","123","116.14070351758794","135","118","125","114.75879396984925","135","115","114","113.68341708542714","135","113","112","112.67336683417085","135","122","119","114.19095477386935","135","102","100","113.33165829145729","135","116","87","113.02010050251256","135","109","113","110.36683417085428","135","121","102","109.7035175879397","135","117","114","110.49246231155779","135","102","100","108.38190954773869","135","110","104","110.03015075376885","135","108","96","105.77889447236181","135","112","115","106.4572864321608","135","113","118","106.26130653266331","135","112","97","105.51758793969849","135","99","104","105.82412060301507","135","108","83","101.41206030150754","135","95","92","101.53266331658291","135","77","113","101.9748743718593","135","114","99","101.64321608040201","135","102","97","100.99497487437186","135","97","88","95.4070351758794","135","103","99","95.2462311557789","135","107","94","95.39698492462311","135","96","99","96.10050251256281","135","76","98","95.90954773869346","135","105","86","86.97989949748744","135","91","92","87.38190954773869","135","73","87","87.9748743718593","135","97","112","87.77889447236181","135","81","90","86.68341708542714","135","86","82","77.96984924623115","135","77","73","79.08542713567839","135","72","75","79.47738693467336","135","77","84","79.35678391959799","135","93","83","79.43718592964824","135","85","76","76.4070351758794","135","77","85","77.43718592964824","135","89","88","78.98994974874371","135","81","91","79.4572864321608","135","69","93","78.28140703517587","135","91","91","87.29145728643216","135","99","78","86.91959798994975","135","106","77","87.82412060301507","135","70","73","86.25125628140704","135","72","93","86.98994974874371"
,"136","118","129","117.14572864321607","136","110","119","116.4321608040201","136","103","103","116.00502512562814","136","120","124","116.93467336683418","136","102","117","115.52763819095478","136","103","122","114.46231155778895","136","96","114","113.4321608040201","136","120","122","114.95979899497488","136","121","116","114.10552763819095","136","116","118","113.74874371859296","136","100","116","111.17085427135679","136","112","99","110.48743718592965","136","116","111","111.21608040201005","136","119","102","109.08040201005025","136","111","95","110.76884422110552","136","86","121","106.50251256281408","136","105","114","107.18090452261306","136","106","100","106.98492462311557","136","104","101","106.24120603015075","136","112","108","106.52763819095478","136","110","99","102.11557788944724","136","119","94","102.23115577889448","136","109","98","102.68844221105527","136","91","111","102.34673366834171","136","97","117","101.64824120603015","136","93","102","96.04522613065326","136","82","91","95.89949748743719","136","100","86","96.07035175879398","136","104","97","96.76884422110552","136","91","108","96.5678391959799","136","78","77","87.63316582914572","136","84","100","87.90954773869346","136","84","92","88.60804020100502","136","99","84","88.4070351758794","136","89","91","87.2964824120603","136","79","78","78.50251256281408","136","83","68","79.68341708542714","136","99","89","79.99497487437186","136","88","77","79.96482412060301","136","93","86","79.99497487437186","136","70","87","76.90954773869346","136","87","70","78","136","102","67","79.4572864321608","136","87","84","80","136","72","99","78.73869346733669","136","86","75","87.96984924623115","136","105","77","87.56281407035176","136","79","80","88.42713567839196","136","81","78","86.85929648241206","136","89","92","87.62311557788945"
,"137","115","123","117.94472361809045","137","121","121","117.16582914572864","137","126","120","116.78894472361809","137","129","126","117.68341708542714","137","123","106","116.30653266331659","137","75","108","115.24120603015075","137","114","119","114.1608040201005","137","113","115","115.72361809045226","137","126","108","114.8894472361809","137","125","114","114.49246231155779","137","105","117","111.93969849246231","137","115","118","111.23618090452261","137","122","115","111.92462311557789","137","98","116","109.84422110552764","137","121","106","111.53266331658291","137","105","115","107.19597989949749","137","103","103","107.92964824120602","137","109","103","107.67336683417085","137","102","120","106.92462311557789","137","109","119","107.25628140703517","137","109","105","102.79396984924622","137","95","108","102.90954773869346","137","85","98","103.37688442211055","137","115","81","103.03517587939699","137","102","109","102.36683417085428","137","104","87","96.70854271356784","137","102","79","96.51256281407035","137","94","108","96.71859296482413","137","105","106","97.39698492462311","137","100","84","97.20603015075378","137","103","90","88.27638190954774","137","94","97","88.46733668341709","137","84","96","89.2462311557789","137","101","74","89.00502512562814","137","105","100","87.89447236180905","137","72","68","78.94472361809045","137","81","68","80.21105527638191","137","84","95","80.52763819095478","137","98","85","80.5427135678392","137","90","85","80.55276381909547","137","77","59","77.41708542713567","137","74","88","78.53266331658291","137","68","78","79.97989949748744","137","76","65","80.46733668341709","137","100","65","79.2462311557789","137","81","78","88.57286432160804","137","89","69","88.19095477386935","137","94","87","89.06030150753769","137","70","73","87.53266331658291","137","89","95","88.26130653266331"
,"138","117","108","118.7537688442211","138","104","113","117.8894472361809","138","121","127","117.60301507537689","138","129","89","118.4321608040201","138","102","113","117.03015075376885","138","101","117","116.03517587939699","138","117","124","114.93969849246231","138","108","118","116.53266331658291","138","115","117","115.63819095477388","138","126","119","115.25125628140704","138","115","115","112.68844221105527","138","104","96","111.93467336683418","138","110","122","112.68341708542714","138","116","127","110.64824120603015","138","98","121","112.26130653266331","138","109","116","107.90452261306532","138","114","110","108.62311557788945","138","99","104","108.37688442211055","138","113","112","107.59798994974874","138","119","114","107.98492462311557","138","110","113","103.45226130653266","138","99","109","103.57788944723617","138","101","107","104.05025125628141","138","104","97","103.70854271356784","138","99","94","103.05025125628141","138","101","100","97.37688442211055","138","90","82","97.12060301507537","138","99","102","97.39195979899498","138","99","96","98.02010050251256","138","105","98","97.79899497487438","138","84","79","88.93467336683418","138","83","96","89.01507537688443","138","71","78","89.87939698492463","138","98","63","89.62311557788945","138","84","86","88.50251256281408","138","73","73","79.48241206030151","138","77","83","80.7537688442211","138","98","77","81.11557788944724","138","82","80","81.10552763819095","138","82","86","81.11557788944724","138","104","74","77.92462311557789","138","67","81","79.11557788944724","138","73","77","80.47738693467336","138","80","93","80.96984924623115","138","78","98","79.7537688442211","138","100","89","89.22613065326634","138","81","107","88.84422110552764","138","90","105","89.65829145728644","138","89","92","88.14070351758794","138","97","88","88.87437185929649"
,"139","121","116","119.5427135678392","139","127","125","118.64321608040201","139","112","103","118.37185929648241","139","123","113","119.19597989949749","139","120","132","117.7286432160804","139","97","116","116.87437185929649","139","112","123","115.678391959799","139","87","109","117.38190954773869","139","128","121","116.39698492462311","139","122","104","115.99497487437186","139","107","94","113.43718592964824","139","100","126","112.72361809045226","139","112","105","113.44723618090453","139","118","111","111.35175879396985","139","106","94","113.0251256281407","139","117","104","108.65829145728644","139","91","116","109.33165829145729","139","125","107","109.09547738693468","139","113","120","108.33668341708542","139","114","105","108.67336683417085","139","98","95","104.19095477386935","139","110","110","104.29145728643216","139","114","108","104.69346733668341","139","97","110","104.39195979899498","139","95","113","103.76884422110552","139","102","99","98.01507537688443","139","99","97","97.73869346733669","139","111","103","98.11557788944724","139","93","100","98.67336683417085","139","116","72","98.4321608040201","139","75","95","89.49748743718592","139","90","83","89.57788944723617","139","94","101","90.50753768844221","139","88","90","90.20100502512562","139","89","101","89.13065326633166","139","79","90","80.00502512562814","139","89","74","81.2713567839196","139","74","84","81.68341708542714","139","57","92","81.65829145728644","139","70","69","81.57788944723617","139","83","62","78.42713567839196","139","54","89","79.62814070351759","139","82","100","80.96482412060301","139","92","81","81.49246231155779","139","77","69","80.2713567839196","139","64","101","89.87437185929649","139","93","71","89.44221105527639","139","83","82","90.2964824120603","139","97","73","88.76381909547739","139","93","91","89.47236180904522"
,"140","132","135","120.36180904522612","140","111","115","119.41206030150754","140","118","118","119.17085427135679","140","124","91","119.96984924623115","140","127","114","118.4321608040201","140","122","128","117.678391959799","140","136","115","116.4321608040201","140","124","125","118.19095477386935","140","129","130","117.12060301507537","140","115","119","116.73869346733669","140","118","123","114.22110552763819","140","104","105","113.46733668341709","140","111","123","114.20100502512562","140","114","122","112.09045226130654","140","116","103","113.78391959798995","140","90","116","109.38693467336684","140","118","119","110.13065326633166","140","110","100","109.77889447236181","140","95","122","109.04020100502512","140","118","112","109.32663316582915","140","92","102","104.91457286432161","140","108","116","104.96482412060301","140","109","109","105.35175879396985","140","113","99","105.03015075376885","140","102","103","104.4070351758794","140","100","101","98.64824120603015","140","95","97","98.35175879396985","140","102","105","98.76381909547739","140","99","99","99.31658291457286","140","92","114","99.09045226130654","140","91","78","90.12562814070351","140","69","104","90.21608040201005","140","84","72","91.09547738693468","140","106","93","90.83417085427136","140","98","75","89.7035175879397","140","88","68","80.5427135678392","140","93","84","81.78894472361809","140","92","83","82.25125628140704","140","78","71","82.1608040201005","140","85","67","82.1356783919598","140","71","81","78.94974874371859","140","88","87","80.1105527638191","140","60","87","81.46733668341709","140","78","84","81.93467336683418","140","65","77","80.80904522613065","140","104","84","90.52763819095478","140","95","80","90.07035175879398","140","95","85","90.92964824120602","140","98","93","89.39195979899498","140","104","97","90.09547738693468"
,"141","122","116","121.1356783919598","141","126","127","120.17587939698493","141","107","129","119.94472361809045","141","119","132","120.73869346733669","141","129","120","119.19597989949749","141","114","91","118.43718592964824","141","106","112","117.1859296482412","141","123","111","118.99497487437186","141","124","122","117.85929648241206","141","127","122","117.51758793969849","141","106","127","114.95477386934674","141","122","103","114.19095477386935","141","105","122","114.9748743718593","141","104","99","112.83417085427136","141","123","120","114.48241206030151","141","121","122","110.07537688442211","141","106","121","110.8894472361809","141","108","108","110.46733668341709","141","110","125","109.73366834170854","141","118","106","110.05025125628141","141","106","105","105.64824120603015","141","114","109","105.65326633165829","141","92","99","106.04020100502512","141","108","106","105.71859296482413","141","101","109","105.10552763819095","141","94","95","99.35175879396985","141","91","121","98.94974874371859","141","105","106","99.42211055276383","141","94","114","99.98492462311557","141","95","101","99.72361809045226","141","100","95","90.75879396984925","141","91","97","90.82914572864321","141","91","96","91.65326633165829","141","85","86","91.47236180904522","141","97","97","90.34673366834171","141","61","90","81.1105527638191","141","93","91","82.39195979899498","141","71","91","82.78391959798995","141","69","67","82.69346733668341","141","68","70","82.64321608040201","141","68","83","79.47738693467336","141","72","88","80.63316582914572","141","75","70","82.0251256281407","141","90","81","82.49246231155779","141","69","83","81.32663316582915","141","96","101","91.24120603015075","141","103","77","90.63819095477388","141","83","90","91.58291457286433","141","104","73","90.05025125628141","141","72","100","90.73869346733669"
,"142","119","104","121.94472361809045","142","116","128","120.92964824120602","142","111","132","120.69346733668341","142","98","127","121.50753768844221","142","102","133","119.93969849246231","142","121","119","119.16582914572864","142","122","126","117.9748743718593","142","127","113","119.79396984924622","142","107","110","118.60301507537689","142","121","137","118.30653266331659","142","114","122","115.66834170854271","142","114","113","114.88442211055276","142","108","107","115.66331658291458","142","104","108","113.5678391959799","142","123","110","115.20100502512562","142","114","103","110.82914572864321","142","102","115","111.63819095477388","142","115","103","111.1608040201005","142","121","124","110.48743718592965","142","106","110","110.78894472361809","142","112","114","106.29145728643216","142","113","94","106.4070351758794","142","106","114","106.76381909547739","142","106","93","106.43718592964824","142","110","95","105.77386934673366","142","97","117","99.9748743718593","142","110","99","99.55778894472361","142","82","109","100.13065326633166","142","94","103","100.67336683417085","142","83","112","100.38693467336684","142","88","97","91.35175879396985","142","82","99","91.39698492462311","142","90","105","92.2462311557789","142","106","105","92.12562814070351","142","91","78","91.01507537688443","142","68","81","81.65326633165829","142","63","105","82.9748743718593","142","80","96","83.2964824120603","142","87","80","83.1859296482412","142","73","83","83.14070351758794","142","83","64","79.95979899497488","142","70","65","81.09547738693468","142","76","78","82.53768844221105","142","78","82","83","142","88","62","81.80402010050251","142","104","78","91.8894472361809","142","96","100","91.24120603015075","142","103","83","92.21105527638191","142","75","70","90.59798994974874","142","87","89","91.28643216080403"
,"143","135","104","122.74371859296483","143","112","118","121.66834170854271","143","112","133","121.47738693467336","143","112","112","122.30150753768844","143","106","108","120.65326633165829","143","119","131","119.91959798994975","143","104","113","118.74874371859296","143","108","127","120.53266331658291","143","115","125","119.34170854271356","143","98","128","119.05025125628141","143","119","121","116.42211055276383","143","126","124","115.58291457286433","143","126","114","116.38693467336684","143","113","111","114.321608040201","143","119","113","115.91457286432161","143","113","86","111.5678391959799","143","120","122","112.34673366834171","143","116","107","111.8643216080402","143","105","109","111.26130653266331","143","121","103","111.49748743718592","143","117","103","106.96984924623115","143","113","106","107.13065326633166","143","115","115","107.50251256281408","143","103","113","107.14070351758794","143","106","105","106.43718592964824","143","96","97","100.62311557788945","143","107","112","100.17587939698493","143","102","96","100.78391959798995","143","90","92","101.35678391959799","143","103","72","101.08040201005025","143","78","100","91.88442211055276","143","91","80","91.94974874371859","143","77","87","92.87437185929649","143","107","100","92.7537688442211","143","85","106","91.70854271356784","143","104","74","82.19095477386935","143","92","96","83.57788944723617","143","97","76","83.82412060301507","143","97","87","83.65326633165829","143","94","67","83.61306532663316","143","58","77","80.44221105527639","143","86","82","81.59798994974874","143","93","87","83.10050251256281","143","97","83","83.52261306532664","143","89","69","82.31658291457286","143","90","95","92.52261306532664","143","84","78","91.91457286432161","143","91","91","92.79396984924622","143","90","77","91.24120603015075","143","104","78","91.79899497487438"
,"144","123","109","123.53768844221105","144","109","130","122.42211055276383","144","138","133","122.23618090452261","144","125","133","123.10050251256281","144","133","115","121.35175879396985","144","103","134","120.65829145728644","144","125","127","119.50753768844221","144","125","115","121.29145728643216","144","109","127","120.09045226130654","144","123","102","119.80402010050251","144","131","129","117.19095477386935","144","110","110","116.32663316582915","144","127","122","117.1356783919598","144","101","108","115.08040201005025","144","125","112","116.69849246231156","144","121","117","112.31658291457286","144","123","117","113.04522613065326","144","106","113","112.55778894472361","144","96","113","111.98994974874371","144","130","110","112.22613065326634","144","122","104","107.64321608040201","144","119","110","107.85929648241206","144","107","101","108.22110552763819","144","115","95","107.83417085427136","144","115","122","107.09547738693468","144","90","109","101.35175879396985","144","96","87","100.83417085427136","144","111","100","101.39195979899498","144","103","89","102.01507537688443","144","108","119","101.7035175879397","144","113","104","92.50753768844221","144","67","94","92.53768844221105","144","95","83","93.51758793969849","144","100","95","93.39195979899498","144","107","103","92.33165829145729","144","100","85","82.76884422110552","144","78","76","84.15577889447236","144","82","94","84.30653266331659","144","102","72","84.14070351758794","144","95","96","84.11557788944724","144","99","83","80.94472361809045","144","74","90","82.04522613065326","144","69","95","83.59798994974874","144","78","91","83.97989949748744","144","79","99","82.84924623115577","144","110","105","93.10050251256281","144","79","80","92.51256281407035","144","115","90","93.38190954773869","144","102","101","91.86934673366834","144","86","78","92.40201005025126"
,"145","136","124","124.30150753768844","145","132","127","123.21105527638191","145","127","119","122.98994974874371","145","134","123","123.89949748743719","145","96","127","122.09045226130654","145","132","124","121.4321608040201","145","93","120","120.24120603015075","145","123","125","122.07035175879398","145","107","127","120.85929648241206","145","122","129","120.60301507537689","145","126","128","117.93467336683418","145","109","123","117.07035175879398","145","113","126","117.91457286432161","145","125","119","115.84924623115577","145","127","84","117.45226130653266","145","132","125","113.07035175879398","145","104","118","113.71356783919597","145","110","110","113.29145728643216","145","108","110","112.7537688442211","145","130","128","112.92964824120602","145","93","92","108.2964824120603","145","120","112","108.58291457286433","145","103","106","108.93969849246231","145","111","116","108.46733668341709","145","99","116","107.70854271356784","145","110","100","102.05025125628141","145","106","100","101.46231155778895","145","99","81","102.03517587939699","145","105","83","102.69346733668341","145","106","96","102.35678391959799","145","88","92","93.10050251256281","145","91","92","93.14572864321607","145","96","94","94.12562814070351","145","92","86","94.04020100502512","145","93","104","92.90452261306532","145","104","86","83.25125628140704","145","92","67","84.69346733668341","145","84","93","84.82914572864321","145","74","75","84.63819095477388","145","81","92","84.61809045226131","145","97","85","81.48241206030151","145","75","91","82.5929648241206","145","83","88","84.09045226130654","145","75","69","84.46733668341709","145","84","83","83.45226130653266","145","97","100","93.71356783919597","145","76","79","93.15075376884423","145","98","85","94.00502512562814","145","82","100","92.48241206030151","145","83","112","93.03015075376885"
,"146","138","123","125.1105527638191","146","135","110","123.98994974874371","146","117","134","123.75879396984925","146","118","135","124.69346733668341","146","133","113","122.85427135678393","146","132","120","122.22110552763819","146","128","119","121","146","122","110","122.87437185929649","146","127","126","121.58793969849246","146","113","108","121.4070351758794","146","114","98","118.678391959799","146","130","109","117.79396984924622","146","111","125","118.65326633165829","146","120","135","116.5678391959799","146","123","129","118.19095477386935","146","115","109","113.7286432160804","146","114","123","114.40201005025126","146","99","118","114.02010050251256","146","126","112","113.49246231155779","146","104","117","113.65326633165829","146","116","106","108.89447236180905","146","116","95","109.28140703517587","146","107","117","109.63819095477388","146","129","119","109.07035175879398","146","108","124","108.37185929648241","146","123","108","102.73869346733669","146","110","102","102.1356783919598","146","107","101","102.73366834170854","146","101","102","103.43718592964824","146","119","100","103.03015075376885","146","78","100","93.7035175879397","146","94","103","93.73869346733669","146","97","93","94.73869346733669","146","79","95","94.66331658291458","146","93","96","93.47738693467336","146","77","91","83.74874371859296","146","93","60","85.25628140703517","146","84","77","85.321608040201","146","77","70","85.1356783919598","146","70","85","85.12060301507537","146","97","90","82.01005025125629","146","95","96","83.09045226130654","146","80","94","84.58793969849246","146","71","67","85.00502512562814","146","85","89","83.93969849246231","146","92","98","94.34673366834171","146","96","84","93.70854271356784","146","96","85","94.68341708542714","146","95","81","93.09547738693468","146","63","84","93.59798994974874"
,"147","129","137","125.94472361809045","147","127","122","124.74371859296483","147","123","130","124.52261306532664","147","136","123","125.4572864321608","147","132","132","123.57286432160804","147","122","127","122.99497487437186","147","125","123","121.74874371859296","147","136","115","123.68844221105527","147","124","124","122.2964824120603","147","128","141","122.20603015075378","147","126","110","119.4070351758794","147","116","93","118.53768844221105","147","126","129","119.39195979899498","147","104","125","117.26633165829146","147","127","100","118.89949748743719","147","124","125","114.38693467336684","147","107","100","115.12060301507537","147","128","119","114.77889447236181","147","117","113","114.17085427135679","147","123","113","114.34673366834171","147","106","107","109.51758793969849","147","117","112","109.93467336683418","147","105","100","110.2713567839196","147","113","109","109.77889447236181","147","110","110","109.02010050251256","147","119","120","103.39195979899498","147","108","96","102.82914572864321","147","110","103","103.45226130653266","147","114","123","104.09547738693468","147","87","103","103.67336683417085","147","113","87","94.27638190954774","147","92","92","94.36683417085428","147","84","81","95.37688442211055","147","98","87","95.2713567839196","147","90","72","94.10050251256281","147","102","84","84.25125628140704","147","111","73","85.8391959798995","147","86","95","85.8391959798995","147","84","76","85.65829145728644","147","60","76","85.5929648241206","147","81","90","82.54773869346734","147","93","67","83.62814070351759","147","68","78","85.1356783919598","147","88","67","85.52261306532664","147","88","101","84.47236180904522","147","105","102","95.01507537688443","147","88","82","94.29145728643216","147","93","99","95.321608040201","147","83","101","93.678391959799","147","119","98","94.19095477386935"
,"148","97","110","126.74371859296483","148","127","120","125.51256281407035","148","118","137","125.2713567839196","148","127","99","126.2462311557789","148","93","129","124.321608040201","148","133","135","123.74874371859296","148","112","108","122.53266331658291","148","129","119","124.4572864321608","148","123","114","123.07537688442211","148","112","124","123.01005025125629","148","100","123","120.14572864321607","148","135","112","119.28140703517587","148","116","110","120.15075376884423","148","119","113","117.95979899497488","148","120","105","119.5929648241206","148","123","109","115.12060301507537","148","135","124","115.80402010050251","148","119","123","115.47236180904522","148","96","106","114.86934673366834","148","111","118","115.04522613065326","148","113","108","110.19095477386935","148","117","126","110.64824120603015","148","106","101","110.96984924623115","148","105","88","110.50251256281408","148","118","100","109.62814070351759","148","93","105","104.06030150753769","148","116","85","103.47738693467336","148","106","94","104.07035175879398","148","94","106","104.7537688442211","148","104","101","104.321608040201","148","112","112","94.82914572864321","148","92","101","95.00502512562814","148","92","81","96","148","79","94","95.87939698492463","148","86","90","94.62311557788945","148","80","72","84.76884422110552","148","81","87","86.34673366834171","148","99","105","86.35175879396985","148","85","88","86.20603015075378","148","82","80","86.06532663316582","148","96","60","83.09547738693468","148","77","62","84.15577889447236","148","90","78","85.62814070351759","148","97","93","85.98994974874371","148","66","86","85.01507537688443","148","90","84","95.62311557788945","148","97","104","94.8643216080402","148","91","89","95.9748743718593","148","99","84","94.31658291457286","148","101","94","94.87939698492463"
,"149","131","144","127.54773869346734","149","138","100","126.22613065326634","149","143","108","126.03015075376885","149","135","139","127.05025125628141","149","134","114","125.1105527638191","149","126","123","124.48743718592965","149","113","122","123.33668341708542","149","121","117","125.25125628140704","149","107","136","123.79396984924622","149","125","135","123.7537688442211","149","124","117","120.83417085427136","149","120","105","120.0251256281407","149","107","118","120.85427135678393","149","113","135","118.64824120603015","149","127","107","120.33668341708542","149","120","109","115.83417085427136","149","126","100","116.46733668341709","149","113","121","116.1608040201005","149","119","131","115.58291457286433","149","125","111","115.76884422110552","149","113","96","110.82914572864321","149","121","104","111.31155778894473","149","119","98","111.60804020100502","149","115","113","111.15577889447236","149","97","123","110.28140703517587","149","99","106","104.71859296482413","149","119","84","104.10552763819095","149","110","103","104.69849246231156","149","118","91","105.41708542713567","149","108","123","104.95979899497488","149","78","105","95.43718592964824","149","101","110","95.54773869346734","149","96","95","96.58793969849246","149","100","97","96.51256281407035","149","101","73","95.17587939698493","149","67","76","85.321608040201","149","84","67","86.91959798994975","149","69","92","86.88442211055276","149","86","89","86.68341708542714","149","86","102","86.57788944723617","149","73","84","83.62814070351759","149","67","90","84.66331658291458","149","88","75","86.1608040201005","149","88","86","86.48743718592965","149","79","103","85.56281407035176","149","99","89","96.21105527638191","149","93","115","95.48241206030151","149","117","86","96.57788944723617","149","108","111","94.8894472361809","149","83","80","95.51256281407035"
,"150","124","115","128.31658291457288","150","139","143","126.94974874371859","150","129","139","126.78391959798995","150","134","131","127.84924623115577","150","137","115","125.87437185929649","150","123","127","125.2462311557789","150","120","134","124.12562814070351","150","122","124","125.98994974874371","150","118","135","124.5427135678392","150","106","129","124.55778894472361","150","135","118","121.57286432160804","150","117","130","120.7537688442211","150","121","121","121.55778894472361","150","121","135","119.35678391959799","150","114","103","121.04020100502512","150","107","122","116.57788944723617","150","120","113","117.1859296482412","150","120","117","116.89447236180905","150","126","127","116.31658291457286","150","128","123","116.48241206030151","150","112","112","111.48241206030151","150","114","112","112","150","112","104","112.26130653266331","150","106","111","111.8391959798995","150","108","115","110.92964824120602","150","93","105","105.36683417085428","150","100","110","104.77889447236181","150","95","103","105.33165829145729","150","116","96","106.07537688442211","150","94","122","105.64321608040201","150","99","88","96.0251256281407","150","93","103","96.09045226130654","150","93","94","97.20603015075378","150","105","122","97.17085427135679","150","91","100","95.76884422110552","150","86","66","85.83417085427136","150","76","75","87.46231155778895","150","71","97","87.42211055276383","150","78","98","87.1356783919598","150","97","81","87.08542713567839","150","81","76","84.1105527638191","150","69","70","85.21608040201005","150","84","95","86.61809045226131","150","88","94","86.94472361809045","150","105","72","86.08040201005025","150","66","92","96.81909547738694","150","88","79","96.08542713567839","150","92","113","97.1356783919598","150","97","94","95.52261306532664","150","117","98","96.1356783919598"
,"151","113","106","129.12060301507537","151","130","123","127.678391959799","151","116","138","127.56281407035176","151","130","139","128.60804020100502","151","95","116","126.62814070351759","151","135","130","126","151","127","139","124.85427135678393","151","119","126","126.78391959798995","151","133","125","125.28140703517587","151","134","138","125.31155778894473","151","110","126","122.30150753768844","151","128","128","121.50251256281408","151","122","122","122.2713567839196","151","122","134","120.09547738693468","151","133","113","121.76884422110552","151","109","116","117.31658291457286","151","113","124","117.91457286432161","151","109","126","117.64321608040201","151","111","115","117.07035175879398","151","104","127","117.21105527638191","151","113","106","112.18090452261306","151","112","120","112.73869346733669","151","116","125","112.93467336683418","151","90","102","112.50753768844221","151","106","121","111.61809045226131","151","100","100","106.02010050251256","151","94","114","105.43718592964824","151","110","122","105.94472361809045","151","116","109","106.69346733668341","151","102","90","106.28643216080403","151","80","106","96.63316582914572","151","87","101","96.69849246231156","151","99","103","97.78894472361809","151","112","93","97.77889447236181","151","92","81","96.36683417085428","151","63","81","86.33668341708542","151","80","81","87.94974874371859","151","93","83","88.00502512562814","151","97","86","87.63316582914572","151","86","100","87.61809045226131","151","106","90","84.64321608040201","151","75","63","85.74874371859296","151","101","101","87.1608040201005","151","104","71","87.41708542713567","151","66","77","86.60301507537689","151","100","73","97.41708542713567","151","90","106","96.63819095477388","151","87","93","97.71356783919597","151","78","71","96.1356783919598","151","92","104","96.71859296482413"
,"152","104","142","129.89949748743717","152","125","128","128.4572864321608","152","131","140","128.321608040201","152","130","138","129.36683417085428","152","103","110","127.38190954773869","152","142","138","126.71356783919597","152","121","124","125.61306532663316","152","133","139","127.57788944723617","152","121","142","126.01005025125629","152","120","131","126.05025125628141","152","126","120","123.0251256281407","152","133","124","122.2713567839196","152","133","127","123.0251256281407","152","114","108","120.8391959798995","152","124","111","122.49748743718592","152","120","134","118.07537688442211","152","126","131","118.60804020100502","152","120","100","118.34673366834171","152","98","123","117.76884422110552","152","99","132","117.93969849246231","152","114","96","112.89949748743719","152","121","130","113.48241206030151","152","100","113","113.5929648241206","152","122","110","113.21105527638191","152","105","120","112.34170854271356","152","108","99","106.65829145728644","152","92","106","106.08542713567839","152","92","82","106.57788944723617","152","91","93","107.29145728643216","152","115","117","106.94472361809045","152","99","87","97.20100502512562","152","116","94","97.30150753768844","152","104","105","98.38190954773869","152","68","84","98.35678391959799","152","93","84","96.90452261306532","152","92","76","86.8391959798995","152","65","86","88.4572864321608","152","91","100","88.52763819095478","152","89","84","88.14572864321607","152","99","82","88.19095477386935","152","86","83","85.12562814070351","152","95","90","86.25628140703517","152","113","88","87.62814070351759","152","115","73","87.96984924623115","152","94","105","87.17085427135679","152","110","97","98.01507537688443","152","96","115","97.19597989949749","152","111","117","98.37688442211055","152","116","89","96.73366834170854","152","109","84","97.33165829145729"
,"153","127","131","130.67336683417085","153","114","113","129.19597989949747","153","137","146","129.05527638190955","153","131","126","130.13065326633165","153","127","126","128.15075376884423","153","149","121","127.46733668341709","153","110","138","126.34170854271356","153","137","133","128.356783919598","153","129","138","126.76884422110552","153","139","129","126.78894472361809","153","114","128","123.7537688442211","153","116","121","122.99497487437186","153","139","131","123.76884422110552","153","110","137","121.5678391959799","153","102","116","123.21608040201005","153","128","111","118.79899497487438","153","105","100","119.34170854271356","153","123","111","119.03517587939699","153","125","114","118.49246231155779","153","122","122","118.62814070351759","153","98","119","113.60301507537689","153","82","108","114.15577889447236","153","116","121","114.19597989949749","153","128","132","113.87437185929649","153","129","116","113.05527638190955","153","119","118","107.31658291457286","153","101","111","106.76884422110552","153","105","121","107.2462311557789","153","107","113","107.94472361809045","153","93","108","107.64321608040201","153","81","78","97.77386934673366","153","100","76","97.87939698492463","153","108","80","99","153","99","108","98.93969849246231","153","99","96","97.47738693467336","153","74","80","87.34673366834171","153","79","86","88.98492462311557","153","85","83","89.13065326633166","153","92","80","88.67336683417085","153","99","83","88.7286432160804","153","59","90","85.56281407035176","153","96","100","86.77889447236181","153","102","89","88.12060301507537","153","71","99","88.45226130653266","153","98","107","87.7035175879397","153","93","83","98.59798994974874","153","90","84","97.73869346733669","153","89","92","98.9748743718593","153","84","104","97.31658291457286","153","116","101","97.99497487437186"
,"154","136","118","131.44221105527637","154","139","119","129.95477386934672","154","134","128","129.80904522613065","154","140","136","130.8894472361809","154","140","145","128.8643216080402","154","141","131","128.23115577889448","154","124","112","127.05527638190955","154","143","116","129.10552763819095","154","118","143","127.5427135678392","154","138","117","127.53768844221105","154","125","136","124.47236180904522","154","112","135","123.68844221105527","154","129","97","124.51256281407035","154","117","120","122.29145728643216","154","139","117","123.91959798994975","154","112","129","119.43718592964824","154","127","130","120.08542713567839","154","116","112","119.74874371859296","154","102","118","119.17587939698493","154","107","128","119.321608040201","154","119","104","114.28140703517587","154","103","100","114.85929648241206","154","110","132","114.8140703517588","154","114","121","114.55276381909547","154","115","91","113.74874371859296","154","93","108","108.00502512562814","154","107","106","107.46231155778895","154","105","114","107.94974874371859","154","125","118","108.53768844221105","154","91","104","108.30150753768844","154","95","100","98.34170854271356","154","108","87","98.4572864321608","154","106","80","99.64824120603015","154","106","115","99.49748743718592","154","98","76","98.0251256281407","154","65","94","87.87437185929649","154","76","82","89.50251256281408","154","71","105","89.7035175879397","154","99","83","89.18090452261306","154","91","96","89.29145728643216","154","90","88","85.98492462311557","154","97","76","87.2964824120603","154","93","80","88.59798994974874","154","101","67","88.94974874371859","154","87","88","88.22613065326634","154","89","93","99.12562814070351","154","94","109","98.27638190954774","154","85","112","99.57286432160804","154","97","92","97.93467336683418","154","95","98","98.678391959799"
,"155","119","131","132.2211055276382","155","115","137","130.6532663316583","155","143","129","130.58291457286433","155","138","141","131.64824120603015","155","97","128","129.62311557788945","155","122","130","128.97989949748742","155","139","140","127.8140703517588","155","118","125","129.82412060301507","155","131","139","128.30150753768845","155","132","130","128.30150753768845","155","134","131","125.17085427135679","155","118","144","124.47236180904522","155","119","140","125.24120603015075","155","131","107","123.00502512562814","155","131","120","124.61809045226131","155","121","122","120.10552763819095","155","113","131","120.80904522613065","155","135","113","120.45226130653266","155","113","134","119.89949748743719","155","123","127","119.95477386934674","155","101","113","114.96482412060301","155","83","119","115.60301507537689","155","99","118","115.49246231155779","155","113","116","115.23618090452261","155","117","122","114.43718592964824","155","117","99","108.69346733668341","155","101","113","108.09547738693468","155","121","117","108.61809045226131","155","114","111","109.12562814070351","155","115","98","108.96482412060301","155","106","107","98.94472361809045","155","103","113","99.03517587939699","155","91","90","100.31155778894473","155","110","110","100.08040201005025","155","88","98","98.58793969849246","155","106","85","88.36683417085428","155","105","73","90.04522613065326","155","109","77","90.29145728643216","155","90","81","89.70854271356784","155","90","93","89.86934673366834","155","75","90","86.47236180904522","155","73","91","87.78894472361809","155","84","106","89.12562814070351","155","91","68","89.45226130653266","155","76","75","88.74874371859296","155","130","88","99.7035175879397","155","86","81","98.82914572864321","155","105","100","100.21105527638191","155","103","116","98.61809045226131","155","99","103","99.37688442211055"
,"156","130","118","133","156","141","101","131.356783919598","156","124","142","131.34170854271358","156","137","122","132.41206030150755","156","138","129","130.36180904522612","156","134","133","129.74874371859298","156","134","139","128.57286432160805","156","138","146","130.58793969849245","156","127","129","129","156","123","130","129.06532663316582","156","120","122","125.88442211055276","156","131","122","125.22110552763819","156","119","133","125.96984924623115","156","111","127","123.71356783919597","156","121","116","125.30653266331659","156","126","133","120.82412060301507","156","128","132","121.50251256281408","156","112","109","121.14572864321607","156","131","123","120.62814070351759","156","125","116","120.62311557788945","156","124","117","115.57788944723617","156","114","130","116.30653266331659","156","131","117","116.14070351758794","156","122","121","115.94974874371859","156","119","119","115.09547738693468","156","104","112","109.4070351758794","156","109","91","108.73366834170854","156","93","107","109.31155778894473","156","109","119","109.7286432160804","156","107","120","109.62311557788945","156","82","91","99.53768844221105","156","88","102","99.63316582914572","156","94","100","100.91959798994975","156","110","102","100.65326633165829","156","90","97","99.22110552763819","156","111","99","88.83417085427136","156","94","68","90.58291457286433","156","83","111","90.79899497487438","156","109","83","90.23115577889448","156","79","108","90.45226130653266","156","68","92","86.97989949748744","156","80","67","88.36180904522612","156","62","73","89.61809045226131","156","67","97","89.9748743718593","156","95","83","89.23115577889448","156","109","106","100.28643216080403","156","108","91","99.39698492462311","156","80","80","100.84422110552764","156","105","112","99.20603015075378","156","108","108","100.00502512562814"
,"157","120","143","133.76884422110552","157","142","138","132.10050251256283","157","129","135","132.1105527638191","157","138","138","133.14070351758795","157","137","145","131.12562814070353","157","140","117","130.48743718592965","157","142","123","129.2713567839196","157","135","132","131.36683417085428","157","116","143","129.71859296482413","157","121","141","129.83417085427135","157","118","115","126.59798994974874","157","134","118","126.01005025125629","157","135","138","126.71859296482413","157","133","122","124.42713567839196","157","126","135","125.98994974874371","157","128","126","121.54773869346734","157","133","119","122.20603015075378","157","121","114","121.82412060301507","157","129","113","121.38693467336684","157","133","126","121.321608040201","157","108","112","116.2462311557789","157","113","104","117.0251256281407","157","124","127","116.79899497487438","157","121","107","116.60301507537689","157","122","119","115.77889447236181","157","88","105","110.11557788944724","157","110","134","109.38693467336684","157","112","106","109.95477386934674","157","117","97","110.37688442211055","157","100","106","110.31155778894473","157","93","110","100.09045226130654","157","91","100","100.19095477386935","157","112","104","101.48743718592965","157","108","90","101.26633165829146","157","103","109","99.88442211055276","157","85","91","89.31658291457286","157","76","97","91.08542713567839","157","92","90","91.28140703517587","157","81","84","90.75879396984925","157","104","103","91.03015075376885","157","66","81","87.42713567839196","157","95","94","88.85929648241206","157","84","97","90.12060301507537","157","78","104","90.48241206030151","157","96","69","89.72361809045226","157","100","97","100.91457286432161","157","114","83","99.99497487437186","157","108","111","101.4572864321608","157","109","94","99.84924623115577","157","87","113","100.66331658291458"
,"158","129","132","134.50251256281408","158","122","127","132.81909547738692","158","137","147","132.83417085427135","158","128","101","133.95979899497488","158","140","146","131.92964824120602","158","144","136","131.23115577889448","158","152","127","130","158","139","107","132.14070351758795","158","139","135","130.4924623115578","158","115","132","130.55778894472363","158","131","132","127.29145728643216","158","132","122","126.78391959798995","158","137","131","127.46231155778895","158","132","130","125.15577889447236","158","122","119","126.68341708542714","158","121","130","122.25125628140704","158","130","127","122.94472361809045","158","122","134","122.48241206030151","158","134","130","122.1105527638191","158","99","141","121.95979899497488","158","121","114","116.92462311557789","158","124","118","117.7537688442211","158","115","108","117.49748743718592","158","100","114","117.31658291457286","158","116","113","116.4572864321608","158","106","109","110.80904522613065","158","114","111","110.02010050251256","158","114","96","110.53266331658291","158","93","122","111.05527638190955","158","121","102","110.95477386934674","158","104","109","100.65326633165829","158","109","115","100.80904522613065","158","118","106","102.04020100502512","158","105","111","101.85929648241206","158","117","87","100.54773869346734","158","92","99","89.80402010050251","158","118","103","91.63316582914572","158","84","85","91.77386934673366","158","68","87","91.31155778894473","158","78","89","91.54773869346734","158","104","91","87.93467336683418","158","80","92","89.31658291457286","158","90","95","90.60301507537689","158","99","79","90.93467336683418","158","101","93","90.21608040201005","158","97","101","101.53768844221105","158","93","100","100.64824120603015","158","99","97","102.11557788944724","158","69","118","100.45226130653266","158","93","87","101.321608040201"
,"159","115","137","135.22613065326632","159","129","136","133.57286432160805","159","130","118","133.57788944723617","159","133","143","134.76381909547737","159","113","146","132.678391959799","159","144","143","131.97989949748742","159","126","138","130.74874371859298","159","148","120","132.90954773869348","159","140","135","131.25628140703517","159","125","135","131.34170854271358","159","139","130","128.01507537688443","159","107","135","127.53768844221105","159","126","112","128.19597989949747","159","142","137","125.89949748743719","159","137","137","127.34673366834171","159","130","140","122.96984924623115","159","111","122","123.66331658291458","159","123","102","123.21608040201005","159","123","119","122.84924623115577","159","118","106","122.71859296482413","159","116","117","117.60804020100502","159","115","114","118.45226130653266","159","119","125","118.17085427135679","159","110","121","118.00502512562814","159","116","118","117.10552763819095","159","122","115","111.42713567839196","159","115","116","110.678391959799","159","111","103","111.12562814070351","159","118","92","111.7286432160804","159","120","95","111.54773869346734","159","122","110","101.25125628140704","159","81","87","101.38190954773869","159","96","109","102.64321608040201","159","123","112","102.41206030150754","159","109","101","101.20603015075378","159","73","95","90.32663316582915","159","100","61","92.15577889447236","159","87","104","92.28140703517587","159","107","93","91.82914572864321","159","105","77","92.07035175879398","159","83","105","88.39698492462311","159","91","94","89.84422110552764","159","102","72","91.06030150753769","159","76","85","91.34170854271356","159","105","83","90.7286432160804","159","99","108","102.15577889447236","159","106","99","101.27638190954774","159","110","108","102.678391959799","159","108","98","101.09045226130654","159","101","115","101.92964824120602"
,"160","135","118","135.91959798994975","160","104","148","134.30653266331657","160","119","127","134.29145728643215","160","144","149","135.54773869346732","160","119","140","133.40201005025125","160","138","144","132.7286432160804","160","127","145","131.48743718592965","160","139","147","133.6532663316583","160","138","127","132.07035175879398","160","129","129","132.1105527638191","160","129","117","128.7537688442211","160","118","127","128.28140703517587","160","124","130","128.8643216080402","160","143","123","126.68844221105527","160","132","121","128.0753768844221","160","130","139","123.66331658291458","160","127","126","124.36683417085428","160","122","127","123.95979899497488","160","131","125","123.5427135678392","160","122","123","123.42211055276383","160","99","98","118.26633165829146","160","126","122","119.19095477386935","160","120","125","118.89949748743719","160","96","112","118.678391959799","160","102","105","117.76884422110552","160","130","130","112.06532663316582","160","102","74","111.35678391959799","160","109","122","111.74874371859296","160","107","98","112.38693467336684","160","109","104","112.19095477386935","160","99","104","101.80904522613065","160","96","104","101.93969849246231","160","103","121","103.26633165829146","160","107","78","103.00502512562814","160","124","117","101.83417085427136","160","84","103","90.87437185929649","160","104","119","92.72361809045226","160","97","92","92.82412060301507","160","101","94","92.37688442211055","160","106","89","92.61306532663316","160","98","95","88.8391959798995","160","80","99","90.38190954773869","160","88","112","91.58291457286433","160","86","72","91.8140703517588","160","86","94","91.26633165829146","160","106","74","102.81909547738694","160","103","98","101.96984924623115","160","94","111","103.2964824120603","160","113","116","101.7035175879397","160","116","106","102.53266331658291"
,"161","143","137","136.6532663316583","161","147","153","135.04522613065328","161","123","145","135.03517587939697","161","147","143","136.31658291457288","161","142","102","134.12562814070353","161","131","148","133.42713567839195","161","153","135","132.23115577889448","161","141","146","134.40201005025125","161","132","132","132.83417085427135","161","144","140","132.86934673366835","161","120","133","129.55276381909547","161","129","125","129.04020100502512","161","125","141","129.5678391959799","161","119","132","127.46733668341709","161","121","122","128.80904522613065","161","125","111","124.33165829145729","161","138","119","125.08040201005025","161","127","119","124.60301507537689","161","125","126","124.28643216080403","161","121","127","124.19095477386935","161","123","111","118.96984924623115","161","88","109","119.91959798994975","161","110","107","119.58793969849246","161","113","120","119.38693467336684","161","120","129","118.44221105527639","161","87","116","112.7286432160804","161","117","123","112.05527638190955","161","111","106","112.37185929648241","161","92","117","113.04020100502512","161","123","108","112.82412060301507","161","112","104","102.35175879396985","161","119","107","102.49246231155779","161","95","98","103.90954773869346","161","119","108","103.61306532663316","161","109","102","102.36180904522612","161","117","72","91.39195979899498","161","107","91","93.21105527638191","161","94","96","93.33165829145729","161","110","96","92.91457286432161","161","88","85","93.13065326633166","161","77","95","89.35678391959799","161","79","103","90.91457286432161","161","121","105","92.04020100502512","161","65","88","92.27638190954774","161","77","78","91.76884422110552","161","107","93","103.49246231155779","161","99","86","102.58291457286433","161","108","94","103.92964824120602","161","105","116","102.28643216080403","161","90","108","103.18090452261306"
,"162","136","143","137.40201005025125","162","118","137","135.8140703517588","162","146","146","135.7889447236181","162","145","150","137.0251256281407","162","112","148","134.87939698492463","162","114","128","134.14070351758795","162","136","127","132.97989949748742","162","124","104","135.17085427135677","162","134","138","133.61306532663318","162","141","138","133.64824120603015","162","118","134","130.34170854271358","162","131","111","129.75879396984925","162","135","146","130.2462311557789","162","101","126","128.1859296482412","162","134","140","129.53768844221105","162","123","127","125.05527638190955","162","105","118","125.77889447236181","162","127","105","125.26633165829146","162","144","125","125.0251256281407","162","126","131","124.94472361809045","162","109","132","119.67336683417085","162","117","123","120.64321608040201","162","134","108","120.25125628140704","162","111","122","120.14572864321607","162","116","125","119.11557788944724","162","118","123","113.41206030150754","162","126","94","112.65326633165829","162","122","119","112.95477386934674","162","112","118","113.65829145728644","162","120","98","113.48241206030151","162","99","103","102.94974874371859","162","110","107","103.09547738693468","162","92","108","104.53266331658291","162","113","129","104.19597989949749","162","110","117","102.8391959798995","162","87","90","91.91457286432161","162","108","107","93.71859296482413","162","107","67","93.80904522613065","162","92","106","93.4070351758794","162","87","89","93.65829145728644","162","101","89","89.84924623115577","162","46","69","91.4070351758794","162","90","84","92.5427135678392","162","90","112","92.78894472361809","162","98","91","92.26130653266331","162","106","106","104.14070351758794","162","95","120","103.19597989949749","162","120","97","104.52261306532664","162","122","112","102.89949748743719","162","108","110","103.78391959798995"
,"163","150","134","138.18090452261308","163","139","141","136.53266331658293","163","159","136","136.57286432160805","163","141","134","137.75879396984925","163","123","145","135.59798994974875","163","114","134","134.82412060301507","163","140","132","133.678391959799","163","128","144","135.89949748743717","163","125","133","134.31155778894473","163","145","134","134.4572864321608","163","123","135","131.08040201005025","163","126","127","130.4924623115578","163","131","134","130.96482412060303","163","141","117","128.89447236180905","163","144","129","130.28140703517587","163","128","117","125.70854271356784","163","134","141","126.52261306532664","163","133","109","125.93467336683418","163","133","127","125.73366834170854","163","120","129","125.72361809045226","163","136","132","120.32663316582915","163","122","135","121.35175879396985","163","90","139","120.91959798994975","163","114","111","120.87437185929649","163","124","127","119.74371859296483","163","108","123","113.98994974874371","163","106","116","113.23618090452261","163","125","112","113.53266331658291","163","127","88","114.31658291457286","163","101","120","114.09547738693468","163","101","93","103.49246231155779","163","103","103","103.73869346733669","163","111","109","105.14070351758794","163","73","94","104.78894472361809","163","105","99","103.41206030150754","163","95","99","92.42211055276383","163","78","96","94.1859296482412","163","84","112","94.31155778894473","163","93","110","93.87939698492463","163","101","89","94.14070351758794","163","69","97","90.36180904522612","163","108","93","91.87939698492463","163","94","110","93.02010050251256","163","100","95","93.31658291457286","163","93","70","92.76884422110552","163","101","122","104.79396984924622","163","99","122","103.80904522613065","163","114","98","105.14572864321607","163","97","98","103.50753768844221","163","106","116","104.37688442211055"
,"164","142","153","138.9145728643216","164","101","155","137.19597989949747","164","122","153","137.34170854271358","164","147","145","138.56281407035175","164","137","143","136.33165829145727","164","143","145","135.52763819095478","164","144","127","134.31658291457288","164","148","153","136.63819095477388","164","133","143","135.03015075376885","164","134","139","135.27638190954775","164","137","140","131.80904522613065","164","145","144","131.24120603015075","164","121","126","131.643216080402","164","111","130","129.53266331658293","164","117","140","131.01005025125627","164","125","124","126.39195979899498","164","151","113","127.23618090452261","164","138","139","126.64824120603015","164","130","143","126.39195979899498","164","116","140","126.46733668341709","164","126","123","120.9748743718593","164","102","129","122.04020100502512","164","113","121","121.61306532663316","164","98","128","121.57788944723617","164","104","122","120.45226130653266","164","119","102","114.60301507537689","164","115","137","113.85929648241206","164","96","98","114.17085427135679","164","117","98","114.96482412060301","164","110","133","114.66331658291458","164","114","105","104.01507537688443","164","112","113","104.36683417085428","164","132","109","105.74874371859296","164","117","114","105.40201005025126","164","101","109","104.0251256281407","164","84","81","92.87939698492463","164","100","102","94.72361809045226","164","91","91","94.76884422110552","164","87","110","94.36180904522612","164","109","97","94.65326633165829","164","82","68","90.8140703517588","164","112","99","92.42713567839196","164","94","110","93.53266331658291","164","81","75","93.82914572864321","164","99","117","93.2462311557789","164","100","121","105.37688442211055","164","119","96","104.44221105527639","164","95","106","105.76884422110552","164","117","79","104.1105527638191","164","110","115","105.01005025125629"
,"165","141","148","139.64824120603015","165","138","128","137.88442211055278","165","157","143","138.0753768844221","165","139","131","139.34170854271358","165","130","121","137.10050251256283","165","114","100","136.26130653266333","165","125","147","135.01005025125627","165","144","138","137.41206030150755","165","141","139","135.80904522613065","165","149","132","136.08040201005025","165","112","126","132.52763819095478","165","152","131","131.9497487437186","165","139","147","132.30150753768845","165","133","126","130.24120603015075","165","132","103","131.6532663316583","165","136","129","127.1608040201005","165","130","140","127.90452261306532","165","119","130","127.37688442211055","165","113","141","127.11557788944724","165","115","133","127.19597989949749","165","104","117","121.60804020100502","165","116","100","122.7286432160804","165","127","132","122.27638190954774","165","116","137","122.25628140703517","165","114","121","121.07035175879398","165","119","120","115.25125628140704","165","134","123","114.46733668341709","165","114","130","114.78391959798995","165","127","127","115.65829145728644","165","111","105","115.34673366834171","165","81","105","104.58291457286433","165","108","112","105.00502512562814","165","116","100","106.37688442211055","165","102","93","105.96482412060301","165","107","105","104.5929648241206","165","107","107","93.41206030150754","165","108","61","95.22613065326634","165","98","113","95.23618090452261","165","91","92","94.87939698492463","165","107","95","95.17085427135679","165","83","69","91.29145728643216","165","74","108","92.93969849246231","165","88","97","94.01005025125629","165","112","89","94.26130653266331","165","102","97","93.73869346733669","165","101","110","105.94974874371859","165","107","122","105.04020100502512","165","109","98","106.36180904522612","165","106","98","104.69849246231156","165","99","113","105.61809045226131"
,"166","113","155","140.38693467336682","166","129","148","138.6180904522613","166","145","122","138.84422110552765","166","132","152","140.12060301507537","166","129","117","137.83417085427135","166","145","132","136.96984924623115","166","115","137","135.7537688442211","166","128","146","138.19095477386935","166","151","151","136.56281407035175","166","146","133","136.84924623115577","166","141","138","133.29145728643215","166","145","132","132.69346733668343","166","118","117","132.96984924623115","166","137","149","130.92964824120602","166","127","129","132.37688442211055","166","121","118","127.90452261306532","166","123","134","128.60301507537687","166","139","117","128.0753768844221","166","127","134","127.76884422110552","166","120","139","127.89447236180905","166","125","101","122.36180904522612","166","124","138","123.41708542713567","166","102","130","122.9748743718593","166","121","119","122.93467336683418","166","119","103","121.74874371859296","166","114","109","115.87437185929649","166","115","99","115.06030150753769","166","109","130","115.41206030150754","166","121","105","116.321608040201","166","124","108","116.00502512562814","166","99","85","105.17587939698493","166","112","113","105.62814070351759","166","110","106","106.93467336683418","166","117","112","106.50251256281408","166","109","104","105.20100502512562","166","82","100","93.94472361809045","166","73","111","95.74874371859296","166","112","86","95.72361809045226","166","101","89","95.37185929648241","166","96","110","95.68844221105527","166","112","97","91.73869346733669","166","77","94","93.46231155778895","166","97","82","94.48241206030151","166","102","73","94.75879396984925","166","104","98","94.24120603015075","166","106","125","106.58291457286433","166","117","101","105.66834170854271","166","103","124","106.99497487437186","166","116","90","105.26130653266331","166","123","114","106.18090452261306"
,"167","122","131","141.1608040201005","167","152","149","139.38693467336682","167","149","151","139.59798994974875","167","110","140","140.90452261306532","167","127","140","138.63316582914572","167","135","133","137.66331658291458","167","115","144","136.45226130653268","167","143","127","138.92964824120602","167","105","147","137.27638190954775","167","132","143","137.57788944723617","167","140","127","134.00502512562815","167","128","129","133.47236180904522","167","143","140","133.71859296482413","167","151","127","131.6281407035176","167","132","146","133.08040201005025","167","131","137","128.643216080402","167","113","124","129.31155778894473","167","130","139","128.74371859296483","167","112","138","128.51256281407035","167","126","117","128.6180904522613","167","117","102","123.05527638190955","167","129","128","124.14572864321607","167","135","126","123.69346733668341","167","141","113","123.61306532663316","167","116","133","122.46733668341709","167","127","127","116.53768844221105","167","119","115","115.64321608040201","167","127","129","116.05527638190955","167","110","90","116.95477386934674","167","118","108","116.63819095477388","167","103","110","105.80904522613065","167","119","111","106.23618090452261","167","77","125","107.5427135678392","167","95","133","107.06030150753769","167","111","114","105.76381909547739","167","117","104","94.47236180904522","167","110","83","96.26633165829146","167","120","104","96.17587939698493","167","78","115","95.89949748743719","167","79","96","96.23115577889448","167","90","104","92.19597989949749","167","98","96","93.96984924623115","167","104","108","94.98994974874371","167","100","85","95.19597989949749","167","104","102","94.75879396984925","167","115","111","107.21105527638191","167","109","117","106.32663316582915","167","118","100","107.59798994974874","167","101","123","105.82914572864321","167","105","117","106.76884422110552"
,"168","146","142","141.91959798994975","168","148","147","140.09547738693468","168","145","151","140.32663316582915","168","128","158","141.643216080402","168","148","150","139.3467336683417","168","150","148","138.42713567839195","168","131","135","137.10552763819095","168","144","137","139.66834170854273","168","151","142","137.98492462311557","168","142","134","138.32663316582915","168","144","138","134.71859296482413","168","151","134","134.20603015075378","168","109","128","134.5175879396985","168","134","127","132.33165829145727","168","150","136","133.7889447236181","168","133","145","129.3467336683417","168","115","135","130.04020100502512","168","116","105","129.41708542713567","168","118","144","129.25125628140702","168","145","115","129.31155778894473","168","109","126","123.75879396984925","168","135","141","124.8391959798995","168","120","123","124.34170854271356","168","116","123","124.26130653266331","168","113","130","123.17085427135679","168","96","133","117.16582914572864","168","113","121","116.29145728643216","168","123","134","116.73869346733669","168","130","107","117.64824120603015","168","127","98","117.30653266331659","168","111","85","106.36683417085428","168","106","111","106.80402010050251","168","102","101","108.14572864321607","168","101","111","107.60804020100502","168","98","106","106.30653266331659","168","98","101","94.95979899497488","168","70","98","96.81909547738694","168","89","113","96.65326633165829","168","97","111","96.39698492462311","168","112","91","96.78391959798995","168","84","94","92.62311557788945","168","96","102","94.42713567839196","168","92","96","95.47738693467336","168","81","97","95.66331658291458","168","88","104","95.29145728643216","168","117","105","107.84924623115577","168","127","110","106.96482412060301","168","113","104","108.18090452261306","168","107","101","106.38693467336684","168","110","120","107.37688442211055"
,"169","149","158","142.64824120603015","169","146","149","140.84422110552765","169","151","136","141.09547738693468","169","158","135","142.43718592964825","169","151","138","140.10552763819095","169","139","135","139.15075376884423","169","136","154","137.82914572864323","169","131","145","140.39195979899498","169","125","158","138.7286432160804","169","120","145","139.0854271356784","169","143","144","135.36683417085428","169","139","149","134.99497487437185","169","123","140","135.2462311557789","169","146","131","133.07035175879398","169","138","128","134.53266331658293","169","133","137","130.04522613065328","169","140","146","130.74371859296483","169","124","108","130.12060301507537","169","113","124","129.94472361809045","169","131","150","129.98994974874373","169","133","118","124.45226130653266","169","133","115","125.53768844221105","169","139","146","125.0251256281407","169","119","122","124.92462311557789","169","127","136","123.83417085427136","169","138","117","117.74371859296483","169","117","119","116.97989949748744","169","129","125","117.38190954773869","169","137","99","118.33668341708542","169","119","103","117.98994974874371","169","106","111","106.93467336683418","169","102","114","107.42713567839196","169","109","112","108.68844221105527","169","100","110","108.23115577889448","169","109","98","106.89447236180905","169","110","84","95.44723618090453","169","102","97","97.37185929648241","169","90","117","97.18090452261306","169","75","116","96.94472361809045","169","78","92","97.29145728643216","169","110","76","93.15577889447236","169","81","103","94.89447236180905","169","112","100","95.94974874371859","169","103","108","96.1859296482412","169","100","119","95.82412060301507","169","94","101","108.36180904522612","169","117","119","107.58291457286433","169","104","106","108.78391959798995","169","97","82","106.94472361809045","169","90","112","108.01005025125629"
,"170","155","159","143.36683417085428","170","127","152","141.56281407035175","170","140","140","141.84924623115577","170","139","121","143.26633165829145","170","133","145","140.84422110552765","170","145","139","139.89949748743717","170","142","129","138.57286432160805","170","151","116","141.14572864321607","170","149","150","139.47236180904522","170","149","143","139.8140703517588","170","144","141","136.04522613065328","170","151","149","135.75879396984925","170","131","141","135.95979899497488","170","119","132","133.8140703517588","170","146","142","135.25628140703517","170","127","137","130.73869346733667","170","142","148","131.40201005025125","170","123","130","130.85929648241205","170","135","125","130.66834170854273","170","127","135","130.69346733668343","170","124","125","125.20603015075378","170","128","128","126.19095477386935","170","119","144","125.66834170854271","170","123","106","125.63316582914572","170","129","126","124.49748743718592","170","109","124","118.37688442211055","170","103","130","117.63316582914572","170","101","135","118.05025125628141","170","122","128","119.08542713567839","170","128","120","118.64824120603015","170","107","120","107.53266331658291","170","106","113","108.04020100502512","170","109","107","109.22613065326634","170","98","110","108.85427135678393","170","106","85","107.41708542713567","170","87","105","95.99497487437186","170","120","97","97.90452261306532","170","84","112","97.66331658291458","170","89","97","97.47236180904522","170","113","112","97.83417085427136","170","79","73","93.63316582914572","170","105","100","95.37688442211055","170","104","103","96.39195979899498","170","76","89","96.70854271356784","170","117","99","96.30653266331659","170","100","101","108.91959798994975","170","123","124","108.20100502512562","170","121","101","109.34170854271356","170","94","103","107.55778894472361","170","113","108","108.64824120603015"
,"171","122","162","144.06532663316582","171","155","148","142.28140703517587","171","134","136","142.59798994974875","171","140","156","144.08040201005025","171","137","126","141.62311557788945","171","155","133","140.6532663316583","171","148","132","139.33668341708542","171","123","141","141.87939698492463","171","142","157","140.2110552763819","171","138","146","140.55276381909547","171","149","133","136.7286432160804","171","133","147","136.53266331658293","171","129","120","136.72361809045225","171","141","131","134.52763819095478","171","141","142","135.95979899497488","171","142","153","131.42211055276383","171","126","148","132.04020100502512","171","145","112","131.5175879396985","171","147","124","131.3819095477387","171","104","139","131.4321608040201","171","131","139","125.85929648241206","171","138","103","126.88442211055276","171","105","130","126.2964824120603","171","140","126","126.31658291457286","171","128","126","125.18090452261306","171","139","116","119.07035175879398","171","122","105","118.27638190954774","171","139","113","118.70854271356784","171","123","108","119.80402010050251","171","130","119","119.31658291457286","171","104","112","108.09547738693468","171","91","127","108.69849246231156","171","100","110","109.84422110552764","171","115","113","109.41206030150754","171","110","92","108","171","114","109","96.54773869346734","171","73","108","98.41206030150754","171","114","106","98.17085427135679","171","99","115","97.96482412060301","171","112","118","98.35175879396985","171","71","81","94.08040201005025","171","73","96","95.8140703517588","171","79","102","96.8391959798995","171","118","105","97.21105527638191","171","89","99","96.82412060301507","171","106","122","109.48743718592965","171","124","87","108.85929648241206","171","124","116","109.94472361809045","171","97","122","108.19095477386935","171","107","109","109.31658291457286"
,"172","120","153","144.75879396984925","172","145","156","142.97989949748742","172","153","156","143.41206030150755","172","158","149","144.87437185929647","172","164","157","142.40201005025125","172","158","127","141.38693467336682","172","119","146","140.09045226130652","172","153","140","142.6180904522613","172","147","158","140.95477386934672","172","135","144","141.28643216080403","172","141","133","137.41708542713567","172","150","159","137.31155778894473","172","145","143","137.42211055276383","172","140","139","135.29145728643215","172","144","142","136.69849246231155","172","136","139","132.16582914572865","172","155","140","132.71356783919597","172","124","132","132.18090452261308","172","131","137","132.09547738693468","172","142","131","132.15075376884423","172","141","107","126.56281407035176","172","125","134","127.55276381909547","172","125","127","126.93467336683418","172","127","118","126.96482412060301","172","126","126","125.83417085427136","172","133","128","119.70854271356784","172","110","81","118.92964824120602","172","123","130","119.43718592964824","172","121","118","120.46733668341709","172","122","121","120.0251256281407","172","129","98","108.7537688442211","172","114","127","109.30653266331659","172","130","107","110.49748743718592","172","114","136","109.98994974874371","172","125","91","108.54773869346734","172","90","90","97.07537688442211","172","114","89","98.95979899497488","172","84","65","98.66834170854271","172","83","115","98.45226130653266","172","103","91","98.87939698492463","172","94","96","94.57286432160804","172","85","109","96.26130653266331","172","128","84","97.2964824120603","172","113","99","97.69346733668341","172","94","102","97.321608040201","172","118","115","110.05025125628141","172","125","115","109.49748743718592","172","118","124","110.50753768844221","172","117","124","108.75879396984925","172","109","115","109.87939698492463"
,"173","150","157","145.44723618090453","173","153","131","143.678391959799","173","139","142","144.16582914572865","173","159","138","145.67336683417085","173","138","107","143.19597989949747","173","117","155","142.15075376884423","173","142","148","140.82914572864323","173","155","153","143.39195979899498","173","153","141","141.70854271356785","173","146","145","142.01005025125627","173","140","112","138.20603015075378","173","152","143","138.07035175879398","173","132","141","138.15075376884423","173","148","140","136.01507537688443","173","133","133","137.44723618090453","173","113","151","132.89447236180905","173","147","120","133.3718592964824","173","131","133","132.85427135678393","173","128","144","132.7889447236181","173","130","125","132.8391959798995","173","127","121","127.28140703517587","173","126","125","128.24120603015075","173","103","145","127.62311557788945","173","100","126","127.58291457286433","173","143","106","126.51758793969849","173","131","120","120.35175879396985","173","105","81","119.50753768844221","173","130","87","120.14070351758794","173","121","102","121.14070351758794","173","112","138","120.66834170854271","173","82","98","109.38693467336684","173","116","98","109.91959798994975","173","120","106","111.1105527638191","173","119","119","110.58291457286433","173","121","106","109.1105527638191","173","108","82","97.56281407035176","173","98","129","99.4321608040201","173","79","95","99.17587939698493","173","90","109","98.95477386934674","173","116","94","99.44221105527639","173","130","103","95.06030150753769","173","104","109","96.78391959798995","173","91","89","97.74371859296483","173","91","77","98.1356783919598","173","112","97","97.81909547738694","173","107","93","110.67336683417085","173","98","113","110.07035175879398","173","106","98","111.03517587939699","173","94","112","109.38190954773869","173","101","74","110.48743718592965"
,"174","157","160","146.1859296482412","174","122","165","144.37688442211055","174","167","160","144.90954773869348","174","127","162","146.48743718592965","174","154","161","143.95477386934672","174","147","146","142.8643216080402","174","131","132","141.58291457286433","174","155","139","144.14572864321607","174","153","149","142.45226130653268","174","150","148","142.74371859296483","174","137","142","138.92964824120602","174","149","153","138.8140703517588","174","151","123","138.90954773869348","174","115","144","136.72361809045225","174","135","134","138.2110552763819","174","115","149","133.59798994974875","174","134","146","134.00502512562815","174","146","124","133.5678391959799","174","135","138","133.4924623115578","174","129","132","133.55276381909547","174","143","129","127.94974874371859","174","130","120","128.92964824120602","174","136","147","128.33165829145727","174","120","126","128.23115577889448","174","120","109","127.18090452261306","174","115","120","120.95979899497488","174","118","82","120.13065326633166","174","112","106","120.87437185929649","174","140","118","121.83417085427136","174","130","119","121.31155778894473","174","97","108","109.93467336683418","174","115","127","110.49246231155779","174","97","109","111.75879396984925","174","127","131","111.13065326633166","174","103","112","109.65326633165829","174","107","89","98.03015075376885","174","75","79","99.94472361809045","174","108","98","99.66834170854271","174","105","120","99.47738693467336","174","95","115","100.00502512562814","174","73","104","95.50753768844221","174","105","75","97.2462311557789","174","88","82","98.23115577889448","174","106","89","98.57286432160804","174","104","106","98.33668341708542","174","118","106","111.25628140703517","174","101","127","110.65326633165829","174","125","103","111.5929648241206","174","98","119","109.97989949748744","174","121","106","111.12562814070351"
,"175","150","157","146.9246231155779","175","142","166","145.12060301507537","175","153","158","145.60301507537687","175","122","153","147.2964824120603","175","152","147","144.68341708542712","175","148","149","143.60804020100502","175","141","138","142.33668341708542","175","150","119","144.90452261306532","175","149","153","143.17085427135677","175","153","149","143.49748743718592","175","159","125","139.67336683417085","175","141","123","139.56281407035175","175","131","117","139.6532663316583","175","110","131","137.43718592964825","175","108","149","138.9497487437186","175","132","122","134.29145728643215","175","139","122","134.68844221105527","175","131","126","134.28643216080403","175","135","128","134.19597989949747","175","141","149","134.2462311557789","175","116","131","128.60301507537687","175","133","136","129.65829145728642","175","126","135","128.97989949748742","175","134","143","128.87939698492463","175","116","137","127.84422110552764","175","107","115","121.5678391959799","175","127","103","120.76381909547739","175","130","134","121.58291457286433","175","129","126","122.4572864321608","175","140","123","121.91457286432161","175","109","114","110.50753768844221","175","119","119","111.04020100502512","175","91","114","112.37185929648241","175","99","103","111.678391959799","175","100","95","110.24120603015075","175","95","95","98.4321608040201","175","104","85","100.44221105527639","175","87","115","100.17587939698493","175","104","110","99.97989949748744","175","111","117","100.52261306532664","175","83","89","95.98994974874371","175","83","101","97.74874371859296","175","96","115","98.73869346733669","175","86","90","99.07035175879398","175","92","122","98.8391959798995","175","117","129","111.86934673366834","175","99","116","111.2462311557789","175","124","112","112.1356783919598","175","95","118","110.59798994974874","175","106","110","111.76381909547739"
,"176","157","145","147.678391959799","176","155","167","145.86934673366835","176","141","146","146.29145728643215","176","126","161","148.04522613065328","176","141","140","145.4321608040201","176","138","148","144.37688442211055","176","156","133","143.0603015075377","176","153","153","145.63316582914572","176","130","153","143.87939698492463","176","119","144","144.2110552763819","176","133","126","140.44221105527637","176","136","134","140.33165829145727","176","130","146","140.33165829145727","176","147","153","138.1608040201005","176","159","126","139.71356783919597","176","141","114","135.01005025125627","176","144","143","135.356783919598","176","146","134","134.96984924623115","176","131","146","134.89447236180905","176","124","155","134.92964824120602","176","132","127","129.26130653266333","176","127","121","130.35175879396985","176","128","130","129.5929648241206","176","155","128","129.58291457286433","176","116","128","128.54773869346732","176","119","115","122.19095477386935","176","122","99","121.4070351758794","176","144","117","122.22613065326634","176","132","99","123.13065326633166","176","118","132","122.59798994974874","176","111","114","111.08040201005025","176","114","115","111.61306532663316","176","123","123","113.08040201005025","176","110","115","112.24120603015075","176","101","122","110.79396984924622","176","99","108","98.89447236180905","176","107","109","101.0251256281407","176","94","93","100.69849246231156","176","110","106","100.4572864321608","176","112","90","101.05527638190955","176","103","67","96.51256281407035","176","97","108","98.26130653266331","176","106","110","99.25125628140704","176","78","94","99.55778894472361","176","74","123","99.321608040201","176","109","103","112.42713567839196","176","126","104","111.84422110552764","176","98","109","112.74371859296483","176","119","106","111.1859296482412","176","136","127","112.39698492462311"
,"177","149","153","148.44221105527637","177","153","155","146.55276381909547","177","162","161","147.03517587939697","177","163","154","148.86934673366835","177","159","140","146.2211055276382","177","142","160","145.1356783919598","177","124","127","143.8140703517588","177","146","155","146.35175879396985","177","108","124","144.6281407035176","177","149","134","144.95477386934672","177","119","135","141.14070351758795","177","147","136","141.04522613065328","177","139","137","141.02010050251258","177","133","133","138.8894472361809","177","148","135","140.44221105527637","177","129","123","135.62311557788945","177","142","124","135.98994974874373","177","133","126","135.6281407035176","177","126","116","135.59798994974875","177","138","154","135.6281407035176","177","119","136","129.9246231155779","177","128","135","131.0502512562814","177","139","137","130.21608040201005","177","136","133","130.26633165829145","177","118","111","129.2110552763819","177","111","123","122.83417085427136","177","106","99","122.07537688442211","177","140","128","122.91457286432161","177","128","134","123.78391959798995","177","130","130","123.19095477386935","177","105","108","111.76381909547739","177","109","123","112.1859296482412","177","88","119","113.73366834170854","177","104","115","112.77889447236181","177","102","114","111.32663316582915","177","98","103","99.39698492462311","177","96","97","101.57286432160804","177","107","115","101.23618090452261","177","95","87","101.00502512562814","177","75","107","101.53768844221105","177","105","115","97.03015075376885","177","86","84","98.74371859296483","177","92","114","99.678391959799","177","108","95","100.12060301507537","177","74","104","99.79899497487438","177","106","113","112.9748743718593","177","75","110","112.39195979899498","177","112","114","113.31658291457286","177","119","106","111.73366834170854","177","112","111","113.01005025125629"
,"178","149","165","149.1608040201005","178","151","154","147.2462311557789","178","164","170","147.78391959798995","178","156","150","149.7035175879397","178","162","163","146.9497487437186","178","155","161","145.89949748743717","178","154","116","144.56281407035175","178","133","151","147.0854271356784","178","150","164","145.33165829145727","178","152","150","145.68341708542712","178","153","126","141.86934673366835","178","140","164","141.7537688442211","178","151","143","141.74371859296483","178","148","144","139.60804020100502","178","148","136","141.14572864321607","178","146","147","136.31155778894473","178","91","138","136.64824120603015","178","143","109","136.30653266331657","178","136","132","136.26633165829145","178","143","157","136.35175879396985","178","142","112","130.5427135678392","178","138","128","131.71356783919597","178","130","114","130.89447236180905","178","145","123","130.93467336683418","178","112","144","129.82412060301507","178","125","132","123.48743718592965","178","141","123","122.70854271356784","178","136","115","123.5678391959799","178","136","135","124.45226130653266","178","119","124","123.80402010050251","178","125","123","112.39195979899498","178","114","121","112.78894472361809","178","94","110","114.33165829145729","178","115","105","113.33668341708542","178","104","120","111.85427135678393","178","114","98","99.86934673366834","178","117","111","102.10552763819095","178","123","98","101.79396984924622","178","121","109","101.49748743718592","178","101","98","102.01005025125629","178","131","80","97.5427135678392","178","104","112","99.23618090452261","178","101","80","100.10050251256281","178","101","99","100.58793969849246","178","113","91","100.28643216080403","178","97","103","113.61809045226131","178","102","105","113","178","114","122","113.84924623115577","178","92","90","112.38190954773869","178","111","118","113.64321608040201"
,"179","153","146","149.88442211055278","179","153","139","147.9497487437186","179","138","162","148.51256281407035","179","127","130","150.4924623115578","179","166","153","147.74371859296483","179","158","153","146.66834170854273","179","146","145","145.28140703517587","179","137","145","147.84924623115577","179","134","151","146.04020100502512","179","140","122","146.42713567839195","179","135","148","142.5929648241206","179","143","165","142.50251256281408","179","141","136","142.4924623115578","179","145","135","140.321608040201","179","154","138","141.91959798994975","179","129","159","137.00502512562815","179","132","139","137.39195979899498","179","135","129","137.0502512562814","179","144","149","136.89447236180905","179","133","149","137.05527638190955","179","134","135","131.18090452261308","179","118","127","132.4070351758794","179","149","117","131.56281407035175","179","134","114","131.58793969849245","179","132","143","130.5175879396985","179","119","126","124.12060301507537","179","108","99","123.31155778894473","179","127","142","124.17085427135679","179","131","120","125.15075376884423","179","112","142","124.45226130653266","179","91","87","113.03517587939699","179","97","116","113.41206030150754","179","132","107","114.97989949748744","179","111","89","113.8894472361809","179","85","93","112.39698492462311","179","117","90","100.41206030150754","179","120","90","102.5678391959799","179","110","117","102.321608040201","179","95","105","101.97989949748744","179","129","96","102.5427135678392","179","105","89","98.0251256281407","179","107","76","99.71356783919597","179","119","112","100.51758793969849","179","86","94","101.1356783919598","179","121","119","100.73869346733669","179","91","114","114.25628140703517","179","118","96","113.5678391959799","179","116","106","114.43718592964824","179","101","126","113","179","108","100","114.29145728643216"
,"180","164","137","150.68341708542712","180","157","118","148.69346733668343","180","155","141","149.23115577889448","180","133","130","151.28140703517587","180","128","147","148.4924623115578","180","140","159","147.41206030150755","180","140","131","146.00502512562815","180","157","125","148.54773869346732","180","164","158","146.74874371859298","180","152","147","147.13065326633165","180","146","152","143.33668341708542","180","143","160","143.29145728643215","180","138","140","143.2211055276382","180","120","154","141.0251256281407","180","143","143","142.643216080402","180","141","123","137.6532663316583","180","147","153","138.13065326633165","180","140","135","137.76884422110552","180","140","152","137.60301507537687","180","131","150","137.73366834170855","180","140","133","131.85929648241205","180","120","137","133.10050251256283","180","122","134","132.2713567839196","180","122","132","132.22613065326632","180","134","150","131.1608040201005","180","133","131","124.74874371859296","180","145","129","123.94974874371859","180","128","143","124.85427135678393","180","144","130","125.80904522613065","180","128","125","125.08040201005025","180","114","116","113.62311557788945","180","121","121","113.99497487437186","180","130","108","115.63819095477388","180","105","115","114.49246231155779","180","114","102","112.96984924623115","180","108","98","100.90954773869346","180","95","106","103.08040201005025","180","109","93","102.85929648241206","180","121","112","102.44723618090453","180","120","96","103.12060301507537","180","105","102","98.47738693467336","180","92","113","100.1859296482412","180","100","86","101.02010050251256","180","115","80","101.62311557788945","180","95","98","101.23115577889448","180","126","103","114.85427135678393","180","132","105","114.19095477386935","180","130","102","115.06532663316582","180","119","106","113.56281407035176","180","115","111","114.83417085427136"
,"181","156","167","151.48743718592965","181","162","163","149.38693467336682","181","152","137","150","181","160","165","152.04522613065328","181","155","162","149.2462311557789","181","161","158","148.16582914572865","181","136","156","146.80402010050253","181","130","129","149.2110552763819","181","143","133","147.4824120603015","181","113","154","147.83417085427135","181","155","142","144.07035175879398","181","152","167","144.0603015075377","181","151","139","143.90954773869348","181","155","139","141.76381909547737","181","145","139","143.33668341708542","181","145","151","138.3467336683417","181","128","139","138.81909547738692","181","144","141","138.54773869346732","181","124","144","138.26633165829145","181","115","140","138.3819095477387","181","116","134","132.50251256281408","181","144","129","133.80402010050253","181","160","124","132.98492462311557","181","136","139","132.87939698492463","181","117","112","131.85427135678393","181","142","134","125.4321608040201","181","128","147","124.55778894472361","181","140","136","125.52261306532664","181","118","134","126.41206030150754","181","129","121","125.76884422110552","181","108","116","114.21105527638191","181","119","127","114.63819095477388","181","121","126","116.25628140703517","181","105","107","115.05527638190955","181","120","104","113.58793969849246","181","114","89","101.36180904522612","181","109","90","103.55778894472361","181","99","107","103.40201005025126","181","121","99","102.95979899497488","181","119","99","103.678391959799","181","98","75","98.96984924623115","181","113","121","100.65326633165829","181","119","114","101.53768844221105","181","105","109","102.13065326633166","181","108","124","101.7286432160804","181","118","128","115.47236180904522","181","122","111","114.77889447236181","181","113","107","115.68341708542714","181","100","127","114.19597989949749","181","129","130","115.40201005025126"
,"182","134","157","152.21608040201005","182","140","127","150.12562814070353","182","115","137","150.72361809045225","182","170","159","152.83417085427135","182","165","157","150.00502512562815","182","158","152","148.89447236180905","182","155","116","147.52763819095478","182","144","160","149.92964824120602","182","155","153","148.2110552763819","182","121","155","148.53266331658293","182","158","136","144.80402010050253","182","147","135","144.79899497487438","182","140","161","144.6180904522613","182","128","145","142.50251256281408","182","143","156","144.05527638190955","182","128","116","139.01005025125627","182","132","121","139.51256281407035","182","119","154","139.25628140703517","182","153","144","138.96482412060303","182","119","144","139.0753768844221","182","138","132","133.16582914572865","182","137","140","134.47738693467338","182","97","141","133.7035175879397","182","129","125","133.52763819095478","182","123","142","132.55276381909547","182","106","117","126.10050251256281","182","120","121","125.14572864321607","182","118","137","126.15577889447236","182","124","139","126.94472361809045","182","130","144","126.4572864321608","182","119","100","114.77889447236181","182","105","120","115.20100502512562","182","118","114","116.82412060301507","182","133","112","115.62311557788945","182","111","101","114.21608040201005","182","110","110","101.79396984924622","182","123","94","104.07537688442211","182","113","106","103.90452261306532","182","113","108","103.4321608040201","182","94","126","104.23618090452261","182","107","103","99.44221105527639","182","76","122","101.14572864321607","182","93","101","101.98492462311557","182","85","110","102.62814070351759","182","111","122","102.26130653266331","182","112","124","116.08542713567839","182","110","108","115.33668341708542","182","135","118","116.2713567839196","182","119","125","114.80904522613065","182","104","116","116.00502512562814"
,"183","154","155","152.9246231155779","183","157","165","150.84924623115577","183","165","164","151.45226130653268","183","144","165","153.64824120603015","183","153","161","150.73366834170855","183","143","153","149.57286432160805","183","144","145","148.15075376884423","183","159","147","150.69849246231155","183","150","153","148.96984924623115","183","169","152","149.2211055276382","183","157","150","145.47236180904522","183","144","143","145.5075376884422","183","158","158","145.3467336683417","183","143","143","143.23115577889448","183","148","131","144.74371859296483","183","139","154","139.64824120603015","183","137","149","140.23618090452263","183","120","158","139.9396984924623","183","140","136","139.65829145728642","183","143","143","139.79899497487438","183","119","135","133.82914572864323","183","135","125","135.20603015075378","183","138","116","134.39195979899498","183","143","133","134.19597989949747","183","134","129","133.2110552763819","183","133","131","126.76884422110552","183","117","108","125.77386934673366","183","132","114","126.77889447236181","183","125","118","127.5678391959799","183","127","127","127.08542713567839","183","127","123","115.39698492462311","183","125","144","115.79899497487438","183","111","111","117.45226130653266","183","109","107","116.20100502512562","183","118","102","114.81909547738694","183","109","82","102.27638190954774","183","74","74","104.56281407035176","183","104","108","104.37688442211055","183","110","113","103.93467336683418","183","98","121","104.76381909547739","183","104","109","99.92964824120602","183","89","116","101.65829145728644","183","121","102","102.47236180904522","183","101","108","103.12060301507537","183","91","93","102.75879396984925","183","127","124","116.71859296482413","183","134","128","115.93467336683418","183","132","115","116.79899497487438","183","91","114","115.41708542713567","183","110","112","116.56281407035176"
,"184","144","152","153.643216080402","184","168","166","151.58291457286433","184","118","168","152.18090452261308","184","166","144","154.4070351758794","184","159","159","151.47738693467338","184","152","146","150.28140703517587","184","155","158","148.88442211055278","184","164","161","151.46231155778895","184","159","140","149.76381909547737","184","136","153","149.92964824120602","184","140","153","146.14070351758795","184","137","141","146.2211055276382","184","125","154","146.0753768844221","184","147","136","143.96482412060303","184","124","130","145.42211055276383","184","158","151","140.356783919598","184","141","140","140.9748743718593","184","126","115","140.62311557788945","184","143","136","140.3467336683417","184","132","150","140.49748743718592","184","135","142","134.52261306532662","184","123","135","135.88442211055278","184","145","133","135.08040201005025","184","129","126","134.84924623115577","184","131","155","133.9246231155779","184","112","138","127.4070351758794","184","126","112","126.47738693467336","184","132","114","127.46733668341709","184","117","120","128.18090452261308","184","148","135","127.76884422110552","184","112","109","115.98492462311557","184","127","127","116.34170854271356","184","101","111","118.08542713567839","184","111","133","116.76884422110552","184","98","103","115.41708542713567","184","95","87","102.76381909547739","184","99","82","105.08542713567839","184","124","126","104.83417085427136","184","104","126","104.36683417085428","184","82","95","105.2964824120603","184","115","108","100.47738693467336","184","115","109","102.12562814070351","184","94","103","102.95979899497488","184","106","93","103.62814070351759","184","120","86","103.22613065326634","184","125","117","117.37688442211055","184","107","125","116.48241206030151","184","109","126","117.32663316582915","184","121","109","116.06030150753769","184","119","82","117.14572864321607"
,"185","163","142","154.36180904522612","185","153","128","152.27638190954775","185","175","151","152.89447236180905","185","178","115","155.13065326633165","185","163","157","152.2211055276382","185","150","139","150.98994974874373","185","124","159","149.5929648241206","185","169","127","152.16582914572865","185","160","161","150.55276381909547","185","138","138","150.63819095477388","185","143","153","146.80402010050253","185","142","137","146.96984924623115","185","162","165","146.85427135678393","185","135","143","144.643216080402","185","154","159","146.10050251256283","185","146","145","141.08040201005025","185","145","151","141.6180904522613","185","155","128","141.3819095477387","185","132","133","141.03015075376885","185","135","129","141.1608040201005","185","151","138","135.19597989949747","185","142","127","136.57788944723617","185","122","132","135.7537688442211","185","143","141","135.55276381909547","185","119","126","134.60804020100502","185","137","114","128.00502512562815","185","116","109","127.15577889447236","185","123","110","128.09547738693468","185","137","147","128.7889447236181","185","129","138","128.38693467336682","185","102","121","116.57286432160804","185","116","126","116.84924623115577","185","118","108","118.7537688442211","185","107","126","117.38190954773869","185","90","121","116.0251256281407","185","107","99","103.26633165829146","185","112","112","105.61809045226131","185","113","70","105.35678391959799","185","97","113","104.90452261306532","185","114","100","105.80904522613065","185","120","101","100.96482412060301","185","99","103","102.63819095477388","185","111","82","103.47236180904522","185","95","118","104.14572864321607","185","108","130","103.77386934673366","185","105","121","117.96482412060301","185","116","125","117.04522613065326","185","112","109","117.95477386934674","185","86","131","116.65829145728644","185","108","114","117.73869346733669"
,"186","159","153","155.08040201005025","186","161","134","152.98492462311557","186","145","159","153.61306532663318","186","179","175","155.88442211055278","186","172","163","152.9396984924623","186","162","156","151.74371859296483","186","132","144","150.29145728643215","186","152","162","152.87437185929647","186","138","128","151.321608040201","186","158","162","151.39698492462313","186","154","143","147.52763819095478","186","158","143","147.71859296482413","186","147","145","147.5929648241206","186","160","164","145.36180904522612","186","139","131","146.78391959798995","186","133","133","141.74874371859298","186","140","143","142.32663316582915","186","147","140","142.08040201005025","186","138","147","141.65829145728642","186","134","144","141.8391959798995","186","131","132","135.90954773869348","186","140","147","137.2211055276382","186","128","149","136.4321608040201","186","130","136","136.19095477386935","186","132","133","135.32663316582915","186","120","118","128.65829145728642","186","134","125","127.71859296482413","186","142","131","128.76884422110552","186","125","125","129.47236180904522","186","135","103","129.01507537688443","186","119","115","117.12060301507537","186","129","111","117.44221105527639","186","114","116","119.36683417085428","186","124","137","117.95477386934674","186","114","101","116.5929648241206","186","120","83","103.79899497487438","186","76","111","106.10552763819095","186","113","85","105.86934673366834","186","104","127","105.39195979899498","186","100","101","106.33165829145729","186","119","88","101.46733668341709","186","93","101","103.11557788944724","186","95","115","103.98492462311557","186","91","119","104.69849246231156","186","112","105","104.2462311557789","186","143","114","118.59798994974874","186","112","138","117.64824120603015","186","125","105","118.51758793969849","186","136","107","117.21608040201005","186","127","120","118.33668341708542"
,"187","164","169","155.83417085427135","187","149","173","153.7035175879397","187","146","167","154.321608040201","187","176","168","156.643216080402","187","153","170","153.69346733668343","187","165","145","152.52763819095478","187","171","150","150.98492462311557","187","166","167","153.58793969849245","187","158","174","152.0251256281407","187","161","164","152.14572864321607","187","152","149","148.25125628140702","187","160","126","148.43718592964825","187","137","130","148.30150753768845","187","165","161","146.0603015075377","187","147","146","147.50251256281408","187","147","151","142.40201005025125","187","132","151","143.03517587939697","187","160","126","142.78391959798995","187","159","134","142.33165829145727","187","141","143","142.56281407035175","187","150","116","136.59798994974875","187","141","142","137.91959798994975","187","133","120","137.0854271356784","187","132","135","136.82412060301507","187","141","149","136.00502512562815","187","135","114","129.31658291457288","187","143","116","128.4070351758794","187","141","129","129.40201005025125","187","130","142","130.12060301507537","187","132","149","129.67336683417085","187","107","116","117.62814070351759","187","109","133","118.01005025125629","187","83","112","119.98994974874371","187","121","114","118.50251256281408","187","119","122","117.17085427135679","187","113","91","104.2964824120603","187","112","105","106.64824120603015","187","94","79","106.4070351758794","187","97","97","105.91457286432161","187","121","119","106.89949748743719","187","107","112","101.95979899497488","187","112","109","103.67336683417085","187","123","103","104.41206030150754","187","108","103","105.19597989949749","187","88","101","104.71356783919597","187","106","121","119.23115577889448","187","116","107","118.26633165829146","187","116","112","119.1105527638191","187","116","101","117.79396984924622","187","115","126","118.93969849246231"
,"188","164","131","156.57788944723617","188","136","179","154.41206030150755","188","140","133","155.01005025125627","188","153","162","157.40201005025125","188","166","143","154.47738693467338","188","173","151","153.23618090452263","188","149","142","151.678391959799","188","166","144","154.30150753768845","188","165","165","152.75879396984925","188","160","180","152.87437185929647","188","148","164","148.96984924623115","188","147","153","149.1859296482412","188","139","153","149","188","155","150","146.74874371859298","188","155","146","148.2211055276382","188","164","163","143.15075376884423","188","140","145","143.70854271356785","188","152","131","143.4824120603015","188","151","150","143.00502512562815","188","138","128","143.2713567839196","188","124","139","137.321608040201","188","136","157","138.6180904522613","188","126","138","137.74371859296483","188","143","134","137.5175879396985","188","125","137","136.62311557788945","188","158","116","129.95477386934672","188","140","125","129.04522613065328","188","130","145","130.03015075376885","188","119","142","130.81909547738692","188","131","141","130.31658291457288","188","130","131","118.18090452261306","188","119","131","118.57788944723617","188","91","137","120.5678391959799","188","128","103","119.08040201005025","188","131","94","117.77386934673366","188","110","110","104.86934673366834","188","85","75","107.17587939698493","188","104","105","106.94974874371859","188","106","117","106.43718592964824","188","99","113","107.48241206030151","188","109","95","102.44221105527639","188","105","114","104.21608040201005","188","95","94","104.89949748743719","188","107","104","105.69346733668341","188","83","103","105.1859296482412","188","118","105","119.86934673366834","188","112","95","118.86934673366834","188","123","110","119.64824120603015","188","122","108","118.35175879396985","188","109","98","119.55276381909547"
,"189","141","144","157.30150753768845","189","165","142","155.10552763819095","189","180","150","155.69346733668343","189","157","169","158.14070351758795","189","160","144","155.23618090452263","189","165","149","153.9246231155779","189","176","167","152.33668341708542","189","169","133","155.04522613065328","189","161","154","153.49748743718592","189","162","161","153.6281407035176","189","127","149","149.68341708542712","189","140","137","149.8894472361809","189","158","163","149.70854271356785","189","144","159","147.49748743718592","189","134","143","148.88442211055278","189","156","159","143.9145728643216","189","158","159","144.44221105527637","189","165","152","144.15577889447235","189","146","159","143.68341708542712","189","139","147","144.01005025125627","189","122","133","137.9748743718593","189","130","141","139.27638190954775","189","142","158","138.42713567839195","189","145","145","138.20100502512562","189","127","132","137.29145728643215","189","125","140","130.6281407035176","189","132","134","129.62311557788945","189","133","117","130.678391959799","189","110","119","131.50251256281408","189","152","138","131.04020100502512","189","142","121","118.73869346733669","189","108","136","119.19597989949749","189","121","132","121.12562814070351","189","105","118","119.5929648241206","189","103","107","118.36180904522612","189","92","93","105.42211055276383","189","132","116","107.64321608040201","189","97","122","107.42713567839196","189","109","109","106.8643216080402","189","110","127","108.05025125628141","189","113","97","102.91959798994975","189","103","115","104.7035175879397","189","90","97","105.38190954773869","189","103","99","106.16582914572864","189","86","101","105.70854271356784","189","113","133","120.52261306532664","189","115","95","119.44221105527639","189","120","123","120.24120603015075","189","127","108","118.94472361809045","189","128","99","120.17587939698493"
,"190","174","169","158.03015075376885","190","130","169","155.78391959798995","190","161","167","156.37688442211055","190","176","176","158.86934673366835","190","156","145","155.9748743718593","190","170","149","154.60804020100502","190","161","160","153.00502512562815","190","173","130","155.75879396984925","190","134","161","154.2110552763819","190","151","162","154.36683417085428","190","151","158","150.43718592964825","190","143","142","150.5678391959799","190","142","149","150.42211055276383","190","139","149","148.21608040201005","190","172","117","149.58291457286433","190","152","153","144.63819095477388","190","135","156","145.15075376884423","190","142","145","144.90452261306532","190","148","151","144.36683417085428","190","156","132","144.71356783919597","190","122","151","138.6180904522613","190","134","127","139.9145728643216","190","141","134","139.0753768844221","190","145","133","138.9145728643216","190","130","154","137.96984924623115","190","136","118","131.28643216080403","190","134","132","130.26130653266333","190","126","118","131.321608040201","190","153","129","132.19597989949747","190","110","126","131.65829145728642","190","133","119","119.28140703517587","190","122","135","119.76884422110552","190","120","123","121.67336683417085","190","123","123","120.1608040201005","190","109","107","118.89949748743719","190","118","100","105.91959798994975","190","105","118","108.15075376884423","190","105","123","107.88442211055276","190","117","98","107.31155778894473","190","122","105","108.56281407035176","190","116","113","103.38693467336684","190","97","99","105.24120603015075","190","118","121","105.8391959798995","190","105","94","106.63316582914572","190","84","112","106.21105527638191","190","133","117","121.19095477386935","190","100","105","120.00502512562814","190","109","120","120.84924623115577","190","102","113","119.55276381909547","190","108","117","120.79899497487438"
,"191","176","173","158.74874371859298","191","175","130","156.4572864321608","191","181","174","157.04522613065328","191","167","162","159.55778894472363","191","166","172","156.72361809045225","191","155","170","155.356783919598","191","173","170","153.68341708542712","191","170","154","156.51256281407035","191","157","162","154.9497487437186","191","163","143","155.15075376884423","191","152","153","151.15075376884423","191","164","146","151.26130653266333","191","152","147","151.10050251256283","191","162","167","148.9497487437186","191","160","149","150.33165829145727","191","158","127","145.33668341708542","191","161","146","145.79899497487438","191","149","137","145.5427135678392","191","156","136","145.08040201005025","191","149","144","145.3819095477387","191","146","142","139.31658291457288","191","144","127","140.59798994974875","191","134","164","139.68341708542712","191","113","139","139.59798994974875","191","125","124","138.64824120603015","191","140","125","131.92964824120602","191","146","125","130.89447236180905","191","125","119","131.9748743718593","191","128","141","132.8391959798995","191","139","128","132.27638190954775","191","123","116","119.85427135678393","191","96","130","120.39195979899498","191","128","100","122.26130653266331","191","128","99","120.678391959799","191","103","124","119.36683417085428","191","100","114","106.44221105527639","191","113","117","108.70854271356784","191","125","88","108.38190954773869","191","106","104","107.74874371859296","191","102","103","109.06030150753769","191","89","115","103.93969849246231","191","81","121","105.75879396984925","191","122","115","106.31658291457286","191","108","103","107.1356783919598","191","105","113","106.73869346733669","191","126","120","121.84924623115577","191","133","137","120.56281407035176","191","125","114","121.43718592964824","191","115","112","120.18090452261306","191","118","83","121.36180904522612"
,"192","158","134","159.46231155778895","192","144","164","157.14572864321607","192","172","139","157.74371859296483","192","177","139","160.25125628140702","192","133","174","157.52261306532662","192","166","171","156.1105527638191","192","151","173","154.35175879396985","192","157","171","157.19597989949747","192","128","170","155.69346733668343","192","157","147","155.87437185929647","192","164","153","151.84422110552765","192","174","170","151.96984924623115","192","179","149","151.7889447236181","192","144","149","149.7035175879397","192","141","149","151.0251256281407","192","137","124","146.04020100502512","192","141","149","146.43718592964825","192","156","146","146.15577889447235","192","150","149","145.8391959798995","192","150","157","146.10552763819095","192","135","158","139.95477386934672","192","143","151","141.2964824120603","192","137","152","140.31155778894473","192","137","154","140.23618090452263","192","127","146","139.321608040201","192","141","131","132.59798994974875","192","125","86","131.49748743718592","192","135","116","132.6281407035176","192","108","144","133.44221105527637","192","135","129","132.9145728643216","192","117","122","120.46733668341709","192","139","122","121.00502512562814","192","119","136","122.84924623115577","192","114","114","121.30150753768844","192","117","111","119.90954773869346","192","105","116","106.98492462311557","192","92","120","109.2713567839196","192","118","111","108.87939698492463","192","110","112","108.19597989949749","192","127","89","109.57286432160804","192","112","101","104.4321608040201","192","112","105","106.27638190954774","192","118","111","106.74371859296483","192","109","106","107.62814070351759","192","142","110","107.23115577889448","192","130","118","122.4321608040201","192","118","123","121.11557788944724","192","126","114","122.03015075376885","192","86","130","120.78894472361809","192","133","139","121.98994974874371"
,"193","152","136","160.15075376884423","193","135","177","157.85427135678393","193","164","167","158.47738693467338","193","178","165","161","193","161","171","158.2964824120603","193","174","146","156.8643216080402","193","167","168","155.04522613065328","193","166","166","157.90954773869348","193","176","133","156.4572864321608","193","162","153","156.62311557788945","193","157","146","152.53768844221105","193","162","135","152.6281407035176","193","146","149","152.46733668341707","193","111","161","150.42211055276383","193","156","165","151.69346733668343","193","148","145","146.72361809045225","193","159","134","147.0753768844221","193","142","150","146.82914572864323","193","144","140","146.55276381909547","193","150","148","146.79396984924622","193","148","134","140.643216080402","193","116","160","141.97989949748742","193","130","127","140.89949748743717","193","156","99","140.9145728643216","193","144","122","140","193","141","136","133.2110552763819","193","109","144","132.15075376884423","193","130","120","133.30150753768845","193","131","147","134.0753768844221","193","137","139","133.55276381909547","193","129","135","121","193","146","107","121.58291457286433","193","139","118","123.41708542713567","193","108","147","121.8643216080402","193","107","108","120.42713567839196","193","117","98","107.5427135678392","193","116","122","109.84924623115577","193","82","107","109.38693467336684","193","117","131","108.68844221105527","193","95","127","110.1105527638191","193","129","83","104.94472361809045","193","89","130","106.77386934673366","193","123","142","107.20100502512562","193","85","105","108.10552763819095","193","124","106","107.76884422110552","193","127","105","123.04020100502512","193","123","97","121.7286432160804","193","119","126","122.57286432160804","193","95","125","121.41708542713567","193","136","101","122.62311557788945"
,"194","178","133","160.84924623115577","194","145","140","158.5427135678392","194","128","175","159.18090452261308","194","175","171","161.74371859296483","194","134","173","159.04522613065328","194","167","121","157.62311557788945","194","158","141","155.7889447236181","194","172","169","158.64824120603015","194","143","146","157.21608040201005","194","172","182","157.34170854271358","194","161","156","153.25628140703517","194","151","142","153.32663316582915","194","170","156","153.17587939698493","194","136","145","151.14572864321607","194","163","159","152.4070351758794","194","140","154","147.40201005025125","194","153","162","147.75879396984925","194","153","140","147.56281407035175","194","139","152","147.28643216080403","194","114","150","147.55276381909547","194","139","146","141.30150753768845","194","142","143","142.60301507537687","194","152","119","141.54773869346732","194","119","141","141.58291457286433","194","155","133","140.64824120603015","194","145","148","133.86934673366835","194","123","126","132.7889447236181","194","132","133","133.95979899497488","194","154","132","134.63819095477388","194","110","107","134.20603015075378","194","114","109","121.61809045226131","194","107","125","122.14572864321607","194","122","130","124.02010050251256","194","137","126","122.4572864321608","194","117","100","120.96984924623115","194","114","93","108.04522613065326","194","127","79","110.37688442211055","194","101","117","109.85929648241206","194","109","99","109.15577889447236","194","131","90","110.61809045226131","194","72","108","105.42713567839196","194","119","137","107.25628140703517","194","125","88","107.68844221105527","194","119","120","108.57788944723617","194","105","116","108.25125628140704","194","129","125","123.58793969849246","194","137","105","122.26130653266331","194","130","134","123.19597989949749","194","141","115","121.96482412060301","194","126","123","123.26130653266331"
,"195","184","171","161.4924623115578","195","131","130","159.1859296482412","195","137","148","159.82914572864323","195","143","174","162.42211055276383","195","145","160","159.76381909547737","195","175","122","158.3819095477387","195","137","117","156.52261306532662","195","149","134","159.42713567839195","195","173","172","157.94472361809045","195","143","162","158.04020100502512","195","148","173","153.9145728643216","195","164","150","154.03015075376885","195","160","141","153.90452261306532","195","160","163","151.85929648241205","195","162","141","153.17085427135677","195","143","149","148.10552763819095","195","145","152","148.41206030150755","195","156","145","148.29145728643215","195","136","148","147.95477386934672","195","149","155","148.25628140703517","195","160","134","141.9497487437186","195","137","141","143.27638190954775","195","147","166","142.21608040201005","195","125","139","142.17587939698493","195","145","156","141.2964824120603","195","136","134","134.5175879396985","195","137","138","133.44221105527637","195","135","127","134.57286432160805","195","148","122","135.28140703517587","195","144","132","134.85427135678393","195","124","124","122.18090452261306","195","127","154","122.70854271356784","195","116","127","124.57788944723617","195","131","135","123.00502512562814","195","120","140","121.53266331658291","195","133","105","108.60301507537689","195","117","111","110.88442211055276","195","115","71","110.36180904522612","195","105","120","109.63819095477388","195","110","97","111.15577889447236","195","145","109","105.94974874371859","195","125","111","107.74371859296483","195","110","108","108.19095477386935","195","103","118","109.07537688442211","195","107","116","108.76884422110552","195","134","126","124.17587939698493","195","130","122","122.87437185929649","195","129","124","123.76381909547739","195","123","111","122.5427135678392","195","134","144","123.90452261306532"
,"196","158","182","162.1356783919598","196","144","125","159.9145728643216","196","142","155","160.4824120603015","196","165","185","163.10552763819095","196","138","160","160.48743718592965","196","159","149","159.08040201005025","196","173","117","157.19095477386935","196","146","171","160.2211055276382","196","148","178","158.70854271356785","196","170","151","158.73869346733667","196","152","161","154.63819095477388","196","168","172","154.7286432160804","196","165","161","154.678391959799","196","163","155","152.61306532663318","196","127","113","153.92964824120602","196","148","149","148.81909547738692","196","160","161","149.04020100502512","196","144","151","149.00502512562815","196","134","151","148.63819095477388","196","143","162","148.93467336683418","196","157","135","142.62311557788945","196","156","155","143.97989949748742","196","136","140","142.85427135678393","196","131","124","142.82914572864323","196","130","142","141.96984924623115","196","149","135","135.13065326633165","196","146","135","134.09547738693468","196","132","123","135.2462311557789","196","139","128","135.87437185929647","196","141","140","135.48743718592965","196","107","116","122.78391959798995","196","121","92","123.31155778894473","196","122","133","125.14070351758794","196","116","145","123.5929648241206","196","108","122","122.1105527638191","196","105","109","109.17085427135679","196","94","103","111.39698492462311","196","130","111","110.87939698492463","196","92","120","110.18090452261306","196","115","122","111.66331658291458","196","98","110","106.47738693467336","196","121","86","108.21105527638191","196","108","87","108.69849246231156","196","105","122","109.60301507537689","196","109","140","109.28643216080403","196","144","130","124.76884422110552","196","101","100","123.43718592964824","196","113","115","124.41708542713567","196","142","126","123.08040201005025","196","134","120","124.48241206030151"
,"197","135","176","162.8140703517588","197","141","179","160.57788944723617","197","174","176","161.15577889447235","197","159","177","163.82412060301507","197","190","175","161.19597989949747","197","133","163","159.7889447236181","197","170","149","157.9145728643216","197","177","157","160.98492462311557","197","162","182","159.4824120603015","197","167","156","159.44221105527637","197","170","165","155.35175879396985","197","173","155","155.46231155778895","197","163","130","155.4321608040201","197","154","162","153.30653266331657","197","156","171","154.67336683417085","197","144","128","149.51256281407035","197","139","150","149.74371859296483","197","139","137","149.73869346733667","197","140","150","149.30653266331657","197","124","121","149.6281407035176","197","148","153","143.31155778894473","197","151","131","144.6281407035176","197","141","139","143.4924623115578","197","124","130","143.4924623115578","197","141","120","142.6532663316583","197","132","136","135.7537688442211","197","164","124","134.72361809045225","197","127","131","135.9145728643216","197","149","119","136.46733668341707","197","134","143","136.09045226130652","197","138","120","123.34170854271356","197","101","155","123.86934673366834","197","132","124","125.74874371859296","197","105","114","124.21105527638191","197","128","103","122.62814070351759","197","112","108","109.72361809045226","197","105","141","111.90954773869346","197","100","112","111.39195979899498","197","119","135","110.70854271356784","197","92","117","112.19597989949749","197","98","79","107.01507537688443","197","114","112","108.71859296482413","197","83","124","109.22110552763819","197","111","102","110.1608040201005","197","120","83","109.80904522613065","197","125","118","125.39195979899498","197","115","125","123.99497487437186","197","136","118","124.9748743718593","197","119","142","123.68844221105527","197","123","125","125.08040201005025"
,"198","163","172","163.5175879396985","198","140","172","161.2713567839196","198","184","188","161.81909547738692","198","156","179","164.54773869346732","198","174","158","161.88442211055278","198","173","176","160.4321608040201","198","126","151","158.6281407035176","198","168","136","161.7537688442211","198","165","180","160.22613065326632","198","161","162","160.14070351758795","198","151","160","156.0502512562814","198","155","180","156.20100502512562","198","136","151","156.13065326633165","198","130","153","154.01005025125627","198","159","153","155.3819095477387","198","163","164","150.14070351758795","198","174","151","150.46733668341707","198","134","169","150.4321608040201","198","143","153","150","198","137","151","150.32663316582915","198","155","139","143.99497487437185","198","131","147","145.2964824120603","198","126","137","144.12060301507537","198","167","136","144.1608040201005","198","137","151","143.34170854271358","198","135","136","136.42713567839195","198","159","141","135.37688442211055","198","143","142","136.58793969849245","198","136","115","137.10552763819095","198","141","138","136.68844221105527","198","139","127","123.94472361809045","198","124","107","124.48241206030151","198","142","142","126.36180904522612","198","127","118","124.76884422110552","198","130","104","123.18090452261306","198","104","106","110.25628140703517","198","129","93","112.39698492462311","198","105","130","111.87939698492463","198","121","109","111.20100502512562","198","130","104","112.71859296482413","198","86","122","107.46231155778895","198","125","113","109.23115577889448","198","129","126","109.73869346733669","198","117","89","110.64321608040201","198","83","107","110.37185929648241","198","119","139","126.05527638190955","198","136","125","124.61306532663316","198","138","124","125.54773869346734","198","112","111","124.31658291457286","198","120","120","125.73366834170854"
,"199","162","182","164.20603015075378","199","170","162","161.98492462311557","199","156","178","162.4924623115578","199","133","149","165.28140703517587","199","142","167","162.57788944723617","199","138","167","161.0854271356784","199","178","144","159.34170854271358","199","164","167","162.5427135678392","199","160","165","160.97989949748742","199","169","156","160.8140703517588","199","143","157","156.71859296482413","199","157","142","156.90452261306532","199","140","168","156.82412060301507","199","111","158","154.7286432160804","199","167","164","156.10050251256283","199","159","166","150.82412060301507","199","156","155","151.1859296482412","199","157","125","151.14070351758795","199","138","131","150.68844221105527","199","136","153","151.0603015075377","199","154","149","144.57286432160805","199","135","148","145.9396984924623","199","168","152","144.78391959798995","199","154","146","144.82412060301507","199","167","144","144.03015075376885","199","137","155","137.0753768844221","199","132","119","136.05527638190955","199","137","146","137.2110552763819","199","146","146","137.74371859296483","199","140","145","137.32663316582915","199","131","115","124.55778894472361","199","118","138","125.08542713567839","199","138","121","126.98994974874371","199","129","118","125.35175879396985","199","122","134","123.80402010050251","199","112","121","110.79396984924622","199","130","83","112.89447236180905","199","114","110","112.40201005025126","199","113","72","111.68341708542714","199","125","95","113.22110552763819","199","105","107","107.94472361809045","199","121","93","109.73869346733669","199","84","128","110.23115577889448","199","110","120","111.13065326633166","199","130","110","110.8643216080402","199","136","126","126.66834170854271","199","133","125","125.21105527638191","199","99","130","126.10050251256281","199","110","129","124.8894472361809","199","117","138","126.34170854271356"
,"200","165","181","164.9145728643216","200","185","146","162.68341708542712","200","145","185","163.14572864321607","200","157","167","166.00502512562815","200","178","146","163.31658291457288","200","172","182","161.79396984924622","200","168","181","160.06532663316582","200","155","114","163.24120603015075","200","142","177","161.72361809045225","200","147","167","161.47738693467338","200","173","161","157.42211055276383","200","166","150","157.6532663316583","200","154","167","157.46231155778895","200","161","162","155.46231155778895","200","152","152","156.8140703517588","200","147","153","151.50251256281408","200","131","115","151.90452261306532","200","166","142","151.84422110552765","200","159","155","151.41708542713567","200","162","138","151.7537688442211","200","127","135","145.1608040201005","200","142","147","146.63316582914572","200","113","141","145.39698492462313","200","141","135","145.4824120603015","200","151","153","144.64824120603015","200","141","137","137.67336683417085","200","135","130","136.65829145728642","200","143","147","137.84924623115577","200","132","149","138.3819095477387","200","142","133","137.9497487437186","200","132","138","125.1608040201005","200","149","122","125.66834170854271","200","135","144","127.60804020100502","200","130","138","125.95477386934674","200","145","129","124.39698492462311","200","91","115","111.38190954773869","200","122","122","113.41206030150754","200","138","121","112.88442211055276","200","112","116","112.15577889447236","200","90","130","113.71859296482413","200","102","118","108.45226130653266","200","121","112","110.26633165829146","200","117","108","110.678391959799","200","125","98","111.58291457286433","200","131","131","111.35175879396985","200","149","115","127.32663316582915","200","117","103","125.80402010050251","200","133","125","126.68844221105527","200","107","109","125.42713567839196","200","150","124","126.87939698492463"
